{
    "J0030+0451_UWL_sbA_efac": 1.5831925245922234,
    "J0030+0451_UWL_sbA_log10_tnequad": -5.456284811798994,
    "J0030+0451_UWL_sbB_efac": 1.5344654349869276,
    "J0030+0451_UWL_sbB_log10_tnequad": -5.84032339101957,
    "J0030+0451_UWL_sbC_efac": 1.499244983724314,
    "J0030+0451_UWL_sbC_log10_tnequad": -5.763084132525689,
    "J0030+0451_UWL_sbD_efac": 1.3797197992790753,
    "J0030+0451_UWL_sbD_log10_tnequad": -5.915269438210453,
    "J0030+0451_UWL_sbE_efac": 1.2332078620208462,
    "J0030+0451_UWL_sbE_log10_tnequad": -5.733024519499767,
    "J0030+0451_UWL_sbF_efac": 1.1849360049450903,
    "J0030+0451_UWL_sbF_log10_tnequad": -5.737094645422845,
    "J0030+0451_UWL_sbG_efac": 1.5540587136087385,
    "J0030+0451_UWL_sbG_log10_tnequad": -5.247417530602386,
    "J0030+0451_UWL_sbH_efac": 1.4016282643040157,
    "J0030+0451_UWL_sbH_log10_tnequad": -5.347548191066158,
    "J0030+0451_basis_ecorr_10CM_uwl_log10_ecorr": -5.432146500020718,
    "J0030+0451_basis_ecorr_20CM_uwl_log10_ecorr": -6.163729993549585,
    "J0030+0451_basis_ecorr_40CM_uwl_log10_ecorr": -5.890542162151228,
    "J0030+0451_basis_ecorr_all_uwl_log10_ecorr": -6.266381560828903,
    "J0030+0451_dm_gp_gamma": 6.9884803694828,
    "J0030+0451_dm_gp_log10_A": -13.028028811554153,
    "J0030+0451_gp_sw_gamma": 3.9887331034143796,
    "J0030+0451_gp_sw_log10_A": -5.551083096674857,
    "J0030+0451_red_noise_gamma": 6.988378664108763,
    "J0030+0451_red_noise_log10_A": -11.96558420589722,
    "n_earth": 17.93230052595637,
    "nmodel": 0.49849396067289203
}