{
    "J0030+0451_UWL_sbA_efac": 0.6035351777960015,
    "J0030+0451_UWL_sbA_log10_tnequad": -9.989915788017376,
    "J0030+0451_UWL_sbB_efac": 0.9028759320482683,
    "J0030+0451_UWL_sbB_log10_tnequad": -9.99397869056562,
    "J0030+0451_UWL_sbC_efac": 0.8762932609384677,
    "J0030+0451_UWL_sbC_log10_tnequad": -9.993879773955927,
    "J0030+0451_UWL_sbD_efac": 0.8762368523827543,
    "J0030+0451_UWL_sbD_log10_tnequad": -9.994071267002639,
    "J0030+0451_UWL_sbE_efac": 0.7561946191152105,
    "J0030+0451_UWL_sbE_log10_tnequad": -9.993301757496956,
    "J0030+0451_UWL_sbF_efac": 0.7452239692924436,
    "J0030+0451_UWL_sbF_log10_tnequad": -9.993724960466238,
    "J0030+0451_UWL_sbG_efac": 0.020920863486800733,
    "J0030+0451_UWL_sbG_log10_tnequad": -9.991800311768301,
    "J0030+0451_UWL_sbH_efac": 0.023304334041108016,
    "J0030+0451_UWL_sbH_log10_tnequad": -9.992746229646732,
    "J0030+0451_basis_ecorr_10CM_uwl_log10_ecorr": -9.9924682382895,
    "J0030+0451_basis_ecorr_20CM_uwl_log10_ecorr": -9.994883646445746,
    "J0030+0451_basis_ecorr_40CM_uwl_log10_ecorr": -9.994329067225936,
    "J0030+0451_basis_ecorr_all_uwl_log10_ecorr": -9.994869023118573,
    "J0030+0451_dm_gp_gamma": 0.010459012070579714,
    "J0030+0451_dm_gp_log10_A": -19.990126645133437,
    "J0030+0451_gp_sw_gamma": -3.9834687517603857,
    "J0030+0451_gp_sw_log10_A": -9.994316618455526,
    "J0030+0451_red_noise_gamma": 0.009905686354113152,
    "J0030+0451_red_noise_log10_A": -19.988949325864308,
    "n_earth": 0.20105792810203804,
    "nmodel": -0.4984824896175851
}