{
    "J0125-2327_UWL_sbA_efac": 1.2680045937723297,
    "J0125-2327_UWL_sbA_log10_tnequad": -6.137335708411762,
    "J0125-2327_UWL_sbB_efac": 1.1763005883114166,
    "J0125-2327_UWL_sbB_log10_tnequad": -5.964816755368884,
    "J0125-2327_UWL_sbC_efac": 1.2200089758730164,
    "J0125-2327_UWL_sbC_log10_tnequad": -6.200396112911218,
    "J0125-2327_UWL_sbD_efac": 1.3434475634571057,
    "J0125-2327_UWL_sbD_log10_tnequad": -6.24532029411143,
    "J0125-2327_UWL_sbE_efac": 1.2072531595384601,
    "J0125-2327_UWL_sbE_log10_tnequad": -6.400499095716956,
    "J0125-2327_UWL_sbF_efac": 1.128996152099744,
    "J0125-2327_UWL_sbF_log10_tnequad": -6.724344448236011,
    "J0125-2327_UWL_sbG_efac": 1.0563308589154774,
    "J0125-2327_UWL_sbG_log10_tnequad": -6.563433447683792,
    "J0125-2327_UWL_sbH_efac": 1.162181490256957,
    "J0125-2327_UWL_sbH_log10_tnequad": -6.5441614974114595,
    "J0125-2327_basis_ecorr_10CM_uwl_log10_ecorr": -6.66203663089974,
    "J0125-2327_basis_ecorr_20CM_uwl_log10_ecorr": -6.7158500724591095,
    "J0125-2327_basis_ecorr_40CM_uwl_log10_ecorr": -6.3422490029638805,
    "J0125-2327_basis_ecorr_all_uwl_log10_ecorr": -6.5892775594529915,
    "J0125-2327_dm_gp_gamma": 6.964666264875258,
    "J0125-2327_dm_gp_log10_A": -12.99094140820952,
    "J0125-2327_gp_sw_gamma": 3.9883769358366608,
    "J0125-2327_gp_sw_log10_A": -5.60181917681514,
    "J0125-2327_red_noise_gamma": 6.987685465657297,
    "J0125-2327_red_noise_log10_A": -12.899501283141786,
    "n_earth": 13.396213595879953,
    "nmodel": 0.498503070427625
}