{
    "J0125-2327_UWL_sbA_efac": 0.9501289367300016,
    "J0125-2327_UWL_sbA_log10_tnequad": -9.994694749660168,
    "J0125-2327_UWL_sbB_efac": 0.8383799839118292,
    "J0125-2327_UWL_sbB_log10_tnequad": -9.245433000052419,
    "J0125-2327_UWL_sbC_efac": 0.9368592844817897,
    "J0125-2327_UWL_sbC_log10_tnequad": -9.993299838220416,
    "J0125-2327_UWL_sbD_efac": 0.946869782070162,
    "J0125-2327_UWL_sbD_log10_tnequad": -9.988134423032834,
    "J0125-2327_UWL_sbE_efac": 0.8809991944906392,
    "J0125-2327_UWL_sbE_log10_tnequad": -9.991235813414615,
    "J0125-2327_UWL_sbF_efac": 0.8889648094526557,
    "J0125-2327_UWL_sbF_log10_tnequad": -9.995169389834846,
    "J0125-2327_UWL_sbG_efac": 0.8014196693226566,
    "J0125-2327_UWL_sbG_log10_tnequad": -9.995327085395745,
    "J0125-2327_UWL_sbH_efac": 0.9048677374965153,
    "J0125-2327_UWL_sbH_log10_tnequad": -9.994908963859368,
    "J0125-2327_basis_ecorr_10CM_uwl_log10_ecorr": -9.99450274236956,
    "J0125-2327_basis_ecorr_20CM_uwl_log10_ecorr": -9.99399171250742,
    "J0125-2327_basis_ecorr_40CM_uwl_log10_ecorr": -9.994209636090096,
    "J0125-2327_basis_ecorr_all_uwl_log10_ecorr": -6.963732855641059,
    "J0125-2327_dm_gp_gamma": 1.0212027202542013,
    "J0125-2327_dm_gp_log10_A": -14.446302500601734,
    "J0125-2327_gp_sw_gamma": -3.9815944257189746,
    "J0125-2327_gp_sw_log10_A": -9.994925245726465,
    "J0125-2327_red_noise_gamma": 0.009654861227211473,
    "J0125-2327_red_noise_log10_A": -19.99075231568854,
    "n_earth": 0.006173639106250128,
    "nmodel": -0.49851032869445533
}