{
    "J0437-4715_CASPSR_40CM_efac": 0.47467222663946856,
    "J0437-4715_CASPSR_40CM_log10_tnequad": -9.995809626828406,
    "J0437-4715_PDFB_10CM_efac": 0.013448796739479692,
    "J0437-4715_PDFB_10CM_log10_tnequad": -7.839942337485643,
    "J0437-4715_PDFB_20CM_efac": 0.49870384751539837,
    "J0437-4715_PDFB_20CM_log10_tnequad": -9.995431356309318,
    "J0437-4715_PDFB_40CM_efac": 0.40716791702702093,
    "J0437-4715_PDFB_40CM_log10_tnequad": -9.996763646894332,
    "J0437-4715_UWL_CASPSR_40CM_efac": 0.8902862852015556,
    "J0437-4715_UWL_CASPSR_40CM_log10_tnequad": -9.993993996762036,
    "J0437-4715_UWL_PDFB4_10CM_efac": 0.01072140931914176,
    "J0437-4715_UWL_PDFB4_10CM_log10_tnequad": -9.962307601818962,
    "J0437-4715_UWL_PDFB4_20CM_efac": 0.4987373669401746,
    "J0437-4715_UWL_PDFB4_20CM_log10_tnequad": -9.996875136027924,
    "J0437-4715_UWL_sbA_efac": 0.6582354992012649,
    "J0437-4715_UWL_sbA_log10_tnequad": -9.982571419419338,
    "J0437-4715_UWL_sbB_efac": 0.6376411589198832,
    "J0437-4715_UWL_sbB_log10_tnequad": -7.379057604068089,
    "J0437-4715_UWL_sbC_efac": 0.6695858764832384,
    "J0437-4715_UWL_sbC_log10_tnequad": -9.987565836079197,
    "J0437-4715_UWL_sbD_efac": 0.2592469046318476,
    "J0437-4715_UWL_sbD_log10_tnequad": -7.473424786385683,
    "J0437-4715_UWL_sbE_efac": 0.010136636064763827,
    "J0437-4715_UWL_sbE_log10_tnequad": -7.5333655375736726,
    "J0437-4715_UWL_sbF_efac": 0.03138018509917916,
    "J0437-4715_UWL_sbF_log10_tnequad": -7.966687204914509,
    "J0437-4715_UWL_sbG_efac": 0.010054091720352692,
    "J0437-4715_UWL_sbG_log10_tnequad": -7.582735942122007,
    "J0437-4715_UWL_sbH_efac": 0.010290552953074121,
    "J0437-4715_UWL_sbH_log10_tnequad": -7.65384575976551,
    "J0437-4715_band_noise_high_high_gamma": 0.03595267516086188,
    "J0437-4715_band_noise_high_high_log10_A": -19.97640359042395,
    "J0437-4715_band_noise_low_gamma": 0.010759615705371137,
    "J0437-4715_band_noise_low_log10_A": -19.99019755175773,
    "J0437-4715_band_noise_mid_mid_gamma": 0.01455875745962653,
    "J0437-4715_band_noise_mid_mid_log10_A": -19.989432708938057,
    "J0437-4715_basis_ecorr_10CM_log10_ecorr": -9.995601928419488,
    "J0437-4715_basis_ecorr_10CM_uwl_log10_ecorr": -9.996155352996313,
    "J0437-4715_basis_ecorr_20CM_log10_ecorr": -9.99004639219068,
    "J0437-4715_basis_ecorr_20CM_uwl_log10_ecorr": -7.793246249021318,
    "J0437-4715_basis_ecorr_40CM_log10_ecorr": -7.0264674917277175,
    "J0437-4715_basis_ecorr_40CM_uwl_log10_ecorr": -7.276896665704859,
    "J0437-4715_basis_ecorr_all_dr2_log10_ecorr": -9.968719251465712,
    "J0437-4715_basis_ecorr_all_uwl_log10_ecorr": -7.458645364780907,
    "J0437-4715_basis_ecorr_group_CASPSR_40CM_log10_ecorr": -9.995999817806435,
    "J0437-4715_basis_ecorr_group_PDFB_20CM_log10_ecorr": -9.991033677997883,
    "J0437-4715_basis_ecorr_group_UWL_PDFB4_20CM_log10_ecorr": -9.996462011680636,
    "J0437-4715_basis_ecorr_group_UWL_sbA_log10_ecorr": -9.995638693782158,
    "J0437-4715_basis_ecorr_group_UWL_sbG_log10_ecorr": -9.997228428081193,
    "J0437-4715_chrom_gp_gamma": 1.837837966928491,
    "J0437-4715_chrom_gp_log10_A": -14.852853253640017,
    "J0437-4715_dm_gp_gamma": 2.1444877251065884,
    "J0437-4715_dm_gp_log10_A": -13.592003391716988,
    "J0437-4715_dmexp_1_idx": -0.006825676349355183,
    "J0437-4715_dmexp_1_log10_Amp": -6.46601434671733,
    "J0437-4715_dmexp_1_log10_tau": 1.3956616672239908,
    "J0437-4715_dmexp_1_t0": 57054.47140400156,
    "J0437-4715_gp_sw_gamma": -3.9820331513421303,
    "J0437-4715_gp_sw_log10_A": -9.988797041530276,
    "J0437-4715_group_noise_CASPSR_40CM_gamma": 1.5728967056351422,
    "J0437-4715_group_noise_CASPSR_40CM_log10_A": -15.768356426178038,
    "J0437-4715_group_noise_UWL_PDFB4_20CM_gamma": 1.0471292094342932,
    "J0437-4715_group_noise_UWL_PDFB4_20CM_log10_A": -15.20100137417842,
    "J0437-4715_group_noise_UWL_sbA_gamma": 0.01870261324711464,
    "J0437-4715_group_noise_UWL_sbA_log10_A": -19.987803818689923,
    "J0437-4715_group_noise_UWL_sbG_gamma": 0.012117365245558176,
    "J0437-4715_group_noise_UWL_sbG_log10_A": -19.98982598524038,
    "J0437-4715_hf_noise_gamma": 0.0017789195683321913,
    "J0437-4715_hf_noise_log10_A": -14.585102240150617,
    "J0437-4715_red_noise_gamma": 1.4322503347101,
    "J0437-4715_red_noise_log10_A": -18.990079560757927,
    "n_earth": 0.00961131236464641,
    "nmodel": -0.4984941379049989
}