{
    "J0437-4715_CASPSR_40CM_efac": 0.7546657704948532,
    "J0437-4715_CASPSR_40CM_log10_tnequad": -7.168973367567164,
    "J0437-4715_PDFB_10CM_efac": 0.4506134242348305,
    "J0437-4715_PDFB_10CM_log10_tnequad": -7.311485681221731,
    "J0437-4715_PDFB_20CM_efac": 0.6368034714623847,
    "J0437-4715_PDFB_20CM_log10_tnequad": -7.68862621481627,
    "J0437-4715_PDFB_40CM_efac": 0.5024834213380212,
    "J0437-4715_PDFB_40CM_log10_tnequad": -7.462844689776284,
    "J0437-4715_UWL_CASPSR_40CM_efac": 2.127706214243673,
    "J0437-4715_UWL_CASPSR_40CM_log10_tnequad": -6.537700827986457,
    "J0437-4715_UWL_PDFB4_10CM_efac": 0.9444570068367814,
    "J0437-4715_UWL_PDFB4_10CM_log10_tnequad": -7.145873879581408,
    "J0437-4715_UWL_PDFB4_20CM_efac": 1.1652588501704062,
    "J0437-4715_UWL_PDFB4_20CM_log10_tnequad": -7.246710368401537,
    "J0437-4715_UWL_sbA_efac": 1.1366422460487307,
    "J0437-4715_UWL_sbA_log10_tnequad": -6.685967621002043,
    "J0437-4715_UWL_sbB_efac": 0.9231362677162002,
    "J0437-4715_UWL_sbB_log10_tnequad": -6.939928865644317,
    "J0437-4715_UWL_sbC_efac": 0.9164207220878071,
    "J0437-4715_UWL_sbC_log10_tnequad": -7.367825705638179,
    "J0437-4715_UWL_sbD_efac": 0.4300650722483269,
    "J0437-4715_UWL_sbD_log10_tnequad": -7.246288398305205,
    "J0437-4715_UWL_sbE_efac": 0.6195822741696094,
    "J0437-4715_UWL_sbE_log10_tnequad": -7.185104500365479,
    "J0437-4715_UWL_sbF_efac": 0.19550774605436683,
    "J0437-4715_UWL_sbF_log10_tnequad": -7.6313249687662195,
    "J0437-4715_UWL_sbG_efac": 0.2760393671073414,
    "J0437-4715_UWL_sbG_log10_tnequad": -7.375346767424972,
    "J0437-4715_UWL_sbH_efac": 0.29695977737298124,
    "J0437-4715_UWL_sbH_log10_tnequad": -7.315312788630044,
    "J0437-4715_band_noise_high_high_gamma": 6.956363833093871,
    "J0437-4715_band_noise_high_high_log10_A": -14.188153103330107,
    "J0437-4715_band_noise_low_gamma": 6.981570935731094,
    "J0437-4715_band_noise_low_log10_A": -13.885098493695747,
    "J0437-4715_band_noise_mid_mid_gamma": 6.970322000573257,
    "J0437-4715_band_noise_mid_mid_log10_A": -14.17874945376454,
    "J0437-4715_basis_ecorr_10CM_log10_ecorr": -7.358712052521951,
    "J0437-4715_basis_ecorr_10CM_uwl_log10_ecorr": -7.7209056119802435,
    "J0437-4715_basis_ecorr_20CM_log10_ecorr": -7.185923005377145,
    "J0437-4715_basis_ecorr_20CM_uwl_log10_ecorr": -7.501618360086015,
    "J0437-4715_basis_ecorr_40CM_log10_ecorr": -6.837340446758865,
    "J0437-4715_basis_ecorr_40CM_uwl_log10_ecorr": -7.04510753614488,
    "J0437-4715_basis_ecorr_all_dr2_log10_ecorr": -7.344266733309156,
    "J0437-4715_basis_ecorr_all_uwl_log10_ecorr": -7.283578945811575,
    "J0437-4715_basis_ecorr_group_CASPSR_40CM_log10_ecorr": -6.968853201120566,
    "J0437-4715_basis_ecorr_group_PDFB_20CM_log10_ecorr": -7.187477552484436,
    "J0437-4715_basis_ecorr_group_UWL_PDFB4_20CM_log10_ecorr": -7.362399257512468,
    "J0437-4715_basis_ecorr_group_UWL_sbA_log10_ecorr": -7.038630784465135,
    "J0437-4715_basis_ecorr_group_UWL_sbG_log10_ecorr": -7.982649735215866,
    "J0437-4715_chrom_gp_gamma": 4.67418731109238,
    "J0437-4715_chrom_gp_log10_A": -14.083094508841784,
    "J0437-4715_dm_gp_gamma": 2.9889642564566574,
    "J0437-4715_dm_gp_log10_A": -13.369034607256689,
    "J0437-4715_dmexp_1_idx": 1.0692019779536026,
    "J0437-4715_dmexp_1_log10_Amp": -5.998851314249197,
    "J0437-4715_dmexp_1_log10_tau": 3.2611507024029724,
    "J0437-4715_dmexp_1_t0": 57087.324896931066,
    "J0437-4715_gp_sw_gamma": 3.988080346238624,
    "J0437-4715_gp_sw_log10_A": -5.981999394094369,
    "J0437-4715_group_noise_CASPSR_40CM_gamma": 6.992634665754594,
    "J0437-4715_group_noise_CASPSR_40CM_log10_A": -13.23706745925551,
    "J0437-4715_group_noise_UWL_PDFB4_20CM_gamma": 6.9874217156100915,
    "J0437-4715_group_noise_UWL_PDFB4_20CM_log10_A": -13.37687092298529,
    "J0437-4715_group_noise_UWL_sbA_gamma": 6.991526343722516,
    "J0437-4715_group_noise_UWL_sbA_log10_A": -13.745903328252181,
    "J0437-4715_group_noise_UWL_sbG_gamma": 6.986946353690282,
    "J0437-4715_group_noise_UWL_sbG_log10_A": -14.616591081449055,
    "J0437-4715_hf_noise_gamma": 1.8560231378555645,
    "J0437-4715_hf_noise_log10_A": -13.872410280465129,
    "J0437-4715_red_noise_gamma": 6.726021301801135,
    "J0437-4715_red_noise_log10_A": -13.844964558674407,
    "n_earth": 18.341085281524954,
    "nmodel": 0.49848682673582634
}