{
    "J0614-3329_UWL_sbA_efac": 1.050263518400828,
    "J0614-3329_UWL_sbA_log10_tnequad": -5.687028930642927,
    "J0614-3329_UWL_sbB_efac": 1.230626347629588,
    "J0614-3329_UWL_sbB_log10_tnequad": -5.872504706042796,
    "J0614-3329_UWL_sbC_efac": 1.4354879220719845,
    "J0614-3329_UWL_sbC_log10_tnequad": -5.72470915317124,
    "J0614-3329_UWL_sbD_efac": 1.253709260777299,
    "J0614-3329_UWL_sbD_log10_tnequad": -5.974735077746164,
    "J0614-3329_UWL_sbE_efac": 1.264587312417454,
    "J0614-3329_UWL_sbE_log10_tnequad": -5.781789023485517,
    "J0614-3329_UWL_sbF_efac": 1.2716118370267637,
    "J0614-3329_UWL_sbF_log10_tnequad": -5.943720983876167,
    "J0614-3329_UWL_sbG_efac": 1.7093341487680345,
    "J0614-3329_UWL_sbG_log10_tnequad": -5.673377417898051,
    "J0614-3329_UWL_sbH_efac": 1.6534585653139193,
    "J0614-3329_UWL_sbH_log10_tnequad": -5.580812541216445,
    "J0614-3329_basis_ecorr_10CM_uwl_log10_ecorr": -5.847596800590863,
    "J0614-3329_basis_ecorr_20CM_uwl_log10_ecorr": -6.138218639101154,
    "J0614-3329_basis_ecorr_40CM_uwl_log10_ecorr": -5.954311576897666,
    "J0614-3329_basis_ecorr_all_uwl_log10_ecorr": -5.958755927996438,
    "J0614-3329_dm_gp_gamma": 6.994430726424252,
    "J0614-3329_dm_gp_log10_A": -12.756801626096097,
    "J0614-3329_gp_sw_gamma": 3.9906678262633735,
    "J0614-3329_gp_sw_log10_A": -5.1182711260708,
    "J0614-3329_red_noise_gamma": 6.9876792492764785,
    "J0614-3329_red_noise_log10_A": -12.045433012982674,
    "n_earth": 19.975445157762806,
    "nmodel": 0.49847262881672333
}