{
    "J0614-3329_UWL_sbA_efac": 0.37644687744432664,
    "J0614-3329_UWL_sbA_log10_tnequad": -9.994082450182622,
    "J0614-3329_UWL_sbB_efac": 0.7977333479134959,
    "J0614-3329_UWL_sbB_log10_tnequad": -9.99422748500835,
    "J0614-3329_UWL_sbC_efac": 0.7982462976931517,
    "J0614-3329_UWL_sbC_log10_tnequad": -9.993826084439494,
    "J0614-3329_UWL_sbD_efac": 0.8695741671781457,
    "J0614-3329_UWL_sbD_log10_tnequad": -9.994360373701781,
    "J0614-3329_UWL_sbE_efac": 0.7250825010465936,
    "J0614-3329_UWL_sbE_log10_tnequad": -9.993801127844298,
    "J0614-3329_UWL_sbF_efac": 0.7692830332120933,
    "J0614-3329_UWL_sbF_log10_tnequad": -9.99411569723855,
    "J0614-3329_UWL_sbG_efac": 0.21366546422352087,
    "J0614-3329_UWL_sbG_log10_tnequad": -9.993492821699801,
    "J0614-3329_UWL_sbH_efac": 0.12496959384195597,
    "J0614-3329_UWL_sbH_log10_tnequad": -9.993774404165901,
    "J0614-3329_basis_ecorr_10CM_uwl_log10_ecorr": -9.994028416946694,
    "J0614-3329_basis_ecorr_20CM_uwl_log10_ecorr": -9.99436548215953,
    "J0614-3329_basis_ecorr_40CM_uwl_log10_ecorr": -9.994326067705128,
    "J0614-3329_basis_ecorr_all_uwl_log10_ecorr": -9.956797733645276,
    "J0614-3329_dm_gp_gamma": 0.07884673035619218,
    "J0614-3329_dm_gp_log10_A": -19.923785269351377,
    "J0614-3329_gp_sw_gamma": -3.9812907555138333,
    "J0614-3329_gp_sw_log10_A": -9.993777451957195,
    "J0614-3329_red_noise_gamma": 0.008679453525578355,
    "J0614-3329_red_noise_log10_A": -19.989395939047018,
    "n_earth": 0.04188370966684803,
    "nmodel": -0.4984929442993222
}