{
    "J0613-0200_CASPSR_40CM_efac": 1.1844185601706507,
    "J0613-0200_CASPSR_40CM_log10_tnequad": -6.481884775416266,
    "J0613-0200_CPSR2_20CM_efac": 1.1764070099067871,
    "J0613-0200_CPSR2_20CM_log10_tnequad": -5.904972545900418,
    "J0613-0200_CPSR2_50CM_efac": 1.1976116187287233,
    "J0613-0200_CPSR2_50CM_log10_tnequad": -6.373731859705135,
    "J0613-0200_PDFB1_20CM_efac": 1.2485650599219686,
    "J0613-0200_PDFB1_20CM_log10_tnequad": -6.071268081875987,
    "J0613-0200_PDFB1_early_20CM_efac": 1.6938505431737583,
    "J0613-0200_PDFB1_early_20CM_log10_tnequad": -5.689358315463814,
    "J0613-0200_PDFB_10CM_efac": 1.1930100127673122,
    "J0613-0200_PDFB_10CM_log10_tnequad": -5.796796267882202,
    "J0613-0200_PDFB_20CM_efac": 1.1503533543570958,
    "J0613-0200_PDFB_20CM_log10_tnequad": -6.285170526478548,
    "J0613-0200_PDFB_40CM_efac": 1.3281494016098934,
    "J0613-0200_PDFB_40CM_log10_tnequad": -5.761807350752324,
    "J0613-0200_UWL_CASPSR_40CM_efac": 1.5106159225042903,
    "J0613-0200_UWL_CASPSR_40CM_log10_tnequad": -6.072827909967477,
    "J0613-0200_UWL_PDFB4_20CM_efac": 1.4156783130496602,
    "J0613-0200_UWL_PDFB4_20CM_log10_tnequad": -5.946964509488468,
    "J0613-0200_UWL_sbA_efac": 1.3191613662128163,
    "J0613-0200_UWL_sbA_log10_tnequad": -6.363787760485301,
    "J0613-0200_UWL_sbB_efac": 1.2433658767325573,
    "J0613-0200_UWL_sbB_log10_tnequad": -6.500093939829044,
    "J0613-0200_UWL_sbC_efac": 1.1085714860205333,
    "J0613-0200_UWL_sbC_log10_tnequad": -6.385738071256382,
    "J0613-0200_UWL_sbD_efac": 1.186139316884374,
    "J0613-0200_UWL_sbD_log10_tnequad": -6.429120429902914,
    "J0613-0200_UWL_sbE_efac": 1.2905155383899276,
    "J0613-0200_UWL_sbE_log10_tnequad": -6.018192711837929,
    "J0613-0200_UWL_sbF_efac": 1.2391813885187748,
    "J0613-0200_UWL_sbF_log10_tnequad": -6.19109129513823,
    "J0613-0200_UWL_sbG_efac": 1.2075380913137017,
    "J0613-0200_UWL_sbG_log10_tnequad": -5.803003590800347,
    "J0613-0200_UWL_sbH_efac": 1.3467932350361034,
    "J0613-0200_UWL_sbH_log10_tnequad": -5.593262768152879,
    "J0613-0200_WBCORR_10CM_efac": 3.684333525820511,
    "J0613-0200_WBCORR_10CM_log10_tnequad": -5.017777241589648,
    "J0613-0200_band_noise_low_gamma": 6.983137997616121,
    "J0613-0200_band_noise_low_log10_A": -13.277709138322827,
    "J0613-0200_basis_ecorr_10CM_log10_ecorr": -5.824745583141205,
    "J0613-0200_basis_ecorr_10CM_uwl_log10_ecorr": -5.997712404086375,
    "J0613-0200_basis_ecorr_20CM_log10_ecorr": -6.429082160092943,
    "J0613-0200_basis_ecorr_20CM_uwl_log10_ecorr": -6.637788819775007,
    "J0613-0200_basis_ecorr_40CM_log10_ecorr": -6.475817135796944,
    "J0613-0200_basis_ecorr_40CM_uwl_log10_ecorr": -6.5051578252367,
    "J0613-0200_basis_ecorr_all_dr2_log10_ecorr": -6.499899614687964,
    "J0613-0200_basis_ecorr_all_uwl_log10_ecorr": -6.543975870477201,
    "J0613-0200_chrom_gp_gamma": 6.995482319367282,
    "J0613-0200_chrom_gp_log10_A": -14.020287464258544,
    "J0613-0200_dm1yr_log10_Amp": -6.471462890590775,
    "J0613-0200_dm1yr_phase": 3.027519841786554,
    "J0613-0200_dm_gp_gamma": 4.446515031715905,
    "J0613-0200_dm_gp_log10_A": -13.428023970807862,
    "J0613-0200_gp_sw_gamma": 3.985240508499147,
    "J0613-0200_gp_sw_log10_A": -6.340057274036876,
    "J0613-0200_red_noise_gamma": 6.997052123061922,
    "J0613-0200_red_noise_log10_A": -13.75508783262943,
    "n_earth": 5.6766964575394185,
    "nmodel": 0.4984868803677797
}