{
    "J0613-0200_CASPSR_40CM_efac": 0.7359294216438718,
    "J0613-0200_CASPSR_40CM_log10_tnequad": -9.99470209037965,
    "J0613-0200_CPSR2_20CM_efac": 0.8770613552697419,
    "J0613-0200_CPSR2_20CM_log10_tnequad": -9.993714663084155,
    "J0613-0200_CPSR2_50CM_efac": 0.9627398812875952,
    "J0613-0200_CPSR2_50CM_log10_tnequad": -9.994801590228903,
    "J0613-0200_PDFB1_20CM_efac": 0.8591171255763749,
    "J0613-0200_PDFB1_20CM_log10_tnequad": -9.994029705010535,
    "J0613-0200_PDFB1_early_20CM_efac": 0.8135922444477878,
    "J0613-0200_PDFB1_early_20CM_log10_tnequad": -9.993147795352574,
    "J0613-0200_PDFB_10CM_efac": 0.8899985686174263,
    "J0613-0200_PDFB_10CM_log10_tnequad": -9.993603201519695,
    "J0613-0200_PDFB_20CM_efac": 0.9927992411142674,
    "J0613-0200_PDFB_20CM_log10_tnequad": -9.994027483046027,
    "J0613-0200_PDFB_40CM_efac": 0.9424117808902448,
    "J0613-0200_PDFB_40CM_log10_tnequad": -9.993874094634151,
    "J0613-0200_UWL_CASPSR_40CM_efac": 0.10441983055692039,
    "J0613-0200_UWL_CASPSR_40CM_log10_tnequad": -9.99373540112372,
    "J0613-0200_UWL_PDFB4_20CM_efac": 0.8739842592249845,
    "J0613-0200_UWL_PDFB4_20CM_log10_tnequad": -9.99386458908839,
    "J0613-0200_UWL_sbA_efac": 0.8941844745543618,
    "J0613-0200_UWL_sbA_log10_tnequad": -9.994886782825807,
    "J0613-0200_UWL_sbB_efac": 0.9076437976242799,
    "J0613-0200_UWL_sbB_log10_tnequad": -9.994656979753987,
    "J0613-0200_UWL_sbC_efac": 0.8165335617175304,
    "J0613-0200_UWL_sbC_log10_tnequad": -9.994188061535837,
    "J0613-0200_UWL_sbD_efac": 0.8733697205711228,
    "J0613-0200_UWL_sbD_log10_tnequad": -9.994948510556801,
    "J0613-0200_UWL_sbE_efac": 0.8094047242456783,
    "J0613-0200_UWL_sbE_log10_tnequad": -9.992844518379824,
    "J0613-0200_UWL_sbF_efac": 0.9460789375682817,
    "J0613-0200_UWL_sbF_log10_tnequad": -9.994168918432482,
    "J0613-0200_UWL_sbG_efac": 0.7666146815416722,
    "J0613-0200_UWL_sbG_log10_tnequad": -9.993405820106226,
    "J0613-0200_UWL_sbH_efac": 0.5688941054176448,
    "J0613-0200_UWL_sbH_log10_tnequad": -9.92573488918371,
    "J0613-0200_WBCORR_10CM_efac": 0.42791704012785264,
    "J0613-0200_WBCORR_10CM_log10_tnequad": -9.991720930120893,
    "J0613-0200_band_noise_low_gamma": 0.008071224507566376,
    "J0613-0200_band_noise_low_log10_A": -19.99206052975094,
    "J0613-0200_basis_ecorr_10CM_log10_ecorr": -9.993119571991038,
    "J0613-0200_basis_ecorr_10CM_uwl_log10_ecorr": -9.994577788027911,
    "J0613-0200_basis_ecorr_20CM_log10_ecorr": -9.994351811523185,
    "J0613-0200_basis_ecorr_20CM_uwl_log10_ecorr": -9.9952471420668,
    "J0613-0200_basis_ecorr_40CM_log10_ecorr": -9.994305750571687,
    "J0613-0200_basis_ecorr_40CM_uwl_log10_ecorr": -9.992379517392086,
    "J0613-0200_basis_ecorr_all_dr2_log10_ecorr": -9.994006908078354,
    "J0613-0200_basis_ecorr_all_uwl_log10_ecorr": -9.981287613392505,
    "J0613-0200_chrom_gp_gamma": 1.6772849934386642,
    "J0613-0200_chrom_gp_log10_A": -17.329147180302925,
    "J0613-0200_dm1yr_log10_Amp": -6.833531571002606,
    "J0613-0200_dm1yr_phase": 2.103568808340496,
    "J0613-0200_dm_gp_gamma": 1.4425066975016625,
    "J0613-0200_dm_gp_log10_A": -15.583160806226665,
    "J0613-0200_gp_sw_gamma": -3.980616045472768,
    "J0613-0200_gp_sw_log10_A": -9.994989636634621,
    "J0613-0200_red_noise_gamma": 2.9176794366978815,
    "J0613-0200_red_noise_log10_A": -16.421213624083556,
    "n_earth": 0.004029478218659344,
    "nmodel": -0.4984929895100089
}