{
    "J0711-6830_CASPSR_40CM_efac": 0.9546502928645826,
    "J0711-6830_CASPSR_40CM_log10_tnequad": -9.994400324759134,
    "J0711-6830_CPSR2_20CM_efac": 1.044722219943156,
    "J0711-6830_CPSR2_20CM_log10_tnequad": -9.99433134927512,
    "J0711-6830_CPSR2_50CM_efac": 0.9385839630219441,
    "J0711-6830_CPSR2_50CM_log10_tnequad": -9.993675051131271,
    "J0711-6830_PDFB1_20CM_efac": 0.9299963948585184,
    "J0711-6830_PDFB1_20CM_log10_tnequad": -9.995341773409006,
    "J0711-6830_PDFB1_early_20CM_efac": 0.7774909787007888,
    "J0711-6830_PDFB1_early_20CM_log10_tnequad": -9.994573604415933,
    "J0711-6830_PDFB_10CM_efac": 0.9223547537904118,
    "J0711-6830_PDFB_10CM_log10_tnequad": -9.992666748034612,
    "J0711-6830_PDFB_20CM_efac": 0.9754047866555327,
    "J0711-6830_PDFB_20CM_log10_tnequad": -9.994723423378987,
    "J0711-6830_PDFB_40CM_efac": 0.9742851519843218,
    "J0711-6830_PDFB_40CM_log10_tnequad": -9.993985470628648,
    "J0711-6830_UWL_CASPSR_40CM_efac": 0.8549582323644975,
    "J0711-6830_UWL_CASPSR_40CM_log10_tnequad": -9.99371088757698,
    "J0711-6830_UWL_PDFB4_20CM_efac": 0.9826577846407054,
    "J0711-6830_UWL_PDFB4_20CM_log10_tnequad": -9.99513436958518,
    "J0711-6830_UWL_sbA_efac": 1.094238711055996,
    "J0711-6830_UWL_sbA_log10_tnequad": -9.994285173937536,
    "J0711-6830_UWL_sbB_efac": 1.077682702857201,
    "J0711-6830_UWL_sbB_log10_tnequad": -9.992722583260901,
    "J0711-6830_UWL_sbC_efac": 0.9914799923699782,
    "J0711-6830_UWL_sbC_log10_tnequad": -9.994530385954045,
    "J0711-6830_UWL_sbD_efac": 1.0221662886827365,
    "J0711-6830_UWL_sbD_log10_tnequad": -9.995069411974074,
    "J0711-6830_UWL_sbE_efac": 0.9143534058449958,
    "J0711-6830_UWL_sbE_log10_tnequad": -9.995184966961487,
    "J0711-6830_UWL_sbF_efac": 0.9395982641639826,
    "J0711-6830_UWL_sbF_log10_tnequad": -9.995069496260948,
    "J0711-6830_UWL_sbG_efac": 0.904119695652648,
    "J0711-6830_UWL_sbG_log10_tnequad": -9.994100973999778,
    "J0711-6830_UWL_sbH_efac": 0.8723693976495706,
    "J0711-6830_UWL_sbH_log10_tnequad": -9.989752019320742,
    "J0711-6830_WBCORR_10CM_efac": 0.08025490754706571,
    "J0711-6830_WBCORR_10CM_log10_tnequad": -9.9919762816724,
    "J0711-6830_basis_ecorr_10CM_log10_ecorr": -9.992474866171504,
    "J0711-6830_basis_ecorr_10CM_uwl_log10_ecorr": -9.994363769055235,
    "J0711-6830_basis_ecorr_20CM_log10_ecorr": -9.989973000030409,
    "J0711-6830_basis_ecorr_20CM_uwl_log10_ecorr": -9.994194108181684,
    "J0711-6830_basis_ecorr_40CM_log10_ecorr": -9.994942462606826,
    "J0711-6830_basis_ecorr_40CM_uwl_log10_ecorr": -9.994505266204614,
    "J0711-6830_basis_ecorr_all_dr2_log10_ecorr": -9.992049758937155,
    "J0711-6830_basis_ecorr_all_uwl_log10_ecorr": -9.987028752798837,
    "J0711-6830_dm_gp_gamma": 0.050036922647677826,
    "J0711-6830_dm_gp_log10_A": -19.936527176714318,
    "J0711-6830_gp_sw_gamma": -3.973464988569132,
    "J0711-6830_gp_sw_log10_A": -9.992539099860457,
    "J0711-6830_red_noise_gamma": 0.009909824032470366,
    "J0711-6830_red_noise_log10_A": -18.85695164539824,
    "n_earth": 0.030146979365673232,
    "nmodel": -0.4984789273573476
}