{
    "J0711-6830_CASPSR_40CM_efac": 1.2880660377630018,
    "J0711-6830_CASPSR_40CM_log10_tnequad": -5.963464306731219,
    "J0711-6830_CPSR2_20CM_efac": 1.47839564310608,
    "J0711-6830_CPSR2_20CM_log10_tnequad": -5.789658133543079,
    "J0711-6830_CPSR2_50CM_efac": 1.2704158258637468,
    "J0711-6830_CPSR2_50CM_log10_tnequad": -5.8014348230996635,
    "J0711-6830_PDFB1_20CM_efac": 1.3797842341452848,
    "J0711-6830_PDFB1_20CM_log10_tnequad": -6.304203947088469,
    "J0711-6830_PDFB1_early_20CM_efac": 1.469436300380731,
    "J0711-6830_PDFB1_early_20CM_log10_tnequad": -5.744048239653525,
    "J0711-6830_PDFB_10CM_efac": 1.158685468760926,
    "J0711-6830_PDFB_10CM_log10_tnequad": -5.708772993780231,
    "J0711-6830_PDFB_20CM_efac": 1.113805895372482,
    "J0711-6830_PDFB_20CM_log10_tnequad": -6.586256571214101,
    "J0711-6830_PDFB_40CM_efac": 1.2112981909470084,
    "J0711-6830_PDFB_40CM_log10_tnequad": -6.0008088950416525,
    "J0711-6830_UWL_CASPSR_40CM_efac": 1.7912445909548065,
    "J0711-6830_UWL_CASPSR_40CM_log10_tnequad": -5.491070843398789,
    "J0711-6830_UWL_PDFB4_20CM_efac": 1.4028473497011622,
    "J0711-6830_UWL_PDFB4_20CM_log10_tnequad": -6.330233591418385,
    "J0711-6830_UWL_sbA_efac": 1.4649043945753828,
    "J0711-6830_UWL_sbA_log10_tnequad": -6.015344327256409,
    "J0711-6830_UWL_sbB_efac": 1.3482856029705736,
    "J0711-6830_UWL_sbB_log10_tnequad": -6.042434831853895,
    "J0711-6830_UWL_sbC_efac": 1.2455683156197006,
    "J0711-6830_UWL_sbC_log10_tnequad": -6.13336630356638,
    "J0711-6830_UWL_sbD_efac": 1.2511974123381022,
    "J0711-6830_UWL_sbD_log10_tnequad": -6.569738070071387,
    "J0711-6830_UWL_sbE_efac": 1.192702939593789,
    "J0711-6830_UWL_sbE_log10_tnequad": -6.316139407136551,
    "J0711-6830_UWL_sbF_efac": 1.1646370002757294,
    "J0711-6830_UWL_sbF_log10_tnequad": -6.329229750691959,
    "J0711-6830_UWL_sbG_efac": 1.20647919343962,
    "J0711-6830_UWL_sbG_log10_tnequad": -5.920251884530489,
    "J0711-6830_UWL_sbH_efac": 1.2222573420793545,
    "J0711-6830_UWL_sbH_log10_tnequad": -5.685265734559426,
    "J0711-6830_WBCORR_10CM_efac": 1.4809625626743226,
    "J0711-6830_WBCORR_10CM_log10_tnequad": -5.2115317936381,
    "J0711-6830_basis_ecorr_10CM_log10_ecorr": -5.784921910697619,
    "J0711-6830_basis_ecorr_10CM_uwl_log10_ecorr": -6.038565267739192,
    "J0711-6830_basis_ecorr_20CM_log10_ecorr": -6.327805828654477,
    "J0711-6830_basis_ecorr_20CM_uwl_log10_ecorr": -6.447471393668498,
    "J0711-6830_basis_ecorr_40CM_log10_ecorr": -6.19069537233294,
    "J0711-6830_basis_ecorr_40CM_uwl_log10_ecorr": -6.179449010114499,
    "J0711-6830_basis_ecorr_all_dr2_log10_ecorr": -6.3578385571863745,
    "J0711-6830_basis_ecorr_all_uwl_log10_ecorr": -6.39554090973588,
    "J0711-6830_dm_gp_gamma": 6.988062846384984,
    "J0711-6830_dm_gp_log10_A": -13.231010154573484,
    "J0711-6830_gp_sw_gamma": 3.9870475310691713,
    "J0711-6830_gp_sw_log10_A": -5.5324695220454565,
    "J0711-6830_red_noise_gamma": 5.6784975297713185,
    "J0711-6830_red_noise_log10_A": -12.83222360704979,
    "n_earth": 19.967440558034557,
    "nmodel": 0.49850644748924694
}