{
    "J0900-3144_UWL_sbA_efac": 0.9864162454711145,
    "J0900-3144_UWL_sbA_log10_tnequad": -9.99306096266773,
    "J0900-3144_UWL_sbB_efac": 0.8587647505227057,
    "J0900-3144_UWL_sbB_log10_tnequad": -9.993246596467193,
    "J0900-3144_UWL_sbC_efac": 0.7864485438463422,
    "J0900-3144_UWL_sbC_log10_tnequad": -9.9930813635029,
    "J0900-3144_UWL_sbD_efac": 0.9585737981796814,
    "J0900-3144_UWL_sbD_log10_tnequad": -9.994272030360996,
    "J0900-3144_UWL_sbE_efac": 0.82941235661463,
    "J0900-3144_UWL_sbE_log10_tnequad": -9.993725220715463,
    "J0900-3144_UWL_sbF_efac": 0.8740346273248869,
    "J0900-3144_UWL_sbF_log10_tnequad": -9.993949116075523,
    "J0900-3144_UWL_sbG_efac": 0.8134001101430586,
    "J0900-3144_UWL_sbG_log10_tnequad": -9.993626308730585,
    "J0900-3144_UWL_sbH_efac": 0.6581048154961433,
    "J0900-3144_UWL_sbH_log10_tnequad": -9.992422054608216,
    "J0900-3144_basis_ecorr_10CM_uwl_log10_ecorr": -9.987210968463025,
    "J0900-3144_basis_ecorr_20CM_uwl_log10_ecorr": -9.973971361798885,
    "J0900-3144_basis_ecorr_40CM_uwl_log10_ecorr": -9.981477823493591,
    "J0900-3144_basis_ecorr_all_uwl_log10_ecorr": -9.974979373543862,
    "J0900-3144_dm_gp_gamma": 0.03304045139634449,
    "J0900-3144_dm_gp_log10_A": -19.956290873619572,
    "J0900-3144_gp_sw_gamma": -3.97521373619416,
    "J0900-3144_gp_sw_log10_A": -9.99040671176692,
    "J0900-3144_red_noise_gamma": 0.009824152473146053,
    "J0900-3144_red_noise_log10_A": -19.989352475546042,
    "n_earth": 0.023289808509723453,
    "nmodel": -0.49851772430003033
}