{
    "J0900-3144_UWL_sbA_efac": 1.4063546530198823,
    "J0900-3144_UWL_sbA_log10_tnequad": -5.30444197849968,
    "J0900-3144_UWL_sbB_efac": 1.2430251497088167,
    "J0900-3144_UWL_sbB_log10_tnequad": -5.5385195279277895,
    "J0900-3144_UWL_sbC_efac": 1.1396606930593642,
    "J0900-3144_UWL_sbC_log10_tnequad": -5.532603217729046,
    "J0900-3144_UWL_sbD_efac": 1.3457181411819692,
    "J0900-3144_UWL_sbD_log10_tnequad": -5.86684258377656,
    "J0900-3144_UWL_sbE_efac": 1.1687486519353993,
    "J0900-3144_UWL_sbE_log10_tnequad": -5.77206346679026,
    "J0900-3144_UWL_sbF_efac": 1.2072192300347013,
    "J0900-3144_UWL_sbF_log10_tnequad": -5.785023796739899,
    "J0900-3144_UWL_sbG_efac": 1.1995419480380178,
    "J0900-3144_UWL_sbG_log10_tnequad": -5.545906290247058,
    "J0900-3144_UWL_sbH_efac": 1.2048953639764592,
    "J0900-3144_UWL_sbH_log10_tnequad": -5.392615429169434,
    "J0900-3144_basis_ecorr_10CM_uwl_log10_ecorr": -5.570032032492454,
    "J0900-3144_basis_ecorr_20CM_uwl_log10_ecorr": -5.673579147099984,
    "J0900-3144_basis_ecorr_40CM_uwl_log10_ecorr": -5.497322399509547,
    "J0900-3144_basis_ecorr_all_uwl_log10_ecorr": -5.773200739277216,
    "J0900-3144_dm_gp_gamma": 6.960443264827323,
    "J0900-3144_dm_gp_log10_A": -12.18555892868639,
    "J0900-3144_gp_sw_gamma": 3.9865971822892377,
    "J0900-3144_gp_sw_log10_A": -4.508432783798524,
    "J0900-3144_red_noise_gamma": 6.988436294360791,
    "J0900-3144_red_noise_log10_A": -12.218840723964654,
    "n_earth": 19.955177086008383,
    "nmodel": 0.49848782206830516
}