{
    "J1017-7156_CASPSR_40CM_efac": 0.8689091436467506,
    "J1017-7156_CASPSR_40CM_log10_tnequad": -9.995466376692582,
    "J1017-7156_PDFB_10CM_efac": 0.8600052925950382,
    "J1017-7156_PDFB_10CM_log10_tnequad": -9.994494607021641,
    "J1017-7156_PDFB_20CM_efac": 0.9763835347239288,
    "J1017-7156_PDFB_20CM_log10_tnequad": -9.9953871227111,
    "J1017-7156_PDFB_40CM_efac": 0.6717260620227077,
    "J1017-7156_PDFB_40CM_log10_tnequad": -9.994074732466323,
    "J1017-7156_UWL_CASPSR_40CM_efac": 0.6033638466550877,
    "J1017-7156_UWL_CASPSR_40CM_log10_tnequad": -9.992717458732484,
    "J1017-7156_UWL_PDFB4_20CM_efac": 0.9665763124903135,
    "J1017-7156_UWL_PDFB4_20CM_log10_tnequad": -9.994827042109709,
    "J1017-7156_UWL_sbA_efac": 0.966874968431084,
    "J1017-7156_UWL_sbA_log10_tnequad": -9.994669701587613,
    "J1017-7156_UWL_sbB_efac": 0.956700624710156,
    "J1017-7156_UWL_sbB_log10_tnequad": -9.995311726164342,
    "J1017-7156_UWL_sbC_efac": 0.8318263474613998,
    "J1017-7156_UWL_sbC_log10_tnequad": -9.98898256584274,
    "J1017-7156_UWL_sbD_efac": 0.865246472157208,
    "J1017-7156_UWL_sbD_log10_tnequad": -9.992697957896182,
    "J1017-7156_UWL_sbE_efac": 0.8835902066639422,
    "J1017-7156_UWL_sbE_log10_tnequad": -9.993553169011003,
    "J1017-7156_UWL_sbF_efac": 0.9132966192339831,
    "J1017-7156_UWL_sbF_log10_tnequad": -9.993429399098547,
    "J1017-7156_UWL_sbG_efac": 0.9365594292614624,
    "J1017-7156_UWL_sbG_log10_tnequad": -9.99505354416857,
    "J1017-7156_UWL_sbH_efac": 0.854968862631627,
    "J1017-7156_UWL_sbH_log10_tnequad": -9.994775327370874,
    "J1017-7156_band_noise_low_gamma": 0.008520030002908394,
    "J1017-7156_band_noise_low_log10_A": -19.99161258774502,
    "J1017-7156_basis_ecorr_10CM_log10_ecorr": -9.994586524811854,
    "J1017-7156_basis_ecorr_10CM_uwl_log10_ecorr": -9.99482947474689,
    "J1017-7156_basis_ecorr_20CM_log10_ecorr": -9.995652032684124,
    "J1017-7156_basis_ecorr_20CM_uwl_log10_ecorr": -9.994922492766873,
    "J1017-7156_basis_ecorr_40CM_log10_ecorr": -9.976968534671512,
    "J1017-7156_basis_ecorr_40CM_uwl_log10_ecorr": -6.77565616709668,
    "J1017-7156_basis_ecorr_UWL_sbA_log10_ecorr": -9.994482490093366,
    "J1017-7156_basis_ecorr_UWL_sbD_log10_ecorr": -7.1951284208686594,
    "J1017-7156_basis_ecorr_all_dr2_log10_ecorr": -9.995794009452649,
    "J1017-7156_basis_ecorr_all_uwl_log10_ecorr": -9.993240275839337,
    "J1017-7156_chrom_gp_gamma": 0.0035719163510700225,
    "J1017-7156_chrom_gp_log10_A": -16.489522708781195,
    "J1017-7156_dm_gp_gamma": 1.8543412941091304,
    "J1017-7156_dm_gp_log10_A": -13.005690102529343,
    "J1017-7156_gp_sw_gamma": -3.9829397021220574,
    "J1017-7156_gp_sw_log10_A": -9.994381097599778,
    "J1017-7156_group_noise_UWL_sbA_gamma": 0.34737676247817895,
    "J1017-7156_group_noise_UWL_sbA_log10_A": -16.860193654983828,
    "J1017-7156_group_noise_UWL_sbD_gamma": 0.00651338789550715,
    "J1017-7156_group_noise_UWL_sbD_log10_A": -19.9807333222671,
    "J1017-7156_hf_noise_gamma": 0.00469042967839961,
    "J1017-7156_hf_noise_log10_A": -16.91877945795717,
    "J1017-7156_red_noise_gamma": 0.009943284291282242,
    "J1017-7156_red_noise_log10_A": -19.987866512577607,
    "n_earth": 0.03465287577428469,
    "nmodel": -0.49846157295746024
}