{
    "J1017-7156_CASPSR_40CM_efac": 1.3056954604165365,
    "J1017-7156_CASPSR_40CM_log10_tnequad": -6.36772058111624,
    "J1017-7156_PDFB_10CM_efac": 1.2102786298035038,
    "J1017-7156_PDFB_10CM_log10_tnequad": -6.18603944992712,
    "J1017-7156_PDFB_20CM_efac": 1.10582493202277,
    "J1017-7156_PDFB_20CM_log10_tnequad": -6.649723799488968,
    "J1017-7156_PDFB_40CM_efac": 0.9341235122489392,
    "J1017-7156_PDFB_40CM_log10_tnequad": -5.907556053746107,
    "J1017-7156_UWL_CASPSR_40CM_efac": 1.4917891961716576,
    "J1017-7156_UWL_CASPSR_40CM_log10_tnequad": -5.867332256208,
    "J1017-7156_UWL_PDFB4_20CM_efac": 1.3033549941110518,
    "J1017-7156_UWL_PDFB4_20CM_log10_tnequad": -6.423430613790456,
    "J1017-7156_UWL_sbA_efac": 1.2567604423194252,
    "J1017-7156_UWL_sbA_log10_tnequad": -6.347586971447284,
    "J1017-7156_UWL_sbB_efac": 1.1679545284805393,
    "J1017-7156_UWL_sbB_log10_tnequad": -6.5936153259662245,
    "J1017-7156_UWL_sbC_efac": 1.180056686729495,
    "J1017-7156_UWL_sbC_log10_tnequad": -6.2944105984828465,
    "J1017-7156_UWL_sbD_efac": 1.1487731589821828,
    "J1017-7156_UWL_sbD_log10_tnequad": -6.630381838446297,
    "J1017-7156_UWL_sbE_efac": 1.2925291964959762,
    "J1017-7156_UWL_sbE_log10_tnequad": -6.422723708686568,
    "J1017-7156_UWL_sbF_efac": 1.1452257660929952,
    "J1017-7156_UWL_sbF_log10_tnequad": -6.54991699188836,
    "J1017-7156_UWL_sbG_efac": 1.2328809693743732,
    "J1017-7156_UWL_sbG_log10_tnequad": -6.268978767363579,
    "J1017-7156_UWL_sbH_efac": 1.2048836134737018,
    "J1017-7156_UWL_sbH_log10_tnequad": -6.357438581238628,
    "J1017-7156_band_noise_low_gamma": 6.985088496896799,
    "J1017-7156_band_noise_low_log10_A": -13.331919887124805,
    "J1017-7156_basis_ecorr_10CM_log10_ecorr": -6.213193583678372,
    "J1017-7156_basis_ecorr_10CM_uwl_log10_ecorr": -6.445063005315617,
    "J1017-7156_basis_ecorr_20CM_log10_ecorr": -6.8715428318611345,
    "J1017-7156_basis_ecorr_20CM_uwl_log10_ecorr": -6.811850702672795,
    "J1017-7156_basis_ecorr_40CM_log10_ecorr": -6.14933865068576,
    "J1017-7156_basis_ecorr_40CM_uwl_log10_ecorr": -6.3655152372194665,
    "J1017-7156_basis_ecorr_UWL_sbA_log10_ecorr": -6.303842914109084,
    "J1017-7156_basis_ecorr_UWL_sbD_log10_ecorr": -6.455765481605688,
    "J1017-7156_basis_ecorr_all_dr2_log10_ecorr": -6.850034754679438,
    "J1017-7156_basis_ecorr_all_uwl_log10_ecorr": -6.767258601254392,
    "J1017-7156_chrom_gp_gamma": 3.02795892201826,
    "J1017-7156_chrom_gp_log10_A": -13.384906777360758,
    "J1017-7156_dm_gp_gamma": 2.8400325664545893,
    "J1017-7156_dm_gp_log10_A": -12.765826352786585,
    "J1017-7156_gp_sw_gamma": 3.98802526548467,
    "J1017-7156_gp_sw_log10_A": -5.539171453563854,
    "J1017-7156_group_noise_UWL_sbA_gamma": 6.9898589153314825,
    "J1017-7156_group_noise_UWL_sbA_log10_A": -12.777134119608835,
    "J1017-7156_group_noise_UWL_sbD_gamma": 6.974531720995161,
    "J1017-7156_group_noise_UWL_sbD_log10_A": -13.111668755787385,
    "J1017-7156_hf_noise_gamma": 4.005422422949044,
    "J1017-7156_hf_noise_log10_A": -13.164484913105877,
    "J1017-7156_red_noise_gamma": 6.986785549337192,
    "J1017-7156_red_noise_log10_A": -13.071122217984081,
    "n_earth": 19.973199789530106,
    "nmodel": 0.4985096757524642
}