{
    "J1024-0719_CPSR2_20CM_efac": 0.8422238126598025,
    "J1024-0719_CPSR2_20CM_log10_tnequad": -9.993326494361774,
    "J1024-0719_CPSR2_50CM_efac": 0.6798640116390361,
    "J1024-0719_CPSR2_50CM_log10_tnequad": -9.993296198827826,
    "J1024-0719_PDFB1_20CM_efac": 0.8141533229812534,
    "J1024-0719_PDFB1_20CM_log10_tnequad": -9.994239187890361,
    "J1024-0719_PDFB1_early_20CM_efac": 0.6991432707004767,
    "J1024-0719_PDFB1_early_20CM_log10_tnequad": -9.994639610437465,
    "J1024-0719_PDFB_10CM_efac": 0.6834386629480544,
    "J1024-0719_PDFB_10CM_log10_tnequad": -9.99364149714814,
    "J1024-0719_PDFB_20CM_efac": 0.9619952156223128,
    "J1024-0719_PDFB_20CM_log10_tnequad": -9.994207003072962,
    "J1024-0719_PDFB_40CM_efac": 0.8859101165347122,
    "J1024-0719_PDFB_40CM_log10_tnequad": -9.994548567086232,
    "J1024-0719_UWL_sbA_efac": 0.8289831443105011,
    "J1024-0719_UWL_sbA_log10_tnequad": -9.99391216852352,
    "J1024-0719_UWL_sbB_efac": 0.8375294614125548,
    "J1024-0719_UWL_sbB_log10_tnequad": -9.994377888375759,
    "J1024-0719_UWL_sbC_efac": 0.7362304154988668,
    "J1024-0719_UWL_sbC_log10_tnequad": -9.994382225735384,
    "J1024-0719_UWL_sbD_efac": 0.7809728561693962,
    "J1024-0719_UWL_sbD_log10_tnequad": -9.994894936210411,
    "J1024-0719_UWL_sbE_efac": 0.7921601869874507,
    "J1024-0719_UWL_sbE_log10_tnequad": -9.994508120057253,
    "J1024-0719_UWL_sbF_efac": 0.7355114301656624,
    "J1024-0719_UWL_sbF_log10_tnequad": -9.994005010960127,
    "J1024-0719_UWL_sbG_efac": 0.5700445313017168,
    "J1024-0719_UWL_sbG_log10_tnequad": -9.99398424829125,
    "J1024-0719_UWL_sbH_efac": 0.27551757746267314,
    "J1024-0719_UWL_sbH_log10_tnequad": -9.99329810882735,
    "J1024-0719_basis_ecorr_10CM_log10_ecorr": -9.992985442797274,
    "J1024-0719_basis_ecorr_10CM_uwl_log10_ecorr": -9.993155186151675,
    "J1024-0719_basis_ecorr_20CM_log10_ecorr": -9.99444720792287,
    "J1024-0719_basis_ecorr_20CM_uwl_log10_ecorr": -9.994385222909697,
    "J1024-0719_basis_ecorr_40CM_log10_ecorr": -9.994338369403586,
    "J1024-0719_basis_ecorr_40CM_uwl_log10_ecorr": -9.994319030727322,
    "J1024-0719_basis_ecorr_all_dr2_log10_ecorr": -9.994227653816234,
    "J1024-0719_basis_ecorr_all_uwl_log10_ecorr": -9.995240301003333,
    "J1024-0719_dm_gp_gamma": 2.0466636056452825,
    "J1024-0719_dm_gp_log10_A": -15.606795077710512,
    "J1024-0719_gp_sw_gamma": -3.977723405631906,
    "J1024-0719_gp_sw_log10_A": -9.99363404332104,
    "J1024-0719_red_noise_gamma": 0.00918190314998657,
    "J1024-0719_red_noise_log10_A": -19.991507088029373,
    "n_earth": 0.03520367145873142,
    "nmodel": -0.49849696486825723
}