{
    "J1022+1001_CASPSR_40CM_efac": 1.3796939013522636,
    "J1022+1001_CASPSR_40CM_log10_tnequad": -6.118883552105533,
    "J1022+1001_CPSR2_20CM_efac": 1.4425274429538602,
    "J1022+1001_CPSR2_20CM_log10_tnequad": -5.408987981921874,
    "J1022+1001_CPSR2_50CM_efac": 1.230945212335923,
    "J1022+1001_CPSR2_50CM_log10_tnequad": -5.822562401324567,
    "J1022+1001_PDFB1_10CM_efac": 1.2311496737483085,
    "J1022+1001_PDFB1_10CM_log10_tnequad": -5.569212822698502,
    "J1022+1001_PDFB1_20CM_efac": 1.2729663909055253,
    "J1022+1001_PDFB1_20CM_log10_tnequad": -6.262079833473486,
    "J1022+1001_PDFB1_early_10CM_efac": 1.4525589416024234,
    "J1022+1001_PDFB1_early_10CM_log10_tnequad": -5.214124230676289,
    "J1022+1001_PDFB1_early_20CM_efac": 1.4109406166731737,
    "J1022+1001_PDFB1_early_20CM_log10_tnequad": -5.9987386776854015,
    "J1022+1001_PDFB_10CM_efac": 1.0768114231155332,
    "J1022+1001_PDFB_10CM_log10_tnequad": -6.016671254964283,
    "J1022+1001_PDFB_20CM_efac": 1.1411277268257216,
    "J1022+1001_PDFB_20CM_log10_tnequad": -6.450165998608572,
    "J1022+1001_PDFB_40CM_efac": 1.250898902673514,
    "J1022+1001_PDFB_40CM_log10_tnequad": -6.2432081040698195,
    "J1022+1001_UWL_CASPSR_40CM_efac": 2.271079936920234,
    "J1022+1001_UWL_CASPSR_40CM_log10_tnequad": -5.3511271290889635,
    "J1022+1001_UWL_PDFB4_20CM_efac": 1.340806800121201,
    "J1022+1001_UWL_PDFB4_20CM_log10_tnequad": -6.203442175857059,
    "J1022+1001_UWL_sbA_efac": 1.4413883792276634,
    "J1022+1001_UWL_sbA_log10_tnequad": -5.8245150593884985,
    "J1022+1001_UWL_sbB_efac": 1.3683518866161941,
    "J1022+1001_UWL_sbB_log10_tnequad": -6.018727491201236,
    "J1022+1001_UWL_sbC_efac": 1.3131454778599314,
    "J1022+1001_UWL_sbC_log10_tnequad": -6.091738832889097,
    "J1022+1001_UWL_sbD_efac": 1.3145154550969478,
    "J1022+1001_UWL_sbD_log10_tnequad": -6.210134488766116,
    "J1022+1001_UWL_sbE_efac": 1.1236738754655515,
    "J1022+1001_UWL_sbE_log10_tnequad": -6.244828819451576,
    "J1022+1001_UWL_sbF_efac": 1.1993747460712294,
    "J1022+1001_UWL_sbF_log10_tnequad": -6.279117883301835,
    "J1022+1001_UWL_sbG_efac": 1.2840846955101326,
    "J1022+1001_UWL_sbG_log10_tnequad": -5.927958890159594,
    "J1022+1001_UWL_sbH_efac": 1.2487228039118263,
    "J1022+1001_UWL_sbH_log10_tnequad": -6.0179137240136855,
    "J1022+1001_WBCORR_10CM_efac": 1.3055182179323854,
    "J1022+1001_WBCORR_10CM_log10_tnequad": -5.720171493820069,
    "J1022+1001_basis_ecorr_10CM_log10_ecorr": -5.722415763663177,
    "J1022+1001_basis_ecorr_10CM_uwl_log10_ecorr": -5.539191800864676,
    "J1022+1001_basis_ecorr_20CM_log10_ecorr": -5.8590415731154275,
    "J1022+1001_basis_ecorr_20CM_uwl_log10_ecorr": -5.8233925289471555,
    "J1022+1001_basis_ecorr_40CM_log10_ecorr": -5.937276375060601,
    "J1022+1001_basis_ecorr_40CM_uwl_log10_ecorr": -6.032390931482073,
    "J1022+1001_basis_ecorr_UWL_sbE_log10_ecorr": -5.994403343531796,
    "J1022+1001_basis_ecorr_UWL_sbH_log10_ecorr": -5.668040263871923,
    "J1022+1001_basis_ecorr_all_dr2_log10_ecorr": -5.8737408321517455,
    "J1022+1001_basis_ecorr_all_uwl_log10_ecorr": -5.793644741821632,
    "J1022+1001_dm_gp_gamma": 6.482488477332998,
    "J1022+1001_dm_gp_log10_A": -13.237644698682411,
    "J1022+1001_gp_sw_gamma": 3.9851115471747063,
    "J1022+1001_gp_sw_log10_A": -6.4449884244992255,
    "J1022+1001_group_noise_UWL_sbE_gamma": 6.986223059064269,
    "J1022+1001_group_noise_UWL_sbE_log10_A": -12.707592165015445,
    "J1022+1001_group_noise_UWL_sbH_gamma": 6.985235754582269,
    "J1022+1001_group_noise_UWL_sbH_log10_A": -12.36683456053865,
    "J1022+1001_hf_noise_gamma": 6.978166252494804,
    "J1022+1001_hf_noise_log10_A": -12.895698682363697,
    "J1022+1001_red_noise_gamma": 6.985133864649101,
    "J1022+1001_red_noise_log10_A": -13.040682275313353,
    "n_earth": 10.82448677070237,
    "nmodel": 0.49851451484669473
}