{
    "J1024-0719_CPSR2_20CM_efac": 1.410691331658162,
    "J1024-0719_CPSR2_20CM_log10_tnequad": -5.548073361733109,
    "J1024-0719_CPSR2_50CM_efac": 1.5442791078061258,
    "J1024-0719_CPSR2_50CM_log10_tnequad": -5.540162546303188,
    "J1024-0719_PDFB1_20CM_efac": 1.3026139024195376,
    "J1024-0719_PDFB1_20CM_log10_tnequad": -5.946168421220878,
    "J1024-0719_PDFB1_early_20CM_efac": 1.2465927388469549,
    "J1024-0719_PDFB1_early_20CM_log10_tnequad": -6.159515735265358,
    "J1024-0719_PDFB_10CM_efac": 1.1634739542442158,
    "J1024-0719_PDFB_10CM_log10_tnequad": -5.518107796682483,
    "J1024-0719_PDFB_20CM_efac": 1.156552309489407,
    "J1024-0719_PDFB_20CM_log10_tnequad": -6.303868383925636,
    "J1024-0719_PDFB_40CM_efac": 1.2147770368260382,
    "J1024-0719_PDFB_40CM_log10_tnequad": -5.995797994901008,
    "J1024-0719_UWL_sbA_efac": 1.815605534743091,
    "J1024-0719_UWL_sbA_log10_tnequad": -5.762449760372521,
    "J1024-0719_UWL_sbB_efac": 1.3685841424462408,
    "J1024-0719_UWL_sbB_log10_tnequad": -5.928000815725337,
    "J1024-0719_UWL_sbC_efac": 1.3590664841707476,
    "J1024-0719_UWL_sbC_log10_tnequad": -6.005341541649989,
    "J1024-0719_UWL_sbD_efac": 1.2156946869739218,
    "J1024-0719_UWL_sbD_log10_tnequad": -6.323823766842263,
    "J1024-0719_UWL_sbE_efac": 1.2552891925023655,
    "J1024-0719_UWL_sbE_log10_tnequad": -6.141092169191073,
    "J1024-0719_UWL_sbF_efac": 1.1174654275960252,
    "J1024-0719_UWL_sbF_log10_tnequad": -5.98849501165705,
    "J1024-0719_UWL_sbG_efac": 1.1351590271762204,
    "J1024-0719_UWL_sbG_log10_tnequad": -5.623404088622556,
    "J1024-0719_UWL_sbH_efac": 1.2835971611042951,
    "J1024-0719_UWL_sbH_log10_tnequad": -5.410000699046153,
    "J1024-0719_basis_ecorr_10CM_log10_ecorr": -5.423154695482425,
    "J1024-0719_basis_ecorr_10CM_uwl_log10_ecorr": -5.716492042435623,
    "J1024-0719_basis_ecorr_20CM_log10_ecorr": -6.3373791056126745,
    "J1024-0719_basis_ecorr_20CM_uwl_log10_ecorr": -6.283248880543635,
    "J1024-0719_basis_ecorr_40CM_log10_ecorr": -5.999883972850554,
    "J1024-0719_basis_ecorr_40CM_uwl_log10_ecorr": -6.036009034232581,
    "J1024-0719_basis_ecorr_all_dr2_log10_ecorr": -6.3622227178672945,
    "J1024-0719_basis_ecorr_all_uwl_log10_ecorr": -6.487746527433735,
    "J1024-0719_dm_gp_gamma": 6.918817364689841,
    "J1024-0719_dm_gp_log10_A": -13.290499262139589,
    "J1024-0719_gp_sw_gamma": 3.9898832919694334,
    "J1024-0719_gp_sw_log10_A": -5.960263104998983,
    "J1024-0719_red_noise_gamma": 6.984812068151356,
    "J1024-0719_red_noise_log10_A": -13.243466311455892,
    "n_earth": 11.857039873766068,
    "nmodel": 0.49848300117220357
}