{
    "J1022+1001_CASPSR_40CM_efac": 0.9026159275217025,
    "J1022+1001_CASPSR_40CM_log10_tnequad": -9.994474914530603,
    "J1022+1001_CPSR2_20CM_efac": 1.001562021773865,
    "J1022+1001_CPSR2_20CM_log10_tnequad": -5.689626407336742,
    "J1022+1001_CPSR2_50CM_efac": 0.8929451931753492,
    "J1022+1001_CPSR2_50CM_log10_tnequad": -9.992852239374207,
    "J1022+1001_PDFB1_10CM_efac": 0.780527666062721,
    "J1022+1001_PDFB1_10CM_log10_tnequad": -9.993400928383924,
    "J1022+1001_PDFB1_20CM_efac": 0.9020761802959858,
    "J1022+1001_PDFB1_20CM_log10_tnequad": -9.994534218765127,
    "J1022+1001_PDFB1_early_10CM_efac": 0.5135111885111371,
    "J1022+1001_PDFB1_early_10CM_log10_tnequad": -9.990963839766199,
    "J1022+1001_PDFB1_early_20CM_efac": 0.8488422799015709,
    "J1022+1001_PDFB1_early_20CM_log10_tnequad": -9.993444763954662,
    "J1022+1001_PDFB_10CM_efac": 0.8958853351455499,
    "J1022+1001_PDFB_10CM_log10_tnequad": -9.994231495377266,
    "J1022+1001_PDFB_20CM_efac": 0.9728539922568931,
    "J1022+1001_PDFB_20CM_log10_tnequad": -9.989828561590128,
    "J1022+1001_PDFB_40CM_efac": 0.9804668138521475,
    "J1022+1001_PDFB_40CM_log10_tnequad": -9.994177959320556,
    "J1022+1001_UWL_CASPSR_40CM_efac": 0.920348257072761,
    "J1022+1001_UWL_CASPSR_40CM_log10_tnequad": -9.992712470103504,
    "J1022+1001_UWL_PDFB4_20CM_efac": 0.9250361335341812,
    "J1022+1001_UWL_PDFB4_20CM_log10_tnequad": -9.994410883548356,
    "J1022+1001_UWL_sbA_efac": 0.8603620113000211,
    "J1022+1001_UWL_sbA_log10_tnequad": -9.992755270486466,
    "J1022+1001_UWL_sbB_efac": 0.9279026045540476,
    "J1022+1001_UWL_sbB_log10_tnequad": -9.994268668280714,
    "J1022+1001_UWL_sbC_efac": 0.8736391922696733,
    "J1022+1001_UWL_sbC_log10_tnequad": -9.994658332403015,
    "J1022+1001_UWL_sbD_efac": 0.9222836564245643,
    "J1022+1001_UWL_sbD_log10_tnequad": -9.993050149813854,
    "J1022+1001_UWL_sbE_efac": 0.7582583858752842,
    "J1022+1001_UWL_sbE_log10_tnequad": -9.995155498449172,
    "J1022+1001_UWL_sbF_efac": 0.8796824321028311,
    "J1022+1001_UWL_sbF_log10_tnequad": -9.994736937601788,
    "J1022+1001_UWL_sbG_efac": 0.8831276032791854,
    "J1022+1001_UWL_sbG_log10_tnequad": -9.993979277317033,
    "J1022+1001_UWL_sbH_efac": 0.8744492524247902,
    "J1022+1001_UWL_sbH_log10_tnequad": -9.994335948280206,
    "J1022+1001_WBCORR_10CM_efac": 0.9289933413549916,
    "J1022+1001_WBCORR_10CM_log10_tnequad": -9.994032787303835,
    "J1022+1001_basis_ecorr_10CM_log10_ecorr": -8.172084536676653,
    "J1022+1001_basis_ecorr_10CM_uwl_log10_ecorr": -5.969093786444539,
    "J1022+1001_basis_ecorr_20CM_log10_ecorr": -9.982537172700603,
    "J1022+1001_basis_ecorr_20CM_uwl_log10_ecorr": -9.95299623707873,
    "J1022+1001_basis_ecorr_40CM_log10_ecorr": -9.993552849801548,
    "J1022+1001_basis_ecorr_40CM_uwl_log10_ecorr": -9.994751078803318,
    "J1022+1001_basis_ecorr_UWL_sbE_log10_ecorr": -9.98840133851886,
    "J1022+1001_basis_ecorr_UWL_sbH_log10_ecorr": -9.974991583440481,
    "J1022+1001_basis_ecorr_all_dr2_log10_ecorr": -9.970311949344048,
    "J1022+1001_basis_ecorr_all_uwl_log10_ecorr": -9.96734445374447,
    "J1022+1001_dm_gp_gamma": 0.8224254860313581,
    "J1022+1001_dm_gp_log10_A": -15.74065535602869,
    "J1022+1001_gp_sw_gamma": -3.981140073310592,
    "J1022+1001_gp_sw_log10_A": -9.995253379379443,
    "J1022+1001_group_noise_UWL_sbE_gamma": 0.013868849387050242,
    "J1022+1001_group_noise_UWL_sbE_log10_A": -19.982771009528637,
    "J1022+1001_group_noise_UWL_sbH_gamma": 0.007912907167070798,
    "J1022+1001_group_noise_UWL_sbH_log10_A": -19.98672089151577,
    "J1022+1001_hf_noise_gamma": 0.008830612448639804,
    "J1022+1001_hf_noise_log10_A": -19.983679012360753,
    "J1022+1001_red_noise_gamma": 0.009990277844278861,
    "J1022+1001_red_noise_log10_A": -19.98928955227563,
    "n_earth": 7.141955222349439,
    "nmodel": -0.4984868589538853
}