{
    "J1045-4509_CASPSR_40CM_efac": 1.9047354218841874,
    "J1045-4509_CASPSR_40CM_log10_tnequad": -5.618248094733823,
    "J1045-4509_CPSR2_20CM_efac": 1.1822938134897718,
    "J1045-4509_CPSR2_20CM_log10_tnequad": -5.369912022744249,
    "J1045-4509_CPSR2_50CM_efac": 1.2678192690849346,
    "J1045-4509_CPSR2_50CM_log10_tnequad": -5.538917056831188,
    "J1045-4509_PDFB1_20CM_efac": 1.531164888921612,
    "J1045-4509_PDFB1_20CM_log10_tnequad": -5.434781586780193,
    "J1045-4509_PDFB1_early_20CM_efac": 1.9494718069122325,
    "J1045-4509_PDFB1_early_20CM_log10_tnequad": -5.448795581641269,
    "J1045-4509_PDFB_10CM_efac": 1.145818827446694,
    "J1045-4509_PDFB_10CM_log10_tnequad": -5.1828470150149,
    "J1045-4509_PDFB_20CM_efac": 1.0814408405839329,
    "J1045-4509_PDFB_20CM_log10_tnequad": -5.679136965219648,
    "J1045-4509_PDFB_40CM_efac": 1.0702227840978618,
    "J1045-4509_PDFB_40CM_log10_tnequad": -5.656902721807871,
    "J1045-4509_UWL_PDFB4_20CM_efac": 1.6240089917200262,
    "J1045-4509_UWL_PDFB4_20CM_log10_tnequad": -5.384544013429274,
    "J1045-4509_UWL_sbA_efac": 1.5344441532134176,
    "J1045-4509_UWL_sbA_log10_tnequad": -5.683052468831591,
    "J1045-4509_UWL_sbB_efac": 1.2249130360865892,
    "J1045-4509_UWL_sbB_log10_tnequad": -5.751071065028004,
    "J1045-4509_UWL_sbC_efac": 1.336670727460293,
    "J1045-4509_UWL_sbC_log10_tnequad": -5.560519330699302,
    "J1045-4509_UWL_sbD_efac": 1.4515320687369417,
    "J1045-4509_UWL_sbD_log10_tnequad": -5.738416626658875,
    "J1045-4509_UWL_sbE_efac": 1.2729822487746787,
    "J1045-4509_UWL_sbE_log10_tnequad": -5.653600589924185,
    "J1045-4509_UWL_sbF_efac": 1.2511698076440225,
    "J1045-4509_UWL_sbF_log10_tnequad": -5.4322031295739075,
    "J1045-4509_UWL_sbG_efac": 1.4301388315462855,
    "J1045-4509_UWL_sbG_log10_tnequad": -5.114802876924311,
    "J1045-4509_UWL_sbH_efac": 1.2443009918584984,
    "J1045-4509_UWL_sbH_log10_tnequad": -5.12843020090286,
    "J1045-4509_band_noise_low_gamma": 6.983492918687355,
    "J1045-4509_band_noise_low_log10_A": -12.58670214580197,
    "J1045-4509_basis_ecorr_10CM_log10_ecorr": -5.468883800436777,
    "J1045-4509_basis_ecorr_10CM_uwl_log10_ecorr": -5.503274946517161,
    "J1045-4509_basis_ecorr_20CM_log10_ecorr": -6.126640911421792,
    "J1045-4509_basis_ecorr_20CM_uwl_log10_ecorr": -5.9994767110036085,
    "J1045-4509_basis_ecorr_40CM_log10_ecorr": -5.739969933791592,
    "J1045-4509_basis_ecorr_40CM_uwl_log10_ecorr": -5.844072090122589,
    "J1045-4509_basis_ecorr_all_dr2_log10_ecorr": -6.107397087476678,
    "J1045-4509_basis_ecorr_all_uwl_log10_ecorr": -5.887838702074204,
    "J1045-4509_chrom_gp_gamma": 6.982362491166376,
    "J1045-4509_chrom_gp_log10_A": -13.09283040029257,
    "J1045-4509_dm_gp_gamma": 3.5385925614798754,
    "J1045-4509_dm_gp_log10_A": -12.272403656640677,
    "J1045-4509_gp_sw_gamma": 3.98563355063943,
    "J1045-4509_gp_sw_log10_A": -5.447190603042875,
    "J1045-4509_red_noise_gamma": 6.974186540148089,
    "J1045-4509_red_noise_log10_A": -12.328258677633535,
    "n_earth": 19.939642190445415,
    "nmodel": 0.4985090717231046
}