{
    "J1045-4509_CASPSR_40CM_efac": 1.2400856202248451,
    "J1045-4509_CASPSR_40CM_log10_tnequad": -9.994440935517746,
    "J1045-4509_CPSR2_20CM_efac": 0.9184013582601346,
    "J1045-4509_CPSR2_20CM_log10_tnequad": -9.993193538353752,
    "J1045-4509_CPSR2_50CM_efac": 1.0126830604566939,
    "J1045-4509_CPSR2_50CM_log10_tnequad": -9.993640129279482,
    "J1045-4509_PDFB1_20CM_efac": 0.7060111138430762,
    "J1045-4509_PDFB1_20CM_log10_tnequad": -9.993680581872146,
    "J1045-4509_PDFB1_early_20CM_efac": 1.1363429504880442,
    "J1045-4509_PDFB1_early_20CM_log10_tnequad": -9.993455285339987,
    "J1045-4509_PDFB_10CM_efac": 0.8949795110780596,
    "J1045-4509_PDFB_10CM_log10_tnequad": -9.992977444910325,
    "J1045-4509_PDFB_20CM_efac": 0.841133123700378,
    "J1045-4509_PDFB_20CM_log10_tnequad": -9.990558354831146,
    "J1045-4509_PDFB_40CM_efac": 0.834286496008092,
    "J1045-4509_PDFB_40CM_log10_tnequad": -9.993858584563444,
    "J1045-4509_UWL_PDFB4_20CM_efac": 0.7698283789678669,
    "J1045-4509_UWL_PDFB4_20CM_log10_tnequad": -9.993245991919576,
    "J1045-4509_UWL_sbA_efac": 1.0502283284379401,
    "J1045-4509_UWL_sbA_log10_tnequad": -9.994224759209942,
    "J1045-4509_UWL_sbB_efac": 0.8575630792801461,
    "J1045-4509_UWL_sbB_log10_tnequad": -9.993748010753178,
    "J1045-4509_UWL_sbC_efac": 0.9398005771327729,
    "J1045-4509_UWL_sbC_log10_tnequad": -9.993890893601124,
    "J1045-4509_UWL_sbD_efac": 1.0164725373961927,
    "J1045-4509_UWL_sbD_log10_tnequad": -9.993720693953705,
    "J1045-4509_UWL_sbE_efac": 0.8927160203625444,
    "J1045-4509_UWL_sbE_log10_tnequad": -9.993772075950693,
    "J1045-4509_UWL_sbF_efac": 0.7577219783376439,
    "J1045-4509_UWL_sbF_log10_tnequad": -9.991152526952355,
    "J1045-4509_UWL_sbG_efac": 0.8264244062932967,
    "J1045-4509_UWL_sbG_log10_tnequad": -9.992787477106603,
    "J1045-4509_UWL_sbH_efac": 0.6738593019609641,
    "J1045-4509_UWL_sbH_log10_tnequad": -9.992030436564765,
    "J1045-4509_band_noise_low_gamma": 0.008282152311859747,
    "J1045-4509_band_noise_low_log10_A": -19.99116353801221,
    "J1045-4509_basis_ecorr_10CM_log10_ecorr": -9.993721857611485,
    "J1045-4509_basis_ecorr_10CM_uwl_log10_ecorr": -9.993363697349182,
    "J1045-4509_basis_ecorr_20CM_log10_ecorr": -9.994724815410692,
    "J1045-4509_basis_ecorr_20CM_uwl_log10_ecorr": -9.994080532623373,
    "J1045-4509_basis_ecorr_40CM_log10_ecorr": -9.992845448045268,
    "J1045-4509_basis_ecorr_40CM_uwl_log10_ecorr": -9.994128580721934,
    "J1045-4509_basis_ecorr_all_dr2_log10_ecorr": -9.994164808446586,
    "J1045-4509_basis_ecorr_all_uwl_log10_ecorr": -9.9932598833015,
    "J1045-4509_chrom_gp_gamma": 0.4919158995101429,
    "J1045-4509_chrom_gp_log10_A": -19.02089674309296,
    "J1045-4509_dm_gp_gamma": 2.42240393797833,
    "J1045-4509_dm_gp_log10_A": -12.487246093941653,
    "J1045-4509_gp_sw_gamma": -3.9851130654700686,
    "J1045-4509_gp_sw_log10_A": -9.994186339028305,
    "J1045-4509_red_noise_gamma": 0.003070872929150772,
    "J1045-4509_red_noise_log10_A": -19.98373441601877,
    "n_earth": 0.018145153800144555,
    "nmodel": -0.49851045091251495
}