{
    "J1125-6014_CASPSR_40CM_efac": 1.2907664043418123,
    "J1125-6014_CASPSR_40CM_log10_tnequad": -6.258220814338587,
    "J1125-6014_PDFB_10CM_efac": 1.3745465850223963,
    "J1125-6014_PDFB_10CM_log10_tnequad": -6.59342451783471,
    "J1125-6014_PDFB_20CM_efac": 1.4599659519037902,
    "J1125-6014_PDFB_20CM_log10_tnequad": -6.606988072244598,
    "J1125-6014_UWL_CASPSR_40CM_efac": 2.220672719676251,
    "J1125-6014_UWL_CASPSR_40CM_log10_tnequad": -5.685149298663543,
    "J1125-6014_UWL_PDFB4_20CM_efac": 1.6116409595318708,
    "J1125-6014_UWL_PDFB4_20CM_log10_tnequad": -6.246209091045453,
    "J1125-6014_UWL_sbA_efac": 1.4176260890156536,
    "J1125-6014_UWL_sbA_log10_tnequad": -5.8814744278590645,
    "J1125-6014_UWL_sbB_efac": 1.2727723546510439,
    "J1125-6014_UWL_sbB_log10_tnequad": -6.093331090562218,
    "J1125-6014_UWL_sbC_efac": 1.1848203838575029,
    "J1125-6014_UWL_sbC_log10_tnequad": -6.0582717089428995,
    "J1125-6014_UWL_sbD_efac": 1.147885492811885,
    "J1125-6014_UWL_sbD_log10_tnequad": -6.290291065249523,
    "J1125-6014_UWL_sbE_efac": 1.2812721011533872,
    "J1125-6014_UWL_sbE_log10_tnequad": -6.428543699522792,
    "J1125-6014_UWL_sbF_efac": 1.2006957291975804,
    "J1125-6014_UWL_sbF_log10_tnequad": -6.369303856179721,
    "J1125-6014_UWL_sbG_efac": 1.170528083041824,
    "J1125-6014_UWL_sbG_log10_tnequad": -6.479077248866777,
    "J1125-6014_UWL_sbH_efac": 1.2152555356818726,
    "J1125-6014_UWL_sbH_log10_tnequad": -6.472548795251447,
    "J1125-6014_basis_ecorr_10CM_log10_ecorr": -6.273833125297973,
    "J1125-6014_basis_ecorr_10CM_uwl_log10_ecorr": -6.8635346411155504,
    "J1125-6014_basis_ecorr_20CM_log10_ecorr": -6.450257418346298,
    "J1125-6014_basis_ecorr_20CM_uwl_log10_ecorr": -6.778918545529389,
    "J1125-6014_basis_ecorr_40CM_log10_ecorr": -6.280339093852728,
    "J1125-6014_basis_ecorr_40CM_uwl_log10_ecorr": -6.421956914413123,
    "J1125-6014_basis_ecorr_all_dr2_log10_ecorr": -6.448339220749344,
    "J1125-6014_basis_ecorr_all_uwl_log10_ecorr": -6.638457430069685,
    "J1125-6014_dm_gp_gamma": 4.810293607572786,
    "J1125-6014_dm_gp_log10_A": -12.988555240917508,
    "J1125-6014_gp_sw_gamma": 3.9865412446834405,
    "J1125-6014_gp_sw_log10_A": -5.640070938916445,
    "J1125-6014_red_noise_gamma": 6.977735767240036,
    "J1125-6014_red_noise_log10_A": -13.142078165525993,
    "n_earth": 19.97287704538514,
    "nmodel": 0.4985057253153733
}