{
    "J1125-6014_CASPSR_40CM_efac": 0.8510616886334462,
    "J1125-6014_CASPSR_40CM_log10_tnequad": -9.995049676246202,
    "J1125-6014_PDFB_10CM_efac": 0.9268665147614619,
    "J1125-6014_PDFB_10CM_log10_tnequad": -9.995463174174596,
    "J1125-6014_PDFB_20CM_efac": 1.208548831576104,
    "J1125-6014_PDFB_20CM_log10_tnequad": -9.99538696926454,
    "J1125-6014_UWL_CASPSR_40CM_efac": 0.2860154784998036,
    "J1125-6014_UWL_CASPSR_40CM_log10_tnequad": -9.994077415897738,
    "J1125-6014_UWL_PDFB4_20CM_efac": 1.0410044048331704,
    "J1125-6014_UWL_PDFB4_20CM_log10_tnequad": -9.994444796789992,
    "J1125-6014_UWL_sbA_efac": 0.5940137001853683,
    "J1125-6014_UWL_sbA_log10_tnequad": -9.994098386804493,
    "J1125-6014_UWL_sbB_efac": 0.7605643300881646,
    "J1125-6014_UWL_sbB_log10_tnequad": -9.994020165150292,
    "J1125-6014_UWL_sbC_efac": 0.6343082149921273,
    "J1125-6014_UWL_sbC_log10_tnequad": -9.91888819064397,
    "J1125-6014_UWL_sbD_efac": 0.5966782850115754,
    "J1125-6014_UWL_sbD_log10_tnequad": -9.98685461249573,
    "J1125-6014_UWL_sbE_efac": 0.8696339573508848,
    "J1125-6014_UWL_sbE_log10_tnequad": -9.994208068512577,
    "J1125-6014_UWL_sbF_efac": 0.7730380135976409,
    "J1125-6014_UWL_sbF_log10_tnequad": -7.548173873016105,
    "J1125-6014_UWL_sbG_efac": 0.8238666471307559,
    "J1125-6014_UWL_sbG_log10_tnequad": -9.994819708604446,
    "J1125-6014_UWL_sbH_efac": 0.8589273251568371,
    "J1125-6014_UWL_sbH_log10_tnequad": -9.994964138510573,
    "J1125-6014_basis_ecorr_10CM_log10_ecorr": -9.980769124071882,
    "J1125-6014_basis_ecorr_10CM_uwl_log10_ecorr": -9.995696911831171,
    "J1125-6014_basis_ecorr_20CM_log10_ecorr": -9.99492269641352,
    "J1125-6014_basis_ecorr_20CM_uwl_log10_ecorr": -9.995094438471053,
    "J1125-6014_basis_ecorr_40CM_log10_ecorr": -9.994907001112722,
    "J1125-6014_basis_ecorr_40CM_uwl_log10_ecorr": -9.994620815399177,
    "J1125-6014_basis_ecorr_all_dr2_log10_ecorr": -9.993503927848082,
    "J1125-6014_basis_ecorr_all_uwl_log10_ecorr": -7.161446085247171,
    "J1125-6014_dm_gp_gamma": 2.8463474810782614,
    "J1125-6014_dm_gp_log10_A": -13.54871234982607,
    "J1125-6014_gp_sw_gamma": -3.983009065989477,
    "J1125-6014_gp_sw_log10_A": -9.994664348609929,
    "J1125-6014_red_noise_gamma": 0.2960529876197118,
    "J1125-6014_red_noise_log10_A": -15.839624195462463,
    "n_earth": 0.07924690752835661,
    "nmodel": -0.49849026066425856
}