{
    "J1446-4701_CASPSR_40CM_efac": 0.02355082087675604,
    "J1446-4701_CASPSR_40CM_log10_tnequad": -9.99155336278948,
    "J1446-4701_PDFB_10CM_efac": 0.5645154039408299,
    "J1446-4701_PDFB_10CM_log10_tnequad": -9.994171048984036,
    "J1446-4701_PDFB_20CM_efac": 0.9288437141242775,
    "J1446-4701_PDFB_20CM_log10_tnequad": -9.994270493885745,
    "J1446-4701_UWL_PDFB4_20CM_efac": 0.06259579813678828,
    "J1446-4701_UWL_PDFB4_20CM_log10_tnequad": -9.993817415867097,
    "J1446-4701_UWL_sbB_efac": 0.433161662908641,
    "J1446-4701_UWL_sbB_log10_tnequad": -9.994007738973133,
    "J1446-4701_UWL_sbC_efac": 0.6903254345257551,
    "J1446-4701_UWL_sbC_log10_tnequad": -9.994652336644652,
    "J1446-4701_UWL_sbD_efac": 0.8156945350910937,
    "J1446-4701_UWL_sbD_log10_tnequad": -9.994552238211204,
    "J1446-4701_UWL_sbE_efac": 0.6890320720130646,
    "J1446-4701_UWL_sbE_log10_tnequad": -9.994152418112371,
    "J1446-4701_UWL_sbF_efac": 0.8457658743194384,
    "J1446-4701_UWL_sbF_log10_tnequad": -9.994670865476275,
    "J1446-4701_UWL_sbG_efac": 0.037999701700066016,
    "J1446-4701_UWL_sbG_log10_tnequad": -9.993751093219437,
    "J1446-4701_UWL_sbH_efac": 0.37789950722542603,
    "J1446-4701_UWL_sbH_log10_tnequad": -9.994603611304692,
    "J1446-4701_basis_ecorr_10CM_log10_ecorr": -9.99351959993212,
    "J1446-4701_basis_ecorr_10CM_uwl_log10_ecorr": -9.993574090853658,
    "J1446-4701_basis_ecorr_20CM_log10_ecorr": -9.989397537048966,
    "J1446-4701_basis_ecorr_20CM_uwl_log10_ecorr": -9.994769292074308,
    "J1446-4701_basis_ecorr_40CM_log10_ecorr": -9.993273484935743,
    "J1446-4701_basis_ecorr_40CM_uwl_log10_ecorr": -9.994712816572768,
    "J1446-4701_basis_ecorr_all_dr2_log10_ecorr": -9.983237905608604,
    "J1446-4701_basis_ecorr_all_uwl_log10_ecorr": -9.682786881014612,
    "J1446-4701_dm_gp_gamma": 0.007901598936795387,
    "J1446-4701_dm_gp_log10_A": -19.990661566822634,
    "J1446-4701_gp_sw_gamma": -3.984227148464953,
    "J1446-4701_gp_sw_log10_A": -9.994312104117522,
    "J1446-4701_red_noise_gamma": 0.009052443968775702,
    "J1446-4701_red_noise_log10_A": -19.991030420837166,
    "n_earth": 0.025187548766430368,
    "nmodel": -0.4985029547124646
}