{
    "J1446-4701_CASPSR_40CM_efac": 3.0248975373388793,
    "J1446-4701_CASPSR_40CM_log10_tnequad": -5.358750682991655,
    "J1446-4701_PDFB_10CM_efac": 2.3153454495512906,
    "J1446-4701_PDFB_10CM_log10_tnequad": -5.7870142130824105,
    "J1446-4701_PDFB_20CM_efac": 1.3839736627050272,
    "J1446-4701_PDFB_20CM_log10_tnequad": -5.980134081848753,
    "J1446-4701_UWL_PDFB4_20CM_efac": 1.5462969128703845,
    "J1446-4701_UWL_PDFB4_20CM_log10_tnequad": -5.763180329422343,
    "J1446-4701_UWL_sbB_efac": 1.2737621533377592,
    "J1446-4701_UWL_sbB_log10_tnequad": -5.912189108401804,
    "J1446-4701_UWL_sbC_efac": 1.4592180944457935,
    "J1446-4701_UWL_sbC_log10_tnequad": -6.151414405470302,
    "J1446-4701_UWL_sbD_efac": 1.3803252791360332,
    "J1446-4701_UWL_sbD_log10_tnequad": -6.127007493127429,
    "J1446-4701_UWL_sbE_efac": 1.488380301808111,
    "J1446-4701_UWL_sbE_log10_tnequad": -5.952499658986601,
    "J1446-4701_UWL_sbF_efac": 1.4224564269119295,
    "J1446-4701_UWL_sbF_log10_tnequad": -6.151617921946476,
    "J1446-4701_UWL_sbG_efac": 1.5905976920829892,
    "J1446-4701_UWL_sbG_log10_tnequad": -5.775407416789301,
    "J1446-4701_UWL_sbH_efac": 1.484111555323069,
    "J1446-4701_UWL_sbH_log10_tnequad": -5.868589260423098,
    "J1446-4701_basis_ecorr_10CM_log10_ecorr": -5.510647008099013,
    "J1446-4701_basis_ecorr_10CM_uwl_log10_ecorr": -5.851006901906356,
    "J1446-4701_basis_ecorr_20CM_log10_ecorr": -5.695780575659565,
    "J1446-4701_basis_ecorr_20CM_uwl_log10_ecorr": -6.109381465684615,
    "J1446-4701_basis_ecorr_40CM_log10_ecorr": -5.182670893491,
    "J1446-4701_basis_ecorr_40CM_uwl_log10_ecorr": -6.2006542742944,
    "J1446-4701_basis_ecorr_all_dr2_log10_ecorr": -5.687821799630345,
    "J1446-4701_basis_ecorr_all_uwl_log10_ecorr": -5.8815200892265045,
    "J1446-4701_dm_gp_gamma": 6.983166735348792,
    "J1446-4701_dm_gp_log10_A": -12.964882549834906,
    "J1446-4701_gp_sw_gamma": 3.983882273212362,
    "J1446-4701_gp_sw_log10_A": -5.510922468358027,
    "J1446-4701_red_noise_gamma": 6.985777894248313,
    "J1446-4701_red_noise_log10_A": -12.961136619860866,
    "n_earth": 19.664860670291137,
    "nmodel": 0.49850538317722354
}