{
    "J1545-4550_PDFB_10CM_efac": 1.241958438541829,
    "J1545-4550_PDFB_10CM_log10_tnequad": -6.189735372663979,
    "J1545-4550_PDFB_20CM_efac": 1.280290865987373,
    "J1545-4550_PDFB_20CM_log10_tnequad": -6.173123013179521,
    "J1545-4550_UWL_PDFB4_20CM_efac": 1.6359965903006524,
    "J1545-4550_UWL_PDFB4_20CM_log10_tnequad": -5.820225642498822,
    "J1545-4550_UWL_sbB_efac": 1.2633021517167857,
    "J1545-4550_UWL_sbB_log10_tnequad": -5.596750217149997,
    "J1545-4550_UWL_sbC_efac": 1.4174458951501892,
    "J1545-4550_UWL_sbC_log10_tnequad": -5.609518873395363,
    "J1545-4550_UWL_sbD_efac": 1.2404696757288651,
    "J1545-4550_UWL_sbD_log10_tnequad": -6.0220992734279735,
    "J1545-4550_UWL_sbE_efac": 1.2335015695427556,
    "J1545-4550_UWL_sbE_log10_tnequad": -6.294447720933092,
    "J1545-4550_UWL_sbF_efac": 1.081316679471265,
    "J1545-4550_UWL_sbF_log10_tnequad": -6.409669869768462,
    "J1545-4550_UWL_sbG_efac": 1.206741830170246,
    "J1545-4550_UWL_sbG_log10_tnequad": -6.299491801894834,
    "J1545-4550_UWL_sbH_efac": 1.2499995586960222,
    "J1545-4550_UWL_sbH_log10_tnequad": -6.096098848650506,
    "J1545-4550_basis_ecorr_10CM_log10_ecorr": -6.240242528986315,
    "J1545-4550_basis_ecorr_10CM_uwl_log10_ecorr": -6.588768563313276,
    "J1545-4550_basis_ecorr_20CM_log10_ecorr": -6.443957987137706,
    "J1545-4550_basis_ecorr_20CM_uwl_log10_ecorr": -6.541147637078542,
    "J1545-4550_basis_ecorr_40CM_uwl_log10_ecorr": -5.9158964202661695,
    "J1545-4550_basis_ecorr_all_dr2_log10_ecorr": -6.460148414820281,
    "J1545-4550_basis_ecorr_all_uwl_log10_ecorr": -6.625808509549545,
    "J1545-4550_dm_gp_gamma": 6.935842990292633,
    "J1545-4550_dm_gp_log10_A": -13.145447770972886,
    "J1545-4550_gp_sw_gamma": 3.9886948846100907,
    "J1545-4550_gp_sw_log10_A": -5.928264534984358,
    "J1545-4550_red_noise_gamma": 6.987380637900796,
    "J1545-4550_red_noise_log10_A": -13.250751811242015,
    "n_earth": 12.386781275218937,
    "nmodel": 0.49850566310360095
}