{
    "J1545-4550_PDFB_10CM_efac": 0.9290704819296847,
    "J1545-4550_PDFB_10CM_log10_tnequad": -9.99451106260045,
    "J1545-4550_PDFB_20CM_efac": 1.0570502474862897,
    "J1545-4550_PDFB_20CM_log10_tnequad": -9.994312467763809,
    "J1545-4550_UWL_PDFB4_20CM_efac": 0.7699504434207682,
    "J1545-4550_UWL_PDFB4_20CM_log10_tnequad": -9.993985672317672,
    "J1545-4550_UWL_sbB_efac": 0.0790220191420352,
    "J1545-4550_UWL_sbB_log10_tnequad": -9.993227069673413,
    "J1545-4550_UWL_sbC_efac": 0.31518009749829407,
    "J1545-4550_UWL_sbC_log10_tnequad": -9.994403386354602,
    "J1545-4550_UWL_sbD_efac": 0.8532664980661114,
    "J1545-4550_UWL_sbD_log10_tnequad": -9.993879691144576,
    "J1545-4550_UWL_sbE_efac": 0.9165109019370965,
    "J1545-4550_UWL_sbE_log10_tnequad": -9.994664283178118,
    "J1545-4550_UWL_sbF_efac": 0.7994327314351751,
    "J1545-4550_UWL_sbF_log10_tnequad": -9.993467728851163,
    "J1545-4550_UWL_sbG_efac": 0.8730160745358059,
    "J1545-4550_UWL_sbG_log10_tnequad": -9.994577871813942,
    "J1545-4550_UWL_sbH_efac": 0.728138658270885,
    "J1545-4550_UWL_sbH_log10_tnequad": -9.909122619067734,
    "J1545-4550_basis_ecorr_10CM_log10_ecorr": -9.994444544229026,
    "J1545-4550_basis_ecorr_10CM_uwl_log10_ecorr": -9.995238112712933,
    "J1545-4550_basis_ecorr_20CM_log10_ecorr": -9.995152631529272,
    "J1545-4550_basis_ecorr_20CM_uwl_log10_ecorr": -9.992275570333415,
    "J1545-4550_basis_ecorr_40CM_uwl_log10_ecorr": -9.994095115819968,
    "J1545-4550_basis_ecorr_all_dr2_log10_ecorr": -9.99491588555303,
    "J1545-4550_basis_ecorr_all_uwl_log10_ecorr": -9.993412123051261,
    "J1545-4550_dm_gp_gamma": 2.4926531883381746,
    "J1545-4550_dm_gp_log10_A": -14.479221313789475,
    "J1545-4550_gp_sw_gamma": -3.981383819773155,
    "J1545-4550_gp_sw_log10_A": -9.99490480481993,
    "J1545-4550_red_noise_gamma": 0.010420157047508205,
    "J1545-4550_red_noise_log10_A": -19.98948468999899,
    "n_earth": 0.006703630755782876,
    "nmodel": -0.4984886249602623
}