{
    "J1600-3053_CASPSR_40CM_efac": 1.473016488557324,
    "J1600-3053_CASPSR_40CM_log10_tnequad": -5.9398651944873375,
    "J1600-3053_CPSR2_20CM_efac": 1.1167944463898707,
    "J1600-3053_CPSR2_20CM_log10_tnequad": -6.081690113109837,
    "J1600-3053_CPSR2_50CM_efac": 1.5198409799331205,
    "J1600-3053_CPSR2_50CM_log10_tnequad": -5.5014636729784865,
    "J1600-3053_PDFB1_10CM_efac": 1.198014564720171,
    "J1600-3053_PDFB1_10CM_log10_tnequad": -5.671907875094859,
    "J1600-3053_PDFB1_20CM_efac": 0.9514206338546612,
    "J1600-3053_PDFB1_20CM_log10_tnequad": -6.203280567821169,
    "J1600-3053_PDFB1_early_10CM_efac": 1.3939623704633972,
    "J1600-3053_PDFB1_early_10CM_log10_tnequad": -5.602045988930865,
    "J1600-3053_PDFB1_early_20CM_efac": 1.1346141697584813,
    "J1600-3053_PDFB1_early_20CM_log10_tnequad": -5.961860899428507,
    "J1600-3053_PDFB_10CM_efac": 1.1284290730230009,
    "J1600-3053_PDFB_10CM_log10_tnequad": -6.351602466584012,
    "J1600-3053_PDFB_20CM_efac": 1.1554250697305053,
    "J1600-3053_PDFB_20CM_log10_tnequad": -6.72544682820659,
    "J1600-3053_PDFB_40CM_efac": 1.1904321946853087,
    "J1600-3053_PDFB_40CM_log10_tnequad": -5.6578646530197245,
    "J1600-3053_UWL_PDFB4_20CM_efac": 1.6586859305413977,
    "J1600-3053_UWL_PDFB4_20CM_log10_tnequad": -6.073121172188355,
    "J1600-3053_UWL_sbA_efac": 1.4535500892110107,
    "J1600-3053_UWL_sbA_log10_tnequad": -5.657367523730481,
    "J1600-3053_UWL_sbB_efac": 1.2600141652133803,
    "J1600-3053_UWL_sbB_log10_tnequad": -6.124552083045442,
    "J1600-3053_UWL_sbC_efac": 1.2890469741333117,
    "J1600-3053_UWL_sbC_log10_tnequad": -6.1489816588889425,
    "J1600-3053_UWL_sbD_efac": 1.2710240233513335,
    "J1600-3053_UWL_sbD_log10_tnequad": -6.494687856124579,
    "J1600-3053_UWL_sbE_efac": 1.2176890336111317,
    "J1600-3053_UWL_sbE_log10_tnequad": -6.5674916697551255,
    "J1600-3053_UWL_sbF_efac": 1.0909319503063102,
    "J1600-3053_UWL_sbF_log10_tnequad": -6.601020465760906,
    "J1600-3053_UWL_sbG_efac": 1.2053336935198462,
    "J1600-3053_UWL_sbG_log10_tnequad": -6.305926929585755,
    "J1600-3053_UWL_sbH_efac": 1.0309475607158562,
    "J1600-3053_UWL_sbH_log10_tnequad": -6.336423740299943,
    "J1600-3053_WBCORR_10CM_efac": 1.5303756465976628,
    "J1600-3053_WBCORR_10CM_log10_tnequad": -5.737618124894752,
    "J1600-3053_band_noise_low_gamma": 6.9780462574664455,
    "J1600-3053_band_noise_low_log10_A": -12.702102067248362,
    "J1600-3053_basis_ecorr_10CM_log10_ecorr": -6.571074929155794,
    "J1600-3053_basis_ecorr_10CM_uwl_log10_ecorr": -6.555333762640648,
    "J1600-3053_basis_ecorr_20CM_log10_ecorr": -6.501080993601132,
    "J1600-3053_basis_ecorr_20CM_uwl_log10_ecorr": -6.710799933054314,
    "J1600-3053_basis_ecorr_40CM_log10_ecorr": -6.096335719393779,
    "J1600-3053_basis_ecorr_40CM_uwl_log10_ecorr": -6.296893184480484,
    "J1600-3053_basis_ecorr_all_dr2_log10_ecorr": -6.559506419875071,
    "J1600-3053_basis_ecorr_all_uwl_log10_ecorr": -6.669892125818455,
    "J1600-3053_chrom_gp_gamma": 6.867900206158916,
    "J1600-3053_chrom_gp_log10_A": -13.432862420437356,
    "J1600-3053_dm_gp_gamma": 5.216643339724399,
    "J1600-3053_dm_gp_log10_A": -13.006666486309555,
    "J1600-3053_gp_sw_gamma": 3.975613431046426,
    "J1600-3053_gp_sw_log10_A": -6.123121065899567,
    "J1600-3053_hf_noise_gamma": 6.975078503925852,
    "J1600-3053_hf_noise_log10_A": -13.289210777576635,
    "J1600-3053_red_noise_gamma": 6.983477536410246,
    "J1600-3053_red_noise_log10_A": -13.408180654907763,
    "n_earth": 6.29453561397358,
    "nmodel": 0.4984923236387636
}