{
    "J1600-3053_CASPSR_40CM_efac": 0.9555708276577157,
    "J1600-3053_CASPSR_40CM_log10_tnequad": -9.994447439030012,
    "J1600-3053_CPSR2_20CM_efac": 0.8809501130086989,
    "J1600-3053_CPSR2_20CM_log10_tnequad": -9.99326183566754,
    "J1600-3053_CPSR2_50CM_efac": 0.8626231139943483,
    "J1600-3053_CPSR2_50CM_log10_tnequad": -9.993468009357452,
    "J1600-3053_PDFB1_10CM_efac": 0.32508765447191934,
    "J1600-3053_PDFB1_10CM_log10_tnequad": -9.993745711939862,
    "J1600-3053_PDFB1_20CM_efac": 0.5907870574586584,
    "J1600-3053_PDFB1_20CM_log10_tnequad": -9.994806339665862,
    "J1600-3053_PDFB1_early_10CM_efac": 0.07434853329602611,
    "J1600-3053_PDFB1_early_10CM_log10_tnequad": -9.992896730916726,
    "J1600-3053_PDFB1_early_20CM_efac": 0.38146706920474754,
    "J1600-3053_PDFB1_early_20CM_log10_tnequad": -9.994540035545114,
    "J1600-3053_PDFB_10CM_efac": 0.9500184162012034,
    "J1600-3053_PDFB_10CM_log10_tnequad": -9.994754037699176,
    "J1600-3053_PDFB_20CM_efac": 0.9871386508243402,
    "J1600-3053_PDFB_20CM_log10_tnequad": -9.995608936550196,
    "J1600-3053_PDFB_40CM_efac": 0.7505805802498281,
    "J1600-3053_PDFB_40CM_log10_tnequad": -9.9932372244454,
    "J1600-3053_UWL_PDFB4_20CM_efac": 0.40420319697098894,
    "J1600-3053_UWL_PDFB4_20CM_log10_tnequad": -9.993559725480484,
    "J1600-3053_UWL_sbA_efac": 0.5714773547533244,
    "J1600-3053_UWL_sbA_log10_tnequad": -9.992379921045385,
    "J1600-3053_UWL_sbB_efac": 0.8519685705764222,
    "J1600-3053_UWL_sbB_log10_tnequad": -9.993782777238755,
    "J1600-3053_UWL_sbC_efac": 0.8887896582316981,
    "J1600-3053_UWL_sbC_log10_tnequad": -9.994777124402946,
    "J1600-3053_UWL_sbD_efac": 0.8878364380868526,
    "J1600-3053_UWL_sbD_log10_tnequad": -9.994867238734276,
    "J1600-3053_UWL_sbE_efac": 0.8520362517995408,
    "J1600-3053_UWL_sbE_log10_tnequad": -9.995501586247276,
    "J1600-3053_UWL_sbF_efac": 0.754598507536927,
    "J1600-3053_UWL_sbF_log10_tnequad": -9.994701998949557,
    "J1600-3053_UWL_sbG_efac": 0.7790859219399112,
    "J1600-3053_UWL_sbG_log10_tnequad": -9.994535073127523,
    "J1600-3053_UWL_sbH_efac": 0.6933175684390707,
    "J1600-3053_UWL_sbH_log10_tnequad": -9.994054452101821,
    "J1600-3053_WBCORR_10CM_efac": 1.0517092681927716,
    "J1600-3053_WBCORR_10CM_log10_tnequad": -9.993552088692516,
    "J1600-3053_band_noise_low_gamma": 0.010370124333302016,
    "J1600-3053_band_noise_low_log10_A": -19.9903585958565,
    "J1600-3053_basis_ecorr_10CM_log10_ecorr": -9.995428285447854,
    "J1600-3053_basis_ecorr_10CM_uwl_log10_ecorr": -9.994806408045624,
    "J1600-3053_basis_ecorr_20CM_log10_ecorr": -9.985548234357964,
    "J1600-3053_basis_ecorr_20CM_uwl_log10_ecorr": -9.995150447797364,
    "J1600-3053_basis_ecorr_40CM_log10_ecorr": -9.993910583236985,
    "J1600-3053_basis_ecorr_40CM_uwl_log10_ecorr": -9.993644973185914,
    "J1600-3053_basis_ecorr_all_dr2_log10_ecorr": -9.993434642693575,
    "J1600-3053_basis_ecorr_all_uwl_log10_ecorr": -9.994394955842312,
    "J1600-3053_chrom_gp_gamma": 0.02968287421211846,
    "J1600-3053_chrom_gp_log10_A": -19.946183193997047,
    "J1600-3053_dm_gp_gamma": 1.8468529589919709,
    "J1600-3053_dm_gp_log10_A": -14.413373810863689,
    "J1600-3053_gp_sw_gamma": -3.9828192834977107,
    "J1600-3053_gp_sw_log10_A": -9.994129194375143,
    "J1600-3053_hf_noise_gamma": 0.006431237115484342,
    "J1600-3053_hf_noise_log10_A": -19.979713367725864,
    "J1600-3053_red_noise_gamma": 0.013743645401203985,
    "J1600-3053_red_noise_log10_A": -19.98747174116896,
    "n_earth": 1.050032131856552,
    "nmodel": -0.49848181067847674
}