{
    "J1603-7202_CASPSR_40CM_efac": 1.0935096785269531,
    "J1603-7202_CASPSR_40CM_log10_tnequad": -9.994814641536985,
    "J1603-7202_CPSR2_20CM_efac": 0.8628133856099076,
    "J1603-7202_CPSR2_20CM_log10_tnequad": -9.992555525178492,
    "J1603-7202_CPSR2_50CM_efac": 1.045332759330039,
    "J1603-7202_CPSR2_50CM_log10_tnequad": -9.993840544637006,
    "J1603-7202_PDFB1_20CM_efac": 0.7871103686193721,
    "J1603-7202_PDFB1_20CM_log10_tnequad": -9.99447533974369,
    "J1603-7202_PDFB1_early_20CM_efac": 0.7703059764504103,
    "J1603-7202_PDFB1_early_20CM_log10_tnequad": -9.994309701773165,
    "J1603-7202_PDFB_10CM_efac": 0.9007771739485824,
    "J1603-7202_PDFB_10CM_log10_tnequad": -9.993966472426594,
    "J1603-7202_PDFB_20CM_efac": 0.9653495836490272,
    "J1603-7202_PDFB_20CM_log10_tnequad": -9.994890749806665,
    "J1603-7202_PDFB_40CM_efac": 0.9533497366528293,
    "J1603-7202_PDFB_40CM_log10_tnequad": -9.994349983269707,
    "J1603-7202_UWL_CASPSR_40CM_efac": 1.2051825396777225,
    "J1603-7202_UWL_CASPSR_40CM_log10_tnequad": -9.993549600715069,
    "J1603-7202_UWL_PDFB4_20CM_efac": 0.928613367636024,
    "J1603-7202_UWL_PDFB4_20CM_log10_tnequad": -9.99479050444858,
    "J1603-7202_UWL_sbA_efac": 0.934083086063456,
    "J1603-7202_UWL_sbA_log10_tnequad": -9.993471567963525,
    "J1603-7202_UWL_sbB_efac": 0.9397608513138559,
    "J1603-7202_UWL_sbB_log10_tnequad": -9.994332008148756,
    "J1603-7202_UWL_sbC_efac": 0.9644175439648154,
    "J1603-7202_UWL_sbC_log10_tnequad": -9.994087384684846,
    "J1603-7202_UWL_sbD_efac": 0.9364290971098632,
    "J1603-7202_UWL_sbD_log10_tnequad": -9.994364593858586,
    "J1603-7202_UWL_sbE_efac": 0.9091787952418133,
    "J1603-7202_UWL_sbE_log10_tnequad": -9.99449283634165,
    "J1603-7202_UWL_sbF_efac": 0.8332211785943412,
    "J1603-7202_UWL_sbF_log10_tnequad": -9.606617157986408,
    "J1603-7202_UWL_sbG_efac": 0.7953303657081254,
    "J1603-7202_UWL_sbG_log10_tnequad": -9.992972689936638,
    "J1603-7202_UWL_sbH_efac": 0.8810188317678758,
    "J1603-7202_UWL_sbH_log10_tnequad": -9.994123881053047,
    "J1603-7202_basis_ecorr_10CM_log10_ecorr": -9.99391058071144,
    "J1603-7202_basis_ecorr_10CM_uwl_log10_ecorr": -9.99356842791262,
    "J1603-7202_basis_ecorr_20CM_log10_ecorr": -9.975515373103608,
    "J1603-7202_basis_ecorr_20CM_uwl_log10_ecorr": -9.993629386703757,
    "J1603-7202_basis_ecorr_40CM_log10_ecorr": -9.993883990772135,
    "J1603-7202_basis_ecorr_40CM_uwl_log10_ecorr": -9.994416113723611,
    "J1603-7202_basis_ecorr_all_dr2_log10_ecorr": -9.99144810581645,
    "J1603-7202_basis_ecorr_all_uwl_log10_ecorr": -9.987863302359248,
    "J1603-7202_dm_gp_gamma": 1.7515998624119253,
    "J1603-7202_dm_gp_log10_A": -13.507264332711532,
    "J1603-7202_dmgauss_epoch": 53887.86793814706,
    "J1603-7202_dmgauss_log10_Amp": -5.420062381913975,
    "J1603-7202_dmgauss_log10_sigma": 1.8452632668029123,
    "J1603-7202_gp_sw_gamma": -3.9850698852357445,
    "J1603-7202_gp_sw_log10_A": -9.995009493617514,
    "J1603-7202_red_noise_gamma": 0.008154205237985046,
    "J1603-7202_red_noise_log10_A": -19.991666084731047,
    "n_earth": 0.010938309183080364,
    "nmodel": -0.4985067200702368
}