{
    "J1603-7202_CASPSR_40CM_efac": 1.5539785297091104,
    "J1603-7202_CASPSR_40CM_log10_tnequad": -6.111474087603828,
    "J1603-7202_CPSR2_20CM_efac": 1.1741472518522205,
    "J1603-7202_CPSR2_20CM_log10_tnequad": -5.7839713039043685,
    "J1603-7202_CPSR2_50CM_efac": 1.3352196872820383,
    "J1603-7202_CPSR2_50CM_log10_tnequad": -5.876532708685507,
    "J1603-7202_PDFB1_20CM_efac": 1.2326994991017932,
    "J1603-7202_PDFB1_20CM_log10_tnequad": -6.01834580637236,
    "J1603-7202_PDFB1_early_20CM_efac": 1.3562243571390977,
    "J1603-7202_PDFB1_early_20CM_log10_tnequad": -5.962096705970586,
    "J1603-7202_PDFB_10CM_efac": 1.1659409914584724,
    "J1603-7202_PDFB_10CM_log10_tnequad": -5.899217056161499,
    "J1603-7202_PDFB_20CM_efac": 1.1121983957901562,
    "J1603-7202_PDFB_20CM_log10_tnequad": -6.409648998343928,
    "J1603-7202_PDFB_40CM_efac": 1.2028127506278787,
    "J1603-7202_PDFB_40CM_log10_tnequad": -6.137884709224177,
    "J1603-7202_UWL_CASPSR_40CM_efac": 2.3035693803195163,
    "J1603-7202_UWL_CASPSR_40CM_log10_tnequad": -5.441486013253811,
    "J1603-7202_UWL_PDFB4_20CM_efac": 1.3774869165141324,
    "J1603-7202_UWL_PDFB4_20CM_log10_tnequad": -6.225794875695536,
    "J1603-7202_UWL_sbA_efac": 1.2778425742743564,
    "J1603-7202_UWL_sbA_log10_tnequad": -5.7026797482383875,
    "J1603-7202_UWL_sbB_efac": 1.184090865370525,
    "J1603-7202_UWL_sbB_log10_tnequad": -6.0700583222015085,
    "J1603-7202_UWL_sbC_efac": 1.2173899057375865,
    "J1603-7202_UWL_sbC_log10_tnequad": -6.080515051635651,
    "J1603-7202_UWL_sbD_efac": 1.1818111372982674,
    "J1603-7202_UWL_sbD_log10_tnequad": -6.354997140847435,
    "J1603-7202_UWL_sbE_efac": 1.1884448516707193,
    "J1603-7202_UWL_sbE_log10_tnequad": -6.277962448654356,
    "J1603-7202_UWL_sbF_efac": 1.113256653781992,
    "J1603-7202_UWL_sbF_log10_tnequad": -6.043989078325598,
    "J1603-7202_UWL_sbG_efac": 1.123889296229271,
    "J1603-7202_UWL_sbG_log10_tnequad": -5.95056789858557,
    "J1603-7202_UWL_sbH_efac": 1.38111614326101,
    "J1603-7202_UWL_sbH_log10_tnequad": -5.816149868127261,
    "J1603-7202_basis_ecorr_10CM_log10_ecorr": -5.917013478514137,
    "J1603-7202_basis_ecorr_10CM_uwl_log10_ecorr": -5.915697116224155,
    "J1603-7202_basis_ecorr_20CM_log10_ecorr": -6.046465603814185,
    "J1603-7202_basis_ecorr_20CM_uwl_log10_ecorr": -6.416956989026745,
    "J1603-7202_basis_ecorr_40CM_log10_ecorr": -6.028138209082139,
    "J1603-7202_basis_ecorr_40CM_uwl_log10_ecorr": -6.22679764127117,
    "J1603-7202_basis_ecorr_all_dr2_log10_ecorr": -6.076032091695519,
    "J1603-7202_basis_ecorr_all_uwl_log10_ecorr": -6.370326898040023,
    "J1603-7202_dm_gp_gamma": 3.390849330551647,
    "J1603-7202_dm_gp_log10_A": -12.997864368226482,
    "J1603-7202_dmgauss_epoch": 53937.25503231113,
    "J1603-7202_dmgauss_log10_Amp": -5.108428843845246,
    "J1603-7202_dmgauss_log10_sigma": 2.0634787990136374,
    "J1603-7202_gp_sw_gamma": 3.9848924336702387,
    "J1603-7202_gp_sw_log10_A": -5.807936186109426,
    "J1603-7202_red_noise_gamma": 6.984195882153334,
    "J1603-7202_red_noise_log10_A": -13.112703653478965,
    "n_earth": 19.218740199443207,
    "nmodel": 0.4984967932952064
}