{
    "J1643-1224_CASPSR_40CM_efac": 0.9848238485590436,
    "J1643-1224_CASPSR_40CM_log10_tnequad": -9.993562045456425,
    "J1643-1224_CPSR2_20CM_efac": 0.6154126326811538,
    "J1643-1224_CPSR2_20CM_log10_tnequad": -9.991435506532564,
    "J1643-1224_CPSR2_50CM_efac": 1.0392349005374633,
    "J1643-1224_CPSR2_50CM_log10_tnequad": -9.993138532870358,
    "J1643-1224_PDFB1_10CM_efac": 0.3524041093093767,
    "J1643-1224_PDFB1_10CM_log10_tnequad": -9.992430430305218,
    "J1643-1224_PDFB1_20CM_efac": 0.4182823903100437,
    "J1643-1224_PDFB1_20CM_log10_tnequad": -9.993035557886236,
    "J1643-1224_PDFB1_early_10CM_efac": 0.14670634013133557,
    "J1643-1224_PDFB1_early_10CM_log10_tnequad": -9.992162405819721,
    "J1643-1224_PDFB_10CM_efac": 0.9456158821376229,
    "J1643-1224_PDFB_10CM_log10_tnequad": -9.994109557387098,
    "J1643-1224_PDFB_20CM_efac": 0.8974151583901029,
    "J1643-1224_PDFB_20CM_log10_tnequad": -9.993927346631205,
    "J1643-1224_PDFB_40CM_efac": 0.43764495823480026,
    "J1643-1224_PDFB_40CM_log10_tnequad": -9.993190049884323,
    "J1643-1224_UWL_CASPSR_40CM_efac": 0.9709819768929758,
    "J1643-1224_UWL_CASPSR_40CM_log10_tnequad": -9.992974059852594,
    "J1643-1224_UWL_PDFB4_20CM_efac": 0.5816605323664494,
    "J1643-1224_UWL_PDFB4_20CM_log10_tnequad": -9.991804408674463,
    "J1643-1224_UWL_sbA_efac": 0.9283468121877302,
    "J1643-1224_UWL_sbA_log10_tnequad": -9.992625991313952,
    "J1643-1224_UWL_sbB_efac": 0.8927317998473387,
    "J1643-1224_UWL_sbB_log10_tnequad": -9.99315162226809,
    "J1643-1224_UWL_sbC_efac": 0.8698583887463407,
    "J1643-1224_UWL_sbC_log10_tnequad": -9.993202628465598,
    "J1643-1224_UWL_sbD_efac": 0.7276202016637293,
    "J1643-1224_UWL_sbD_log10_tnequad": -9.989160712056098,
    "J1643-1224_UWL_sbE_efac": 0.663441781576609,
    "J1643-1224_UWL_sbE_log10_tnequad": -9.993277987045547,
    "J1643-1224_UWL_sbF_efac": 0.8367422027466128,
    "J1643-1224_UWL_sbF_log10_tnequad": -9.994082016384393,
    "J1643-1224_UWL_sbG_efac": 0.749408543300105,
    "J1643-1224_UWL_sbG_log10_tnequad": -9.993241579363435,
    "J1643-1224_UWL_sbH_efac": 0.8001302595219366,
    "J1643-1224_UWL_sbH_log10_tnequad": -9.99322310704376,
    "J1643-1224_WBCORR_10CM_efac": 0.22401315733527494,
    "J1643-1224_WBCORR_10CM_log10_tnequad": -9.990771133800273,
    "J1643-1224_band_noise_low_gamma": 1.2942500572142914,
    "J1643-1224_band_noise_low_log10_A": -12.558950603471091,
    "J1643-1224_basis_ecorr_10CM_log10_ecorr": -9.993756322195836,
    "J1643-1224_basis_ecorr_10CM_uwl_log10_ecorr": -9.529327804861481,
    "J1643-1224_basis_ecorr_20CM_log10_ecorr": -9.991162296312298,
    "J1643-1224_basis_ecorr_20CM_uwl_log10_ecorr": -9.993823242211569,
    "J1643-1224_basis_ecorr_40CM_log10_ecorr": -9.993887807592747,
    "J1643-1224_basis_ecorr_40CM_uwl_log10_ecorr": -9.994720720916794,
    "J1643-1224_basis_ecorr_all_dr2_log10_ecorr": -9.985566098518621,
    "J1643-1224_basis_ecorr_all_uwl_log10_ecorr": -9.966242748930233,
    "J1643-1224_chrom_gp_gamma": 0.00483767496818957,
    "J1643-1224_chrom_gp_log10_A": -13.522403615357367,
    "J1643-1224_dm_gp_gamma": 1.6921022305767868,
    "J1643-1224_dm_gp_log10_A": -13.218983550143276,
    "J1643-1224_dmexp_1_idx": -1.306115314902474,
    "J1643-1224_dmexp_1_log10_Amp": -5.157281988474061,
    "J1643-1224_dmexp_1_log10_tau": 1.905458155030376,
    "J1643-1224_dmexp_1_t0": 57074.824030238015,
    "J1643-1224_gp_sw_gamma": -3.95248294118424,
    "J1643-1224_gp_sw_log10_A": -9.982960760977615,
    "J1643-1224_red_noise_gamma": 0.0028215435740828465,
    "J1643-1224_red_noise_log10_A": -13.199930706965803,
    "n_earth": 0.3384211845423719,
    "nmodel": -0.4985378865428469
}