{
    "J1643-1224_CASPSR_40CM_efac": 1.5926628606209525,
    "J1643-1224_CASPSR_40CM_log10_tnequad": -5.836789287800039,
    "J1643-1224_CPSR2_20CM_efac": 1.2431168689596241,
    "J1643-1224_CPSR2_20CM_log10_tnequad": -5.467515139178345,
    "J1643-1224_CPSR2_50CM_efac": 1.357362895720813,
    "J1643-1224_CPSR2_50CM_log10_tnequad": -5.741009100971989,
    "J1643-1224_PDFB1_10CM_efac": 1.4150177415366858,
    "J1643-1224_PDFB1_10CM_log10_tnequad": -5.226574255779299,
    "J1643-1224_PDFB1_20CM_efac": 1.3545309036440334,
    "J1643-1224_PDFB1_20CM_log10_tnequad": -5.844399545515691,
    "J1643-1224_PDFB1_early_10CM_efac": 1.495849552733183,
    "J1643-1224_PDFB1_early_10CM_log10_tnequad": -5.170713029478611,
    "J1643-1224_PDFB_10CM_efac": 1.1457877883957317,
    "J1643-1224_PDFB_10CM_log10_tnequad": -5.9176746054507925,
    "J1643-1224_PDFB_20CM_efac": 1.1796065178043222,
    "J1643-1224_PDFB_20CM_log10_tnequad": -6.110447961204976,
    "J1643-1224_PDFB_40CM_efac": 1.0459762779486115,
    "J1643-1224_PDFB_40CM_log10_tnequad": -5.638775634693866,
    "J1643-1224_UWL_CASPSR_40CM_efac": 3.2156271325513957,
    "J1643-1224_UWL_CASPSR_40CM_log10_tnequad": -5.158092394515206,
    "J1643-1224_UWL_PDFB4_20CM_efac": 1.3780832219502848,
    "J1643-1224_UWL_PDFB4_20CM_log10_tnequad": -5.784478770274664,
    "J1643-1224_UWL_sbA_efac": 1.7070327858961178,
    "J1643-1224_UWL_sbA_log10_tnequad": -5.508678809567925,
    "J1643-1224_UWL_sbB_efac": 1.3555611088236963,
    "J1643-1224_UWL_sbB_log10_tnequad": -5.92563736858958,
    "J1643-1224_UWL_sbC_efac": 1.2845476534751707,
    "J1643-1224_UWL_sbC_log10_tnequad": -5.878752732909095,
    "J1643-1224_UWL_sbD_efac": 1.534264948260599,
    "J1643-1224_UWL_sbD_log10_tnequad": -5.833037051388831,
    "J1643-1224_UWL_sbE_efac": 1.400024450231219,
    "J1643-1224_UWL_sbE_log10_tnequad": -5.858982833044813,
    "J1643-1224_UWL_sbF_efac": 1.2914211337660304,
    "J1643-1224_UWL_sbF_log10_tnequad": -5.975015607260185,
    "J1643-1224_UWL_sbG_efac": 1.278751952324713,
    "J1643-1224_UWL_sbG_log10_tnequad": -5.762978445350125,
    "J1643-1224_UWL_sbH_efac": 1.3162368781930645,
    "J1643-1224_UWL_sbH_log10_tnequad": -5.743239089166301,
    "J1643-1224_WBCORR_10CM_efac": 1.2912262261873342,
    "J1643-1224_WBCORR_10CM_log10_tnequad": -5.222600526756294,
    "J1643-1224_band_noise_low_gamma": 2.925798531678273,
    "J1643-1224_band_noise_low_log10_A": -12.093075169623225,
    "J1643-1224_basis_ecorr_10CM_log10_ecorr": -6.049646075650902,
    "J1643-1224_basis_ecorr_10CM_uwl_log10_ecorr": -5.696435939400899,
    "J1643-1224_basis_ecorr_20CM_log10_ecorr": -6.174290873840916,
    "J1643-1224_basis_ecorr_20CM_uwl_log10_ecorr": -5.966465876227586,
    "J1643-1224_basis_ecorr_40CM_log10_ecorr": -5.985007773352381,
    "J1643-1224_basis_ecorr_40CM_uwl_log10_ecorr": -6.070874478746791,
    "J1643-1224_basis_ecorr_all_dr2_log10_ecorr": -6.175544982480389,
    "J1643-1224_basis_ecorr_all_uwl_log10_ecorr": -5.917491181495135,
    "J1643-1224_chrom_gp_gamma": 2.119220229372183,
    "J1643-1224_chrom_gp_log10_A": -12.917658239419524,
    "J1643-1224_dm_gp_gamma": 3.3027845590319873,
    "J1643-1224_dm_gp_log10_A": -12.680472165977553,
    "J1643-1224_dmexp_1_idx": -0.6176642441762787,
    "J1643-1224_dmexp_1_log10_Amp": -4.882609255957558,
    "J1643-1224_dmexp_1_log10_tau": 2.356140473779572,
    "J1643-1224_dmexp_1_t0": 57087.9193104941,
    "J1643-1224_gp_sw_gamma": 3.995364230884933,
    "J1643-1224_gp_sw_log10_A": -6.054053566109115,
    "J1643-1224_red_noise_gamma": 2.321086747767271,
    "J1643-1224_red_noise_log10_A": -12.466625591136307,
    "n_earth": 9.112489119141502,
    "nmodel": 0.4985026502021621
}