{
    "J1713+0747_CASPSR_40CM_efac": 0.872296848835229,
    "J1713+0747_CASPSR_40CM_log10_tnequad": -9.992350246974588,
    "J1713+0747_CPSR2_20CM_efac": 0.8929991883633801,
    "J1713+0747_CPSR2_20CM_log10_tnequad": -9.995634625562957,
    "J1713+0747_CPSR2_50CM_efac": 0.7699493557537833,
    "J1713+0747_CPSR2_50CM_log10_tnequad": -9.894086640723428,
    "J1713+0747_PDFB1_10CM_efac": 0.7680008023451779,
    "J1713+0747_PDFB1_10CM_log10_tnequad": -9.994267190242029,
    "J1713+0747_PDFB1_20CM_efac": 0.8084899481474066,
    "J1713+0747_PDFB1_20CM_log10_tnequad": -9.996128787107555,
    "J1713+0747_PDFB1_early_10CM_efac": 0.01359392205468099,
    "J1713+0747_PDFB1_early_10CM_log10_tnequad": -9.987492907962174,
    "J1713+0747_PDFB_10CM_efac": 0.9110565371258469,
    "J1713+0747_PDFB_10CM_log10_tnequad": -9.98271128039594,
    "J1713+0747_PDFB_20CM_efac": 1.0012093903592414,
    "J1713+0747_PDFB_20CM_log10_tnequad": -9.983800781341193,
    "J1713+0747_PDFB_40CM_efac": 0.7380216347167861,
    "J1713+0747_PDFB_40CM_log10_tnequad": -9.99468509499663,
    "J1713+0747_UWL_PDFB4_20CM_efac": 0.7048060959978404,
    "J1713+0747_UWL_PDFB4_20CM_log10_tnequad": -9.995338282780516,
    "J1713+0747_UWL_sbA_efac": 0.29580971614084606,
    "J1713+0747_UWL_sbA_log10_tnequad": -9.993979599808899,
    "J1713+0747_UWL_sbB_efac": 0.8941868983372672,
    "J1713+0747_UWL_sbB_log10_tnequad": -9.994870572696794,
    "J1713+0747_UWL_sbC_efac": 0.9335305519219461,
    "J1713+0747_UWL_sbC_log10_tnequad": -9.994102497299561,
    "J1713+0747_UWL_sbD_efac": 0.6879135296291959,
    "J1713+0747_UWL_sbD_log10_tnequad": -9.987909840030651,
    "J1713+0747_UWL_sbE_efac": 1.0275417497161163,
    "J1713+0747_UWL_sbE_log10_tnequad": -9.994939802739198,
    "J1713+0747_UWL_sbF_efac": 0.8151793565753538,
    "J1713+0747_UWL_sbF_log10_tnequad": -9.060249527172537,
    "J1713+0747_UWL_sbG_efac": 0.8016979430387519,
    "J1713+0747_UWL_sbG_log10_tnequad": -9.995365268365422,
    "J1713+0747_UWL_sbH_efac": 0.8534900582195092,
    "J1713+0747_UWL_sbH_log10_tnequad": -9.993210577991091,
    "J1713+0747_WBCORR_10CM_efac": 0.6901599731056515,
    "J1713+0747_WBCORR_10CM_log10_tnequad": -9.99327318606588,
    "J1713+0747_band_noise_low_gamma": 1.0373112607775643,
    "J1713+0747_band_noise_low_log10_A": -16.518116172332412,
    "J1713+0747_basis_ecorr_10CM_log10_ecorr": -9.995629905052892,
    "J1713+0747_basis_ecorr_10CM_uwl_log10_ecorr": -9.995984400684717,
    "J1713+0747_basis_ecorr_20CM_log10_ecorr": -9.995480119435877,
    "J1713+0747_basis_ecorr_20CM_uwl_log10_ecorr": -9.996330174811243,
    "J1713+0747_basis_ecorr_40CM_log10_ecorr": -9.978496656557692,
    "J1713+0747_basis_ecorr_40CM_uwl_log10_ecorr": -9.99545054345834,
    "J1713+0747_basis_ecorr_CPSR2_20CM_log10_ecorr": -9.996678328934964,
    "J1713+0747_basis_ecorr_UWL_sbA_log10_ecorr": -9.992945029155036,
    "J1713+0747_basis_ecorr_UWL_sbE_log10_ecorr": -9.99496998170476,
    "J1713+0747_basis_ecorr_UWL_sbF_log10_ecorr": -9.988589782093229,
    "J1713+0747_basis_ecorr_WBCORR_10CM_log10_ecorr": -9.992236079139506,
    "J1713+0747_basis_ecorr_all_dr2_log10_ecorr": -9.98632436198776,
    "J1713+0747_basis_ecorr_all_uwl_log10_ecorr": -9.996259677619259,
    "J1713+0747_dm_gp_gamma": 1.3599054883333634,
    "J1713+0747_dm_gp_log10_A": -14.531241086587906,
    "J1713+0747_dmexp_1_idx": 1.0599307669685913,
    "J1713+0747_dmexp_1_log10_Amp": -6.004848155071868,
    "J1713+0747_dmexp_1_log10_tau": 0.5858455270658988,
    "J1713+0747_dmexp_1_t0": 54752.28074543916,
    "J1713+0747_dmexp_2_idx": 0.5900670916211916,
    "J1713+0747_dmexp_2_log10_Amp": -5.868142039387584,
    "J1713+0747_dmexp_2_log10_tau": 1.162939407751518,
    "J1713+0747_dmexp_2_t0": 57494.79637631718,
    "J1713+0747_gp_sw_gamma": -3.9923550713987357,
    "J1713+0747_gp_sw_log10_A": -9.974934013237272,
    "J1713+0747_group_noise_UWL_sbA_gamma": 0.019480240042621368,
    "J1713+0747_group_noise_UWL_sbA_log10_A": -19.9728769955336,
    "J1713+0747_group_noise_UWL_sbE_gamma": 0.008612474391344915,
    "J1713+0747_group_noise_UWL_sbE_log10_A": -19.989519637379043,
    "J1713+0747_group_noise_UWL_sbF_gamma": 0.009991238391708124,
    "J1713+0747_group_noise_UWL_sbF_log10_A": -19.99114650816678,
    "J1713+0747_group_noise_WBCORR_10CM_gamma": 0.4484153688852035,
    "J1713+0747_group_noise_WBCORR_10CM_log10_A": -18.821529263023486,
    "J1713+0747_hf_noise_gamma": 0.0013310700161867153,
    "J1713+0747_hf_noise_log10_A": -19.98536091886191,
    "J1713+0747_red_noise_gamma": 0.008825048939799296,
    "J1713+0747_red_noise_log10_A": -19.99305239836803,
    "n_earth": 1.1057559980129164,
    "nmodel": -0.4984401194738818
}