{
    "J1713+0747_CASPSR_40CM_efac": 1.4409716192538635,
    "J1713+0747_CASPSR_40CM_log10_tnequad": -6.176027679819056,
    "J1713+0747_CPSR2_20CM_efac": 1.1192578993220816,
    "J1713+0747_CPSR2_20CM_log10_tnequad": -7.2239465088353665,
    "J1713+0747_CPSR2_50CM_efac": 1.2280242713761005,
    "J1713+0747_CPSR2_50CM_log10_tnequad": -5.788769215332008,
    "J1713+0747_PDFB1_10CM_efac": 1.6964099401921218,
    "J1713+0747_PDFB1_10CM_log10_tnequad": -6.4090640859226,
    "J1713+0747_PDFB1_20CM_efac": 1.1722127287813173,
    "J1713+0747_PDFB1_20CM_log10_tnequad": -7.044948062843866,
    "J1713+0747_PDFB1_early_10CM_efac": 2.2261817675495483,
    "J1713+0747_PDFB1_early_10CM_log10_tnequad": -5.964635009290457,
    "J1713+0747_PDFB_10CM_efac": 1.1136676388761086,
    "J1713+0747_PDFB_10CM_log10_tnequad": -6.864485221692024,
    "J1713+0747_PDFB_20CM_efac": 1.178592449552751,
    "J1713+0747_PDFB_20CM_log10_tnequad": -7.250285616696676,
    "J1713+0747_PDFB_40CM_efac": 1.1017603376560197,
    "J1713+0747_PDFB_40CM_log10_tnequad": -6.165607803388443,
    "J1713+0747_UWL_PDFB4_20CM_efac": 1.2872642694307814,
    "J1713+0747_UWL_PDFB4_20CM_log10_tnequad": -6.84129887983469,
    "J1713+0747_UWL_sbA_efac": 1.4508780239352628,
    "J1713+0747_UWL_sbA_log10_tnequad": -5.610535868762415,
    "J1713+0747_UWL_sbB_efac": 1.355238924100117,
    "J1713+0747_UWL_sbB_log10_tnequad": -6.41797323926984,
    "J1713+0747_UWL_sbC_efac": 1.3792208324655393,
    "J1713+0747_UWL_sbC_log10_tnequad": -6.555016514004801,
    "J1713+0747_UWL_sbD_efac": 1.234047426985123,
    "J1713+0747_UWL_sbD_log10_tnequad": -6.65777277406564,
    "J1713+0747_UWL_sbE_efac": 1.6119766267314384,
    "J1713+0747_UWL_sbE_log10_tnequad": -6.916870556202207,
    "J1713+0747_UWL_sbF_efac": 1.3143588900322192,
    "J1713+0747_UWL_sbF_log10_tnequad": -6.839558667112926,
    "J1713+0747_UWL_sbG_efac": 1.1801392533788155,
    "J1713+0747_UWL_sbG_log10_tnequad": -6.956852259266105,
    "J1713+0747_UWL_sbH_efac": 1.2847701931168272,
    "J1713+0747_UWL_sbH_log10_tnequad": -6.738674303857514,
    "J1713+0747_WBCORR_10CM_efac": 1.299183345520881,
    "J1713+0747_WBCORR_10CM_log10_tnequad": -6.365514235377055,
    "J1713+0747_band_noise_low_gamma": 6.773291160069149,
    "J1713+0747_band_noise_low_log10_A": -13.20764590662982,
    "J1713+0747_basis_ecorr_10CM_log10_ecorr": -6.995931594139279,
    "J1713+0747_basis_ecorr_10CM_uwl_log10_ecorr": -7.104526792263974,
    "J1713+0747_basis_ecorr_20CM_log10_ecorr": -7.165872203489358,
    "J1713+0747_basis_ecorr_20CM_uwl_log10_ecorr": -7.325147893064669,
    "J1713+0747_basis_ecorr_40CM_log10_ecorr": -6.260873483658357,
    "J1713+0747_basis_ecorr_40CM_uwl_log10_ecorr": -6.765680868065398,
    "J1713+0747_basis_ecorr_CPSR2_20CM_log10_ecorr": -7.158805100113652,
    "J1713+0747_basis_ecorr_UWL_sbA_log10_ecorr": -6.019994076589327,
    "J1713+0747_basis_ecorr_UWL_sbE_log10_ecorr": -6.778157019763135,
    "J1713+0747_basis_ecorr_UWL_sbF_log10_ecorr": -6.802053441758313,
    "J1713+0747_basis_ecorr_WBCORR_10CM_log10_ecorr": -6.203579218799965,
    "J1713+0747_basis_ecorr_all_dr2_log10_ecorr": -7.139828095866392,
    "J1713+0747_basis_ecorr_all_uwl_log10_ecorr": -7.278757183036067,
    "J1713+0747_dm_gp_gamma": 3.911395961175537,
    "J1713+0747_dm_gp_log10_A": -13.697442901671423,
    "J1713+0747_dmexp_1_idx": 2.976644424876672,
    "J1713+0747_dmexp_1_log10_Amp": -4.719157369277663,
    "J1713+0747_dmexp_1_log10_tau": 2.6889852329819717,
    "J1713+0747_dmexp_1_t0": 54778.32768220607,
    "J1713+0747_dmexp_2_idx": 1.9915680008523153,
    "J1713+0747_dmexp_2_log10_Amp": -5.4172340109233055,
    "J1713+0747_dmexp_2_log10_tau": 1.6009161968504182,
    "J1713+0747_dmexp_2_t0": 57510.77298687224,
    "J1713+0747_gp_sw_gamma": 3.984442988179934,
    "J1713+0747_gp_sw_log10_A": -6.283570776528444,
    "J1713+0747_group_noise_UWL_sbA_gamma": 6.987820505961168,
    "J1713+0747_group_noise_UWL_sbA_log10_A": -12.47845461886601,
    "J1713+0747_group_noise_UWL_sbE_gamma": 6.990071085736785,
    "J1713+0747_group_noise_UWL_sbE_log10_A": -13.367807266981258,
    "J1713+0747_group_noise_UWL_sbF_gamma": 6.989532539308787,
    "J1713+0747_group_noise_UWL_sbF_log10_A": -13.477058034367358,
    "J1713+0747_group_noise_WBCORR_10CM_gamma": 6.9814418152565905,
    "J1713+0747_group_noise_WBCORR_10CM_log10_A": -12.290455790103538,
    "J1713+0747_hf_noise_gamma": 6.964940628307089,
    "J1713+0747_hf_noise_log10_A": -13.92171101225199,
    "J1713+0747_red_noise_gamma": 6.9846590752168085,
    "J1713+0747_red_noise_log10_A": -13.907540239791512,
    "n_earth": 6.703437119032635,
    "nmodel": 0.498463049681683
}