{
    "J1730-2304_CASPSR_40CM_efac": 1.0313322624104737,
    "J1730-2304_CASPSR_40CM_log10_tnequad": -9.99359261328382,
    "J1730-2304_CPSR2_20CM_efac": 0.9096521623211462,
    "J1730-2304_CPSR2_20CM_log10_tnequad": -5.861393367193319,
    "J1730-2304_CPSR2_50CM_efac": 1.0623388506544944,
    "J1730-2304_CPSR2_50CM_log10_tnequad": -9.99370673133348,
    "J1730-2304_PDFB1_20CM_efac": 0.6423020174460295,
    "J1730-2304_PDFB1_20CM_log10_tnequad": -9.986831668995926,
    "J1730-2304_PDFB1_early_20CM_efac": 0.6192076082344975,
    "J1730-2304_PDFB1_early_20CM_log10_tnequad": -9.993280501419267,
    "J1730-2304_PDFB_10CM_efac": 0.9305039048694256,
    "J1730-2304_PDFB_10CM_log10_tnequad": -9.994747724368882,
    "J1730-2304_PDFB_20CM_efac": 0.9636851118107091,
    "J1730-2304_PDFB_20CM_log10_tnequad": -9.995039463902422,
    "J1730-2304_PDFB_40CM_efac": 0.8715043813315327,
    "J1730-2304_PDFB_40CM_log10_tnequad": -9.992657153018541,
    "J1730-2304_UWL_CASPSR_40CM_efac": 0.6373722960342926,
    "J1730-2304_UWL_CASPSR_40CM_log10_tnequad": -9.993719719344956,
    "J1730-2304_UWL_PDFB4_20CM_efac": 0.7718021374751408,
    "J1730-2304_UWL_PDFB4_20CM_log10_tnequad": -9.99478300163953,
    "J1730-2304_UWL_sbA_efac": 1.006455543130762,
    "J1730-2304_UWL_sbA_log10_tnequad": -9.993783183578907,
    "J1730-2304_UWL_sbB_efac": 0.8650586441805624,
    "J1730-2304_UWL_sbB_log10_tnequad": -9.993821877287045,
    "J1730-2304_UWL_sbC_efac": 0.8001129633579338,
    "J1730-2304_UWL_sbC_log10_tnequad": -9.994156974273304,
    "J1730-2304_UWL_sbD_efac": 0.8067599406295015,
    "J1730-2304_UWL_sbD_log10_tnequad": -9.993904421949257,
    "J1730-2304_UWL_sbE_efac": 0.772600194896326,
    "J1730-2304_UWL_sbE_log10_tnequad": -9.99182744408297,
    "J1730-2304_UWL_sbF_efac": 0.8241881605685553,
    "J1730-2304_UWL_sbF_log10_tnequad": -9.994887957945148,
    "J1730-2304_UWL_sbG_efac": 0.8854908824725019,
    "J1730-2304_UWL_sbG_log10_tnequad": -9.993765965428913,
    "J1730-2304_UWL_sbH_efac": 0.9333962387426116,
    "J1730-2304_UWL_sbH_log10_tnequad": -9.993925070299456,
    "J1730-2304_WBCORR_10CM_efac": 1.0305667505822294,
    "J1730-2304_WBCORR_10CM_log10_tnequad": -9.99344422840688,
    "J1730-2304_basis_ecorr_10CM_log10_ecorr": -9.994624711079144,
    "J1730-2304_basis_ecorr_10CM_uwl_log10_ecorr": -9.993198623373667,
    "J1730-2304_basis_ecorr_20CM_log10_ecorr": -9.994684675432218,
    "J1730-2304_basis_ecorr_20CM_uwl_log10_ecorr": -9.99461342822086,
    "J1730-2304_basis_ecorr_40CM_log10_ecorr": -9.994761932583488,
    "J1730-2304_basis_ecorr_40CM_uwl_log10_ecorr": -9.959996441428613,
    "J1730-2304_basis_ecorr_all_dr2_log10_ecorr": -9.99485316661906,
    "J1730-2304_basis_ecorr_all_uwl_log10_ecorr": -9.994917460587466,
    "J1730-2304_dm_gp_gamma": 1.414468095312341,
    "J1730-2304_dm_gp_log10_A": -14.890115131619808,
    "J1730-2304_gp_sw_gamma": -3.9864267397103674,
    "J1730-2304_gp_sw_log10_A": -9.991922596676444,
    "J1730-2304_red_noise_gamma": 0.0046813821590822036,
    "J1730-2304_red_noise_log10_A": -19.9874256575364,
    "n_earth": 5.098269073035835,
    "nmodel": -0.4985056299786884
}