{
    "J1730-2304_CASPSR_40CM_efac": 1.7045321330928669,
    "J1730-2304_CASPSR_40CM_log10_tnequad": -5.772578320652787,
    "J1730-2304_CPSR2_20CM_efac": 1.6454609465893617,
    "J1730-2304_CPSR2_20CM_log10_tnequad": -5.298891321326012,
    "J1730-2304_CPSR2_50CM_efac": 1.4283780309460479,
    "J1730-2304_CPSR2_50CM_log10_tnequad": -5.599271945678219,
    "J1730-2304_PDFB1_20CM_efac": 1.3726806708161503,
    "J1730-2304_PDFB1_20CM_log10_tnequad": -5.748235331029931,
    "J1730-2304_PDFB1_early_20CM_efac": 1.3644837157457566,
    "J1730-2304_PDFB1_early_20CM_log10_tnequad": -5.77665686889797,
    "J1730-2304_PDFB_10CM_efac": 1.139935120911315,
    "J1730-2304_PDFB_10CM_log10_tnequad": -6.245783166162016,
    "J1730-2304_PDFB_20CM_efac": 1.1241294355854308,
    "J1730-2304_PDFB_20CM_log10_tnequad": -6.405948768137504,
    "J1730-2304_PDFB_40CM_efac": 1.2531642931629632,
    "J1730-2304_PDFB_40CM_log10_tnequad": -5.734043350571848,
    "J1730-2304_UWL_CASPSR_40CM_efac": 1.855955705120944,
    "J1730-2304_UWL_CASPSR_40CM_log10_tnequad": -5.432443573677121,
    "J1730-2304_UWL_PDFB4_20CM_efac": 1.5068244925200924,
    "J1730-2304_UWL_PDFB4_20CM_log10_tnequad": -6.061957456885888,
    "J1730-2304_UWL_sbA_efac": 1.6993873492357554,
    "J1730-2304_UWL_sbA_log10_tnequad": -5.601152560710495,
    "J1730-2304_UWL_sbB_efac": 1.3156780972059992,
    "J1730-2304_UWL_sbB_log10_tnequad": -5.919714279455462,
    "J1730-2304_UWL_sbC_efac": 1.240247489204364,
    "J1730-2304_UWL_sbC_log10_tnequad": -5.823860153753277,
    "J1730-2304_UWL_sbD_efac": 1.2431583628827145,
    "J1730-2304_UWL_sbD_log10_tnequad": -6.070869831906188,
    "J1730-2304_UWL_sbE_efac": 1.2905095099173054,
    "J1730-2304_UWL_sbE_log10_tnequad": -6.006641175668469,
    "J1730-2304_UWL_sbF_efac": 1.1804231400402172,
    "J1730-2304_UWL_sbF_log10_tnequad": -6.279038341440817,
    "J1730-2304_UWL_sbG_efac": 1.3881003541846828,
    "J1730-2304_UWL_sbG_log10_tnequad": -5.965817901778136,
    "J1730-2304_UWL_sbH_efac": 1.5081919459475406,
    "J1730-2304_UWL_sbH_log10_tnequad": -5.857002397973638,
    "J1730-2304_WBCORR_10CM_efac": 1.9612849841227067,
    "J1730-2304_WBCORR_10CM_log10_tnequad": -5.587823385622631,
    "J1730-2304_basis_ecorr_10CM_log10_ecorr": -6.237194031127926,
    "J1730-2304_basis_ecorr_10CM_uwl_log10_ecorr": -6.03957873756397,
    "J1730-2304_basis_ecorr_20CM_log10_ecorr": -6.410098098469262,
    "J1730-2304_basis_ecorr_20CM_uwl_log10_ecorr": -6.339584200392205,
    "J1730-2304_basis_ecorr_40CM_log10_ecorr": -6.12564197043362,
    "J1730-2304_basis_ecorr_40CM_uwl_log10_ecorr": -5.793220051392271,
    "J1730-2304_basis_ecorr_all_dr2_log10_ecorr": -6.466323858275041,
    "J1730-2304_basis_ecorr_all_uwl_log10_ecorr": -6.428712520571212,
    "J1730-2304_dm_gp_gamma": 5.91018621987316,
    "J1730-2304_dm_gp_log10_A": -13.16930557319784,
    "J1730-2304_gp_sw_gamma": 3.960149473662316,
    "J1730-2304_gp_sw_log10_A": -6.033243370447491,
    "J1730-2304_red_noise_gamma": 6.984282000503894,
    "J1730-2304_red_noise_log10_A": -12.9466666844239,
    "n_earth": 10.142208650585161,
    "nmodel": 0.49848849378365356
}