{
    "J1741+1351_UWL_sbB_efac": 0.7258108275620886,
    "J1741+1351_UWL_sbB_log10_tnequad": -9.994114427495806,
    "J1741+1351_UWL_sbC_efac": 0.05285765951836702,
    "J1741+1351_UWL_sbC_log10_tnequad": -9.993914378374269,
    "J1741+1351_UWL_sbD_efac": 0.6937581214862855,
    "J1741+1351_UWL_sbD_log10_tnequad": -9.994612681081131,
    "J1741+1351_UWL_sbE_efac": 0.0598683972036236,
    "J1741+1351_UWL_sbE_log10_tnequad": -9.994184198450313,
    "J1741+1351_basis_ecorr_20CM_uwl_log10_ecorr": -9.991021090311955,
    "J1741+1351_basis_ecorr_40CM_uwl_log10_ecorr": -9.990302367418664,
    "J1741+1351_basis_ecorr_all_uwl_log10_ecorr": -9.992491090407196,
    "J1741+1351_dm_gp_gamma": 0.010271288480510364,
    "J1741+1351_dm_gp_log10_A": -19.989499822254732,
    "J1741+1351_gp_sw_gamma": -3.9853123187632526,
    "J1741+1351_gp_sw_log10_A": -9.992828879692711,
    "J1741+1351_red_noise_gamma": 0.010539734220363218,
    "J1741+1351_red_noise_log10_A": -19.98661262231831,
    "n_earth": 0.02437453080334564,
    "nmodel": -0.49850517135582084
}