{
    "J1744-1134_CASPSR_40CM_efac": 1.0811017496210293,
    "J1744-1134_CASPSR_40CM_log10_tnequad": -9.994631974515748,
    "J1744-1134_CPSR2_20CM_efac": 0.9397949125196178,
    "J1744-1134_CPSR2_20CM_log10_tnequad": -6.03675033447318,
    "J1744-1134_CPSR2_50CM_efac": 0.9449150016984296,
    "J1744-1134_CPSR2_50CM_log10_tnequad": -9.994223535914184,
    "J1744-1134_PDFB1_10CM_efac": 0.706045821699668,
    "J1744-1134_PDFB1_10CM_log10_tnequad": -9.994486183206659,
    "J1744-1134_PDFB1_20CM_efac": 1.0084003681933889,
    "J1744-1134_PDFB1_20CM_log10_tnequad": -9.995303811256282,
    "J1744-1134_PDFB1_early_20CM_efac": 0.9182970317502094,
    "J1744-1134_PDFB1_early_20CM_log10_tnequad": -9.995076720281178,
    "J1744-1134_PDFB_10CM_efac": 0.9127575786489256,
    "J1744-1134_PDFB_10CM_log10_tnequad": -9.9945068408232,
    "J1744-1134_PDFB_20CM_efac": 0.954094796529337,
    "J1744-1134_PDFB_20CM_log10_tnequad": -9.993723442881668,
    "J1744-1134_PDFB_40CM_efac": 0.9766339425056364,
    "J1744-1134_PDFB_40CM_log10_tnequad": -9.995158986173296,
    "J1744-1134_UWL_CASPSR_40CM_efac": 0.44945857558736363,
    "J1744-1134_UWL_CASPSR_40CM_log10_tnequad": -9.99213428612263,
    "J1744-1134_UWL_PDFB4_20CM_efac": 0.788142639609308,
    "J1744-1134_UWL_PDFB4_20CM_log10_tnequad": -9.995578489603599,
    "J1744-1134_UWL_sbA_efac": 1.0076998427443555,
    "J1744-1134_UWL_sbA_log10_tnequad": -9.995412505052721,
    "J1744-1134_UWL_sbB_efac": 1.0030772742556326,
    "J1744-1134_UWL_sbB_log10_tnequad": -9.995495401802698,
    "J1744-1134_UWL_sbC_efac": 0.9635721554371266,
    "J1744-1134_UWL_sbC_log10_tnequad": -9.994047149545183,
    "J1744-1134_UWL_sbD_efac": 0.9763093600359274,
    "J1744-1134_UWL_sbD_log10_tnequad": -9.991426919993113,
    "J1744-1134_UWL_sbE_efac": 0.9410409443900958,
    "J1744-1134_UWL_sbE_log10_tnequad": -9.995040431079495,
    "J1744-1134_UWL_sbF_efac": 0.9353341525531917,
    "J1744-1134_UWL_sbF_log10_tnequad": -9.995393159830385,
    "J1744-1134_UWL_sbG_efac": 0.9182015317870803,
    "J1744-1134_UWL_sbG_log10_tnequad": -9.994769164579244,
    "J1744-1134_UWL_sbH_efac": 1.032229629353014,
    "J1744-1134_UWL_sbH_log10_tnequad": -9.994685203290592,
    "J1744-1134_WBCORR_10CM_efac": 0.9615438867873692,
    "J1744-1134_WBCORR_10CM_log10_tnequad": -9.993707301615732,
    "J1744-1134_basis_ecorr_10CM_log10_ecorr": -9.995154094807951,
    "J1744-1134_basis_ecorr_10CM_uwl_log10_ecorr": -9.99260009067818,
    "J1744-1134_basis_ecorr_20CM_log10_ecorr": -9.991469271390576,
    "J1744-1134_basis_ecorr_20CM_uwl_log10_ecorr": -9.995975481972911,
    "J1744-1134_basis_ecorr_40CM_log10_ecorr": -9.90716956180201,
    "J1744-1134_basis_ecorr_40CM_uwl_log10_ecorr": -9.995493481578594,
    "J1744-1134_basis_ecorr_all_dr2_log10_ecorr": -9.984074196387148,
    "J1744-1134_basis_ecorr_all_uwl_log10_ecorr": -6.933130783350502,
    "J1744-1134_dm_gp_gamma": 1.7807429275058362,
    "J1744-1134_dm_gp_log10_A": -15.572446244769742,
    "J1744-1134_gp_sw_gamma": 0.32372576014416393,
    "J1744-1134_gp_sw_log10_A": -7.7269826497460405,
    "J1744-1134_hf_noise_gamma": 0.012883569492044278,
    "J1744-1134_hf_noise_log10_A": -19.971412916052365,
    "J1744-1134_red_noise_gamma": 0.012322947667243627,
    "J1744-1134_red_noise_log10_A": -19.98730330568871,
    "n_earth": 3.6206703477219886,
    "nmodel": -0.49849358977063885
}