{
    "J1744-1134_CASPSR_40CM_efac": 1.5443222069284122,
    "J1744-1134_CASPSR_40CM_log10_tnequad": -6.4973290355703694,
    "J1744-1134_CPSR2_20CM_efac": 1.509146925873139,
    "J1744-1134_CPSR2_20CM_log10_tnequad": -5.807960713659934,
    "J1744-1134_CPSR2_50CM_efac": 1.3136096194718159,
    "J1744-1134_CPSR2_50CM_log10_tnequad": -6.23791513477696,
    "J1744-1134_PDFB1_10CM_efac": 1.5362094965568112,
    "J1744-1134_PDFB1_10CM_log10_tnequad": -5.7824121415869625,
    "J1744-1134_PDFB1_20CM_efac": 1.5204842091279374,
    "J1744-1134_PDFB1_20CM_log10_tnequad": -6.7543942316756675,
    "J1744-1134_PDFB1_early_20CM_efac": 1.806403322902401,
    "J1744-1134_PDFB1_early_20CM_log10_tnequad": -6.274007456490482,
    "J1744-1134_PDFB_10CM_efac": 1.0795835131954261,
    "J1744-1134_PDFB_10CM_log10_tnequad": -6.563317127681363,
    "J1744-1134_PDFB_20CM_efac": 1.1093961033616686,
    "J1744-1134_PDFB_20CM_log10_tnequad": -7.011981574521987,
    "J1744-1134_PDFB_40CM_efac": 1.228967905336732,
    "J1744-1134_PDFB_40CM_log10_tnequad": -6.624121757344784,
    "J1744-1134_UWL_CASPSR_40CM_efac": 1.4476724884068883,
    "J1744-1134_UWL_CASPSR_40CM_log10_tnequad": -5.874893458902506,
    "J1744-1134_UWL_PDFB4_20CM_efac": 1.292625970585643,
    "J1744-1134_UWL_PDFB4_20CM_log10_tnequad": -6.896830385035792,
    "J1744-1134_UWL_sbA_efac": 1.4441565694953975,
    "J1744-1134_UWL_sbA_log10_tnequad": -6.457764939792029,
    "J1744-1134_UWL_sbB_efac": 1.3144171956063957,
    "J1744-1134_UWL_sbB_log10_tnequad": -6.837453520823468,
    "J1744-1134_UWL_sbC_efac": 1.284845905240487,
    "J1744-1134_UWL_sbC_log10_tnequad": -6.649648966586284,
    "J1744-1134_UWL_sbD_efac": 1.2973557610785713,
    "J1744-1134_UWL_sbD_log10_tnequad": -6.900128634273395,
    "J1744-1134_UWL_sbE_efac": 1.2751176691578416,
    "J1744-1134_UWL_sbE_log10_tnequad": -6.8243163000252585,
    "J1744-1134_UWL_sbF_efac": 1.2009771970394343,
    "J1744-1134_UWL_sbF_log10_tnequad": -6.980678529844003,
    "J1744-1134_UWL_sbG_efac": 1.2581158481714434,
    "J1744-1134_UWL_sbG_log10_tnequad": -6.550272762866934,
    "J1744-1134_UWL_sbH_efac": 1.3327707206549029,
    "J1744-1134_UWL_sbH_log10_tnequad": -6.5359055276825115,
    "J1744-1134_WBCORR_10CM_efac": 1.5827051336655793,
    "J1744-1134_WBCORR_10CM_log10_tnequad": -5.8680972396901545,
    "J1744-1134_basis_ecorr_10CM_log10_ecorr": -6.600412193258493,
    "J1744-1134_basis_ecorr_10CM_uwl_log10_ecorr": -6.5921194960908895,
    "J1744-1134_basis_ecorr_20CM_log10_ecorr": -6.5552782852858815,
    "J1744-1134_basis_ecorr_20CM_uwl_log10_ecorr": -7.031940179184136,
    "J1744-1134_basis_ecorr_40CM_log10_ecorr": -6.305169830913272,
    "J1744-1134_basis_ecorr_40CM_uwl_log10_ecorr": -6.854649289422414,
    "J1744-1134_basis_ecorr_all_dr2_log10_ecorr": -6.551155281275041,
    "J1744-1134_basis_ecorr_all_uwl_log10_ecorr": -6.581123112756519,
    "J1744-1134_dm_gp_gamma": 6.464240996528891,
    "J1744-1134_dm_gp_log10_A": -13.71958483787,
    "J1744-1134_gp_sw_gamma": 3.924161848633963,
    "J1744-1134_gp_sw_log10_A": -6.321566101861374,
    "J1744-1134_hf_noise_gamma": 6.949197866430119,
    "J1744-1134_hf_noise_log10_A": -13.401088693326093,
    "J1744-1134_red_noise_gamma": 6.976866005244201,
    "J1744-1134_red_noise_log10_A": -13.327207877370864,
    "n_earth": 6.5275732399607325,
    "nmodel": 0.49850588209918245
}