{
    "J1741+1351_UWL_sbB_efac": 2.421902367624078,
    "J1741+1351_UWL_sbB_log10_tnequad": -5.641811126853043,
    "J1741+1351_UWL_sbC_efac": 2.028352684135038,
    "J1741+1351_UWL_sbC_log10_tnequad": -5.745266987873657,
    "J1741+1351_UWL_sbD_efac": 2.0507594900759436,
    "J1741+1351_UWL_sbD_log10_tnequad": -5.9995015101813385,
    "J1741+1351_UWL_sbE_efac": 1.768907970746021,
    "J1741+1351_UWL_sbE_log10_tnequad": -5.782920215223839,
    "J1741+1351_basis_ecorr_20CM_uwl_log10_ecorr": -5.448205713819458,
    "J1741+1351_basis_ecorr_40CM_uwl_log10_ecorr": -5.358400496288987,
    "J1741+1351_basis_ecorr_all_uwl_log10_ecorr": -5.007465619613955,
    "J1741+1351_dm_gp_gamma": 6.988712127598412,
    "J1741+1351_dm_gp_log10_A": -12.505794219653708,
    "J1741+1351_gp_sw_gamma": 3.9880046239193607,
    "J1741+1351_gp_sw_log10_A": -4.680901675730608,
    "J1741+1351_red_noise_gamma": 6.989287162684395,
    "J1741+1351_red_noise_log10_A": -11.013441078898063,
    "n_earth": 19.96190566480424,
    "nmodel": 0.49851427374299084
}