{
    "J1824-2452A_CASPSR_40CM_efac": 0.5682273327113156,
    "J1824-2452A_CASPSR_40CM_log10_tnequad": -9.993921470405581,
    "J1824-2452A_CPSR2_20CM_efac": 0.407671506485681,
    "J1824-2452A_CPSR2_20CM_log10_tnequad": -9.994112848752412,
    "J1824-2452A_CPSR2_50CM_efac": 1.0980460358381745,
    "J1824-2452A_CPSR2_50CM_log10_tnequad": -9.993933717309806,
    "J1824-2452A_PDFB1_20CM_efac": 0.029268218586939402,
    "J1824-2452A_PDFB1_20CM_log10_tnequad": -9.992690425096766,
    "J1824-2452A_PDFB_10CM_efac": 0.6202249606501645,
    "J1824-2452A_PDFB_10CM_log10_tnequad": -9.9941227647626,
    "J1824-2452A_PDFB_20CM_efac": 0.9179983347937959,
    "J1824-2452A_PDFB_20CM_log10_tnequad": -9.995423163765512,
    "J1824-2452A_UWL_sbA_efac": 0.03221600046896952,
    "J1824-2452A_UWL_sbA_log10_tnequad": -9.990584356266963,
    "J1824-2452A_UWL_sbB_efac": 0.8813038998885852,
    "J1824-2452A_UWL_sbB_log10_tnequad": -9.994440481184006,
    "J1824-2452A_UWL_sbC_efac": 0.5820411776152189,
    "J1824-2452A_UWL_sbC_log10_tnequad": -9.994461048841702,
    "J1824-2452A_UWL_sbD_efac": 0.02179073297812584,
    "J1824-2452A_UWL_sbD_log10_tnequad": -9.99178802577468,
    "J1824-2452A_UWL_sbE_efac": 0.29346445920608466,
    "J1824-2452A_UWL_sbE_log10_tnequad": -9.993915264622947,
    "J1824-2452A_UWL_sbF_efac": 0.04249513483859674,
    "J1824-2452A_UWL_sbF_log10_tnequad": -9.994269818023808,
    "J1824-2452A_basis_ecorr_10CM_log10_ecorr": -9.993305661767193,
    "J1824-2452A_basis_ecorr_20CM_log10_ecorr": -9.991784196515585,
    "J1824-2452A_basis_ecorr_20CM_uwl_log10_ecorr": -9.994082329185565,
    "J1824-2452A_basis_ecorr_40CM_log10_ecorr": -9.796340060107267,
    "J1824-2452A_basis_ecorr_40CM_uwl_log10_ecorr": -9.988565991699135,
    "J1824-2452A_basis_ecorr_all_dr2_log10_ecorr": -9.976663405674206,
    "J1824-2452A_basis_ecorr_all_uwl_log10_ecorr": -9.994303964890022,
    "J1824-2452A_dm_gp_gamma": 2.1065858646894946,
    "J1824-2452A_dm_gp_log10_A": -12.559349047181197,
    "J1824-2452A_gp_sw_gamma": -3.9831957306568144,
    "J1824-2452A_gp_sw_log10_A": -9.995980475218154,
    "J1824-2452A_red_noise_gamma": 3.7623495743146105,
    "J1824-2452A_red_noise_log10_A": -13.694282088432876,
    "n_earth": 5.612754577557394,
    "nmodel": -0.4984942530767142
}