{
    "J1824-2452A_CASPSR_40CM_efac": 2.49031939812836,
    "J1824-2452A_CASPSR_40CM_log10_tnequad": -5.641012955423122,
    "J1824-2452A_CPSR2_20CM_efac": 1.2032577405212683,
    "J1824-2452A_CPSR2_20CM_log10_tnequad": -6.0363741118429335,
    "J1824-2452A_CPSR2_50CM_efac": 1.729775092078938,
    "J1824-2452A_CPSR2_50CM_log10_tnequad": -5.840802502625283,
    "J1824-2452A_PDFB1_20CM_efac": 2.350042681268399,
    "J1824-2452A_PDFB1_20CM_log10_tnequad": -5.222573681117919,
    "J1824-2452A_PDFB_10CM_efac": 1.4915858298679465,
    "J1824-2452A_PDFB_10CM_log10_tnequad": -5.73714412636437,
    "J1824-2452A_PDFB_20CM_efac": 1.1326036959487258,
    "J1824-2452A_PDFB_20CM_log10_tnequad": -6.528429655167505,
    "J1824-2452A_UWL_sbA_efac": 3.4330853768017024,
    "J1824-2452A_UWL_sbA_log10_tnequad": -5.379526900292349,
    "J1824-2452A_UWL_sbB_efac": 2.003589348708005,
    "J1824-2452A_UWL_sbB_log10_tnequad": -6.112403342486822,
    "J1824-2452A_UWL_sbC_efac": 1.7490453329614222,
    "J1824-2452A_UWL_sbC_log10_tnequad": -6.019911824387135,
    "J1824-2452A_UWL_sbD_efac": 2.2456973748824725,
    "J1824-2452A_UWL_sbD_log10_tnequad": -6.014994130438745,
    "J1824-2452A_UWL_sbE_efac": 1.4722765635330153,
    "J1824-2452A_UWL_sbE_log10_tnequad": -6.204903574750216,
    "J1824-2452A_UWL_sbF_efac": 1.585201759264677,
    "J1824-2452A_UWL_sbF_log10_tnequad": -6.100015254244173,
    "J1824-2452A_basis_ecorr_10CM_log10_ecorr": -5.813995523178272,
    "J1824-2452A_basis_ecorr_20CM_log10_ecorr": -5.967610281949057,
    "J1824-2452A_basis_ecorr_20CM_uwl_log10_ecorr": -5.951462506125416,
    "J1824-2452A_basis_ecorr_40CM_log10_ecorr": -5.316035095255044,
    "J1824-2452A_basis_ecorr_40CM_uwl_log10_ecorr": -5.689252323323032,
    "J1824-2452A_basis_ecorr_all_dr2_log10_ecorr": -5.94793865480212,
    "J1824-2452A_basis_ecorr_all_uwl_log10_ecorr": -5.8508369212663425,
    "J1824-2452A_dm_gp_gamma": 3.3137810331641915,
    "J1824-2452A_dm_gp_log10_A": -12.29971335991376,
    "J1824-2452A_gp_sw_gamma": 3.982417905395384,
    "J1824-2452A_gp_sw_log10_A": -6.3684820586856405,
    "J1824-2452A_red_noise_gamma": 6.948620152050965,
    "J1824-2452A_red_noise_log10_A": -12.584702593010384,
    "n_earth": 10.269438667530727,
    "nmodel": 0.49851911018583656
}