{
    "J1832-0836_PDFB_10CM_efac": 1.6675865837152792,
    "J1832-0836_PDFB_10CM_log10_tnequad": -5.847843220470163,
    "J1832-0836_PDFB_20CM_efac": 1.1405796387502758,
    "J1832-0836_PDFB_20CM_log10_tnequad": -5.93029010219815,
    "J1832-0836_UWL_sbD_efac": 1.5020679132998072,
    "J1832-0836_UWL_sbD_log10_tnequad": -5.894873408968601,
    "J1832-0836_UWL_sbE_efac": 1.3976567847483132,
    "J1832-0836_UWL_sbE_log10_tnequad": -5.981170627106442,
    "J1832-0836_UWL_sbF_efac": 1.6294578102582025,
    "J1832-0836_UWL_sbF_log10_tnequad": -6.093566153654255,
    "J1832-0836_UWL_sbH_efac": 1.9765317027575238,
    "J1832-0836_UWL_sbH_log10_tnequad": -5.910503815486516,
    "J1832-0836_basis_ecorr_10CM_log10_ecorr": -6.006662201314814,
    "J1832-0836_basis_ecorr_10CM_uwl_log10_ecorr": -5.860400224652174,
    "J1832-0836_basis_ecorr_20CM_log10_ecorr": -6.298171581405289,
    "J1832-0836_basis_ecorr_20CM_uwl_log10_ecorr": -6.226075467509281,
    "J1832-0836_basis_ecorr_all_dr2_log10_ecorr": -6.343406893565293,
    "J1832-0836_basis_ecorr_all_uwl_log10_ecorr": -6.277236493758148,
    "J1832-0836_dm_gp_gamma": 6.979001647792966,
    "J1832-0836_dm_gp_log10_A": -12.771859334288457,
    "J1832-0836_gp_sw_gamma": 3.9891056477515723,
    "J1832-0836_gp_sw_log10_A": -5.604609161181608,
    "J1832-0836_red_noise_gamma": 6.986388709757267,
    "J1832-0836_red_noise_log10_A": -12.981873478164655,
    "n_earth": 12.645393053365556,
    "nmodel": 0.4984973480524538
}