{
    "J1832-0836_PDFB_10CM_efac": 0.02219077529811051,
    "J1832-0836_PDFB_10CM_log10_tnequad": -9.99230043286513,
    "J1832-0836_PDFB_20CM_efac": 0.14671677433890043,
    "J1832-0836_PDFB_20CM_log10_tnequad": -9.991312510076757,
    "J1832-0836_UWL_sbD_efac": 0.04125215427681304,
    "J1832-0836_UWL_sbD_log10_tnequad": -9.993573809353022,
    "J1832-0836_UWL_sbE_efac": 0.0981207174513349,
    "J1832-0836_UWL_sbE_log10_tnequad": -9.99383823347575,
    "J1832-0836_UWL_sbF_efac": 0.6832867779142117,
    "J1832-0836_UWL_sbF_log10_tnequad": -9.994722951331552,
    "J1832-0836_UWL_sbH_efac": 0.1096018601916417,
    "J1832-0836_UWL_sbH_log10_tnequad": -9.993836035197612,
    "J1832-0836_basis_ecorr_10CM_log10_ecorr": -9.99462323645311,
    "J1832-0836_basis_ecorr_10CM_uwl_log10_ecorr": -9.994106832058305,
    "J1832-0836_basis_ecorr_20CM_log10_ecorr": -9.994689290732953,
    "J1832-0836_basis_ecorr_20CM_uwl_log10_ecorr": -9.994953679013207,
    "J1832-0836_basis_ecorr_all_dr2_log10_ecorr": -9.994812027174959,
    "J1832-0836_basis_ecorr_all_uwl_log10_ecorr": -9.995028436577813,
    "J1832-0836_dm_gp_gamma": 2.2345470426490763,
    "J1832-0836_dm_gp_log10_A": -14.459618313752683,
    "J1832-0836_gp_sw_gamma": -3.979628528195301,
    "J1832-0836_gp_sw_log10_A": -9.994390922043884,
    "J1832-0836_red_noise_gamma": 0.009233434517562533,
    "J1832-0836_red_noise_log10_A": -19.99077803957254,
    "n_earth": 0.005326508501848848,
    "nmodel": -0.49849614235083517
}