{
    "J1857+0943_CASPSR_40CM_efac": 1.2271674750055857,
    "J1857+0943_CASPSR_40CM_log10_tnequad": -5.830043962571415,
    "J1857+0943_CPSR2_20CM_efac": 1.2153654367203275,
    "J1857+0943_CPSR2_20CM_log10_tnequad": -5.614364675118415,
    "J1857+0943_CPSR2_50CM_efac": 1.2314275974895321,
    "J1857+0943_CPSR2_50CM_log10_tnequad": -5.559770705288261,
    "J1857+0943_PDFB1_20CM_efac": 1.3703846532143695,
    "J1857+0943_PDFB1_20CM_log10_tnequad": -5.665074658402165,
    "J1857+0943_PDFB_10CM_efac": 1.2590245935017454,
    "J1857+0943_PDFB_10CM_log10_tnequad": -5.966004602516089,
    "J1857+0943_PDFB_20CM_efac": 1.1392639600589287,
    "J1857+0943_PDFB_20CM_log10_tnequad": -6.354980305573413,
    "J1857+0943_PDFB_40CM_efac": 1.215631533959091,
    "J1857+0943_PDFB_40CM_log10_tnequad": -5.712116500682351,
    "J1857+0943_UWL_sbA_efac": 1.5719434819781437,
    "J1857+0943_UWL_sbA_log10_tnequad": -5.317551781404873,
    "J1857+0943_UWL_sbB_efac": 1.3916988853285661,
    "J1857+0943_UWL_sbB_log10_tnequad": -5.629418346745848,
    "J1857+0943_UWL_sbC_efac": 1.615338937406162,
    "J1857+0943_UWL_sbC_log10_tnequad": -5.484785023207413,
    "J1857+0943_UWL_sbD_efac": 1.1303881050397326,
    "J1857+0943_UWL_sbD_log10_tnequad": -5.994703868909433,
    "J1857+0943_UWL_sbE_efac": 1.4730081105544235,
    "J1857+0943_UWL_sbE_log10_tnequad": -5.950646889654667,
    "J1857+0943_UWL_sbF_efac": 1.1016045582604344,
    "J1857+0943_UWL_sbF_log10_tnequad": -6.07177287283765,
    "J1857+0943_UWL_sbG_efac": 1.5284771018379544,
    "J1857+0943_UWL_sbG_log10_tnequad": -6.060884996351726,
    "J1857+0943_UWL_sbH_efac": 1.509807953072671,
    "J1857+0943_UWL_sbH_log10_tnequad": -6.101696873054098,
    "J1857+0943_WBCORR_10CM_efac": 1.6600538718170206,
    "J1857+0943_WBCORR_10CM_log10_tnequad": -5.46022853435073,
    "J1857+0943_basis_ecorr_10CM_log10_ecorr": -6.016385018279988,
    "J1857+0943_basis_ecorr_10CM_uwl_log10_ecorr": -6.182851862368335,
    "J1857+0943_basis_ecorr_20CM_log10_ecorr": -6.198676381107228,
    "J1857+0943_basis_ecorr_20CM_uwl_log10_ecorr": -6.402470878725734,
    "J1857+0943_basis_ecorr_40CM_log10_ecorr": -6.064998489663009,
    "J1857+0943_basis_ecorr_40CM_uwl_log10_ecorr": -5.951020785197123,
    "J1857+0943_basis_ecorr_all_dr2_log10_ecorr": -6.2270258174683715,
    "J1857+0943_basis_ecorr_all_uwl_log10_ecorr": -6.320944936101118,
    "J1857+0943_dm_gp_gamma": 4.173530366876349,
    "J1857+0943_dm_gp_log10_A": -13.04471369159488,
    "J1857+0943_gp_sw_gamma": 3.984128664805576,
    "J1857+0943_gp_sw_log10_A": -6.0525570877846695,
    "J1857+0943_red_noise_gamma": 6.993426398301796,
    "J1857+0943_red_noise_log10_A": -13.082361924049929,
    "n_earth": 19.574294414996853,
    "nmodel": 0.4985031820384279
}