{
    "J1857+0943_CASPSR_40CM_efac": 0.7722591484617329,
    "J1857+0943_CASPSR_40CM_log10_tnequad": -9.994050938316567,
    "J1857+0943_CPSR2_20CM_efac": 0.7482014120924705,
    "J1857+0943_CPSR2_20CM_log10_tnequad": -8.915060343035165,
    "J1857+0943_CPSR2_50CM_efac": 0.8750479498556881,
    "J1857+0943_CPSR2_50CM_log10_tnequad": -9.993337813031363,
    "J1857+0943_PDFB1_20CM_efac": 0.5594961613719761,
    "J1857+0943_PDFB1_20CM_log10_tnequad": -9.991332591382488,
    "J1857+0943_PDFB_10CM_efac": 0.9726266978369267,
    "J1857+0943_PDFB_10CM_log10_tnequad": -9.99391669653447,
    "J1857+0943_PDFB_20CM_efac": 0.9584454392336303,
    "J1857+0943_PDFB_20CM_log10_tnequad": -9.995000927380413,
    "J1857+0943_PDFB_40CM_efac": 0.951980591911931,
    "J1857+0943_PDFB_40CM_log10_tnequad": -9.994115130983468,
    "J1857+0943_UWL_sbA_efac": 0.7358645437515716,
    "J1857+0943_UWL_sbA_log10_tnequad": -9.993355221186397,
    "J1857+0943_UWL_sbB_efac": 0.8143788442286596,
    "J1857+0943_UWL_sbB_log10_tnequad": -9.993509128415802,
    "J1857+0943_UWL_sbC_efac": 0.9107151028695527,
    "J1857+0943_UWL_sbC_log10_tnequad": -9.993624463555209,
    "J1857+0943_UWL_sbD_efac": 0.6590344702377363,
    "J1857+0943_UWL_sbD_log10_tnequad": -9.994268536410392,
    "J1857+0943_UWL_sbE_efac": 0.9145888914667313,
    "J1857+0943_UWL_sbE_log10_tnequad": -9.99352303704031,
    "J1857+0943_UWL_sbF_efac": 0.6006947356865892,
    "J1857+0943_UWL_sbF_log10_tnequad": -9.992952652764128,
    "J1857+0943_UWL_sbG_efac": 0.8736474461766459,
    "J1857+0943_UWL_sbG_log10_tnequad": -9.994351173401663,
    "J1857+0943_UWL_sbH_efac": 0.8594152847793342,
    "J1857+0943_UWL_sbH_log10_tnequad": -9.994475164740312,
    "J1857+0943_WBCORR_10CM_efac": 0.5297019478783038,
    "J1857+0943_WBCORR_10CM_log10_tnequad": -9.994043688188675,
    "J1857+0943_basis_ecorr_10CM_log10_ecorr": -9.993572249643385,
    "J1857+0943_basis_ecorr_10CM_uwl_log10_ecorr": -9.994902103412867,
    "J1857+0943_basis_ecorr_20CM_log10_ecorr": -9.991772081485118,
    "J1857+0943_basis_ecorr_20CM_uwl_log10_ecorr": -9.9950761136057,
    "J1857+0943_basis_ecorr_40CM_log10_ecorr": -9.994707616823591,
    "J1857+0943_basis_ecorr_40CM_uwl_log10_ecorr": -9.994531242677384,
    "J1857+0943_basis_ecorr_all_dr2_log10_ecorr": -9.991800428560927,
    "J1857+0943_basis_ecorr_all_uwl_log10_ecorr": -9.994693024994524,
    "J1857+0943_dm_gp_gamma": 1.4221936963951944,
    "J1857+0943_dm_gp_log10_A": -13.889072197051409,
    "J1857+0943_gp_sw_gamma": -3.9836181691805184,
    "J1857+0943_gp_sw_log10_A": -9.99521207424029,
    "J1857+0943_red_noise_gamma": 1.3733872598892705,
    "J1857+0943_red_noise_log10_A": -16.326729272613836,
    "n_earth": 0.06178616921948382,
    "nmodel": -0.49847962963191494
}