{
    "J1909-3744_CASPSR_40CM_efac": 0.7114339488751934,
    "J1909-3744_CASPSR_40CM_log10_tnequad": -8.749949354105713,
    "J1909-3744_CPSR2_20CM_efac": 1.0015384166176688,
    "J1909-3744_CPSR2_20CM_log10_tnequad": -9.994979742442242,
    "J1909-3744_CPSR2_50CM_efac": 0.5013486803852816,
    "J1909-3744_CPSR2_50CM_log10_tnequad": -9.994360979412408,
    "J1909-3744_PDFB1_10CM_efac": 0.20827801320044723,
    "J1909-3744_PDFB1_10CM_log10_tnequad": -9.994561202350942,
    "J1909-3744_PDFB1_1433_efac": 0.3588804424415004,
    "J1909-3744_PDFB1_1433_log10_tnequad": -9.993669774333169,
    "J1909-3744_PDFB1_20CM_efac": 0.8649407941794062,
    "J1909-3744_PDFB1_20CM_log10_tnequad": -9.99523816706205,
    "J1909-3744_PDFB1_early_20CM_efac": 0.5821106718827027,
    "J1909-3744_PDFB1_early_20CM_log10_tnequad": -9.996226003219453,
    "J1909-3744_PDFB_10CM_efac": 0.9314003777193336,
    "J1909-3744_PDFB_10CM_log10_tnequad": -9.995706643517305,
    "J1909-3744_PDFB_20CM_efac": 1.0190102422139211,
    "J1909-3744_PDFB_20CM_log10_tnequad": -9.9954425708739,
    "J1909-3744_PDFB_40CM_efac": 0.7244477455549326,
    "J1909-3744_PDFB_40CM_log10_tnequad": -9.995816273557944,
    "J1909-3744_UWL_CASPSR_20CM_efac": 0.18745552298547247,
    "J1909-3744_UWL_CASPSR_20CM_log10_tnequad": -9.994379168748978,
    "J1909-3744_UWL_CASPSR_40CM_efac": 0.014344849653664813,
    "J1909-3744_UWL_CASPSR_40CM_log10_tnequad": -9.986320192516603,
    "J1909-3744_UWL_PDFB4_10CM_efac": 0.8676492516280874,
    "J1909-3744_UWL_PDFB4_10CM_log10_tnequad": -9.99543908769716,
    "J1909-3744_UWL_PDFB4_20CM_efac": 0.8500432326859507,
    "J1909-3744_UWL_PDFB4_20CM_log10_tnequad": -9.982790217360288,
    "J1909-3744_UWL_sbA_efac": 0.7304477833195056,
    "J1909-3744_UWL_sbA_log10_tnequad": -9.986038349775804,
    "J1909-3744_UWL_sbB_efac": 0.6669787395776996,
    "J1909-3744_UWL_sbB_log10_tnequad": -9.933526410625403,
    "J1909-3744_UWL_sbC_efac": 0.41150678433355176,
    "J1909-3744_UWL_sbC_log10_tnequad": -9.996233757067602,
    "J1909-3744_UWL_sbD_efac": 0.954890382807162,
    "J1909-3744_UWL_sbD_log10_tnequad": -7.315390206375143,
    "J1909-3744_UWL_sbE_efac": 0.9784024475385588,
    "J1909-3744_UWL_sbE_log10_tnequad": -9.994670594228367,
    "J1909-3744_UWL_sbF_efac": 1.0223821033501082,
    "J1909-3744_UWL_sbF_log10_tnequad": -9.9952901976201,
    "J1909-3744_UWL_sbG_efac": 0.5599258591425037,
    "J1909-3744_UWL_sbG_log10_tnequad": -7.748950323740659,
    "J1909-3744_UWL_sbH_efac": 0.8666655640348319,
    "J1909-3744_UWL_sbH_log10_tnequad": -9.922589169936876,
    "J1909-3744_WBCORR_10CM_efac": 0.0895188550448339,
    "J1909-3744_WBCORR_10CM_log10_tnequad": -9.991375178748218,
    "J1909-3744_band_noise_low_gamma": 0.003185583829293462,
    "J1909-3744_band_noise_low_log10_A": -19.92022039461275,
    "J1909-3744_basis_ecorr_10CM_log10_ecorr": -9.994461296142145,
    "J1909-3744_basis_ecorr_10CM_uwl_log10_ecorr": -9.996697684849698,
    "J1909-3744_basis_ecorr_20CM_log10_ecorr": -9.98123366661819,
    "J1909-3744_basis_ecorr_20CM_uwl_log10_ecorr": -9.996539100472196,
    "J1909-3744_basis_ecorr_40CM_log10_ecorr": -9.994521998213418,
    "J1909-3744_basis_ecorr_40CM_uwl_log10_ecorr": -9.861970977582034,
    "J1909-3744_basis_ecorr_CASPSR_40CM_log10_ecorr": -9.995664790488272,
    "J1909-3744_basis_ecorr_CPSR2_50CM_log10_ecorr": -9.994277088153298,
    "J1909-3744_basis_ecorr_PDFB1_1433_log10_ecorr": -9.939633180017717,
    "J1909-3744_basis_ecorr_PDFB1_early_20CM_log10_ecorr": -9.706293778336246,
    "J1909-3744_basis_ecorr_all_dr2_log10_ecorr": -9.982600219482617,
    "J1909-3744_basis_ecorr_all_uwl_log10_ecorr": -7.479632557456499,
    "J1909-3744_dm_gp_gamma": 1.6013816849473828,
    "J1909-3744_dm_gp_log10_A": -13.762525183594855,
    "J1909-3744_gp_sw_gamma": -1.547169557110365,
    "J1909-3744_gp_sw_log10_A": -7.3712396184694,
    "J1909-3744_group_noise_CPSR2_50CM_gamma": 0.018788832518327858,
    "J1909-3744_group_noise_CPSR2_50CM_log10_A": -19.978440353655596,
    "J1909-3744_hf_noise_gamma": 0.0014704902285502062,
    "J1909-3744_hf_noise_log10_A": -19.957581089025673,
    "J1909-3744_red_noise_gamma": 0.0500344873677724,
    "J1909-3744_red_noise_log10_A": -19.959609587678727,
    "n_earth": 2.8893369662686963,
    "nmodel": -0.49844351739210824
}