{
    "J1902-5105_UWL_sbA_efac": 0.5955252681218621,
    "J1902-5105_UWL_sbA_log10_tnequad": -9.992181335114246,
    "J1902-5105_UWL_sbB_efac": 0.6608406995406451,
    "J1902-5105_UWL_sbB_log10_tnequad": -9.994903961379375,
    "J1902-5105_UWL_sbC_efac": 0.7201110230064661,
    "J1902-5105_UWL_sbC_log10_tnequad": -9.994223264247422,
    "J1902-5105_UWL_sbD_efac": 0.6537039069209915,
    "J1902-5105_UWL_sbD_log10_tnequad": -9.994125230883782,
    "J1902-5105_UWL_sbE_efac": 0.7689571848754422,
    "J1902-5105_UWL_sbE_log10_tnequad": -9.994312850840728,
    "J1902-5105_UWL_sbF_efac": 0.07173942665931489,
    "J1902-5105_UWL_sbF_log10_tnequad": -9.993087533900113,
    "J1902-5105_basis_ecorr_20CM_uwl_log10_ecorr": -9.994160190409772,
    "J1902-5105_basis_ecorr_40CM_uwl_log10_ecorr": -9.993972101962264,
    "J1902-5105_basis_ecorr_all_uwl_log10_ecorr": -9.99433452422917,
    "J1902-5105_dm_gp_gamma": 0.005043238253269125,
    "J1902-5105_dm_gp_log10_A": -19.871426246777723,
    "J1902-5105_gp_sw_gamma": -3.983743047901395,
    "J1902-5105_gp_sw_log10_A": -9.992474891527817,
    "J1902-5105_red_noise_gamma": 0.010215307586059708,
    "J1902-5105_red_noise_log10_A": -19.987969425668357,
    "n_earth": 0.011713790191488549,
    "nmodel": -0.498468339070506
}