{
    "J1909-3744_CASPSR_40CM_efac": 1.2172247353898522,
    "J1909-3744_CASPSR_40CM_log10_tnequad": -6.61063129694841,
    "J1909-3744_CPSR2_20CM_efac": 1.1954347701271921,
    "J1909-3744_CPSR2_20CM_log10_tnequad": -7.3509354615963565,
    "J1909-3744_CPSR2_50CM_efac": 1.2970244921317438,
    "J1909-3744_CPSR2_50CM_log10_tnequad": -6.372568706422986,
    "J1909-3744_PDFB1_10CM_efac": 1.397300637476253,
    "J1909-3744_PDFB1_10CM_log10_tnequad": -6.519844040014538,
    "J1909-3744_PDFB1_1433_efac": 2.0752424004755032,
    "J1909-3744_PDFB1_1433_log10_tnequad": -6.437666356777598,
    "J1909-3744_PDFB1_20CM_efac": 1.187090828154888,
    "J1909-3744_PDFB1_20CM_log10_tnequad": -7.233599936542587,
    "J1909-3744_PDFB1_early_20CM_efac": 1.122728536465163,
    "J1909-3744_PDFB1_early_20CM_log10_tnequad": -7.177244012729349,
    "J1909-3744_PDFB_10CM_efac": 1.0833093147638237,
    "J1909-3744_PDFB_10CM_log10_tnequad": -7.320199744003592,
    "J1909-3744_PDFB_20CM_efac": 1.1581503858086672,
    "J1909-3744_PDFB_20CM_log10_tnequad": -7.5525282915769525,
    "J1909-3744_PDFB_40CM_efac": 1.1149856574866515,
    "J1909-3744_PDFB_40CM_log10_tnequad": -6.763745754246653,
    "J1909-3744_UWL_CASPSR_20CM_efac": 1.8189685497027228,
    "J1909-3744_UWL_CASPSR_20CM_log10_tnequad": -6.621795990946768,
    "J1909-3744_UWL_CASPSR_40CM_efac": 3.1415750845934167,
    "J1909-3744_UWL_CASPSR_40CM_log10_tnequad": -6.2309014403125325,
    "J1909-3744_UWL_PDFB4_10CM_efac": 1.3474506292177366,
    "J1909-3744_UWL_PDFB4_10CM_log10_tnequad": -7.07945044281159,
    "J1909-3744_UWL_PDFB4_20CM_efac": 1.4031044569038775,
    "J1909-3744_UWL_PDFB4_20CM_log10_tnequad": -7.056172862294998,
    "J1909-3744_UWL_sbA_efac": 1.630589941165186,
    "J1909-3744_UWL_sbA_log10_tnequad": -6.573250182209969,
    "J1909-3744_UWL_sbB_efac": 1.1758251528039265,
    "J1909-3744_UWL_sbB_log10_tnequad": -6.738978341193078,
    "J1909-3744_UWL_sbC_efac": 1.2470488751880553,
    "J1909-3744_UWL_sbC_log10_tnequad": -6.522973392039405,
    "J1909-3744_UWL_sbD_efac": 1.2700370610894423,
    "J1909-3744_UWL_sbD_log10_tnequad": -6.9593116971548366,
    "J1909-3744_UWL_sbE_efac": 1.2265508947365833,
    "J1909-3744_UWL_sbE_log10_tnequad": -7.39332565015704,
    "J1909-3744_UWL_sbF_efac": 1.280787073765142,
    "J1909-3744_UWL_sbF_log10_tnequad": -7.561576548166215,
    "J1909-3744_UWL_sbG_efac": 1.1397030099377625,
    "J1909-3744_UWL_sbG_log10_tnequad": -6.937904851825805,
    "J1909-3744_UWL_sbH_efac": 1.1350015555541126,
    "J1909-3744_UWL_sbH_log10_tnequad": -7.241476586011362,
    "J1909-3744_WBCORR_10CM_efac": 2.003858120984995,
    "J1909-3744_WBCORR_10CM_log10_tnequad": -6.342022798331426,
    "J1909-3744_band_noise_low_gamma": 6.890920762731482,
    "J1909-3744_band_noise_low_log10_A": -13.400582311876365,
    "J1909-3744_basis_ecorr_10CM_log10_ecorr": -7.273135032643134,
    "J1909-3744_basis_ecorr_10CM_uwl_log10_ecorr": -7.432216149384041,
    "J1909-3744_basis_ecorr_20CM_log10_ecorr": -7.148434582330351,
    "J1909-3744_basis_ecorr_20CM_uwl_log10_ecorr": -7.456272436363369,
    "J1909-3744_basis_ecorr_40CM_log10_ecorr": -6.90320308245288,
    "J1909-3744_basis_ecorr_40CM_uwl_log10_ecorr": -6.945849169492456,
    "J1909-3744_basis_ecorr_CASPSR_40CM_log10_ecorr": -7.094175685924369,
    "J1909-3744_basis_ecorr_CPSR2_50CM_log10_ecorr": -6.692733673997751,
    "J1909-3744_basis_ecorr_PDFB1_1433_log10_ecorr": -6.165785183869259,
    "J1909-3744_basis_ecorr_PDFB1_early_20CM_log10_ecorr": -6.503094325602426,
    "J1909-3744_basis_ecorr_all_dr2_log10_ecorr": -7.22126187645127,
    "J1909-3744_basis_ecorr_all_uwl_log10_ecorr": -7.192437651888642,
    "J1909-3744_dm_gp_gamma": 2.502145413646385,
    "J1909-3744_dm_gp_log10_A": -13.546161011017738,
    "J1909-3744_gp_sw_gamma": 2.5934966444172227,
    "J1909-3744_gp_sw_log10_A": -6.38429596946423,
    "J1909-3744_group_noise_CPSR2_50CM_gamma": 6.9791953693037865,
    "J1909-3744_group_noise_CPSR2_50CM_log10_A": -12.935765001562256,
    "J1909-3744_hf_noise_gamma": 6.927418951905923,
    "J1909-3744_hf_noise_log10_A": -14.003969216232363,
    "J1909-3744_red_noise_gamma": 6.933918814810592,
    "J1909-3744_red_noise_log10_A": -14.032844758804142,
    "n_earth": 5.3879444143885635,
    "nmodel": 0.49850785269794085
}