{
    "J1902-5105_UWL_sbA_efac": 1.6143469631892617,
    "J1902-5105_UWL_sbA_log10_tnequad": -5.723404100377161,
    "J1902-5105_UWL_sbB_efac": 1.1587317046352539,
    "J1902-5105_UWL_sbB_log10_tnequad": -6.146669660199005,
    "J1902-5105_UWL_sbC_efac": 1.4228204069768486,
    "J1902-5105_UWL_sbC_log10_tnequad": -5.9176726667006445,
    "J1902-5105_UWL_sbD_efac": 1.2490047198052385,
    "J1902-5105_UWL_sbD_log10_tnequad": -6.0089275031190335,
    "J1902-5105_UWL_sbE_efac": 1.2729379769864704,
    "J1902-5105_UWL_sbE_log10_tnequad": -5.855748935376152,
    "J1902-5105_UWL_sbF_efac": 1.7070015902612565,
    "J1902-5105_UWL_sbF_log10_tnequad": -5.494199944955964,
    "J1902-5105_basis_ecorr_20CM_uwl_log10_ecorr": -6.104619375587179,
    "J1902-5105_basis_ecorr_40CM_uwl_log10_ecorr": -6.013742877766273,
    "J1902-5105_basis_ecorr_all_uwl_log10_ecorr": -6.074939259532224,
    "J1902-5105_dm_gp_gamma": 6.953195076693552,
    "J1902-5105_dm_gp_log10_A": -12.582258095254666,
    "J1902-5105_gp_sw_gamma": 3.985717105327341,
    "J1902-5105_gp_sw_log10_A": -4.994957007754376,
    "J1902-5105_red_noise_gamma": 6.98830548301769,
    "J1902-5105_red_noise_log10_A": -12.021352609878257,
    "n_earth": 19.863175587658244,
    "nmodel": 0.49850307221834395
}