{
    "J1933-6211_UWL_sbA_efac": 0.7766729698029633,
    "J1933-6211_UWL_sbA_log10_tnequad": -9.993875348054905,
    "J1933-6211_UWL_sbB_efac": 0.8855080971902185,
    "J1933-6211_UWL_sbB_log10_tnequad": -9.99347385057354,
    "J1933-6211_UWL_sbC_efac": 0.8608219209652986,
    "J1933-6211_UWL_sbC_log10_tnequad": -9.99434419058974,
    "J1933-6211_UWL_sbD_efac": 0.8630995560055204,
    "J1933-6211_UWL_sbD_log10_tnequad": -9.994581513496193,
    "J1933-6211_UWL_sbE_efac": 0.8107741702590886,
    "J1933-6211_UWL_sbE_log10_tnequad": -9.993252693758107,
    "J1933-6211_UWL_sbF_efac": 0.8701034130009128,
    "J1933-6211_UWL_sbF_log10_tnequad": -9.994745306558096,
    "J1933-6211_UWL_sbG_efac": 0.6752101868175526,
    "J1933-6211_UWL_sbG_log10_tnequad": -9.9940776279883,
    "J1933-6211_UWL_sbH_efac": 0.5332117026144333,
    "J1933-6211_UWL_sbH_log10_tnequad": -9.99273281807347,
    "J1933-6211_basis_ecorr_10CM_uwl_log10_ecorr": -9.994328437820846,
    "J1933-6211_basis_ecorr_20CM_uwl_log10_ecorr": -9.993007890377442,
    "J1933-6211_basis_ecorr_40CM_uwl_log10_ecorr": -9.994159884567598,
    "J1933-6211_basis_ecorr_all_uwl_log10_ecorr": -9.967778250275916,
    "J1933-6211_dm_gp_gamma": 0.010024358823077634,
    "J1933-6211_dm_gp_log10_A": -19.99062345571531,
    "J1933-6211_gp_sw_gamma": -3.981411368379102,
    "J1933-6211_gp_sw_log10_A": -9.9942335558115,
    "J1933-6211_red_noise_gamma": 0.009667568909910162,
    "J1933-6211_red_noise_log10_A": -19.989099506193842,
    "n_earth": 0.01780314761500091,
    "nmodel": -0.49849377767177927
}