{
    "J1939+2134_CASPSR_40CM_efac": 2.0571219061825516,
    "J1939+2134_CASPSR_40CM_log10_tnequad": -6.789971490885429,
    "J1939+2134_CPSR2_20CM_efac": 1.3123163648937208,
    "J1939+2134_CPSR2_20CM_log10_tnequad": -6.952419033572743,
    "J1939+2134_CPSR2_50CM_efac": 2.1543728665605038,
    "J1939+2134_CPSR2_50CM_log10_tnequad": -7.007683414149304,
    "J1939+2134_PDFB_10CM_efac": 1.1045881470388061,
    "J1939+2134_PDFB_10CM_log10_tnequad": -6.880677591719763,
    "J1939+2134_PDFB_20CM_efac": 0.7196640448250351,
    "J1939+2134_PDFB_20CM_log10_tnequad": -6.531182294405999,
    "J1939+2134_UWL_sbA_efac": 3.7724453929876076,
    "J1939+2134_UWL_sbA_log10_tnequad": -6.428636257031655,
    "J1939+2134_UWL_sbB_efac": 2.521751522966032,
    "J1939+2134_UWL_sbB_log10_tnequad": -6.736545780796914,
    "J1939+2134_UWL_sbC_efac": 2.9162141782223885,
    "J1939+2134_UWL_sbC_log10_tnequad": -6.964647750885552,
    "J1939+2134_UWL_sbD_efac": 2.7326265974340727,
    "J1939+2134_UWL_sbD_log10_tnequad": -6.881200314999497,
    "J1939+2134_UWL_sbE_efac": 1.9989153870713656,
    "J1939+2134_UWL_sbE_log10_tnequad": -7.007168373598979,
    "J1939+2134_UWL_sbF_efac": 1.8857646657312455,
    "J1939+2134_UWL_sbF_log10_tnequad": -6.830088262951131,
    "J1939+2134_UWL_sbG_efac": 1.7295799355175274,
    "J1939+2134_UWL_sbG_log10_tnequad": -6.8387992076472734,
    "J1939+2134_UWL_sbH_efac": 1.9876011176715898,
    "J1939+2134_UWL_sbH_log10_tnequad": -6.713717433575171,
    "J1939+2134_band_noise_low_gamma": 6.979349118316271,
    "J1939+2134_band_noise_low_log10_A": -13.263433830931918,
    "J1939+2134_basis_ecorr_10CM_log10_ecorr": -7.069822751513469,
    "J1939+2134_basis_ecorr_10CM_uwl_log10_ecorr": -6.694157085327729,
    "J1939+2134_basis_ecorr_20CM_log10_ecorr": -6.962174299311043,
    "J1939+2134_basis_ecorr_20CM_uwl_log10_ecorr": -6.9499037368033845,
    "J1939+2134_basis_ecorr_40CM_log10_ecorr": -6.1717329362339655,
    "J1939+2134_basis_ecorr_40CM_uwl_log10_ecorr": -6.453497614236013,
    "J1939+2134_basis_ecorr_all_dr2_log10_ecorr": -7.062457061766439,
    "J1939+2134_basis_ecorr_all_uwl_log10_ecorr": -6.821937987797363,
    "J1939+2134_chrom_gp_gamma": 2.888426170501628,
    "J1939+2134_chrom_gp_log10_A": -13.571058328044636,
    "J1939+2134_dm_gp_gamma": 3.383755372068024,
    "J1939+2134_dm_gp_log10_A": -12.787484029476175,
    "J1939+2134_gp_sw_gamma": 3.989650805111575,
    "J1939+2134_gp_sw_log10_A": -5.584168429224621,
    "J1939+2134_red_noise_gamma": 6.997441256765337,
    "J1939+2134_red_noise_log10_A": -13.739815097683953,
    "n_earth": 19.85476091425924,
    "nmodel": 0.4984943965061419
}