{
    "J1939+2134_CASPSR_40CM_efac": 0.29512085329977267,
    "J1939+2134_CASPSR_40CM_log10_tnequad": -9.99565468686437,
    "J1939+2134_CPSR2_20CM_efac": 0.7855270633787472,
    "J1939+2134_CPSR2_20CM_log10_tnequad": -9.791838218108603,
    "J1939+2134_CPSR2_50CM_efac": 1.4593223606654897,
    "J1939+2134_CPSR2_50CM_log10_tnequad": -9.99581197318855,
    "J1939+2134_PDFB_10CM_efac": 0.8711043516911985,
    "J1939+2134_PDFB_10CM_log10_tnequad": -9.995496534449094,
    "J1939+2134_PDFB_20CM_efac": 0.014916034098201681,
    "J1939+2134_PDFB_20CM_log10_tnequad": -9.994508660863671,
    "J1939+2134_UWL_sbA_efac": 0.23090996194526725,
    "J1939+2134_UWL_sbA_log10_tnequad": -9.994023196570955,
    "J1939+2134_UWL_sbB_efac": 0.03542206901811146,
    "J1939+2134_UWL_sbB_log10_tnequad": -9.80263203848873,
    "J1939+2134_UWL_sbC_efac": 1.481974043378384,
    "J1939+2134_UWL_sbC_log10_tnequad": -9.99562354716529,
    "J1939+2134_UWL_sbD_efac": 0.11857203616090202,
    "J1939+2134_UWL_sbD_log10_tnequad": -9.991982927332458,
    "J1939+2134_UWL_sbE_efac": 0.6869046816120987,
    "J1939+2134_UWL_sbE_log10_tnequad": -9.995325109449112,
    "J1939+2134_UWL_sbF_efac": 0.07511665838052937,
    "J1939+2134_UWL_sbF_log10_tnequad": -9.884471805633215,
    "J1939+2134_UWL_sbG_efac": 0.6739613382602611,
    "J1939+2134_UWL_sbG_log10_tnequad": -9.995554235846734,
    "J1939+2134_UWL_sbH_efac": 0.6693528843188925,
    "J1939+2134_UWL_sbH_log10_tnequad": -9.995642450106779,
    "J1939+2134_band_noise_low_gamma": 0.0070590432170766215,
    "J1939+2134_band_noise_low_log10_A": -19.988782484507468,
    "J1939+2134_basis_ecorr_10CM_log10_ecorr": -9.995983468621484,
    "J1939+2134_basis_ecorr_10CM_uwl_log10_ecorr": -9.993516346182131,
    "J1939+2134_basis_ecorr_20CM_log10_ecorr": -9.984172259753759,
    "J1939+2134_basis_ecorr_20CM_uwl_log10_ecorr": -9.995278786110916,
    "J1939+2134_basis_ecorr_40CM_log10_ecorr": -6.491281628495646,
    "J1939+2134_basis_ecorr_40CM_uwl_log10_ecorr": -9.98374987987128,
    "J1939+2134_basis_ecorr_all_dr2_log10_ecorr": -9.994790008811858,
    "J1939+2134_basis_ecorr_all_uwl_log10_ecorr": -9.995043625333041,
    "J1939+2134_chrom_gp_gamma": 0.019047895560613117,
    "J1939+2134_chrom_gp_log10_A": -14.206680100141721,
    "J1939+2134_dm_gp_gamma": 2.310546275519045,
    "J1939+2134_dm_gp_log10_A": -13.042438336340284,
    "J1939+2134_gp_sw_gamma": -3.980433067055989,
    "J1939+2134_gp_sw_log10_A": -9.993872900748501,
    "J1939+2134_red_noise_gamma": 4.216429402856949,
    "J1939+2134_red_noise_log10_A": -15.142219497805673,
    "n_earth": 0.02633737566217076,
    "nmodel": -0.4985150912748011
}