{
    "J1933-6211_UWL_sbA_efac": 1.5505514267797413,
    "J1933-6211_UWL_sbA_log10_tnequad": -5.748483375598964,
    "J1933-6211_UWL_sbB_efac": 1.4038319497646126,
    "J1933-6211_UWL_sbB_log10_tnequad": -5.8752277288737345,
    "J1933-6211_UWL_sbC_efac": 1.3659611895441082,
    "J1933-6211_UWL_sbC_log10_tnequad": -5.92210910181839,
    "J1933-6211_UWL_sbD_efac": 1.26714032562296,
    "J1933-6211_UWL_sbD_log10_tnequad": -6.113464870776155,
    "J1933-6211_UWL_sbE_efac": 1.2432111888407722,
    "J1933-6211_UWL_sbE_log10_tnequad": -5.809609304063648,
    "J1933-6211_UWL_sbF_efac": 1.2433902751654022,
    "J1933-6211_UWL_sbF_log10_tnequad": -6.212400028789909,
    "J1933-6211_UWL_sbG_efac": 1.1484227528033586,
    "J1933-6211_UWL_sbG_log10_tnequad": -5.796530165689056,
    "J1933-6211_UWL_sbH_efac": 1.3184849800848777,
    "J1933-6211_UWL_sbH_log10_tnequad": -5.524167500564632,
    "J1933-6211_basis_ecorr_10CM_uwl_log10_ecorr": -5.951037543785227,
    "J1933-6211_basis_ecorr_20CM_uwl_log10_ecorr": -5.9608986233152015,
    "J1933-6211_basis_ecorr_40CM_uwl_log10_ecorr": -5.936747182084561,
    "J1933-6211_basis_ecorr_all_uwl_log10_ecorr": -5.987702527594555,
    "J1933-6211_dm_gp_gamma": 6.988193937513938,
    "J1933-6211_dm_gp_log10_A": -13.197401781487285,
    "J1933-6211_gp_sw_gamma": 3.9896808534072963,
    "J1933-6211_gp_sw_log10_A": -5.382906757881786,
    "J1933-6211_red_noise_gamma": 6.988304150247766,
    "J1933-6211_red_noise_log10_A": -12.237349790222611,
    "n_earth": 19.8860939117225,
    "nmodel": 0.4984941153074881
}