{
    "J2129-5721_CASPSR_40CM_efac": 0.8911630848545248,
    "J2129-5721_CASPSR_40CM_log10_tnequad": -9.994792345236105,
    "J2129-5721_CPSR2_50CM_efac": 0.8606486579679772,
    "J2129-5721_CPSR2_50CM_log10_tnequad": -9.994220524689887,
    "J2129-5721_PDFB1_20CM_efac": 0.8523500216627086,
    "J2129-5721_PDFB1_20CM_log10_tnequad": -9.995010537430469,
    "J2129-5721_PDFB1_early_20CM_efac": 0.5558078653129263,
    "J2129-5721_PDFB1_early_20CM_log10_tnequad": -9.991600114410645,
    "J2129-5721_PDFB_20CM_efac": 0.9559703037726157,
    "J2129-5721_PDFB_20CM_log10_tnequad": -9.994849135024877,
    "J2129-5721_PDFB_40CM_efac": 0.8066079951687183,
    "J2129-5721_PDFB_40CM_log10_tnequad": -9.99342838121356,
    "J2129-5721_UWL_CASPSR_40CM_efac": 0.1267391723027886,
    "J2129-5721_UWL_CASPSR_40CM_log10_tnequad": -9.993011379924265,
    "J2129-5721_UWL_PDFB4_20CM_efac": 0.9610776048816122,
    "J2129-5721_UWL_PDFB4_20CM_log10_tnequad": -9.99406439595558,
    "J2129-5721_UWL_sbA_efac": 0.8680192700350431,
    "J2129-5721_UWL_sbA_log10_tnequad": -9.994168667669385,
    "J2129-5721_UWL_sbB_efac": 1.073837539439976,
    "J2129-5721_UWL_sbB_log10_tnequad": -9.994188098892035,
    "J2129-5721_UWL_sbC_efac": 1.0035971178276715,
    "J2129-5721_UWL_sbC_log10_tnequad": -9.994104383534685,
    "J2129-5721_UWL_sbD_efac": 1.1529925283751374,
    "J2129-5721_UWL_sbD_log10_tnequad": -9.994407297263104,
    "J2129-5721_UWL_sbE_efac": 0.8579606436415277,
    "J2129-5721_UWL_sbE_log10_tnequad": -9.994756283903873,
    "J2129-5721_UWL_sbF_efac": 0.8584203494038969,
    "J2129-5721_UWL_sbF_log10_tnequad": -9.994536151382784,
    "J2129-5721_UWL_sbG_efac": 0.6794146379452398,
    "J2129-5721_UWL_sbG_log10_tnequad": -9.994690045721416,
    "J2129-5721_basis_ecorr_10CM_uwl_log10_ecorr": -9.994803337243562,
    "J2129-5721_basis_ecorr_20CM_log10_ecorr": -9.991463423624351,
    "J2129-5721_basis_ecorr_20CM_uwl_log10_ecorr": -9.994752115749565,
    "J2129-5721_basis_ecorr_40CM_log10_ecorr": -9.994142071940338,
    "J2129-5721_basis_ecorr_40CM_uwl_log10_ecorr": -9.994402518665744,
    "J2129-5721_basis_ecorr_all_dr2_log10_ecorr": -9.989503143735416,
    "J2129-5721_basis_ecorr_all_uwl_log10_ecorr": -9.98791057618073,
    "J2129-5721_dm_gp_gamma": 2.063228881565387,
    "J2129-5721_dm_gp_log10_A": -14.269779151019689,
    "J2129-5721_gp_sw_gamma": -3.9840536774120787,
    "J2129-5721_gp_sw_log10_A": -9.995536205368413,
    "J2129-5721_red_noise_gamma": 0.010696910614403032,
    "J2129-5721_red_noise_log10_A": -19.98956882884863,
    "n_earth": 0.021266127295020913,
    "nmodel": -0.49848845801363584
}