{
    "J2124-3358_CASPSR_40CM_efac": 1.4625527363025221,
    "J2124-3358_CASPSR_40CM_log10_tnequad": -5.771368042572616,
    "J2124-3358_CPSR2_20CM_efac": 1.8506715300144712,
    "J2124-3358_CPSR2_20CM_log10_tnequad": -5.131779622947236,
    "J2124-3358_CPSR2_50CM_efac": 1.3685613789092947,
    "J2124-3358_CPSR2_50CM_log10_tnequad": -5.690923046304601,
    "J2124-3358_PDFB1_1433_efac": 1.3800636455590884,
    "J2124-3358_PDFB1_1433_log10_tnequad": -5.503941235916091,
    "J2124-3358_PDFB1_20CM_efac": 1.639911880081794,
    "J2124-3358_PDFB1_20CM_log10_tnequad": -5.6768298245536615,
    "J2124-3358_PDFB1_early_20CM_efac": 1.3295846639460915,
    "J2124-3358_PDFB1_early_20CM_log10_tnequad": -5.554922610054944,
    "J2124-3358_PDFB_10CM_efac": 2.722716351259425,
    "J2124-3358_PDFB_10CM_log10_tnequad": -5.004375670209017,
    "J2124-3358_PDFB_20CM_efac": 1.2084142888165943,
    "J2124-3358_PDFB_20CM_log10_tnequad": -6.191091131318088,
    "J2124-3358_PDFB_40CM_efac": 1.0937137588376074,
    "J2124-3358_PDFB_40CM_log10_tnequad": -6.004192754813466,
    "J2124-3358_UWL_PDFB4_20CM_efac": 1.6013232629909522,
    "J2124-3358_UWL_PDFB4_20CM_log10_tnequad": -5.609233216184915,
    "J2124-3358_UWL_sbA_efac": 1.914385671706854,
    "J2124-3358_UWL_sbA_log10_tnequad": -5.526848670028908,
    "J2124-3358_UWL_sbB_efac": 1.5637092870525466,
    "J2124-3358_UWL_sbB_log10_tnequad": -6.093128988205695,
    "J2124-3358_UWL_sbC_efac": 1.4025761610961096,
    "J2124-3358_UWL_sbC_log10_tnequad": -5.914415219209097,
    "J2124-3358_UWL_sbD_efac": 1.8145439926065798,
    "J2124-3358_UWL_sbD_log10_tnequad": -6.061587903232062,
    "J2124-3358_UWL_sbE_efac": 1.6267928619486307,
    "J2124-3358_UWL_sbE_log10_tnequad": -5.910683438244599,
    "J2124-3358_UWL_sbF_efac": 1.2389859237731715,
    "J2124-3358_UWL_sbF_log10_tnequad": -5.604005408905402,
    "J2124-3358_UWL_sbG_efac": 1.4242217284915666,
    "J2124-3358_UWL_sbG_log10_tnequad": -5.390321274081177,
    "J2124-3358_UWL_sbH_efac": 1.4082827295687022,
    "J2124-3358_UWL_sbH_log10_tnequad": -5.1278137623518525,
    "J2124-3358_basis_ecorr_10CM_log10_ecorr": -5.018831708415467,
    "J2124-3358_basis_ecorr_10CM_uwl_log10_ecorr": -5.46236635826957,
    "J2124-3358_basis_ecorr_20CM_log10_ecorr": -6.224942066253403,
    "J2124-3358_basis_ecorr_20CM_uwl_log10_ecorr": -5.905132339311743,
    "J2124-3358_basis_ecorr_40CM_log10_ecorr": -6.007381701777171,
    "J2124-3358_basis_ecorr_40CM_uwl_log10_ecorr": -6.143208906526381,
    "J2124-3358_basis_ecorr_all_dr2_log10_ecorr": -6.266512357357985,
    "J2124-3358_basis_ecorr_all_uwl_log10_ecorr": -6.101766817921657,
    "J2124-3358_dm_gp_gamma": 6.983575520833352,
    "J2124-3358_dm_gp_log10_A": -13.49854127161992,
    "J2124-3358_gp_sw_gamma": 3.9828258907858527,
    "J2124-3358_gp_sw_log10_A": -6.169526836387617,
    "J2124-3358_red_noise_gamma": 6.993077480444475,
    "J2124-3358_red_noise_log10_A": -12.903807566443842,
    "n_earth": 12.140196846114117,
    "nmodel": 0.4984904980456819
}