{
    "J2129-5721_CASPSR_40CM_efac": 1.322230020160457,
    "J2129-5721_CASPSR_40CM_log10_tnequad": -6.160969292485069,
    "J2129-5721_CPSR2_50CM_efac": 1.305879466185698,
    "J2129-5721_CPSR2_50CM_log10_tnequad": -5.812709931241562,
    "J2129-5721_PDFB1_20CM_efac": 1.4108376727048786,
    "J2129-5721_PDFB1_20CM_log10_tnequad": -6.2597274111023795,
    "J2129-5721_PDFB1_early_20CM_efac": 1.360936122348393,
    "J2129-5721_PDFB1_early_20CM_log10_tnequad": -5.712622119107553,
    "J2129-5721_PDFB_20CM_efac": 1.1289274142980779,
    "J2129-5721_PDFB_20CM_log10_tnequad": -6.335136340990138,
    "J2129-5721_PDFB_40CM_efac": 1.0902890341525018,
    "J2129-5721_PDFB_40CM_log10_tnequad": -5.921371169954978,
    "J2129-5721_UWL_CASPSR_40CM_efac": 2.1562336583637935,
    "J2129-5721_UWL_CASPSR_40CM_log10_tnequad": -5.31254680082614,
    "J2129-5721_UWL_PDFB4_20CM_efac": 1.6618876418123607,
    "J2129-5721_UWL_PDFB4_20CM_log10_tnequad": -5.881874044166807,
    "J2129-5721_UWL_sbA_efac": 1.2771693122179402,
    "J2129-5721_UWL_sbA_log10_tnequad": -5.99096568585484,
    "J2129-5721_UWL_sbB_efac": 1.4107851125457216,
    "J2129-5721_UWL_sbB_log10_tnequad": -6.245967745357259,
    "J2129-5721_UWL_sbC_efac": 1.384674883629691,
    "J2129-5721_UWL_sbC_log10_tnequad": -6.009794582361621,
    "J2129-5721_UWL_sbD_efac": 1.5222323337686172,
    "J2129-5721_UWL_sbD_log10_tnequad": -6.242323246567806,
    "J2129-5721_UWL_sbE_efac": 1.2304234467179114,
    "J2129-5721_UWL_sbE_log10_tnequad": -6.251385041083999,
    "J2129-5721_UWL_sbF_efac": 1.2263390057011783,
    "J2129-5721_UWL_sbF_log10_tnequad": -6.100598569349133,
    "J2129-5721_UWL_sbG_efac": 1.41122503637721,
    "J2129-5721_UWL_sbG_log10_tnequad": -5.903440892557019,
    "J2129-5721_basis_ecorr_10CM_uwl_log10_ecorr": -5.932377645632633,
    "J2129-5721_basis_ecorr_20CM_log10_ecorr": -6.258370613745044,
    "J2129-5721_basis_ecorr_20CM_uwl_log10_ecorr": -6.30128278236298,
    "J2129-5721_basis_ecorr_40CM_log10_ecorr": -6.16706350729395,
    "J2129-5721_basis_ecorr_40CM_uwl_log10_ecorr": -6.140649848779731,
    "J2129-5721_basis_ecorr_all_dr2_log10_ecorr": -6.2772175087417414,
    "J2129-5721_basis_ecorr_all_uwl_log10_ecorr": -6.1342151725235015,
    "J2129-5721_dm_gp_gamma": 4.9002497622383245,
    "J2129-5721_dm_gp_log10_A": -13.348709972992785,
    "J2129-5721_gp_sw_gamma": 3.9833210926755616,
    "J2129-5721_gp_sw_log10_A": -6.227616186648245,
    "J2129-5721_red_noise_gamma": 6.988192106322209,
    "J2129-5721_red_noise_log10_A": -13.215332232624045,
    "n_earth": 14.837246325499809,
    "nmodel": 0.49848048143835616
}