{
    "J2124-3358_CASPSR_40CM_efac": 0.926189826982549,
    "J2124-3358_CASPSR_40CM_log10_tnequad": -9.994515341496074,
    "J2124-3358_CPSR2_20CM_efac": 1.1922527678018116,
    "J2124-3358_CPSR2_20CM_log10_tnequad": -9.716351939900258,
    "J2124-3358_CPSR2_50CM_efac": 0.9851535790254328,
    "J2124-3358_CPSR2_50CM_log10_tnequad": -9.993981969344526,
    "J2124-3358_PDFB1_1433_efac": 0.2048556305531591,
    "J2124-3358_PDFB1_1433_log10_tnequad": -9.992971916656169,
    "J2124-3358_PDFB1_20CM_efac": 1.1473606008724855,
    "J2124-3358_PDFB1_20CM_log10_tnequad": -9.993901298734798,
    "J2124-3358_PDFB1_early_20CM_efac": 0.7307960407910387,
    "J2124-3358_PDFB1_early_20CM_log10_tnequad": -9.993325972284682,
    "J2124-3358_PDFB_10CM_efac": 0.06226185275587191,
    "J2124-3358_PDFB_10CM_log10_tnequad": -9.992019310919405,
    "J2124-3358_PDFB_20CM_efac": 1.061364975876484,
    "J2124-3358_PDFB_20CM_log10_tnequad": -9.994844188764866,
    "J2124-3358_PDFB_40CM_efac": 0.8370976693686519,
    "J2124-3358_PDFB_40CM_log10_tnequad": -9.994656000906737,
    "J2124-3358_UWL_PDFB4_20CM_efac": 0.8983288036418555,
    "J2124-3358_UWL_PDFB4_20CM_log10_tnequad": -9.993624357578799,
    "J2124-3358_UWL_sbA_efac": 1.1231422542952503,
    "J2124-3358_UWL_sbA_log10_tnequad": -9.993491992712654,
    "J2124-3358_UWL_sbB_efac": 1.044452783682303,
    "J2124-3358_UWL_sbB_log10_tnequad": -9.994410510336973,
    "J2124-3358_UWL_sbC_efac": 0.9296413081599861,
    "J2124-3358_UWL_sbC_log10_tnequad": -9.994023401918295,
    "J2124-3358_UWL_sbD_efac": 1.3198941799943182,
    "J2124-3358_UWL_sbD_log10_tnequad": -9.994434260319961,
    "J2124-3358_UWL_sbE_efac": 1.172619996699022,
    "J2124-3358_UWL_sbE_log10_tnequad": -9.994150788271584,
    "J2124-3358_UWL_sbF_efac": 0.8574987722543497,
    "J2124-3358_UWL_sbF_log10_tnequad": -9.993027043059517,
    "J2124-3358_UWL_sbG_efac": 0.9148924738333223,
    "J2124-3358_UWL_sbG_log10_tnequad": -9.99285987519889,
    "J2124-3358_UWL_sbH_efac": 0.30039940331587445,
    "J2124-3358_UWL_sbH_log10_tnequad": -9.993146806563761,
    "J2124-3358_basis_ecorr_10CM_log10_ecorr": -9.992797431392695,
    "J2124-3358_basis_ecorr_10CM_uwl_log10_ecorr": -9.993353140329862,
    "J2124-3358_basis_ecorr_20CM_log10_ecorr": -9.994644115718788,
    "J2124-3358_basis_ecorr_20CM_uwl_log10_ecorr": -9.993689178952177,
    "J2124-3358_basis_ecorr_40CM_log10_ecorr": -9.994214890748934,
    "J2124-3358_basis_ecorr_40CM_uwl_log10_ecorr": -9.994872944099152,
    "J2124-3358_basis_ecorr_all_dr2_log10_ecorr": -9.994781485387303,
    "J2124-3358_basis_ecorr_all_uwl_log10_ecorr": -9.994602558625262,
    "J2124-3358_dm_gp_gamma": 0.008766052580238437,
    "J2124-3358_dm_gp_log10_A": -19.991909719138988,
    "J2124-3358_gp_sw_gamma": -3.9844776199784837,
    "J2124-3358_gp_sw_log10_A": -9.995468229769472,
    "J2124-3358_red_noise_gamma": 0.07401988128549687,
    "J2124-3358_red_noise_log10_A": -19.8889800087584,
    "n_earth": 0.3938843373560412,
    "nmodel": -0.49849407472108453
}