{
    "J2145-0750_CASPSR_40CM_efac": 1.5509511541234724,
    "J2145-0750_CASPSR_40CM_log10_tnequad": -6.064758296166995,
    "J2145-0750_CPSR2_20CM_efac": 1.5486395446223509,
    "J2145-0750_CPSR2_20CM_log10_tnequad": -5.4376555734670715,
    "J2145-0750_CPSR2_50CM_efac": 1.3955051123607078,
    "J2145-0750_CPSR2_50CM_log10_tnequad": -5.810792364095342,
    "J2145-0750_PDFB1_10CM_efac": 1.3131368897370124,
    "J2145-0750_PDFB1_10CM_log10_tnequad": -5.431213354182792,
    "J2145-0750_PDFB1_1433_efac": 1.7831146496070096,
    "J2145-0750_PDFB1_1433_log10_tnequad": -5.717554814886626,
    "J2145-0750_PDFB1_20CM_efac": 1.2592403918670354,
    "J2145-0750_PDFB1_20CM_log10_tnequad": -5.956158188448254,
    "J2145-0750_PDFB1_early_10CM_efac": 1.315654954783882,
    "J2145-0750_PDFB1_early_10CM_log10_tnequad": -5.191801155272119,
    "J2145-0750_PDFB1_early_20CM_efac": 1.2771602208998212,
    "J2145-0750_PDFB1_early_20CM_log10_tnequad": -6.000984776933669,
    "J2145-0750_PDFB_10CM_efac": 1.114037463003049,
    "J2145-0750_PDFB_10CM_log10_tnequad": -6.221415614587572,
    "J2145-0750_PDFB_20CM_efac": 1.1511238267595418,
    "J2145-0750_PDFB_20CM_log10_tnequad": -6.785291321087888,
    "J2145-0750_PDFB_40CM_efac": 1.1223430172510265,
    "J2145-0750_PDFB_40CM_log10_tnequad": -6.45350667127233,
    "J2145-0750_UWL_PDFB4_20CM_efac": 1.8237062382864775,
    "J2145-0750_UWL_PDFB4_20CM_log10_tnequad": -6.132880089144866,
    "J2145-0750_UWL_sbA_efac": 1.5350043663647888,
    "J2145-0750_UWL_sbA_log10_tnequad": -6.0750145377062434,
    "J2145-0750_UWL_sbB_efac": 1.3514747091348152,
    "J2145-0750_UWL_sbB_log10_tnequad": -6.4761133301657825,
    "J2145-0750_UWL_sbC_efac": 1.2212034895640451,
    "J2145-0750_UWL_sbC_log10_tnequad": -6.4687586866620705,
    "J2145-0750_UWL_sbD_efac": 1.2582823360109359,
    "J2145-0750_UWL_sbD_log10_tnequad": -6.481145098512129,
    "J2145-0750_UWL_sbE_efac": 1.2913821149521731,
    "J2145-0750_UWL_sbE_log10_tnequad": -6.442277255840182,
    "J2145-0750_UWL_sbF_efac": 1.1521726578859965,
    "J2145-0750_UWL_sbF_log10_tnequad": -6.50445395023067,
    "J2145-0750_UWL_sbG_efac": 1.3385495773072122,
    "J2145-0750_UWL_sbG_log10_tnequad": -6.221172907540636,
    "J2145-0750_UWL_sbH_efac": 1.183442160530991,
    "J2145-0750_UWL_sbH_log10_tnequad": -6.227489350020098,
    "J2145-0750_WBCORR_10CM_efac": 1.4384573117145099,
    "J2145-0750_WBCORR_10CM_log10_tnequad": -5.605315714384364,
    "J2145-0750_basis_ecorr_10CM_log10_ecorr": -6.244128470747327,
    "J2145-0750_basis_ecorr_10CM_uwl_log10_ecorr": -6.443569312712373,
    "J2145-0750_basis_ecorr_20CM_log10_ecorr": -6.288412290307444,
    "J2145-0750_basis_ecorr_20CM_uwl_log10_ecorr": -6.5102854896351685,
    "J2145-0750_basis_ecorr_40CM_log10_ecorr": -6.028028120194549,
    "J2145-0750_basis_ecorr_40CM_uwl_log10_ecorr": -6.519602603851017,
    "J2145-0750_basis_ecorr_all_dr2_log10_ecorr": -6.274328793310312,
    "J2145-0750_basis_ecorr_all_uwl_log10_ecorr": -6.300802762547855,
    "J2145-0750_dm_gp_gamma": 5.595536099086907,
    "J2145-0750_dm_gp_log10_A": -13.296811967403801,
    "J2145-0750_dmexp_1_idx": 0.6668186226826421,
    "J2145-0750_dmexp_1_log10_Amp": -5.226584045175137,
    "J2145-0750_dmexp_1_log10_tau": 2.318313683722965,
    "J2145-0750_dmexp_1_t0": 56331.1840764951,
    "J2145-0750_gp_sw_gamma": 3.9691322069603086,
    "J2145-0750_gp_sw_log10_A": -6.088801500664561,
    "J2145-0750_red_noise_gamma": 6.986695167278273,
    "J2145-0750_red_noise_log10_A": -13.124408348520781,
    "n_earth": 8.242817581258732,
    "nmodel": 0.49849584099875777
}