{
    "J2145-0750_CASPSR_40CM_efac": 1.0217211442178555,
    "J2145-0750_CASPSR_40CM_log10_tnequad": -9.99307639023138,
    "J2145-0750_CPSR2_20CM_efac": 1.0108467205347904,
    "J2145-0750_CPSR2_20CM_log10_tnequad": -5.772725056795581,
    "J2145-0750_CPSR2_50CM_efac": 1.0564439246205977,
    "J2145-0750_CPSR2_50CM_log10_tnequad": -9.992654873482952,
    "J2145-0750_PDFB1_10CM_efac": 0.7591674337677297,
    "J2145-0750_PDFB1_10CM_log10_tnequad": -9.992689189003675,
    "J2145-0750_PDFB1_1433_efac": 0.7413283115165487,
    "J2145-0750_PDFB1_1433_log10_tnequad": -9.991692698857868,
    "J2145-0750_PDFB1_20CM_efac": 0.8507467467839593,
    "J2145-0750_PDFB1_20CM_log10_tnequad": -9.993183248013516,
    "J2145-0750_PDFB1_early_10CM_efac": 0.04969443209759581,
    "J2145-0750_PDFB1_early_10CM_log10_tnequad": -9.989393967510408,
    "J2145-0750_PDFB1_early_20CM_efac": 0.8130954380925515,
    "J2145-0750_PDFB1_early_20CM_log10_tnequad": -9.99497830242522,
    "J2145-0750_PDFB_10CM_efac": 0.9622123348294628,
    "J2145-0750_PDFB_10CM_log10_tnequad": -9.993777225908051,
    "J2145-0750_PDFB_20CM_efac": 1.0131461676283695,
    "J2145-0750_PDFB_20CM_log10_tnequad": -9.995694134918885,
    "J2145-0750_PDFB_40CM_efac": 0.9123624888551348,
    "J2145-0750_PDFB_40CM_log10_tnequad": -9.994800514710983,
    "J2145-0750_UWL_PDFB4_20CM_efac": 1.0352759668539337,
    "J2145-0750_UWL_PDFB4_20CM_log10_tnequad": -9.994884210253586,
    "J2145-0750_UWL_sbA_efac": 1.0643405436680964,
    "J2145-0750_UWL_sbA_log10_tnequad": -9.993492634635325,
    "J2145-0750_UWL_sbB_efac": 0.9849990749600137,
    "J2145-0750_UWL_sbB_log10_tnequad": -9.994063461660927,
    "J2145-0750_UWL_sbC_efac": 0.8985082856364192,
    "J2145-0750_UWL_sbC_log10_tnequad": -9.995127974700663,
    "J2145-0750_UWL_sbD_efac": 0.8916249102390065,
    "J2145-0750_UWL_sbD_log10_tnequad": -9.993789612274336,
    "J2145-0750_UWL_sbE_efac": 0.930020406386192,
    "J2145-0750_UWL_sbE_log10_tnequad": -9.993584705558868,
    "J2145-0750_UWL_sbF_efac": 0.8765849842675014,
    "J2145-0750_UWL_sbF_log10_tnequad": -9.994994446699325,
    "J2145-0750_UWL_sbG_efac": 0.983903135240729,
    "J2145-0750_UWL_sbG_log10_tnequad": -9.994819632323448,
    "J2145-0750_UWL_sbH_efac": 0.8861376999917806,
    "J2145-0750_UWL_sbH_log10_tnequad": -9.993692796111228,
    "J2145-0750_WBCORR_10CM_efac": 0.9317576340328126,
    "J2145-0750_WBCORR_10CM_log10_tnequad": -9.993832294571721,
    "J2145-0750_basis_ecorr_10CM_log10_ecorr": -9.994434402157653,
    "J2145-0750_basis_ecorr_10CM_uwl_log10_ecorr": -9.994451367576266,
    "J2145-0750_basis_ecorr_20CM_log10_ecorr": -9.992795161188551,
    "J2145-0750_basis_ecorr_20CM_uwl_log10_ecorr": -9.994900992307178,
    "J2145-0750_basis_ecorr_40CM_log10_ecorr": -9.993135173423958,
    "J2145-0750_basis_ecorr_40CM_uwl_log10_ecorr": -9.995146607360288,
    "J2145-0750_basis_ecorr_all_dr2_log10_ecorr": -9.970128406553856,
    "J2145-0750_basis_ecorr_all_uwl_log10_ecorr": -9.080266204635159,
    "J2145-0750_dm_gp_gamma": 0.9525678609858361,
    "J2145-0750_dm_gp_log10_A": -15.202329750782702,
    "J2145-0750_dmexp_1_idx": -0.7452199646038475,
    "J2145-0750_dmexp_1_log10_Amp": -5.633988307730091,
    "J2145-0750_dmexp_1_log10_tau": 1.54582717733599,
    "J2145-0750_dmexp_1_t0": 56317.29181645874,
    "J2145-0750_gp_sw_gamma": -3.984520903354741,
    "J2145-0750_gp_sw_log10_A": -8.887577661751163,
    "J2145-0750_red_noise_gamma": 0.2782902907503089,
    "J2145-0750_red_noise_log10_A": -19.277914518114972,
    "n_earth": 3.524408544242206,
    "nmodel": -0.4984973204302084
}