{
    "J2241-5236_CASPSR_40CM_efac": 1.3837047956408173,
    "J2241-5236_CASPSR_40CM_log10_tnequad": -6.988863942876363,
    "J2241-5236_PDFB_10CM_efac": 1.1366103143906146,
    "J2241-5236_PDFB_10CM_log10_tnequad": -6.23473575247976,
    "J2241-5236_PDFB_20CM_efac": 1.1206122225761654,
    "J2241-5236_PDFB_20CM_log10_tnequad": -7.202145476165922,
    "J2241-5236_PDFB_40CM_efac": 1.0368748518567712,
    "J2241-5236_PDFB_40CM_log10_tnequad": -7.124865961660437,
    "J2241-5236_UWL_CASPSR_40CM_efac": 2.3892062310845446,
    "J2241-5236_UWL_CASPSR_40CM_log10_tnequad": -6.163678696750358,
    "J2241-5236_UWL_PDFB4_20CM_efac": 1.2637982702246524,
    "J2241-5236_UWL_PDFB4_20CM_log10_tnequad": -6.680137296079218,
    "J2241-5236_UWL_sbA_efac": 1.179733812236334,
    "J2241-5236_UWL_sbA_log10_tnequad": -6.549197152804718,
    "J2241-5236_UWL_sbB_efac": 1.239822590162679,
    "J2241-5236_UWL_sbB_log10_tnequad": -6.853426105341643,
    "J2241-5236_UWL_sbC_efac": 1.274796768190705,
    "J2241-5236_UWL_sbC_log10_tnequad": -6.988886216135672,
    "J2241-5236_UWL_sbD_efac": 1.2603168076472264,
    "J2241-5236_UWL_sbD_log10_tnequad": -6.855677138205372,
    "J2241-5236_UWL_sbE_efac": 1.1853165164902462,
    "J2241-5236_UWL_sbE_log10_tnequad": -7.075707493899767,
    "J2241-5236_UWL_sbF_efac": 1.118671957226653,
    "J2241-5236_UWL_sbF_log10_tnequad": -6.974953977942704,
    "J2241-5236_UWL_sbG_efac": 1.1127625731902753,
    "J2241-5236_UWL_sbG_log10_tnequad": -6.401447394537933,
    "J2241-5236_UWL_sbH_efac": 1.1897322630257774,
    "J2241-5236_UWL_sbH_log10_tnequad": -6.2862714185490365,
    "J2241-5236_basis_ecorr_10CM_log10_ecorr": -6.638069001334985,
    "J2241-5236_basis_ecorr_10CM_uwl_log10_ecorr": -6.557622854501214,
    "J2241-5236_basis_ecorr_20CM_log10_ecorr": -7.081644044423784,
    "J2241-5236_basis_ecorr_20CM_uwl_log10_ecorr": -7.012986115764379,
    "J2241-5236_basis_ecorr_40CM_log10_ecorr": -6.668084363620863,
    "J2241-5236_basis_ecorr_40CM_uwl_log10_ecorr": -6.755228382811084,
    "J2241-5236_basis_ecorr_all_dr2_log10_ecorr": -7.0719368743705155,
    "J2241-5236_basis_ecorr_all_uwl_log10_ecorr": -7.036263910671442,
    "J2241-5236_dm_gp_gamma": 4.571302967877133,
    "J2241-5236_dm_gp_log10_A": -13.797296308837359,
    "J2241-5236_gp_sw_gamma": 3.985741782265521,
    "J2241-5236_gp_sw_log10_A": -6.468113901992756,
    "J2241-5236_hf_noise_gamma": 6.974451901647472,
    "J2241-5236_hf_noise_log10_A": -13.795906647308737,
    "J2241-5236_red_noise_gamma": 6.969913594490905,
    "J2241-5236_red_noise_log10_A": -13.658941366614416,
    "n_earth": 6.979060114835312,
    "nmodel": 0.4985101230370711
}