{
    "J2241-5236_CASPSR_40CM_efac": 0.8854931994413494,
    "J2241-5236_CASPSR_40CM_log10_tnequad": -9.995443948822308,
    "J2241-5236_PDFB_10CM_efac": 0.9016746467835325,
    "J2241-5236_PDFB_10CM_log10_tnequad": -9.994281469297839,
    "J2241-5236_PDFB_20CM_efac": 0.9969068727740464,
    "J2241-5236_PDFB_20CM_log10_tnequad": -9.995130330032906,
    "J2241-5236_PDFB_40CM_efac": 0.8032147099991161,
    "J2241-5236_PDFB_40CM_log10_tnequad": -9.995961290716949,
    "J2241-5236_UWL_CASPSR_40CM_efac": 0.3065415218357216,
    "J2241-5236_UWL_CASPSR_40CM_log10_tnequad": -9.99469855886158,
    "J2241-5236_UWL_PDFB4_20CM_efac": 0.8832301979051842,
    "J2241-5236_UWL_PDFB4_20CM_log10_tnequad": -9.99508628444537,
    "J2241-5236_UWL_sbA_efac": 0.6626053444449539,
    "J2241-5236_UWL_sbA_log10_tnequad": -7.285783389040054,
    "J2241-5236_UWL_sbB_efac": 0.9181703701555927,
    "J2241-5236_UWL_sbB_log10_tnequad": -7.305291795200793,
    "J2241-5236_UWL_sbC_efac": 0.9756589352167042,
    "J2241-5236_UWL_sbC_log10_tnequad": -9.994132165481393,
    "J2241-5236_UWL_sbD_efac": 0.971147160499753,
    "J2241-5236_UWL_sbD_log10_tnequad": -7.192116089029631,
    "J2241-5236_UWL_sbE_efac": 0.9339112770968426,
    "J2241-5236_UWL_sbE_log10_tnequad": -9.995889625652795,
    "J2241-5236_UWL_sbF_efac": 0.9329742363339018,
    "J2241-5236_UWL_sbF_log10_tnequad": -9.995902050279808,
    "J2241-5236_UWL_sbG_efac": 0.8415366387798436,
    "J2241-5236_UWL_sbG_log10_tnequad": -9.993518523461837,
    "J2241-5236_UWL_sbH_efac": 0.8671617323223262,
    "J2241-5236_UWL_sbH_log10_tnequad": -9.992909875886392,
    "J2241-5236_basis_ecorr_10CM_log10_ecorr": -9.995512830428543,
    "J2241-5236_basis_ecorr_10CM_uwl_log10_ecorr": -9.99181755340134,
    "J2241-5236_basis_ecorr_20CM_log10_ecorr": -9.991999421963257,
    "J2241-5236_basis_ecorr_20CM_uwl_log10_ecorr": -9.992592731917114,
    "J2241-5236_basis_ecorr_40CM_log10_ecorr": -9.682846340743268,
    "J2241-5236_basis_ecorr_40CM_uwl_log10_ecorr": -7.281672448827211,
    "J2241-5236_basis_ecorr_all_dr2_log10_ecorr": -9.991745450238607,
    "J2241-5236_basis_ecorr_all_uwl_log10_ecorr": -9.987582626859862,
    "J2241-5236_dm_gp_gamma": 1.8030089734496515,
    "J2241-5236_dm_gp_log10_A": -14.450655272510064,
    "J2241-5236_gp_sw_gamma": -3.979561082093997,
    "J2241-5236_gp_sw_log10_A": -9.995703691556031,
    "J2241-5236_hf_noise_gamma": 0.017029586697791407,
    "J2241-5236_hf_noise_log10_A": -19.985240908977502,
    "J2241-5236_red_noise_gamma": 0.020958399691542597,
    "J2241-5236_red_noise_log10_A": -19.981691149560923,
    "n_earth": 1.5465922123496227,
    "nmodel": -0.49850138877228434
}