{
    "J0030+0451_UWL_sbA_efac": 0.15004095428379977,
    "J0030+0451_UWL_sbA_log10_tnequad": 1.3637413493812036,
    "J0030+0451_UWL_sbB_efac": 0.10349956217014647,
    "J0030+0451_UWL_sbB_log10_tnequad": 1.1656713340408438,
    "J0030+0451_UWL_sbC_efac": 0.10220065933634447,
    "J0030+0451_UWL_sbC_log10_tnequad": 1.1648921188392383,
    "J0030+0451_UWL_sbD_efac": 0.08238336555747865,
    "J0030+0451_UWL_sbD_log10_tnequad": 1.1305761121301732,
    "J0030+0451_UWL_sbE_efac": 0.07317569442919264,
    "J0030+0451_UWL_sbE_log10_tnequad": 1.241160638308441,
    "J0030+0451_UWL_sbF_efac": 0.06775456851410214,
    "J0030+0451_UWL_sbF_log10_tnequad": 1.1764286479109527,
    "J0030+0451_UWL_sbG_efac": 0.2564354419447495,
    "J0030+0451_UWL_sbG_log10_tnequad": 1.4500650814058147,
    "J0030+0451_UWL_sbH_efac": 0.2022883084952364,
    "J0030+0451_UWL_sbH_log10_tnequad": 1.3685836141499457,
    "J0030+0451_basis_ecorr_10CM_uwl_log10_ecorr": 1.358769459507426,
    "J0030+0451_basis_ecorr_20CM_uwl_log10_ecorr": 1.0208158807038612,
    "J0030+0451_basis_ecorr_40CM_uwl_log10_ecorr": 1.1116933536281866,
    "J0030+0451_basis_ecorr_all_uwl_log10_ecorr": 0.9876442791118926,
    "J0030+0451_dm_gp_gamma": 2.001592137186037,
    "J0030+0451_dm_gp_log10_A": 1.8897083707078837,
    "J0030+0451_gp_sw_gamma": 2.2355630599148535,
    "J0030+0451_gp_sw_log10_A": 1.116341912422032,
    "J0030+0451_red_noise_gamma": 2.0097814385395827,
    "J0030+0451_red_noise_log10_A": 2.136760063503337,
    "n_earth": 1.899567164701529,
    "nmodel": 0.2887194308263939
}