{
    "J0030+0451_UWL_sbA_efac": 0.9459135810625744,
    "J0030+0451_UWL_sbA_log10_tnequad": -8.9371457666689,
    "J0030+0451_UWL_sbB_efac": 1.0650689396235,
    "J0030+0451_UWL_sbB_log10_tnequad": -9.355965283191269,
    "J0030+0451_UWL_sbC_efac": 1.0332208922812494,
    "J0030+0451_UWL_sbC_log10_tnequad": -9.3564109518462,
    "J0030+0451_UWL_sbD_efac": 1.0123521757107494,
    "J0030+0451_UWL_sbD_log10_tnequad": -9.37949567069791,
    "J0030+0451_UWL_sbE_efac": 0.9251033555934265,
    "J0030+0451_UWL_sbE_log10_tnequad": -9.296425177877742,
    "J0030+0451_UWL_sbF_efac": 0.8890030540720517,
    "J0030+0451_UWL_sbF_log10_tnequad": -9.344366093504965,
    "J0030+0451_UWL_sbG_efac": 0.8190578791932841,
    "J0030+0451_UWL_sbG_log10_tnequad": -9.146784915608567,
    "J0030+0451_UWL_sbH_efac": 0.5912972010348256,
    "J0030+0451_UWL_sbH_log10_tnequad": -9.21518688943469,
    "J0030+0451_basis_ecorr_10CM_uwl_log10_ecorr": -9.185946006796039,
    "J0030+0451_basis_ecorr_20CM_uwl_log10_ecorr": -9.442434257960047,
    "J0030+0451_basis_ecorr_40CM_uwl_log10_ecorr": -9.389045364794086,
    "J0030+0451_basis_ecorr_all_uwl_log10_ecorr": -9.464002223680598,
    "J0030+0451_dm_gp_gamma": 1.110376668313519,
    "J0030+0451_dm_gp_log10_A": -18.95881690198712,
    "J0030+0451_gp_sw_gamma": -2.3976496855851317,
    "J0030+0451_gp_sw_log10_A": -9.415453588163736,
    "J0030+0451_red_noise_gamma": 1.0750908841818996,
    "J0030+0451_red_noise_log10_A": -18.830605648546943,
    "n_earth": 4.630057874494353,
    "nmodel": -0.340029116860257
}