{
    "J0030+0451_UWL_sbA_efac": 1.0881019480976932,
    "J0030+0451_UWL_sbA_log10_tnequad": -6.715204669806853,
    "J0030+0451_UWL_sbB_efac": 1.1601461028220958,
    "J0030+0451_UWL_sbB_log10_tnequad": -7.983425482139635,
    "J0030+0451_UWL_sbC_efac": 1.1266129425541966,
    "J0030+0451_UWL_sbC_log10_tnequad": -7.996788151183923,
    "J0030+0451_UWL_sbD_efac": 1.0891417377622319,
    "J0030+0451_UWL_sbD_log10_tnequad": -8.055804208120176,
    "J0030+0451_UWL_sbE_efac": 0.9936178530478785,
    "J0030+0451_UWL_sbE_log10_tnequad": -7.79026454920378,
    "J0030+0451_UWL_sbF_efac": 0.9518388137702104,
    "J0030+0451_UWL_sbF_log10_tnequad": -7.969344270827018,
    "J0030+0451_UWL_sbG_efac": 1.0082061797955846,
    "J0030+0451_UWL_sbG_log10_tnequad": -7.35068915822004,
    "J0030+0451_UWL_sbH_efac": 0.7535509194074097,
    "J0030+0451_UWL_sbH_log10_tnequad": -7.565864349851548,
    "J0030+0451_basis_ecorr_10CM_uwl_log10_ecorr": -7.460207441431579,
    "J0030+0451_basis_ecorr_20CM_uwl_log10_ecorr": -8.26466400006143,
    "J0030+0451_basis_ecorr_40CM_uwl_log10_ecorr": -8.095663327888746,
    "J0030+0451_basis_ecorr_all_uwl_log10_ecorr": -8.325833682391547,
    "J0030+0451_dm_gp_gamma": 3.4235009638182565,
    "J0030+0451_dm_gp_log10_A": -16.758685446932773,
    "J0030+0451_gp_sw_gamma": 0.36193272338814353,
    "J0030+0451_gp_sw_log10_A": -8.174133760812651,
    "J0030+0451_red_noise_gamma": 3.3841564489126625,
    "J0030+0451_red_noise_log10_A": -16.34747920887314,
    "n_earth": 6.039758189189679,
    "nmodel": 3.3555011005971525e-05
}