{
    "J0030+0451_UWL_sbA_efac": 1.230793186254814,
    "J0030+0451_UWL_sbA_log10_tnequad": -5.833030109893907,
    "J0030+0451_UWL_sbB_efac": 1.2678899255612688,
    "J0030+0451_UWL_sbB_log10_tnequad": -6.610506643145319,
    "J0030+0451_UWL_sbC_efac": 1.2336123006937216,
    "J0030+0451_UWL_sbC_log10_tnequad": -6.63105991874624,
    "J0030+0451_UWL_sbD_efac": 1.174526545382158,
    "J0030+0451_UWL_sbD_log10_tnequad": -6.730324159067145,
    "J0030+0451_UWL_sbE_efac": 1.0659564846424288,
    "J0030+0451_UWL_sbE_log10_tnequad": -6.3366081504370815,
    "J0030+0451_UWL_sbF_efac": 1.0206783614474986,
    "J0030+0451_UWL_sbF_log10_tnequad": -6.592772412970965,
    "J0030+0451_UWL_sbG_efac": 1.1634192531018963,
    "J0030+0451_UWL_sbG_log10_tnequad": -5.636436011857272,
    "J0030+0451_UWL_sbH_efac": 0.9181677274394492,
    "J0030+0451_UWL_sbH_log10_tnequad": -5.946185058871741,
    "J0030+0451_basis_ecorr_10CM_uwl_log10_ecorr": -5.936949035756272,
    "J0030+0451_basis_ecorr_20CM_uwl_log10_ecorr": -7.0744026062804455,
    "J0030+0451_basis_ecorr_40CM_uwl_log10_ecorr": -6.797633142412208,
    "J0030+0451_basis_ecorr_all_uwl_log10_ecorr": -7.175499634814286,
    "J0030+0451_dm_gp_gamma": 5.8098459409459124,
    "J0030+0451_dm_gp_log10_A": -14.553663749435314,
    "J0030+0451_gp_sw_gamma": 2.7982218719569625,
    "J0030+0451_gp_sw_log10_A": -6.875786484486278,
    "J0030+0451_red_noise_gamma": 5.79946182841489,
    "J0030+0451_red_noise_log10_A": -13.861657131046723,
    "n_earth": 7.437833555828669,
    "nmodel": 0.3401499308519542
}