{
    "J0030+0451_UWL_sbA_efac": 1.088112724241608,
    "J0030+0451_UWL_sbA_log10_tnequad": -7.1746499925597185,
    "J0030+0451_UWL_sbB_efac": 1.166625057972228,
    "J0030+0451_UWL_sbB_log10_tnequad": -7.983349282915669,
    "J0030+0451_UWL_sbC_efac": 1.133525683054013,
    "J0030+0451_UWL_sbC_log10_tnequad": -7.990308842356332,
    "J0030+0451_UWL_sbD_efac": 1.0935466864579142,
    "J0030+0451_UWL_sbD_log10_tnequad": -8.051411440932839,
    "J0030+0451_UWL_sbE_efac": 0.9950887451896514,
    "J0030+0451_UWL_sbE_log10_tnequad": -7.8161767342851585,
    "J0030+0451_UWL_sbF_efac": 0.9546291967578235,
    "J0030+0451_UWL_sbF_log10_tnequad": -7.964564505744463,
    "J0030+0451_UWL_sbG_efac": 0.964526184098667,
    "J0030+0451_UWL_sbG_log10_tnequad": -7.4031916614933815,
    "J0030+0451_UWL_sbH_efac": 0.744305391271192,
    "J0030+0451_UWL_sbH_log10_tnequad": -7.588815748022111,
    "J0030+0451_basis_ecorr_10CM_uwl_log10_ecorr": -7.538566200542978,
    "J0030+0451_basis_ecorr_20CM_uwl_log10_ecorr": -8.25126836648866,
    "J0030+0451_basis_ecorr_40CM_uwl_log10_ecorr": -8.08814092001176,
    "J0030+0451_basis_ecorr_all_uwl_log10_ecorr": -8.312317907299784,
    "J0030+0451_dm_gp_gamma": 3.4495048991517887,
    "J0030+0451_dm_gp_log10_A": -16.746244949633905,
    "J0030+0451_gp_sw_gamma": 0.24401354677588186,
    "J0030+0451_gp_sw_log10_A": -8.135382451435646,
    "J0030+0451_red_noise_gamma": 3.422546105897463,
    "J0030+0451_red_noise_log10_A": -16.331015663063564,
    "n_earth": 6.090221533231136,
    "nmodel": 4.189734335297737e-05
}