{
    "J0125-2327_UWL_sbA_efac": 1.0932689178259536,
    "J0125-2327_UWL_sbA_log10_tnequad": -8.22189743775578,
    "J0125-2327_UWL_sbB_efac": 0.9981212711120292,
    "J0125-2327_UWL_sbB_log10_tnequad": -6.221560746043713,
    "J0125-2327_UWL_sbC_efac": 1.0681605557918163,
    "J0125-2327_UWL_sbC_log10_tnequad": -7.861592769676587,
    "J0125-2327_UWL_sbD_efac": 1.1555505806854167,
    "J0125-2327_UWL_sbD_log10_tnequad": -7.299824644113434,
    "J0125-2327_UWL_sbE_efac": 1.057766769014259,
    "J0125-2327_UWL_sbE_log10_tnequad": -7.688609460161871,
    "J0125-2327_UWL_sbF_efac": 1.0052684604190099,
    "J0125-2327_UWL_sbF_log10_tnequad": -8.424025745144817,
    "J0125-2327_UWL_sbG_efac": 0.9261894995312986,
    "J0125-2327_UWL_sbG_log10_tnequad": -8.410251005351428,
    "J0125-2327_UWL_sbH_efac": 1.0349409350429561,
    "J0125-2327_UWL_sbH_log10_tnequad": -8.329240954870569,
    "J0125-2327_basis_ecorr_10CM_uwl_log10_ecorr": -8.184623216561098,
    "J0125-2327_basis_ecorr_20CM_uwl_log10_ecorr": -8.205617948551728,
    "J0125-2327_basis_ecorr_40CM_uwl_log10_ecorr": -8.13641174872779,
    "J0125-2327_basis_ecorr_all_uwl_log10_ecorr": -6.751779187460031,
    "J0125-2327_dm_gp_gamma": 3.4471410335209933,
    "J0125-2327_dm_gp_log10_A": -13.449965789956016,
    "J0125-2327_gp_sw_gamma": 0.31086760305071154,
    "J0125-2327_gp_sw_log10_A": -8.247280248175898,
    "J0125-2327_red_noise_gamma": 3.355830026560767,
    "J0125-2327_red_noise_log10_A": -16.86688591696661,
    "n_earth": 2.838617787673396,
    "nmodel": -4.501039410250704e-05
}