{
    "J0125-2327_UWL_sbA_efac": 1.1458879090094842,
    "J0125-2327_UWL_sbA_log10_tnequad": -7.023183271495046,
    "J0125-2327_UWL_sbB_efac": 1.0538959459973813,
    "J0125-2327_UWL_sbB_log10_tnequad": -6.104903007446596,
    "J0125-2327_UWL_sbC_efac": 1.1152221317439768,
    "J0125-2327_UWL_sbC_log10_tnequad": -6.594397879198551,
    "J0125-2327_UWL_sbD_efac": 1.2231360679759973,
    "J0125-2327_UWL_sbD_log10_tnequad": -6.445447339180027,
    "J0125-2327_UWL_sbE_efac": 1.1104993377189305,
    "J0125-2327_UWL_sbE_log10_tnequad": -6.637806583621938,
    "J0125-2327_UWL_sbF_efac": 1.0439571117898387,
    "J0125-2327_UWL_sbF_log10_tnequad": -7.359092087046119,
    "J0125-2327_UWL_sbG_efac": 0.966366845955072,
    "J0125-2327_UWL_sbG_log10_tnequad": -7.337841223907361,
    "J0125-2327_UWL_sbH_efac": 1.075326737052261,
    "J0125-2327_UWL_sbH_log10_tnequad": -7.198865195404378,
    "J0125-2327_basis_ecorr_10CM_uwl_log10_ecorr": -7.049864786554272,
    "J0125-2327_basis_ecorr_20CM_uwl_log10_ecorr": -7.095777856596136,
    "J0125-2327_basis_ecorr_40CM_uwl_log10_ecorr": -6.891583009857194,
    "J0125-2327_basis_ecorr_all_uwl_log10_ecorr": -6.694530062996192,
    "J0125-2327_dm_gp_gamma": 4.70974938697175,
    "J0125-2327_dm_gp_log10_A": -13.271818048151305,
    "J0125-2327_gp_sw_gamma": 2.808458343424517,
    "J0125-2327_gp_sw_log10_A": -7.0519302476433525,
    "J0125-2327_red_noise_gamma": 5.74537817579461,
    "J0125-2327_red_noise_log10_A": -14.77242296944824,
    "n_earth": 5.072019505353985,
    "nmodel": 0.34005231322336327
}