{
    "J0125-2327_UWL_sbA_efac": 1.0911817314008796,
    "J0125-2327_UWL_sbA_log10_tnequad": -8.23468572883867,
    "J0125-2327_UWL_sbB_efac": 0.9970196040271484,
    "J0125-2327_UWL_sbB_log10_tnequad": -6.194286255109038,
    "J0125-2327_UWL_sbC_efac": 1.0667542600864226,
    "J0125-2327_UWL_sbC_log10_tnequad": -7.713974230298386,
    "J0125-2327_UWL_sbD_efac": 1.159130433647296,
    "J0125-2327_UWL_sbD_log10_tnequad": -6.721621863351972,
    "J0125-2327_UWL_sbE_efac": 1.060911940993415,
    "J0125-2327_UWL_sbE_log10_tnequad": -7.2755672979604835,
    "J0125-2327_UWL_sbF_efac": 1.004483475129829,
    "J0125-2327_UWL_sbF_log10_tnequad": -8.422976109925687,
    "J0125-2327_UWL_sbG_efac": 0.925367818093478,
    "J0125-2327_UWL_sbG_log10_tnequad": -8.4218210383081,
    "J0125-2327_UWL_sbH_efac": 1.0344673776794076,
    "J0125-2327_UWL_sbH_log10_tnequad": -8.328530573239401,
    "J0125-2327_basis_ecorr_10CM_uwl_log10_ecorr": -8.100466896074764,
    "J0125-2327_basis_ecorr_20CM_uwl_log10_ecorr": -8.115539110777664,
    "J0125-2327_basis_ecorr_40CM_uwl_log10_ecorr": -8.107605870646038,
    "J0125-2327_basis_ecorr_all_uwl_log10_ecorr": -6.749565881796643,
    "J0125-2327_dm_gp_gamma": 3.217783734057578,
    "J0125-2327_dm_gp_log10_A": -13.409598095302313,
    "J0125-2327_gp_sw_gamma": 0.46313269028665727,
    "J0125-2327_gp_sw_log10_A": -8.298156295593758,
    "J0125-2327_red_noise_gamma": 3.285857172824849,
    "J0125-2327_red_noise_log10_A": -16.898107019645913,
    "n_earth": 2.2679358103382934,
    "nmodel": -0.00023046863299258646
}