{
    "J0125-2327_UWL_sbA_efac": 1.0406630375511345,
    "J0125-2327_UWL_sbA_log10_tnequad": -9.43586348439499,
    "J0125-2327_UWL_sbB_efac": 0.9421738109557988,
    "J0125-2327_UWL_sbB_log10_tnequad": -6.30880076164593,
    "J0125-2327_UWL_sbC_efac": 1.0212230473028536,
    "J0125-2327_UWL_sbC_log10_tnequad": -9.27246563852763,
    "J0125-2327_UWL_sbD_efac": 1.0857068789067295,
    "J0125-2327_UWL_sbD_log10_tnequad": -8.71812553970986,
    "J0125-2327_UWL_sbE_efac": 1.0040634174877516,
    "J0125-2327_UWL_sbE_log10_tnequad": -9.107454845979056,
    "J0125-2327_UWL_sbF_efac": 0.9667543080907369,
    "J0125-2327_UWL_sbF_log10_tnequad": -9.496758439374744,
    "J0125-2327_UWL_sbG_efac": 0.8861296132658307,
    "J0125-2327_UWL_sbG_log10_tnequad": -9.49254402260034,
    "J0125-2327_UWL_sbH_efac": 0.9949199009281021,
    "J0125-2327_UWL_sbH_log10_tnequad": -9.464946973368116,
    "J0125-2327_basis_ecorr_10CM_uwl_log10_ecorr": -9.393458756535935,
    "J0125-2327_basis_ecorr_20CM_uwl_log10_ecorr": -9.395646908746246,
    "J0125-2327_basis_ecorr_40CM_uwl_log10_ecorr": -9.394672718222738,
    "J0125-2327_basis_ecorr_all_uwl_log10_ecorr": -6.808343664481997,
    "J0125-2327_dm_gp_gamma": 2.265363322252907,
    "J0125-2327_dm_gp_log10_A": -13.609755165779506,
    "J0125-2327_gp_sw_gamma": -2.298272539058149,
    "J0125-2327_gp_sw_log10_A": -9.455644796223138,
    "J0125-2327_red_noise_gamma": 1.0208063975493404,
    "J0125-2327_red_noise_log10_A": -19.008387461560787,
    "n_earth": 0.6498108061361313,
    "nmodel": -0.3399087683966452
}