{
    "J0125-2327_UWL_sbA_efac": 0.05309333036480577,
    "J0125-2327_UWL_sbA_log10_tnequad": 1.0401984375755735,
    "J0125-2327_UWL_sbB_efac": 0.05650946223160165,
    "J0125-2327_UWL_sbB_log10_tnequad": 0.221844729380717,
    "J0125-2327_UWL_sbC_efac": 0.047388912425244664,
    "J0125-2327_UWL_sbC_log10_tnequad": 1.1370011920748366,
    "J0125-2327_UWL_sbD_efac": 0.06846880639046106,
    "J0125-2327_UWL_sbD_log10_tnequad": 1.0805385702194708,
    "J0125-2327_UWL_sbE_efac": 0.05435474333554142,
    "J0125-2327_UWL_sbE_log10_tnequad": 1.092004523620602,
    "J0125-2327_UWL_sbF_efac": 0.03921787937167576,
    "J0125-2327_UWL_sbF_log10_tnequad": 0.910175055867887,
    "J0125-2327_UWL_sbG_efac": 0.040880142948402656,
    "J0125-2327_UWL_sbG_log10_tnequad": 0.9277920273762675,
    "J0125-2327_UWL_sbH_efac": 0.04106803705831646,
    "J0125-2327_UWL_sbH_log10_tnequad": 0.9652366709333102,
    "J0125-2327_basis_ecorr_10CM_uwl_log10_ecorr": 0.9881233655375734,
    "J0125-2327_basis_ecorr_20CM_uwl_log10_ecorr": 0.9712239458212997,
    "J0125-2327_basis_ecorr_40CM_uwl_log10_ecorr": 1.0535539693777447,
    "J0125-2327_basis_ecorr_all_uwl_log10_ecorr": 0.059222019844416704,
    "J0125-2327_dm_gp_gamma": 1.2407382545804477,
    "J0125-2327_dm_gp_log10_A": 0.2507986236680227,
    "J0125-2327_gp_sw_gamma": 2.208958763962763,
    "J0125-2327_gp_sw_log10_A": 1.0641190498104316,
    "J0125-2327_red_noise_gamma": 2.010812591391268,
    "J0125-2327_red_noise_log10_A": 1.843872487566181,
    "n_earth": 2.339324974870102,
    "nmodel": 0.2886619003586387
}