{
    "J0437-4715_CASPSR_40CM_efac": 0.6216202718068403,
    "J0437-4715_CASPSR_40CM_log10_tnequad": -8.811537783845026,
    "J0437-4715_PDFB_10CM_efac": 0.26966035349512485,
    "J0437-4715_PDFB_10CM_log10_tnequad": -7.602256296947151,
    "J0437-4715_PDFB_20CM_efac": 0.5817105770355175,
    "J0437-4715_PDFB_20CM_log10_tnequad": -8.59675152608767,
    "J0437-4715_PDFB_40CM_efac": 0.45412801700760347,
    "J0437-4715_PDFB_40CM_log10_tnequad": -8.860746573741826,
    "J0437-4715_UWL_CASPSR_40CM_efac": 1.3740804533404574,
    "J0437-4715_UWL_CASPSR_40CM_log10_tnequad": -8.076369342929175,
    "J0437-4715_UWL_PDFB4_10CM_efac": 0.4881574072766033,
    "J0437-4715_UWL_PDFB4_10CM_log10_tnequad": -7.875691132397972,
    "J0437-4715_UWL_PDFB4_20CM_efac": 0.9226210749135739,
    "J0437-4715_UWL_PDFB4_20CM_log10_tnequad": -8.442815435671944,
    "J0437-4715_UWL_sbA_efac": 0.89133319073819,
    "J0437-4715_UWL_sbA_log10_tnequad": -7.503170556134396,
    "J0437-4715_UWL_sbB_efac": 0.7868863901066233,
    "J0437-4715_UWL_sbB_log10_tnequad": -7.218160553233128,
    "J0437-4715_UWL_sbC_efac": 0.785380283013876,
    "J0437-4715_UWL_sbC_log10_tnequad": -8.17735676585065,
    "J0437-4715_UWL_sbD_efac": 0.3464390937352452,
    "J0437-4715_UWL_sbD_log10_tnequad": -7.378809720056826,
    "J0437-4715_UWL_sbE_efac": 0.2493977797286355,
    "J0437-4715_UWL_sbE_log10_tnequad": -7.421201321482461,
    "J0437-4715_UWL_sbF_efac": 0.11937162483794232,
    "J0437-4715_UWL_sbF_log10_tnequad": -7.79167944938782,
    "J0437-4715_UWL_sbG_efac": 0.06348681302837524,
    "J0437-4715_UWL_sbG_log10_tnequad": -7.49553897915606,
    "J0437-4715_UWL_sbH_efac": 0.11015102524096126,
    "J0437-4715_UWL_sbH_log10_tnequad": -7.459626376966452,
    "J0437-4715_band_noise_high_high_gamma": 3.2840161730188395,
    "J0437-4715_band_noise_high_high_log10_A": -15.704691396546659,
    "J0437-4715_band_noise_low_gamma": 3.134690224220717,
    "J0437-4715_band_noise_low_log10_A": -16.700836008080582,
    "J0437-4715_band_noise_mid_mid_gamma": 3.1783715599658438,
    "J0437-4715_band_noise_mid_mid_log10_A": -16.09449814317801,
    "J0437-4715_basis_ecorr_10CM_log10_ecorr": -8.42033007789162,
    "J0437-4715_basis_ecorr_10CM_uwl_log10_ecorr": -8.804561083217004,
    "J0437-4715_basis_ecorr_20CM_log10_ecorr": -8.162799933701507,
    "J0437-4715_basis_ecorr_20CM_uwl_log10_ecorr": -7.62080462380465,
    "J0437-4715_basis_ecorr_40CM_log10_ecorr": -6.927194149295716,
    "J0437-4715_basis_ecorr_40CM_uwl_log10_ecorr": -7.163042517938737,
    "J0437-4715_basis_ecorr_CASPSR_40CM_log10_ecorr": -8.460408198753179,
    "J0437-4715_basis_ecorr_PDFB_20CM_log10_ecorr": -7.791826489918856,
    "J0437-4715_basis_ecorr_UWL_PDFB4_20CM_log10_ecorr": -8.816019053068896,
    "J0437-4715_basis_ecorr_UWL_sbA_log10_ecorr": -8.630198167634108,
    "J0437-4715_basis_ecorr_UWL_sbG_log10_ecorr": -9.118067236921632,
    "J0437-4715_basis_ecorr_all_dr2_log10_ecorr": -7.695323552720701,
    "J0437-4715_basis_ecorr_all_uwl_log10_ecorr": -7.3721967740007175,
    "J0437-4715_chrom_gp_gamma": 3.016552493694264,
    "J0437-4715_chrom_gp_log10_A": -14.434133197285457,
    "J0437-4715_dm_gp_gamma": 2.5364207799630245,
    "J0437-4715_dm_gp_log10_A": -13.482795216233747,
    "J0437-4715_dmexp_1_idx": 0.6817106426268227,
    "J0437-4715_dmexp_1_log10_Amp": -6.1986614858343625,
    "J0437-4715_dmexp_1_log10_tau": 2.8324500354387943,
    "J0437-4715_dmexp_1_t0": 57070.64966214624,
    "J0437-4715_gp_sw_gamma": 0.31188165587653366,
    "J0437-4715_gp_sw_log10_A": -7.622010749133448,
    "J0437-4715_group_noise_CASPSR_40CM_gamma": 4.690577101732355,
    "J0437-4715_group_noise_CASPSR_40CM_log10_A": -14.395619780156125,
    "J0437-4715_group_noise_UWL_PDFB4_20CM_gamma": 4.178067482040553,
    "J0437-4715_group_noise_UWL_PDFB4_20CM_log10_A": -14.16068883960794,
    "J0437-4715_group_noise_UWL_sbA_gamma": 3.7849786534639507,
    "J0437-4715_group_noise_UWL_sbA_log10_A": -16.17123218297581,
    "J0437-4715_group_noise_UWL_sbG_gamma": 3.426959491209436,
    "J0437-4715_group_noise_UWL_sbG_log10_A": -17.29469603140424,
    "J0437-4715_hf_noise_gamma": 0.5178621507637491,
    "J0437-4715_hf_noise_log10_A": -14.314186333547207,
    "J0437-4715_red_noise_gamma": 3.4012195416792426,
    "J0437-4715_red_noise_log10_A": -14.351471103011855,
    "n_earth": 4.4973532271491345,
    "nmodel": -7.454738558015505e-05
}