{
    "J0437-4715_CASPSR_40CM_efac": 0.6222104682097407,
    "J0437-4715_CASPSR_40CM_log10_tnequad": -8.892252719579774,
    "J0437-4715_PDFB_10CM_efac": 0.2509082320732556,
    "J0437-4715_PDFB_10CM_log10_tnequad": -7.41002345015445,
    "J0437-4715_PDFB_20CM_efac": 0.5947747153520622,
    "J0437-4715_PDFB_20CM_log10_tnequad": -8.412759845528177,
    "J0437-4715_PDFB_40CM_efac": 0.45440722387583204,
    "J0437-4715_PDFB_40CM_log10_tnequad": -8.909450950128031,
    "J0437-4715_UWL_CASPSR_40CM_efac": 1.3617373857413408,
    "J0437-4715_UWL_CASPSR_40CM_log10_tnequad": -8.011489123791312,
    "J0437-4715_UWL_PDFB4_10CM_efac": 0.4828102532510067,
    "J0437-4715_UWL_PDFB4_10CM_log10_tnequad": -7.469090149486813,
    "J0437-4715_UWL_PDFB4_20CM_efac": 0.9686484276094597,
    "J0437-4715_UWL_PDFB4_20CM_log10_tnequad": -8.354661111353739,
    "J0437-4715_UWL_sbA_efac": 0.9138993838286356,
    "J0437-4715_UWL_sbA_log10_tnequad": -7.0402442857443015,
    "J0437-4715_UWL_sbB_efac": 0.7896274167195869,
    "J0437-4715_UWL_sbB_log10_tnequad": -7.10370590953092,
    "J0437-4715_UWL_sbC_efac": 0.7924740189826595,
    "J0437-4715_UWL_sbC_log10_tnequad": -7.789028247108491,
    "J0437-4715_UWL_sbD_efac": 0.3374252123431244,
    "J0437-4715_UWL_sbD_log10_tnequad": -7.369241458282179,
    "J0437-4715_UWL_sbE_efac": 0.17267459666837134,
    "J0437-4715_UWL_sbE_log10_tnequad": -7.358572876565475,
    "J0437-4715_UWL_sbF_efac": 0.1089821796837178,
    "J0437-4715_UWL_sbF_log10_tnequad": -7.750617259530509,
    "J0437-4715_UWL_sbG_efac": 0.050139312052113735,
    "J0437-4715_UWL_sbG_log10_tnequad": -7.476482799874142,
    "J0437-4715_UWL_sbH_efac": 0.08999701146128111,
    "J0437-4715_UWL_sbH_log10_tnequad": -7.401747502787086,
    "J0437-4715_band_noise_high_high_gamma": 3.1249669678552063,
    "J0437-4715_band_noise_high_high_log10_A": -14.723628564628028,
    "J0437-4715_band_noise_low_gamma": 2.9214525432635163,
    "J0437-4715_band_noise_low_log10_A": -16.597671555477913,
    "J0437-4715_band_noise_mid_mid_gamma": 3.1595422925160843,
    "J0437-4715_band_noise_mid_mid_log10_A": -14.857403731787915,
    "J0437-4715_basis_ecorr_10CM_log10_ecorr": -8.311153835196434,
    "J0437-4715_basis_ecorr_10CM_uwl_log10_ecorr": -8.794269967734547,
    "J0437-4715_basis_ecorr_20CM_log10_ecorr": -7.876088072040015,
    "J0437-4715_basis_ecorr_20CM_uwl_log10_ecorr": -7.614210687071029,
    "J0437-4715_basis_ecorr_40CM_log10_ecorr": -6.9239650370426284,
    "J0437-4715_basis_ecorr_40CM_uwl_log10_ecorr": -7.1624754199524325,
    "J0437-4715_basis_ecorr_CASPSR_40CM_log10_ecorr": -8.437226335244368,
    "J0437-4715_basis_ecorr_PDFB_20CM_log10_ecorr": -7.354439957251165,
    "J0437-4715_basis_ecorr_UWL_PDFB4_20CM_log10_ecorr": -8.847364619974218,
    "J0437-4715_basis_ecorr_UWL_sbA_log10_ecorr": -8.637124574896289,
    "J0437-4715_basis_ecorr_UWL_sbG_log10_ecorr": -9.125101571185658,
    "J0437-4715_basis_ecorr_all_dr2_log10_ecorr": -7.418430444008814,
    "J0437-4715_basis_ecorr_all_uwl_log10_ecorr": -7.372649973849742,
    "J0437-4715_chrom_gp_gamma": 2.9869804383636063,
    "J0437-4715_chrom_gp_log10_A": -14.429295362240927,
    "J0437-4715_dm_gp_gamma": 2.532322673406146,
    "J0437-4715_dm_gp_log10_A": -13.48283849378036,
    "J0437-4715_dmexp_1_idx": 0.6888425976298695,
    "J0437-4715_dmexp_1_log10_Amp": -6.194330943490478,
    "J0437-4715_dmexp_1_log10_tau": 2.900684536379236,
    "J0437-4715_dmexp_1_t0": 57070.47665000735,
    "J0437-4715_gp_sw_gamma": 0.3377829025051984,
    "J0437-4715_gp_sw_log10_A": -7.411743694892036,
    "J0437-4715_group_noise_CASPSR_40CM_gamma": 4.829182270514517,
    "J0437-4715_group_noise_CASPSR_40CM_log10_A": -14.410284914067354,
    "J0437-4715_group_noise_UWL_PDFB4_20CM_gamma": 4.021422016569456,
    "J0437-4715_group_noise_UWL_PDFB4_20CM_log10_A": -14.090310590122105,
    "J0437-4715_group_noise_UWL_sbA_gamma": 3.866721590249993,
    "J0437-4715_group_noise_UWL_sbA_log10_A": -15.479428314910233,
    "J0437-4715_group_noise_UWL_sbG_gamma": 3.3716197494451166,
    "J0437-4715_group_noise_UWL_sbG_log10_A": -17.203100897109852,
    "J0437-4715_hf_noise_gamma": 0.48238679609662893,
    "J0437-4715_hf_noise_log10_A": -14.32317829182991,
    "J0437-4715_red_noise_gamma": 3.283596433577178,
    "J0437-4715_red_noise_log10_A": -14.287907970786863,
    "n_earth": 3.6907220414439674,
    "nmodel": -0.00023374919193108745
}