{
    "J0437-4715_CASPSR_40CM_efac": 0.5787116392492984,
    "J0437-4715_CASPSR_40CM_log10_tnequad": -9.683429273687294,
    "J0437-4715_PDFB_10CM_efac": 0.1450002361366346,
    "J0437-4715_PDFB_10CM_log10_tnequad": -7.764448517669269,
    "J0437-4715_PDFB_20CM_efac": 0.5587415864607517,
    "J0437-4715_PDFB_20CM_log10_tnequad": -9.541990194583393,
    "J0437-4715_PDFB_40CM_efac": 0.4391060002911625,
    "J0437-4715_PDFB_40CM_log10_tnequad": -9.627952019361475,
    "J0437-4715_UWL_CASPSR_40CM_efac": 1.1049356019730767,
    "J0437-4715_UWL_CASPSR_40CM_log10_tnequad": -9.293805575081526,
    "J0437-4715_UWL_PDFB4_10CM_efac": 0.1339497177300711,
    "J0437-4715_UWL_PDFB4_10CM_log10_tnequad": -8.776426437124387,
    "J0437-4715_UWL_PDFB4_20CM_efac": 0.730220337564726,
    "J0437-4715_UWL_PDFB4_20CM_log10_tnequad": -9.576071821714075,
    "J0437-4715_UWL_sbA_efac": 0.7924424935388652,
    "J0437-4715_UWL_sbA_log10_tnequad": -8.637844597882856,
    "J0437-4715_UWL_sbB_efac": 0.7184142921239905,
    "J0437-4715_UWL_sbB_log10_tnequad": -7.2706019378936215,
    "J0437-4715_UWL_sbC_efac": 0.7423463385189396,
    "J0437-4715_UWL_sbC_log10_tnequad": -9.169066483101846,
    "J0437-4715_UWL_sbD_efac": 0.30625304013892457,
    "J0437-4715_UWL_sbD_log10_tnequad": -7.400647150242249,
    "J0437-4715_UWL_sbE_efac": 0.08476899838236242,
    "J0437-4715_UWL_sbE_log10_tnequad": -7.4339256755749945,
    "J0437-4715_UWL_sbF_efac": 0.07649738060778989,
    "J0437-4715_UWL_sbF_log10_tnequad": -7.786098650333291,
    "J0437-4715_UWL_sbG_efac": 0.022765276179744574,
    "J0437-4715_UWL_sbG_log10_tnequad": -7.501422840934814,
    "J0437-4715_UWL_sbH_efac": 0.031596417171466926,
    "J0437-4715_UWL_sbH_log10_tnequad": -7.483220933048195,
    "J0437-4715_band_noise_high_high_gamma": 2.3328480977728203,
    "J0437-4715_band_noise_high_high_log10_A": -17.787181582807772,
    "J0437-4715_band_noise_low_gamma": 1.1931940267905061,
    "J0437-4715_band_noise_low_log10_A": -18.88592204560031,
    "J0437-4715_band_noise_mid_mid_gamma": 1.8759933414706196,
    "J0437-4715_band_noise_mid_mid_log10_A": -18.60034320087297,
    "J0437-4715_basis_ecorr_10CM_log10_ecorr": -9.47519931389121,
    "J0437-4715_basis_ecorr_10CM_uwl_log10_ecorr": -9.614535589505289,
    "J0437-4715_basis_ecorr_20CM_log10_ecorr": -9.30587965620881,
    "J0437-4715_basis_ecorr_20CM_uwl_log10_ecorr": -7.662962124911328,
    "J0437-4715_basis_ecorr_40CM_log10_ecorr": -6.960445675499661,
    "J0437-4715_basis_ecorr_40CM_uwl_log10_ecorr": -7.2069622941135725,
    "J0437-4715_basis_ecorr_CASPSR_40CM_log10_ecorr": -9.496201590554692,
    "J0437-4715_basis_ecorr_PDFB_20CM_log10_ecorr": -8.771988661078089,
    "J0437-4715_basis_ecorr_UWL_PDFB4_20CM_log10_ecorr": -9.629425591968921,
    "J0437-4715_basis_ecorr_UWL_sbA_log10_ecorr": -9.573124390624484,
    "J0437-4715_basis_ecorr_UWL_sbG_log10_ecorr": -9.73261859266919,
    "J0437-4715_basis_ecorr_all_dr2_log10_ecorr": -8.04908676077813,
    "J0437-4715_basis_ecorr_all_uwl_log10_ecorr": -7.40248926787515,
    "J0437-4715_chrom_gp_gamma": 2.553475432131829,
    "J0437-4715_chrom_gp_log10_A": -14.557565528310496,
    "J0437-4715_dm_gp_gamma": 2.4017481057185655,
    "J0437-4715_dm_gp_log10_A": -13.51874769178823,
    "J0437-4715_dmexp_1_idx": 0.5472214870429958,
    "J0437-4715_dmexp_1_log10_Amp": -6.267244663200299,
    "J0437-4715_dmexp_1_log10_tau": 2.7363467093518494,
    "J0437-4715_dmexp_1_t0": 57059.34033223563,
    "J0437-4715_gp_sw_gamma": -2.269151154296348,
    "J0437-4715_gp_sw_log10_A": -8.911009213557733,
    "J0437-4715_group_noise_CASPSR_40CM_gamma": 3.216375860786703,
    "J0437-4715_group_noise_CASPSR_40CM_log10_A": -14.987455465508303,
    "J0437-4715_group_noise_UWL_PDFB4_20CM_gamma": 2.638473631065532,
    "J0437-4715_group_noise_UWL_PDFB4_20CM_log10_A": -14.576318548331653,
    "J0437-4715_group_noise_UWL_sbA_gamma": 1.5389786271729649,
    "J0437-4715_group_noise_UWL_sbA_log10_A": -18.506126101137443,
    "J0437-4715_group_noise_UWL_sbG_gamma": 1.2130337790340646,
    "J0437-4715_group_noise_UWL_sbG_log10_A": -19.106880566896205,
    "J0437-4715_hf_noise_gamma": 0.18131602429065471,
    "J0437-4715_hf_noise_log10_A": -14.441699731025043,
    "J0437-4715_red_noise_gamma": 2.641050930288948,
    "J0437-4715_red_noise_log10_A": -14.562914853460931,
    "n_earth": 1.056290923272695,
    "nmodel": -0.33907443855276276
}