{
    "J0437-4715_CASPSR_40CM_efac": 0.6688132193399525,
    "J0437-4715_CASPSR_40CM_log10_tnequad": -7.95297420389169,
    "J0437-4715_PDFB_10CM_efac": 0.42636303810911935,
    "J0437-4715_PDFB_10CM_log10_tnequad": -7.348555726827003,
    "J0437-4715_PDFB_20CM_efac": 0.6090036174555868,
    "J0437-4715_PDFB_20CM_log10_tnequad": -7.850348398753613,
    "J0437-4715_PDFB_40CM_efac": 0.4704357843179191,
    "J0437-4715_PDFB_40CM_log10_tnequad": -8.08718690455253,
    "J0437-4715_UWL_CASPSR_40CM_efac": 1.65420049582588,
    "J0437-4715_UWL_CASPSR_40CM_log10_tnequad": -6.879821815859477,
    "J0437-4715_UWL_PDFB4_10CM_efac": 0.8092188747946839,
    "J0437-4715_UWL_PDFB4_10CM_log10_tnequad": -7.298684221201069,
    "J0437-4715_UWL_PDFB4_20CM_efac": 1.082592295540967,
    "J0437-4715_UWL_PDFB4_20CM_log10_tnequad": -7.4115296863218125,
    "J0437-4715_UWL_sbA_efac": 0.9989542258256251,
    "J0437-4715_UWL_sbA_log10_tnequad": -6.8030017533913005,
    "J0437-4715_UWL_sbB_efac": 0.867466099586569,
    "J0437-4715_UWL_sbB_log10_tnequad": -7.019353194422086,
    "J0437-4715_UWL_sbC_efac": 0.8347473140108205,
    "J0437-4715_UWL_sbC_log10_tnequad": -7.534161071766187,
    "J0437-4715_UWL_sbD_efac": 0.37614022881791465,
    "J0437-4715_UWL_sbD_log10_tnequad": -7.341753614213951,
    "J0437-4715_UWL_sbE_efac": 0.42604317785620105,
    "J0437-4715_UWL_sbE_log10_tnequad": -7.332392318077622,
    "J0437-4715_UWL_sbF_efac": 0.147665067042528,
    "J0437-4715_UWL_sbF_log10_tnequad": -7.721476746797343,
    "J0437-4715_UWL_sbG_efac": 0.0977175393499232,
    "J0437-4715_UWL_sbG_log10_tnequad": -7.455740480495119,
    "J0437-4715_UWL_sbH_efac": 0.1900431251292501,
    "J0437-4715_UWL_sbH_log10_tnequad": -7.370323517124494,
    "J0437-4715_band_noise_high_high_gamma": 4.399902823760304,
    "J0437-4715_band_noise_high_high_log10_A": -14.425477147452257,
    "J0437-4715_band_noise_low_gamma": 5.271883506871189,
    "J0437-4715_band_noise_low_log10_A": -14.616753043548956,
    "J0437-4715_band_noise_mid_mid_gamma": 4.314748836373559,
    "J0437-4715_band_noise_mid_mid_log10_A": -14.411206840130498,
    "J0437-4715_basis_ecorr_10CM_log10_ecorr": -7.42860236326105,
    "J0437-4715_basis_ecorr_10CM_uwl_log10_ecorr": -8.03125716076893,
    "J0437-4715_basis_ecorr_20CM_log10_ecorr": -7.315769913811718,
    "J0437-4715_basis_ecorr_20CM_uwl_log10_ecorr": -7.572355415110757,
    "J0437-4715_basis_ecorr_40CM_log10_ecorr": -6.88912793002313,
    "J0437-4715_basis_ecorr_40CM_uwl_log10_ecorr": -7.1200775449265485,
    "J0437-4715_basis_ecorr_CASPSR_40CM_log10_ecorr": -7.455553452076127,
    "J0437-4715_basis_ecorr_PDFB_20CM_log10_ecorr": -7.2651930847587645,
    "J0437-4715_basis_ecorr_UWL_PDFB4_20CM_log10_ecorr": -7.98455058130865,
    "J0437-4715_basis_ecorr_UWL_sbA_log10_ecorr": -7.702926475746136,
    "J0437-4715_basis_ecorr_UWL_sbG_log10_ecorr": -8.528668915069694,
    "J0437-4715_basis_ecorr_all_dr2_log10_ecorr": -7.387855865871465,
    "J0437-4715_basis_ecorr_all_uwl_log10_ecorr": -7.341843001725344,
    "J0437-4715_chrom_gp_gamma": 3.4790726356578343,
    "J0437-4715_chrom_gp_log10_A": -14.308742287314173,
    "J0437-4715_dm_gp_gamma": 2.6716653284980367,
    "J0437-4715_dm_gp_log10_A": -13.4472792040652,
    "J0437-4715_dmexp_1_idx": 0.8255585006270585,
    "J0437-4715_dmexp_1_log10_Amp": -6.132073716364954,
    "J0437-4715_dmexp_1_log10_tau": 3.023652246983316,
    "J0437-4715_dmexp_1_t0": 57081.866623453156,
    "J0437-4715_gp_sw_gamma": 2.8468527922513314,
    "J0437-4715_gp_sw_log10_A": -6.537146135335185,
    "J0437-4715_group_noise_CASPSR_40CM_gamma": 6.16951840558527,
    "J0437-4715_group_noise_CASPSR_40CM_log10_A": -13.795881198710049,
    "J0437-4715_group_noise_UWL_PDFB4_20CM_gamma": 5.909581086686294,
    "J0437-4715_group_noise_UWL_PDFB4_20CM_log10_A": -13.809965966867706,
    "J0437-4715_group_noise_UWL_sbA_gamma": 6.011958681977596,
    "J0437-4715_group_noise_UWL_sbA_log10_A": -14.44217630156755,
    "J0437-4715_group_noise_UWL_sbG_gamma": 5.735355531555372,
    "J0437-4715_group_noise_UWL_sbG_log10_A": -15.600469952462948,
    "J0437-4715_hf_noise_gamma": 0.8446870693256509,
    "J0437-4715_hf_noise_log10_A": -14.186904100772006,
    "J0437-4715_red_noise_gamma": 4.1545665744121125,
    "J0437-4715_red_noise_log10_A": -14.110047470651294,
    "n_earth": 8.034983346677036,
    "nmodel": 0.3395144501731222
}