{
    "J0437-4715_CASPSR_40CM_efac": 0.09052343716932676,
    "J0437-4715_CASPSR_40CM_log10_tnequad": 0.7895571349467295,
    "J0437-4715_PDFB_10CM_efac": 0.12182854408793808,
    "J0437-4715_PDFB_10CM_log10_tnequad": 0.5023411409324527,
    "J0437-4715_PDFB_20CM_efac": 0.05417664642429015,
    "J0437-4715_PDFB_20CM_log10_tnequad": 0.7145578779700542,
    "J0437-4715_PDFB_40CM_efac": 0.022530278059823595,
    "J0437-4715_PDFB_40CM_log10_tnequad": 0.6892715967143268,
    "J0437-4715_UWL_CASPSR_40CM_efac": 0.3202997660033196,
    "J0437-4715_UWL_CASPSR_40CM_log10_tnequad": 1.040018823466914,
    "J0437-4715_UWL_PDFB4_10CM_efac": 0.3049096498231446,
    "J0437-4715_UWL_PDFB4_10CM_log10_tnequad": 0.7805549523177252,
    "J0437-4715_UWL_PDFB4_20CM_efac": 0.2233951265689732,
    "J0437-4715_UWL_PDFB4_20CM_log10_tnequad": 0.8955159502699216,
    "J0437-4715_UWL_sbA_efac": 0.14482261252530054,
    "J0437-4715_UWL_sbA_log10_tnequad": 0.9255177906597312,
    "J0437-4715_UWL_sbB_efac": 0.0954649017938712,
    "J0437-4715_UWL_sbB_log10_tnequad": 0.44882133342296193,
    "J0437-4715_UWL_sbC_efac": 0.08063633419366617,
    "J0437-4715_UWL_sbC_log10_tnequad": 0.7648371456514834,
    "J0437-4715_UWL_sbD_efac": 0.05698789559782622,
    "J0437-4715_UWL_sbD_log10_tnequad": 0.08765278186882851,
    "J0437-4715_UWL_sbE_efac": 0.2204138112474742,
    "J0437-4715_UWL_sbE_log10_tnequad": 0.2478576455780626,
    "J0437-4715_UWL_sbF_efac": 0.06313006238212045,
    "J0437-4715_UWL_sbF_log10_tnequad": 0.21494261207799353,
    "J0437-4715_UWL_sbG_efac": 0.056255477780388134,
    "J0437-4715_UWL_sbG_log10_tnequad": 0.1688105985214662,
    "J0437-4715_UWL_sbH_efac": 0.08004941317954282,
    "J0437-4715_UWL_sbH_log10_tnequad": 0.24860183154933255,
    "J0437-4715_band_noise_high_high_gamma": 1.3324941645391613,
    "J0437-4715_band_noise_high_high_log10_A": 1.6665324172076195,
    "J0437-4715_band_noise_low_gamma": 1.8186332703543275,
    "J0437-4715_band_noise_low_log10_A": 1.7964436117445055,
    "J0437-4715_band_noise_mid_mid_gamma": 1.4039147694828509,
    "J0437-4715_band_noise_mid_mid_log10_A": 1.9021401256491142,
    "J0437-4715_basis_ecorr_10CM_log10_ecorr": 0.8543087445620869,
    "J0437-4715_basis_ecorr_10CM_uwl_log10_ecorr": 0.6734405137276332,
    "J0437-4715_basis_ecorr_20CM_log10_ecorr": 0.889432524310246,
    "J0437-4715_basis_ecorr_20CM_uwl_log10_ecorr": 0.06046697715013092,
    "J0437-4715_basis_ecorr_40CM_log10_ecorr": 0.08025422026284945,
    "J0437-4715_basis_ecorr_40CM_uwl_log10_ecorr": 0.04344906827105696,
    "J0437-4715_basis_ecorr_CASPSR_40CM_log10_ecorr": 0.8624826922004899,
    "J0437-4715_basis_ecorr_PDFB_20CM_log10_ecorr": 0.7837065765789913,
    "J0437-4715_basis_ecorr_UWL_PDFB4_20CM_log10_ecorr": 0.7107026793467229,
    "J0437-4715_basis_ecorr_UWL_sbA_log10_ecorr": 0.8041353096413423,
    "J0437-4715_basis_ecorr_UWL_sbG_log10_ecorr": 0.5245152124835358,
    "J0437-4715_basis_ecorr_all_dr2_log10_ecorr": 0.6226664394889312,
    "J0437-4715_basis_ecorr_all_uwl_log10_ecorr": 0.030504512447790115,
    "J0437-4715_chrom_gp_gamma": 0.47273082092419055,
    "J0437-4715_chrom_gp_log10_A": 0.12784687085219454,
    "J0437-4715_dm_gp_gamma": 0.13653036423077886,
    "J0437-4715_dm_gp_log10_A": 0.036133384192310325,
    "J0437-4715_dmexp_1_idx": 0.15457542071730987,
    "J0437-4715_dmexp_1_log10_Amp": 0.07294534060209025,
    "J0437-4715_dmexp_1_log10_tau": 0.29805811512178154,
    "J0437-4715_dmexp_1_t0": 9.513264508573373,
    "J0437-4715_gp_sw_gamma": 2.2200288966016086,
    "J0437-4715_gp_sw_log10_A": 1.056375505906481,
    "J0437-4715_group_noise_CASPSR_40CM_gamma": 1.376911879298342,
    "J0437-4715_group_noise_CASPSR_40CM_log10_A": 0.5607572209658649,
    "J0437-4715_group_noise_UWL_PDFB4_20CM_gamma": 1.450880364436391,
    "J0437-4715_group_noise_UWL_PDFB4_20CM_log10_A": 0.36569184357286805,
    "J0437-4715_group_noise_UWL_sbA_gamma": 1.943312522409652,
    "J0437-4715_group_noise_UWL_sbA_log10_A": 1.7956262814148884,
    "J0437-4715_group_noise_UWL_sbG_gamma": 1.9493869950999367,
    "J0437-4715_group_noise_UWL_sbG_log10_A": 1.5043183305927075,
    "J0437-4715_hf_noise_gamma": 0.3219642928263926,
    "J0437-4715_hf_noise_log10_A": 0.12388322277004195,
    "J0437-4715_red_noise_gamma": 0.8142713369258584,
    "J0437-4715_red_noise_log10_A": 0.34232447503648106,
    "n_earth": 3.5199388941597105,
    "nmodel": 0.2884338928156186
}