{
    "J0614-3329_UWL_sbA_efac": 0.09248280358044515,
    "J0614-3329_UWL_sbA_log10_tnequad": 1.185167964538353,
    "J0614-3329_UWL_sbB_efac": 0.07090314746359264,
    "J0614-3329_UWL_sbB_log10_tnequad": 1.1189590319726355,
    "J0614-3329_UWL_sbC_efac": 0.09783072383486802,
    "J0614-3329_UWL_sbC_log10_tnequad": 1.178083122920734,
    "J0614-3329_UWL_sbD_efac": 0.06158234606942665,
    "J0614-3329_UWL_sbD_log10_tnequad": 1.1085403372300966,
    "J0614-3329_UWL_sbE_efac": 0.0751669739141136,
    "J0614-3329_UWL_sbE_log10_tnequad": 1.1593096390476594,
    "J0614-3329_UWL_sbF_efac": 0.0805362714893099,
    "J0614-3329_UWL_sbF_log10_tnequad": 1.1225364376370726,
    "J0614-3329_UWL_sbG_efac": 0.18434977610417955,
    "J0614-3329_UWL_sbG_log10_tnequad": 1.2069525695384435,
    "J0614-3329_UWL_sbH_efac": 0.18485100136546853,
    "J0614-3329_UWL_sbH_log10_tnequad": 1.2105068995784198,
    "J0614-3329_basis_ecorr_10CM_uwl_log10_ecorr": 1.145956241519827,
    "J0614-3329_basis_ecorr_20CM_uwl_log10_ecorr": 1.0739596539009557,
    "J0614-3329_basis_ecorr_40CM_uwl_log10_ecorr": 1.1387953036698206,
    "J0614-3329_basis_ecorr_all_uwl_log10_ecorr": 0.7407001764581533,
    "J0614-3329_dm_gp_gamma": 1.6008410606849128,
    "J0614-3329_dm_gp_log10_A": 1.2683956382368473,
    "J0614-3329_gp_sw_gamma": 2.2519032055556547,
    "J0614-3329_gp_sw_log10_A": 1.3134423107828423,
    "J0614-3329_red_noise_gamma": 2.0220889107711115,
    "J0614-3329_red_noise_log10_A": 2.1218770930071686,
    "n_earth": 5.668314172342402,
    "nmodel": 0.2886365198367565
}