{
    "J0613-0200_CASPSR_40CM_efac": 1.0295073850130796,
    "J0613-0200_CASPSR_40CM_log10_tnequad": -7.2235682864731245,
    "J0613-0200_CPSR2_20CM_efac": 1.0678424337037222,
    "J0613-0200_CPSR2_20CM_log10_tnequad": -6.741995339465152,
    "J0613-0200_CPSR2_50CM_efac": 1.1191022596757725,
    "J0613-0200_CPSR2_50CM_log10_tnequad": -7.161278235340031,
    "J0613-0200_PDFB1_20CM_efac": 1.1002778932247594,
    "J0613-0200_PDFB1_20CM_log10_tnequad": -6.946517339789382,
    "J0613-0200_PDFB1_early_20CM_efac": 1.4274916945666933,
    "J0613-0200_PDFB1_early_20CM_log10_tnequad": -6.391608851426915,
    "J0613-0200_PDFB_10CM_efac": 1.09464403521713,
    "J0613-0200_PDFB_10CM_log10_tnequad": -6.544251883336385,
    "J0613-0200_PDFB_20CM_efac": 1.1019609221473794,
    "J0613-0200_PDFB_20CM_log10_tnequad": -7.012547126069842,
    "J0613-0200_PDFB_40CM_efac": 1.2387384591207966,
    "J0613-0200_PDFB_40CM_log10_tnequad": -6.6986394216081,
    "J0613-0200_UWL_CASPSR_40CM_efac": 1.049782719364405,
    "J0613-0200_UWL_CASPSR_40CM_log10_tnequad": -6.626247641037842,
    "J0613-0200_UWL_PDFB4_20CM_efac": 1.209414497881385,
    "J0613-0200_UWL_PDFB4_20CM_log10_tnequad": -6.783163829882972,
    "J0613-0200_UWL_sbA_efac": 1.1649592042912331,
    "J0613-0200_UWL_sbA_log10_tnequad": -7.08085474774584,
    "J0613-0200_UWL_sbB_efac": 1.1261709713834351,
    "J0613-0200_UWL_sbB_log10_tnequad": -7.208087656784391,
    "J0613-0200_UWL_sbC_efac": 1.0019570372694377,
    "J0613-0200_UWL_sbC_log10_tnequad": -7.147974398302813,
    "J0613-0200_UWL_sbD_efac": 1.0789671787008768,
    "J0613-0200_UWL_sbD_log10_tnequad": -7.1565720260556285,
    "J0613-0200_UWL_sbE_efac": 1.1653992001541664,
    "J0613-0200_UWL_sbE_log10_tnequad": -6.688979042000531,
    "J0613-0200_UWL_sbF_efac": 1.1329059728616995,
    "J0613-0200_UWL_sbF_log10_tnequad": -6.979652519650061,
    "J0613-0200_UWL_sbG_efac": 1.0628103966952778,
    "J0613-0200_UWL_sbG_log10_tnequad": -6.644832007389371,
    "J0613-0200_UWL_sbH_efac": 1.0823146471548442,
    "J0613-0200_UWL_sbH_log10_tnequad": -5.750058801787733,
    "J0613-0200_WBCORR_10CM_efac": 2.4736154503425976,
    "J0613-0200_WBCORR_10CM_log10_tnequad": -5.828044886547748,
    "J0613-0200_band_noise_low_gamma": 5.376063859533067,
    "J0613-0200_band_noise_low_log10_A": -15.286369206451845,
    "J0613-0200_basis_ecorr_10CM_log10_ecorr": -6.209704707918239,
    "J0613-0200_basis_ecorr_10CM_uwl_log10_ecorr": -6.764665446156333,
    "J0613-0200_basis_ecorr_20CM_log10_ecorr": -6.992780887647862,
    "J0613-0200_basis_ecorr_20CM_uwl_log10_ecorr": -7.30060444340675,
    "J0613-0200_basis_ecorr_40CM_log10_ecorr": -6.940247760741204,
    "J0613-0200_basis_ecorr_40CM_uwl_log10_ecorr": -6.760142686588586,
    "J0613-0200_basis_ecorr_all_dr2_log10_ecorr": -6.824767867510797,
    "J0613-0200_basis_ecorr_all_uwl_log10_ecorr": -6.720785692088212,
    "J0613-0200_chrom_gp_gamma": 6.487356983626485,
    "J0613-0200_chrom_gp_log10_A": -14.6614965024578,
    "J0613-0200_dm1yr_log10_Amp": -6.558927175948362,
    "J0613-0200_dm1yr_phase": 2.740918350672172,
    "J0613-0200_dm_gp_gamma": 2.7096680878576334,
    "J0613-0200_dm_gp_log10_A": -13.534398916836984,
    "J0613-0200_gp_sw_gamma": 2.6955028625396453,
    "J0613-0200_gp_sw_log10_A": -7.258906045825482,
    "J0613-0200_red_noise_gamma": 6.681634891258677,
    "J0613-0200_red_noise_log10_A": -14.740638461554328,
    "n_earth": 2.5819348798505084,
    "nmodel": 0.34005318764204706
}