{
    "J0613-0200_CASPSR_40CM_efac": 0.0691772611877957,
    "J0613-0200_CASPSR_40CM_log10_tnequad": 0.9564499033436362,
    "J0613-0200_CPSR2_20CM_efac": 0.04753117076387814,
    "J0613-0200_CPSR2_20CM_log10_tnequad": 1.1223021021791242,
    "J0613-0200_CPSR2_50CM_efac": 0.03849042203424083,
    "J0613-0200_CPSR2_50CM_log10_tnequad": 0.9837977887492553,
    "J0613-0200_PDFB1_20CM_efac": 0.0644221028049365,
    "J0613-0200_PDFB1_20CM_log10_tnequad": 1.052303458695105,
    "J0613-0200_PDFB1_early_20CM_efac": 0.11735265802993534,
    "J0613-0200_PDFB1_early_20CM_log10_tnequad": 1.222762692638861,
    "J0613-0200_PDFB_10CM_efac": 0.046886285832658414,
    "J0613-0200_PDFB_10CM_log10_tnequad": 1.181036513300333,
    "J0613-0200_PDFB_20CM_efac": 0.024283853481126407,
    "J0613-0200_PDFB_20CM_log10_tnequad": 1.0257111698056451,
    "J0613-0200_PDFB_40CM_efac": 0.0563787914801289,
    "J0613-0200_PDFB_40CM_log10_tnequad": 1.1449446482742531,
    "J0613-0200_UWL_CASPSR_40CM_efac": 0.17955706789128426,
    "J0613-0200_UWL_CASPSR_40CM_log10_tnequad": 1.1366277990192504,
    "J0613-0200_UWL_PDFB4_20CM_efac": 0.08403778781726516,
    "J0613-0200_UWL_PDFB4_20CM_log10_tnequad": 1.1088774839666662,
    "J0613-0200_UWL_sbA_efac": 0.06637610873411853,
    "J0613-0200_UWL_sbA_log10_tnequad": 1.0063100255862418,
    "J0613-0200_UWL_sbB_efac": 0.05398084282512868,
    "J0613-0200_UWL_sbB_log10_tnequad": 0.9591308437089782,
    "J0613-0200_UWL_sbC_efac": 0.04774175268749887,
    "J0613-0200_UWL_sbC_log10_tnequad": 0.9841814695812395,
    "J0613-0200_UWL_sbD_efac": 0.04928925585685948,
    "J0613-0200_UWL_sbD_log10_tnequad": 0.9817896330846856,
    "J0613-0200_UWL_sbE_efac": 0.06393698728514255,
    "J0613-0200_UWL_sbE_log10_tnequad": 1.1263909956068612,
    "J0613-0200_UWL_sbF_efac": 0.04833219033141221,
    "J0613-0200_UWL_sbF_log10_tnequad": 1.0440110366669322,
    "J0613-0200_UWL_sbG_efac": 0.06333485061171767,
    "J0613-0200_UWL_sbG_log10_tnequad": 1.1550061162660241,
    "J0613-0200_UWL_sbH_efac": 0.12809862241000622,
    "J0613-0200_UWL_sbH_log10_tnequad": 0.6434075478361356,
    "J0613-0200_WBCORR_10CM_efac": 0.4051118519632471,
    "J0613-0200_WBCORR_10CM_log10_tnequad": 1.42107763562133,
    "J0613-0200_band_noise_low_gamma": 1.9527376792885882,
    "J0613-0200_band_noise_low_log10_A": 1.729180794011412,
    "J0613-0200_basis_ecorr_10CM_log10_ecorr": 1.2623545179311155,
    "J0613-0200_basis_ecorr_10CM_uwl_log10_ecorr": 1.1160371818173798,
    "J0613-0200_basis_ecorr_20CM_log10_ecorr": 1.0246176137228495,
    "J0613-0200_basis_ecorr_20CM_uwl_log10_ecorr": 0.9333475296748966,
    "J0613-0200_basis_ecorr_40CM_log10_ecorr": 1.0330719935995942,
    "J0613-0200_basis_ecorr_40CM_uwl_log10_ecorr": 1.0616089135658797,
    "J0613-0200_basis_ecorr_all_dr2_log10_ecorr": 1.0588523273413932,
    "J0613-0200_basis_ecorr_all_uwl_log10_ecorr": 0.842275918415466,
    "J0613-0200_chrom_gp_gamma": 1.4114422242295668,
    "J0613-0200_chrom_gp_log10_A": 0.8465833782591101,
    "J0613-0200_dm1yr_log10_Amp": 0.05785266237261596,
    "J0613-0200_dm1yr_phase": 0.15119499802074263,
    "J0613-0200_dm_gp_gamma": 0.3506057167261505,
    "J0613-0200_dm_gp_log10_A": 0.18883379351365112,
    "J0613-0200_gp_sw_gamma": 2.1514106436299283,
    "J0613-0200_gp_sw_log10_A": 0.9693081696794313,
    "J0613-0200_red_noise_gamma": 0.8940133497023377,
    "J0613-0200_red_noise_log10_A": 0.5400530145736597,
    "n_earth": 1.0789876243018441,
    "nmodel": 0.2887421945016371
}