{
    "J0613-0200_CASPSR_40CM_efac": 0.960616236026933,
    "J0613-0200_CASPSR_40CM_log10_tnequad": -8.344060920040324,
    "J0613-0200_CPSR2_20CM_efac": 1.019971785973489,
    "J0613-0200_CPSR2_20CM_log10_tnequad": -8.058269861244064,
    "J0613-0200_CPSR2_50CM_efac": 1.0826072002451352,
    "J0613-0200_CPSR2_50CM_log10_tnequad": -8.311571411998944,
    "J0613-0200_PDFB1_20CM_efac": 1.0343670858992429,
    "J0613-0200_PDFB1_20CM_log10_tnequad": -8.163011385072894,
    "J0613-0200_PDFB1_early_20CM_efac": 1.3173211391616166,
    "J0613-0200_PDFB1_early_20CM_log10_tnequad": -7.825146133407885,
    "J0613-0200_PDFB_10CM_efac": 1.0491295221489572,
    "J0613-0200_PDFB_10CM_log10_tnequad": -7.93150926165633,
    "J0613-0200_PDFB_20CM_efac": 1.0785161601697415,
    "J0613-0200_PDFB_20CM_log10_tnequad": -8.208336445356473,
    "J0613-0200_PDFB_40CM_efac": 1.196737194081463,
    "J0613-0200_PDFB_40CM_log10_tnequad": -8.040694187897603,
    "J0613-0200_UWL_CASPSR_40CM_efac": 0.8912639779803503,
    "J0613-0200_UWL_CASPSR_40CM_log10_tnequad": -7.962510513841505,
    "J0613-0200_UWL_PDFB4_20CM_efac": 1.1242838149518064,
    "J0613-0200_UWL_PDFB4_20CM_log10_tnequad": -8.077178867895629,
    "J0613-0200_UWL_sbA_efac": 1.098177126439718,
    "J0613-0200_UWL_sbA_log10_tnequad": -8.255821970982318,
    "J0613-0200_UWL_sbB_efac": 1.0715418531798246,
    "J0613-0200_UWL_sbB_log10_tnequad": -8.320898864331173,
    "J0613-0200_UWL_sbC_efac": 0.9537800442527002,
    "J0613-0200_UWL_sbC_log10_tnequad": -8.284415430170592,
    "J0613-0200_UWL_sbD_efac": 1.0292722557112153,
    "J0613-0200_UWL_sbD_log10_tnequad": -8.32144515113663,
    "J0613-0200_UWL_sbE_efac": 1.10679525242029,
    "J0613-0200_UWL_sbE_log10_tnequad": -7.997152820987687,
    "J0613-0200_UWL_sbF_efac": 1.0845615266139876,
    "J0613-0200_UWL_sbF_log10_tnequad": -8.193673991594016,
    "J0613-0200_UWL_sbG_efac": 1.0005164390735066,
    "J0613-0200_UWL_sbG_log10_tnequad": -7.987616929840483,
    "J0613-0200_UWL_sbH_efac": 0.9511048349903503,
    "J0613-0200_UWL_sbH_log10_tnequad": -5.8557241288518815,
    "J0613-0200_WBCORR_10CM_efac": 2.0837770258864503,
    "J0613-0200_WBCORR_10CM_log10_tnequad": -7.48342951176329,
    "J0613-0200_band_noise_low_gamma": 2.8351900265673926,
    "J0613-0200_band_noise_low_log10_A": -17.383921933026286,
    "J0613-0200_basis_ecorr_10CM_log10_ecorr": -7.547323816820489,
    "J0613-0200_basis_ecorr_10CM_uwl_log10_ecorr": -8.075755903359141,
    "J0613-0200_basis_ecorr_20CM_log10_ecorr": -8.186544416277494,
    "J0613-0200_basis_ecorr_20CM_uwl_log10_ecorr": -8.394096651583524,
    "J0613-0200_basis_ecorr_40CM_log10_ecorr": -8.13409822865445,
    "J0613-0200_basis_ecorr_40CM_uwl_log10_ecorr": -7.505195267535772,
    "J0613-0200_basis_ecorr_all_dr2_log10_ecorr": -7.925603720384844,
    "J0613-0200_basis_ecorr_all_uwl_log10_ecorr": -6.867836516557838,
    "J0613-0200_chrom_gp_gamma": 5.159115768846022,
    "J0613-0200_chrom_gp_log10_A": -15.807758595485245,
    "J0613-0200_dm1yr_log10_Amp": -6.610914461616412,
    "J0613-0200_dm1yr_phase": 2.596525956042377,
    "J0613-0200_dm_gp_gamma": 2.386323344528491,
    "J0613-0200_dm_gp_log10_A": -13.59633731531906,
    "J0613-0200_gp_sw_gamma": 0.6055308891170963,
    "J0613-0200_gp_sw_log10_A": -8.399421065993648,
    "J0613-0200_red_noise_gamma": 5.910704368800906,
    "J0613-0200_red_noise_log10_A": -15.38917243489071,
    "n_earth": 1.2949887337726331,
    "nmodel": -0.0001263857940572155
}