{
    "J0614-3329_UWL_sbA_efac": 0.8071919788958744,
    "J0614-3329_UWL_sbA_log10_tnequad": -6.582641214658267,
    "J0614-3329_UWL_sbB_efac": 1.0617410386438086,
    "J0614-3329_UWL_sbB_log10_tnequad": -6.781500348791502,
    "J0614-3329_UWL_sbC_efac": 1.1947184717069066,
    "J0614-3329_UWL_sbC_log10_tnequad": -6.591256047258954,
    "J0614-3329_UWL_sbD_efac": 1.1139124314535154,
    "J0614-3329_UWL_sbD_log10_tnequad": -6.802859455672773,
    "J0614-3329_UWL_sbE_efac": 1.0959584478181594,
    "J0614-3329_UWL_sbE_log10_tnequad": -6.649062776903103,
    "J0614-3329_UWL_sbF_efac": 1.0718107542136455,
    "J0614-3329_UWL_sbF_log10_tnequad": -6.75010018584165,
    "J0614-3329_UWL_sbG_efac": 1.1280352188923033,
    "J0614-3329_UWL_sbG_log10_tnequad": -6.471341849692552,
    "J0614-3329_UWL_sbH_efac": 1.1138773866251872,
    "J0614-3329_UWL_sbH_log10_tnequad": -6.518692342040755,
    "J0614-3329_basis_ecorr_10CM_uwl_log10_ecorr": -6.670631782700799,
    "J0614-3329_basis_ecorr_20CM_uwl_log10_ecorr": -6.8816981285735785,
    "J0614-3329_basis_ecorr_40CM_uwl_log10_ecorr": -6.676928564828285,
    "J0614-3329_basis_ecorr_all_uwl_log10_ecorr": -6.1617671948670365,
    "J0614-3329_dm_gp_gamma": 6.39926437722514,
    "J0614-3329_dm_gp_log10_A": -13.320959517875293,
    "J0614-3329_gp_sw_gamma": 3.015757551600301,
    "J0614-3329_gp_sw_log10_A": -6.278993912746968,
    "J0614-3329_red_noise_gamma": 5.731517019870694,
    "J0614-3329_red_noise_log10_A": -13.973043870828887,
    "n_earth": 17.322497167544995,
    "nmodel": 0.3399906743645476
}