{
    "J0613-0200_CASPSR_40CM_efac": 0.8952970993454307,
    "J0613-0200_CASPSR_40CM_log10_tnequad": -9.451294658121629,
    "J0613-0200_CPSR2_20CM_efac": 0.9749164967048687,
    "J0613-0200_CPSR2_20CM_log10_tnequad": -9.361841655146561,
    "J0613-0200_CPSR2_50CM_efac": 1.0466013127390734,
    "J0613-0200_CPSR2_50CM_log10_tnequad": -9.451979993496948,
    "J0613-0200_PDFB1_20CM_efac": 0.9740816268467476,
    "J0613-0200_PDFB1_20CM_log10_tnequad": -9.390175663434167,
    "J0613-0200_PDFB1_early_20CM_efac": 1.2118544490601044,
    "J0613-0200_PDFB1_early_20CM_log10_tnequad": -9.278464281995094,
    "J0613-0200_PDFB_10CM_efac": 1.0039950019095607,
    "J0613-0200_PDFB_10CM_log10_tnequad": -9.324259025068036,
    "J0613-0200_PDFB_20CM_efac": 1.054893847806772,
    "J0613-0200_PDFB_20CM_log10_tnequad": -9.408398891191188,
    "J0613-0200_PDFB_40CM_efac": 1.1554979310026459,
    "J0613-0200_PDFB_40CM_log10_tnequad": -9.36666546698298,
    "J0613-0200_UWL_CASPSR_40CM_efac": 0.7404929402340887,
    "J0613-0200_UWL_CASPSR_40CM_log10_tnequad": -9.33194088095705,
    "J0613-0200_UWL_PDFB4_20CM_efac": 1.046315596299162,
    "J0613-0200_UWL_PDFB4_20CM_log10_tnequad": -9.372168813092399,
    "J0613-0200_UWL_sbA_efac": 1.0351286423032287,
    "J0613-0200_UWL_sbA_log10_tnequad": -9.436734789531364,
    "J0613-0200_UWL_sbB_efac": 1.0202339247845889,
    "J0613-0200_UWL_sbB_log10_tnequad": -9.447011933223108,
    "J0613-0200_UWL_sbC_efac": 0.9082758141220388,
    "J0613-0200_UWL_sbC_log10_tnequad": -9.443338463444656,
    "J0613-0200_UWL_sbD_efac": 0.9823113305415667,
    "J0613-0200_UWL_sbD_log10_tnequad": -9.44687397724457,
    "J0613-0200_UWL_sbE_efac": 1.048374920609602,
    "J0613-0200_UWL_sbE_log10_tnequad": -9.349326869445282,
    "J0613-0200_UWL_sbF_efac": 1.0384663459875476,
    "J0613-0200_UWL_sbF_log10_tnequad": -9.416345076285472,
    "J0613-0200_UWL_sbG_efac": 0.9417286711261368,
    "J0613-0200_UWL_sbG_log10_tnequad": -9.342890910594589,
    "J0613-0200_UWL_sbH_efac": 0.831669540850823,
    "J0613-0200_UWL_sbH_log10_tnequad": -6.03269672592057,
    "J0613-0200_WBCORR_10CM_efac": 1.7609364944652643,
    "J0613-0200_WBCORR_10CM_log10_tnequad": -9.170797044382176,
    "J0613-0200_band_noise_low_gamma": 0.8679999840299172,
    "J0613-0200_band_noise_low_log10_A": -19.163214575456042,
    "J0613-0200_basis_ecorr_10CM_log10_ecorr": -9.210578647268468,
    "J0613-0200_basis_ecorr_10CM_uwl_log10_ecorr": -9.384156171810414,
    "J0613-0200_basis_ecorr_20CM_log10_ecorr": -9.421232407422183,
    "J0613-0200_basis_ecorr_20CM_uwl_log10_ecorr": -9.488243057787866,
    "J0613-0200_basis_ecorr_40CM_log10_ecorr": -9.40470835433718,
    "J0613-0200_basis_ecorr_40CM_uwl_log10_ecorr": -9.190503039367035,
    "J0613-0200_basis_ecorr_all_dr2_log10_ecorr": -9.337930169812632,
    "J0613-0200_basis_ecorr_all_uwl_log10_ecorr": -8.036266423579026,
    "J0613-0200_chrom_gp_gamma": 3.2203800738475703,
    "J0613-0200_chrom_gp_log10_A": -16.619340913302736,
    "J0613-0200_dm1yr_log10_Amp": -6.670892837098408,
    "J0613-0200_dm1yr_phase": 2.4438771649033466,
    "J0613-0200_dm_gp_gamma": 2.1047442874538578,
    "J0613-0200_dm_gp_log10_A": -13.673666727001873,
    "J0613-0200_gp_sw_gamma": -2.1996684834031215,
    "J0613-0200_gp_sw_log10_A": -9.486534745450712,
    "J0613-0200_red_noise_gamma": 4.78076391663079,
    "J0613-0200_red_noise_log10_A": -15.877401969587448,
    "n_earth": 0.40926751512691295,
    "nmodel": -0.3400829368620981
}