{
    "J0614-3329_UWL_sbA_efac": 0.6330632226360144,
    "J0614-3329_UWL_sbA_log10_tnequad": -9.354942773304298,
    "J0614-3329_UWL_sbB_efac": 0.9222703153541386,
    "J0614-3329_UWL_sbB_log10_tnequad": -9.387869864335437,
    "J0614-3329_UWL_sbC_efac": 1.0051746303528761,
    "J0614-3329_UWL_sbC_log10_tnequad": -9.34794253827978,
    "J0614-3329_UWL_sbD_efac": 0.9931532216601092,
    "J0614-3329_UWL_sbD_log10_tnequad": -9.39166238757907,
    "J0614-3329_UWL_sbE_efac": 0.9535800680900973,
    "J0614-3329_UWL_sbE_log10_tnequad": -9.360098044615702,
    "J0614-3329_UWL_sbF_efac": 0.9143041621272693,
    "J0614-3329_UWL_sbF_log10_tnequad": -9.38165943464583,
    "J0614-3329_UWL_sbG_efac": 0.7917708918889558,
    "J0614-3329_UWL_sbG_log10_tnequad": -9.318627303604684,
    "J0614-3329_UWL_sbH_efac": 0.7829209952550052,
    "J0614-3329_UWL_sbH_log10_tnequad": -9.338240520799015,
    "J0614-3329_basis_ecorr_10CM_uwl_log10_ecorr": -9.364310816108988,
    "J0614-3329_basis_ecorr_20CM_uwl_log10_ecorr": -9.403425702906526,
    "J0614-3329_basis_ecorr_40CM_uwl_log10_ecorr": -9.36377326033182,
    "J0614-3329_basis_ecorr_all_uwl_log10_ecorr": -6.593413734202382,
    "J0614-3329_dm_gp_gamma": 2.953024624414172,
    "J0614-3329_dm_gp_log10_A": -14.321616751312908,
    "J0614-3329_gp_sw_gamma": -2.189264925419992,
    "J0614-3329_gp_sw_log10_A": -9.332154689412127,
    "J0614-3329_red_noise_gamma": 0.9730693127012229,
    "J0614-3329_red_noise_log10_A": -18.854632960424077,
    "n_earth": 4.093414533109108,
    "nmodel": -0.33987568846411703
}