{
    "J0614-3329_UWL_sbA_efac": 0.7193409762678695,
    "J0614-3329_UWL_sbA_log10_tnequad": -7.962732444679206,
    "J0614-3329_UWL_sbB_efac": 0.9919362436568021,
    "J0614-3329_UWL_sbB_log10_tnequad": -8.079282109664643,
    "J0614-3329_UWL_sbC_efac": 1.0996885639317842,
    "J0614-3329_UWL_sbC_log10_tnequad": -7.965337144129458,
    "J0614-3329_UWL_sbD_efac": 1.053357324637689,
    "J0614-3329_UWL_sbD_log10_tnequad": -8.092094333295528,
    "J0614-3329_UWL_sbE_efac": 1.0239102678952865,
    "J0614-3329_UWL_sbE_log10_tnequad": -8.000147683490095,
    "J0614-3329_UWL_sbF_efac": 0.9929306405713332,
    "J0614-3329_UWL_sbF_log10_tnequad": -8.06289798851078,
    "J0614-3329_UWL_sbG_efac": 0.9582423395989877,
    "J0614-3329_UWL_sbG_log10_tnequad": -7.890390319719184,
    "J0614-3329_UWL_sbH_efac": 0.9448583635872773,
    "J0614-3329_UWL_sbH_log10_tnequad": -7.923265306098332,
    "J0614-3329_basis_ecorr_10CM_uwl_log10_ecorr": -8.014179266259436,
    "J0614-3329_basis_ecorr_20CM_uwl_log10_ecorr": -8.14069497580972,
    "J0614-3329_basis_ecorr_40CM_uwl_log10_ecorr": -8.01855123199056,
    "J0614-3329_basis_ecorr_all_uwl_log10_ecorr": -6.532983564095145,
    "J0614-3329_dm_gp_gamma": 4.7056226084793975,
    "J0614-3329_dm_gp_log10_A": -14.097782714903035,
    "J0614-3329_gp_sw_gamma": 0.5182668031024624,
    "J0614-3329_gp_sw_log10_A": -7.8362426234235585,
    "J0614-3329_red_noise_gamma": 3.318176929755727,
    "J0614-3329_red_noise_log10_A": -16.387889535316276,
    "n_earth": 10.849371261517632,
    "nmodel": 0.00011864097140905418
}