{
    "J0613-0200_CASPSR_40CM_efac": 0.9620742626055995,
    "J0613-0200_CASPSR_40CM_log10_tnequad": -8.33607469171111,
    "J0613-0200_CPSR2_20CM_efac": 1.021212481597731,
    "J0613-0200_CPSR2_20CM_log10_tnequad": -8.050631173968172,
    "J0613-0200_CPSR2_50CM_efac": 1.082650230837427,
    "J0613-0200_CPSR2_50CM_log10_tnequad": -8.302403616501898,
    "J0613-0200_PDFB1_20CM_efac": 1.037024938169809,
    "J0613-0200_PDFB1_20CM_log10_tnequad": -8.16072557306293,
    "J0613-0200_PDFB1_early_20CM_efac": 1.3175814834353525,
    "J0613-0200_PDFB1_early_20CM_log10_tnequad": -7.839705450463835,
    "J0613-0200_PDFB_10CM_efac": 1.0490920773783525,
    "J0613-0200_PDFB_10CM_log10_tnequad": -7.934026152775774,
    "J0613-0200_PDFB_20CM_efac": 1.0782586351151813,
    "J0613-0200_PDFB_20CM_log10_tnequad": -8.207518950395203,
    "J0613-0200_PDFB_40CM_efac": 1.1954624704667767,
    "J0613-0200_PDFB_40CM_log10_tnequad": -8.028424360755631,
    "J0613-0200_UWL_CASPSR_40CM_efac": 0.8897654682827586,
    "J0613-0200_UWL_CASPSR_40CM_log10_tnequad": -7.9821683218631065,
    "J0613-0200_UWL_PDFB4_20CM_efac": 1.1277622667260099,
    "J0613-0200_UWL_PDFB4_20CM_log10_tnequad": -8.073530941177893,
    "J0613-0200_UWL_sbA_efac": 1.0998512934191056,
    "J0613-0200_UWL_sbA_log10_tnequad": -8.254976856474878,
    "J0613-0200_UWL_sbB_efac": 1.0728660493636832,
    "J0613-0200_UWL_sbB_log10_tnequad": -8.321291035018833,
    "J0613-0200_UWL_sbC_efac": 0.9551300431330687,
    "J0613-0200_UWL_sbC_log10_tnequad": -8.287643368808752,
    "J0613-0200_UWL_sbD_efac": 1.0303138020556801,
    "J0613-0200_UWL_sbD_log10_tnequad": -8.307113115109429,
    "J0613-0200_UWL_sbE_efac": 1.1054653796067466,
    "J0613-0200_UWL_sbE_log10_tnequad": -8.01713041783538,
    "J0613-0200_UWL_sbF_efac": 1.08567444269251,
    "J0613-0200_UWL_sbF_log10_tnequad": -8.192964990225127,
    "J0613-0200_UWL_sbG_efac": 1.001741881144424,
    "J0613-0200_UWL_sbG_log10_tnequad": -7.988653417299328,
    "J0613-0200_UWL_sbH_efac": 0.9557904591835846,
    "J0613-0200_UWL_sbH_log10_tnequad": -6.018920351343247,
    "J0613-0200_WBCORR_10CM_efac": 2.1099222743259736,
    "J0613-0200_WBCORR_10CM_log10_tnequad": -7.497491437410972,
    "J0613-0200_band_noise_low_gamma": 3.0445412682491777,
    "J0613-0200_band_noise_low_log10_A": -17.239186641444945,
    "J0613-0200_basis_ecorr_10CM_log10_ecorr": -7.663410998708222,
    "J0613-0200_basis_ecorr_10CM_uwl_log10_ecorr": -8.072291289986504,
    "J0613-0200_basis_ecorr_20CM_log10_ecorr": -8.203729430223381,
    "J0613-0200_basis_ecorr_20CM_uwl_log10_ecorr": -8.391495376695634,
    "J0613-0200_basis_ecorr_40CM_log10_ecorr": -8.166791314901102,
    "J0613-0200_basis_ecorr_40CM_uwl_log10_ecorr": -7.826121075283093,
    "J0613-0200_basis_ecorr_all_dr2_log10_ecorr": -8.035751426028746,
    "J0613-0200_basis_ecorr_all_uwl_log10_ecorr": -7.244824931554206,
    "J0613-0200_chrom_gp_gamma": 4.940962472958345,
    "J0613-0200_chrom_gp_log10_A": -15.704650051386375,
    "J0613-0200_dm1yr_log10_Amp": -6.615164702556579,
    "J0613-0200_dm1yr_phase": 2.592408438183195,
    "J0613-0200_dm_gp_gamma": 2.413726933732034,
    "J0613-0200_dm_gp_log10_A": -13.614941319062163,
    "J0613-0200_gp_sw_gamma": 0.35762298521744534,
    "J0613-0200_gp_sw_log10_A": -8.371180623429229,
    "J0613-0200_red_noise_gamma": 5.752157384392807,
    "J0613-0200_red_noise_log10_A": -15.324294681391454,
    "n_earth": 1.4921990676930297,
    "nmodel": -2.8835294382865047e-05
}