{
    "J0614-3329_UWL_sbA_efac": 0.7139705883988422,
    "J0614-3329_UWL_sbA_log10_tnequad": -7.968179330619573,
    "J0614-3329_UWL_sbB_efac": 0.9887068630995857,
    "J0614-3329_UWL_sbB_log10_tnequad": -8.089624374477275,
    "J0614-3329_UWL_sbC_efac": 1.0947930337570704,
    "J0614-3329_UWL_sbC_log10_tnequad": -7.970199938538066,
    "J0614-3329_UWL_sbD_efac": 1.05145142343122,
    "J0614-3329_UWL_sbD_log10_tnequad": -8.098597193840275,
    "J0614-3329_UWL_sbE_efac": 1.0225899041209843,
    "J0614-3329_UWL_sbE_log10_tnequad": -8.00607882527963,
    "J0614-3329_UWL_sbF_efac": 0.9887947858438255,
    "J0614-3329_UWL_sbF_log10_tnequad": -8.066620823796361,
    "J0614-3329_UWL_sbG_efac": 0.9408655968115518,
    "J0614-3329_UWL_sbG_log10_tnequad": -7.877838015873857,
    "J0614-3329_UWL_sbH_efac": 0.9310009389799253,
    "J0614-3329_UWL_sbH_log10_tnequad": -7.93645211348401,
    "J0614-3329_basis_ecorr_10CM_uwl_log10_ecorr": -8.012998125057681,
    "J0614-3329_basis_ecorr_20CM_uwl_log10_ecorr": -8.14193583629641,
    "J0614-3329_basis_ecorr_40CM_uwl_log10_ecorr": -8.012186251474342,
    "J0614-3329_basis_ecorr_all_uwl_log10_ecorr": -6.299188329913346,
    "J0614-3329_dm_gp_gamma": 4.960318564651269,
    "J0614-3329_dm_gp_log10_A": -13.794243579396552,
    "J0614-3329_gp_sw_gamma": 0.7821964053706525,
    "J0614-3329_gp_sw_log10_A": -7.910488500057472,
    "J0614-3329_red_noise_gamma": 3.2293296316690365,
    "J0614-3329_red_noise_log10_A": -16.422371107295643,
    "n_earth": 11.241893827312165,
    "nmodel": 0.0002757000856358216
}