{
    "J0711-6830_CASPSR_40CM_efac": 1.1041512649408847,
    "J0711-6830_CASPSR_40CM_log10_tnequad": -8.115816474001713,
    "J0711-6830_CPSR2_20CM_efac": 1.2355726322148888,
    "J0711-6830_CPSR2_20CM_log10_tnequad": -8.030030048119695,
    "J0711-6830_CPSR2_50CM_efac": 1.0843329229678509,
    "J0711-6830_CPSR2_50CM_log10_tnequad": -8.03291157402741,
    "J0711-6830_PDFB1_20CM_efac": 1.1235342514259217,
    "J0711-6830_PDFB1_20CM_log10_tnequad": -8.34209784892439,
    "J0711-6830_PDFB1_early_20CM_efac": 1.0445470350604056,
    "J0711-6830_PDFB1_early_20CM_log10_tnequad": -8.058032860511428,
    "J0711-6830_PDFB_10CM_efac": 1.0461633076419505,
    "J0711-6830_PDFB_10CM_log10_tnequad": -7.83559887737924,
    "J0711-6830_PDFB_20CM_efac": 1.041123032366035,
    "J0711-6830_PDFB_20CM_log10_tnequad": -8.271050366058436,
    "J0711-6830_PDFB_40CM_efac": 1.0836007679360982,
    "J0711-6830_PDFB_40CM_log10_tnequad": -8.098447952476043,
    "J0711-6830_UWL_CASPSR_40CM_efac": 1.191664882728777,
    "J0711-6830_UWL_CASPSR_40CM_log10_tnequad": -7.936307192163868,
    "J0711-6830_UWL_PDFB4_20CM_efac": 1.1625237666692563,
    "J0711-6830_UWL_PDFB4_20CM_log10_tnequad": -8.342144763007376,
    "J0711-6830_UWL_sbA_efac": 1.2566299648370474,
    "J0711-6830_UWL_sbA_log10_tnequad": -8.156290179897228,
    "J0711-6830_UWL_sbB_efac": 1.2085562476427314,
    "J0711-6830_UWL_sbB_log10_tnequad": -7.728216015299935,
    "J0711-6830_UWL_sbC_efac": 1.1071814499117791,
    "J0711-6830_UWL_sbC_log10_tnequad": -8.172124914549922,
    "J0711-6830_UWL_sbD_efac": 1.1282448491551142,
    "J0711-6830_UWL_sbD_log10_tnequad": -8.454437150544607,
    "J0711-6830_UWL_sbE_efac": 1.0397576744862023,
    "J0711-6830_UWL_sbE_log10_tnequad": -8.290156622722899,
    "J0711-6830_UWL_sbF_efac": 1.043344220259514,
    "J0711-6830_UWL_sbF_log10_tnequad": -8.299863009662408,
    "J0711-6830_UWL_sbG_efac": 1.043480737294685,
    "J0711-6830_UWL_sbG_log10_tnequad": -8.049300491132918,
    "J0711-6830_UWL_sbH_efac": 1.0534498734968454,
    "J0711-6830_UWL_sbH_log10_tnequad": -6.760202007868601,
    "J0711-6830_WBCORR_10CM_efac": 0.920965174515048,
    "J0711-6830_WBCORR_10CM_log10_tnequad": -7.482356133495305,
    "J0711-6830_basis_ecorr_10CM_log10_ecorr": -7.624637332873602,
    "J0711-6830_basis_ecorr_10CM_uwl_log10_ecorr": -8.002099452334232,
    "J0711-6830_basis_ecorr_20CM_log10_ecorr": -6.910879204438992,
    "J0711-6830_basis_ecorr_20CM_uwl_log10_ecorr": -8.055360546118415,
    "J0711-6830_basis_ecorr_40CM_log10_ecorr": -8.251681207820948,
    "J0711-6830_basis_ecorr_40CM_uwl_log10_ecorr": -8.074773229262217,
    "J0711-6830_basis_ecorr_all_dr2_log10_ecorr": -7.411916833196942,
    "J0711-6830_basis_ecorr_all_uwl_log10_ecorr": -6.855290482731174,
    "J0711-6830_dm_gp_gamma": 3.191792528276892,
    "J0711-6830_dm_gp_log10_A": -14.146811381371847,
    "J0711-6830_gp_sw_gamma": 1.418408935554924,
    "J0711-6830_gp_sw_log10_A": -7.470387411675078,
    "J0711-6830_red_noise_gamma": 1.1840686841962675,
    "J0711-6830_red_noise_log10_A": -13.134272049120707,
    "n_earth": 9.840705673910344,
    "nmodel": -0.0003447791614327733
}