{
    "J0711-6830_CASPSR_40CM_efac": 1.0510856047819543,
    "J0711-6830_CASPSR_40CM_log10_tnequad": -9.389036638380095,
    "J0711-6830_CPSR2_20CM_efac": 1.1670647021675855,
    "J0711-6830_CPSR2_20CM_log10_tnequad": -9.358905969913092,
    "J0711-6830_CPSR2_50CM_efac": 1.0318643792153976,
    "J0711-6830_CPSR2_50CM_log10_tnequad": -9.364691765747393,
    "J0711-6830_PDFB1_20CM_efac": 1.0531556157193513,
    "J0711-6830_PDFB1_20CM_log10_tnequad": -9.4630319725374,
    "J0711-6830_PDFB1_early_20CM_efac": 0.9438074601292261,
    "J0711-6830_PDFB1_early_20CM_log10_tnequad": -9.377736834058839,
    "J0711-6830_PDFB_10CM_efac": 1.0096793221862619,
    "J0711-6830_PDFB_10CM_log10_tnequad": -9.288611072833342,
    "J0711-6830_PDFB_20CM_efac": 1.018423159925988,
    "J0711-6830_PDFB_20CM_log10_tnequad": -9.445396288800145,
    "J0711-6830_PDFB_40CM_efac": 1.0451467709740798,
    "J0711-6830_PDFB_40CM_log10_tnequad": -9.38354676601594,
    "J0711-6830_UWL_CASPSR_40CM_efac": 1.062027437118275,
    "J0711-6830_UWL_CASPSR_40CM_log10_tnequad": -9.337433503442458,
    "J0711-6830_UWL_PDFB4_20CM_efac": 1.0967573487744218,
    "J0711-6830_UWL_PDFB4_20CM_log10_tnequad": -9.462331424796174,
    "J0711-6830_UWL_sbA_efac": 1.1980992889054973,
    "J0711-6830_UWL_sbA_log10_tnequad": -9.395560990545256,
    "J0711-6830_UWL_sbB_efac": 1.1648930889778413,
    "J0711-6830_UWL_sbB_log10_tnequad": -9.25273107289071,
    "J0711-6830_UWL_sbC_efac": 1.0666920498644512,
    "J0711-6830_UWL_sbC_log10_tnequad": -9.399365353958565,
    "J0711-6830_UWL_sbD_efac": 1.0911384436824285,
    "J0711-6830_UWL_sbD_log10_tnequad": -9.496064096206712,
    "J0711-6830_UWL_sbE_efac": 0.9951443514383009,
    "J0711-6830_UWL_sbE_log10_tnequad": -9.444513462339028,
    "J0711-6830_UWL_sbF_efac": 1.0070146324531493,
    "J0711-6830_UWL_sbF_log10_tnequad": -9.451983704505867,
    "J0711-6830_UWL_sbG_efac": 0.9954309853019752,
    "J0711-6830_UWL_sbG_log10_tnequad": -9.356757262714707,
    "J0711-6830_UWL_sbH_efac": 0.9970189678198561,
    "J0711-6830_UWL_sbH_log10_tnequad": -8.953379027729495,
    "J0711-6830_WBCORR_10CM_efac": 0.7822705697870618,
    "J0711-6830_WBCORR_10CM_log10_tnequad": -9.185523208600706,
    "J0711-6830_basis_ecorr_10CM_log10_ecorr": -9.238819552161855,
    "J0711-6830_basis_ecorr_10CM_uwl_log10_ecorr": -9.358798254547422,
    "J0711-6830_basis_ecorr_20CM_log10_ecorr": -8.921759936950389,
    "J0711-6830_basis_ecorr_20CM_uwl_log10_ecorr": -9.373105951232885,
    "J0711-6830_basis_ecorr_40CM_log10_ecorr": -9.441611918264755,
    "J0711-6830_basis_ecorr_40CM_uwl_log10_ecorr": -9.381380914476443,
    "J0711-6830_basis_ecorr_all_dr2_log10_ecorr": -9.166899569278126,
    "J0711-6830_basis_ecorr_all_uwl_log10_ecorr": -8.666656624198861,
    "J0711-6830_dm_gp_gamma": 2.101107487666813,
    "J0711-6830_dm_gp_log10_A": -15.940947564483322,
    "J0711-6830_gp_sw_gamma": -1.6852398998073312,
    "J0711-6830_gp_sw_log10_A": -9.195866868566405,
    "J0711-6830_red_noise_gamma": 0.582329309330072,
    "J0711-6830_red_noise_log10_A": -13.292086600797969,
    "n_earth": 3.1537308742128585,
    "nmodel": -0.3399669097907818
}