{
    "J0711-6830_CASPSR_40CM_efac": 1.1605254934036315,
    "J0711-6830_CASPSR_40CM_log10_tnequad": -6.843852985769702,
    "J0711-6830_CPSR2_20CM_efac": 1.3094251997660644,
    "J0711-6830_CPSR2_20CM_log10_tnequad": -6.678686611588688,
    "J0711-6830_CPSR2_50CM_efac": 1.1407959549422897,
    "J0711-6830_CPSR2_50CM_log10_tnequad": -6.710720679524727,
    "J0711-6830_PDFB1_20CM_efac": 1.2001000661114882,
    "J0711-6830_PDFB1_20CM_log10_tnequad": -7.218499710687396,
    "J0711-6830_PDFB1_early_20CM_efac": 1.1617525547647254,
    "J0711-6830_PDFB1_early_20CM_log10_tnequad": -6.747007358098359,
    "J0711-6830_PDFB_10CM_efac": 1.0827833633026844,
    "J0711-6830_PDFB_10CM_log10_tnequad": -6.3965626198796475,
    "J0711-6830_PDFB_20CM_efac": 1.0648503382930008,
    "J0711-6830_PDFB_20CM_log10_tnequad": -7.1499543612476355,
    "J0711-6830_PDFB_40CM_efac": 1.124255674079476,
    "J0711-6830_PDFB_40CM_log10_tnequad": -6.81200485502941,
    "J0711-6830_UWL_CASPSR_40CM_efac": 1.3469582506985038,
    "J0711-6830_UWL_CASPSR_40CM_log10_tnequad": -6.54547115942518,
    "J0711-6830_UWL_PDFB4_20CM_efac": 1.234449780150495,
    "J0711-6830_UWL_PDFB4_20CM_log10_tnequad": -7.215059672793227,
    "J0711-6830_UWL_sbA_efac": 1.3200812519457041,
    "J0711-6830_UWL_sbA_log10_tnequad": -6.91673512083781,
    "J0711-6830_UWL_sbB_efac": 1.25383599257929,
    "J0711-6830_UWL_sbB_log10_tnequad": -6.48080891390498,
    "J0711-6830_UWL_sbC_efac": 1.1501379059160843,
    "J0711-6830_UWL_sbC_log10_tnequad": -6.9219531052254055,
    "J0711-6830_UWL_sbD_efac": 1.1672864516980912,
    "J0711-6830_UWL_sbD_log10_tnequad": -7.391880135060186,
    "J0711-6830_UWL_sbE_efac": 1.087046968114192,
    "J0711-6830_UWL_sbE_log10_tnequad": -7.124844762401807,
    "J0711-6830_UWL_sbF_efac": 1.081694910753651,
    "J0711-6830_UWL_sbF_log10_tnequad": -7.137731844085151,
    "J0711-6830_UWL_sbG_efac": 1.094344957243896,
    "J0711-6830_UWL_sbG_log10_tnequad": -6.738478431805611,
    "J0711-6830_UWL_sbH_efac": 1.1081449374542156,
    "J0711-6830_UWL_sbH_log10_tnequad": -5.984849328330048,
    "J0711-6830_WBCORR_10CM_efac": 1.0721908279432666,
    "J0711-6830_WBCORR_10CM_log10_tnequad": -5.864881930357395,
    "J0711-6830_basis_ecorr_10CM_log10_ecorr": -6.221516380306005,
    "J0711-6830_basis_ecorr_10CM_uwl_log10_ecorr": -6.69442804337042,
    "J0711-6830_basis_ecorr_20CM_log10_ecorr": -6.538581555320972,
    "J0711-6830_basis_ecorr_20CM_uwl_log10_ecorr": -6.894708924217639,
    "J0711-6830_basis_ecorr_40CM_log10_ecorr": -7.060039799101063,
    "J0711-6830_basis_ecorr_40CM_uwl_log10_ecorr": -6.804279167933465,
    "J0711-6830_basis_ecorr_all_dr2_log10_ecorr": -6.604131597344743,
    "J0711-6830_basis_ecorr_all_uwl_log10_ecorr": -6.613109603957504,
    "J0711-6830_dm_gp_gamma": 5.608078207692323,
    "J0711-6830_dm_gp_log10_A": -13.562750816692374,
    "J0711-6830_gp_sw_gamma": 2.8492019329066935,
    "J0711-6830_gp_sw_log10_A": -5.917585215930848,
    "J0711-6830_red_noise_gamma": 1.838778418371674,
    "J0711-6830_red_noise_log10_A": -13.021200967815556,
    "n_earth": 16.65492129047858,
    "nmodel": 0.3396974953143646
}