{
    "J0711-6830_CASPSR_40CM_efac": 1.1058970913370487,
    "J0711-6830_CASPSR_40CM_log10_tnequad": -8.109085617949553,
    "J0711-6830_CPSR2_20CM_efac": 1.238434732528232,
    "J0711-6830_CPSR2_20CM_log10_tnequad": -8.017895648554283,
    "J0711-6830_CPSR2_50CM_efac": 1.0864452404574447,
    "J0711-6830_CPSR2_50CM_log10_tnequad": -8.030238179763131,
    "J0711-6830_PDFB1_20CM_efac": 1.1268330767066308,
    "J0711-6830_PDFB1_20CM_log10_tnequad": -8.332244481837238,
    "J0711-6830_PDFB1_early_20CM_efac": 1.0529115027560743,
    "J0711-6830_PDFB1_early_20CM_log10_tnequad": -8.051309284766168,
    "J0711-6830_PDFB_10CM_efac": 1.0460410246904288,
    "J0711-6830_PDFB_10CM_log10_tnequad": -7.845525555119958,
    "J0711-6830_PDFB_20CM_efac": 1.0415674554962782,
    "J0711-6830_PDFB_20CM_log10_tnequad": -8.290858171477453,
    "J0711-6830_PDFB_40CM_efac": 1.084661709421478,
    "J0711-6830_PDFB_40CM_log10_tnequad": -8.093518718447273,
    "J0711-6830_UWL_CASPSR_40CM_efac": 1.2052949105477844,
    "J0711-6830_UWL_CASPSR_40CM_log10_tnequad": -7.93160936478636,
    "J0711-6830_UWL_PDFB4_20CM_efac": 1.1658805535264405,
    "J0711-6830_UWL_PDFB4_20CM_log10_tnequad": -8.33133762249172,
    "J0711-6830_UWL_sbA_efac": 1.2591630593042906,
    "J0711-6830_UWL_sbA_log10_tnequad": -8.14885771622389,
    "J0711-6830_UWL_sbB_efac": 1.2092545075523067,
    "J0711-6830_UWL_sbB_log10_tnequad": -7.825604269394676,
    "J0711-6830_UWL_sbC_efac": 1.1084365329839843,
    "J0711-6830_UWL_sbC_log10_tnequad": -8.16161834476338,
    "J0711-6830_UWL_sbD_efac": 1.1292521399690916,
    "J0711-6830_UWL_sbD_log10_tnequad": -8.439766033209647,
    "J0711-6830_UWL_sbE_efac": 1.0411972005060852,
    "J0711-6830_UWL_sbE_log10_tnequad": -8.281646670389945,
    "J0711-6830_UWL_sbF_efac": 1.044308749554114,
    "J0711-6830_UWL_sbF_log10_tnequad": -8.290688112542496,
    "J0711-6830_UWL_sbG_efac": 1.044892448307868,
    "J0711-6830_UWL_sbG_log10_tnequad": -8.04503333501918,
    "J0711-6830_UWL_sbH_efac": 1.0526868267914096,
    "J0711-6830_UWL_sbH_log10_tnequad": -7.247971380145588,
    "J0711-6830_WBCORR_10CM_efac": 0.918763504551673,
    "J0711-6830_WBCORR_10CM_log10_tnequad": -7.521573132867106,
    "J0711-6830_basis_ecorr_10CM_log10_ecorr": -7.705156897567898,
    "J0711-6830_basis_ecorr_10CM_uwl_log10_ecorr": -8.021810243467444,
    "J0711-6830_basis_ecorr_20CM_log10_ecorr": -7.478511949572909,
    "J0711-6830_basis_ecorr_20CM_uwl_log10_ecorr": -8.113746922658619,
    "J0711-6830_basis_ecorr_40CM_log10_ecorr": -8.24312846460277,
    "J0711-6830_basis_ecorr_40CM_uwl_log10_ecorr": -8.090547468161736,
    "J0711-6830_basis_ecorr_all_dr2_log10_ecorr": -7.732586684655865,
    "J0711-6830_basis_ecorr_all_uwl_log10_ecorr": -7.376157727586651,
    "J0711-6830_dm_gp_gamma": 3.5816299160740015,
    "J0711-6830_dm_gp_log10_A": -14.704513857781318,
    "J0711-6830_gp_sw_gamma": 0.8431558645194485,
    "J0711-6830_gp_sw_log10_A": -7.528056299693368,
    "J0711-6830_red_noise_gamma": 1.2456089652763855,
    "J0711-6830_red_noise_log10_A": -13.193388099684345,
    "n_earth": 9.886775646313614,
    "nmodel": -0.00017121799148866982
}