{
    "J0711-6830_CASPSR_40CM_efac": 0.055375864769842444,
    "J0711-6830_CASPSR_40CM_log10_tnequad": 1.092246686422238,
    "J0711-6830_CPSR2_20CM_efac": 0.07215646572649671,
    "J0711-6830_CPSR2_20CM_log10_tnequad": 1.149528260559337,
    "J0711-6830_CPSR2_50CM_efac": 0.05521012586937977,
    "J0711-6830_CPSR2_50CM_log10_tnequad": 1.1396622478788239,
    "J0711-6830_PDFB1_20CM_efac": 0.07448633146146681,
    "J0711-6830_PDFB1_20CM_log10_tnequad": 0.9700332338969551,
    "J0711-6830_PDFB1_early_20CM_efac": 0.11168023795954449,
    "J0711-6830_PDFB1_early_20CM_log10_tnequad": 1.133985934607168,
    "J0711-6830_PDFB_10CM_efac": 0.0375121880761613,
    "J0711-6830_PDFB_10CM_log10_tnequad": 1.2221143565466805,
    "J0711-6830_PDFB_20CM_efac": 0.023354073253554958,
    "J0711-6830_PDFB_20CM_log10_tnequad": 0.9694624449285398,
    "J0711-6830_PDFB_40CM_efac": 0.039896848492553275,
    "J0711-6830_PDFB_40CM_log10_tnequad": 1.098976137540781,
    "J0711-6830_UWL_CASPSR_40CM_efac": 0.14865699050078185,
    "J0711-6830_UWL_CASPSR_40CM_log10_tnequad": 1.202097900069722,
    "J0711-6830_UWL_PDFB4_20CM_efac": 0.06984765938596273,
    "J0711-6830_UWL_PDFB4_20CM_log10_tnequad": 0.9704559711389423,
    "J0711-6830_UWL_sbA_efac": 0.06165033448818339,
    "J0711-6830_UWL_sbA_log10_tnequad": 1.0680295402494537,
    "J0711-6830_UWL_sbB_efac": 0.04506252697235148,
    "J0711-6830_UWL_sbB_log10_tnequad": 1.1694062878051787,
    "J0711-6830_UWL_sbC_efac": 0.04216588942090189,
    "J0711-6830_UWL_sbC_log10_tnequad": 1.0605597795214563,
    "J0711-6830_UWL_sbD_efac": 0.038472662074788964,
    "J0711-6830_UWL_sbD_log10_tnequad": 0.9095910042066224,
    "J0711-6830_UWL_sbE_efac": 0.046408920766482,
    "J0711-6830_UWL_sbE_log10_tnequad": 0.9955480760750408,
    "J0711-6830_UWL_sbF_efac": 0.03765551531670901,
    "J0711-6830_UWL_sbF_log10_tnequad": 0.9940909846175189,
    "J0711-6830_UWL_sbG_efac": 0.05004588154275319,
    "J0711-6830_UWL_sbG_log10_tnequad": 1.122002700809415,
    "J0711-6830_UWL_sbH_efac": 0.05678192484694435,
    "J0711-6830_UWL_sbH_log10_tnequad": 1.3112102838198434,
    "J0711-6830_WBCORR_10CM_efac": 0.1750678469326923,
    "J0711-6830_WBCORR_10CM_log10_tnequad": 1.3944329822928505,
    "J0711-6830_basis_ecorr_10CM_log10_ecorr": 1.2625701433694623,
    "J0711-6830_basis_ecorr_10CM_uwl_log10_ecorr": 1.1248966015215598,
    "J0711-6830_basis_ecorr_20CM_log10_ecorr": 1.0922115279974123,
    "J0711-6830_basis_ecorr_20CM_uwl_log10_ecorr": 1.0413590892741371,
    "J0711-6830_basis_ecorr_40CM_log10_ecorr": 1.024571893368361,
    "J0711-6830_basis_ecorr_40CM_uwl_log10_ecorr": 1.0876179923477474,
    "J0711-6830_basis_ecorr_all_dr2_log10_ecorr": 1.11757308070049,
    "J0711-6830_basis_ecorr_all_uwl_log10_ecorr": 1.0027903591643592,
    "J0711-6830_dm_gp_gamma": 1.6179546781913128,
    "J0711-6830_dm_gp_log10_A": 1.4097466244563812,
    "J0711-6830_gp_sw_gamma": 2.0751299056715156,
    "J0711-6830_gp_sw_log10_A": 1.3738599682013708,
    "J0711-6830_red_noise_gamma": 0.7062543154652983,
    "J0711-6830_red_noise_log10_A": 0.41640739347993194,
    "n_earth": 5.741651534467432,
    "nmodel": 0.2886086998189278
}