{
    "J0900-3144_UWL_sbA_efac": 1.2505145032866753,
    "J0900-3144_UWL_sbA_log10_tnequad": -6.166676930725437,
    "J0900-3144_UWL_sbB_efac": 1.114204717367133,
    "J0900-3144_UWL_sbB_log10_tnequad": -6.262911730511021,
    "J0900-3144_UWL_sbC_efac": 1.0248341261748,
    "J0900-3144_UWL_sbC_log10_tnequad": -6.076351415046964,
    "J0900-3144_UWL_sbD_efac": 1.200702776028644,
    "J0900-3144_UWL_sbD_log10_tnequad": -6.727426552605525,
    "J0900-3144_UWL_sbE_efac": 1.0588775346319939,
    "J0900-3144_UWL_sbE_log10_tnequad": -6.4978773721749725,
    "J0900-3144_UWL_sbF_efac": 1.0900747708035965,
    "J0900-3144_UWL_sbF_log10_tnequad": -6.557899165286921,
    "J0900-3144_UWL_sbG_efac": 1.0675948276560159,
    "J0900-3144_UWL_sbG_log10_tnequad": -6.365707632464947,
    "J0900-3144_UWL_sbH_efac": 1.0796757134900103,
    "J0900-3144_UWL_sbH_log10_tnequad": -5.79625037184183,
    "J0900-3144_basis_ecorr_10CM_uwl_log10_ecorr": -5.783489629568321,
    "J0900-3144_basis_ecorr_20CM_uwl_log10_ecorr": -5.837892556636837,
    "J0900-3144_basis_ecorr_40CM_uwl_log10_ecorr": -5.683651261680201,
    "J0900-3144_basis_ecorr_all_uwl_log10_ecorr": -5.95220711517636,
    "J0900-3144_dm_gp_gamma": 3.7543147619821804,
    "J0900-3144_dm_gp_log10_A": -12.499989027732887,
    "J0900-3144_gp_sw_gamma": 2.8348068452155113,
    "J0900-3144_gp_sw_log10_A": -4.929598780006696,
    "J0900-3144_red_noise_gamma": 5.789380321250325,
    "J0900-3144_red_noise_log10_A": -14.04280460521068,
    "n_earth": 15.731167677623896,
    "nmodel": 0.34001725005709005
}