{
    "J0900-3144_UWL_sbA_efac": 0.06783706147798055,
    "J0900-3144_UWL_sbA_log10_tnequad": 1.320046077695814,
    "J0900-3144_UWL_sbB_efac": 0.05928396529819641,
    "J0900-3144_UWL_sbB_log10_tnequad": 1.2791924005448831,
    "J0900-3144_UWL_sbC_efac": 0.05488745822297251,
    "J0900-3144_UWL_sbC_log10_tnequad": 1.32101769899942,
    "J0900-3144_UWL_sbD_efac": 0.06333765514442219,
    "J0900-3144_UWL_sbD_log10_tnequad": 1.1354164067158652,
    "J0900-3144_UWL_sbE_efac": 0.05130222864687655,
    "J0900-3144_UWL_sbE_log10_tnequad": 1.2017212256521295,
    "J0900-3144_UWL_sbF_efac": 0.052861699891399765,
    "J0900-3144_UWL_sbF_log10_tnequad": 1.1861717237939435,
    "J0900-3144_UWL_sbG_efac": 0.060536600144114314,
    "J0900-3144_UWL_sbG_log10_tnequad": 1.2526009851980657,
    "J0900-3144_UWL_sbH_efac": 0.0794402822139291,
    "J0900-3144_UWL_sbH_log10_tnequad": 1.40082290974606,
    "J0900-3144_basis_ecorr_10CM_uwl_log10_ecorr": 1.3222596682123686,
    "J0900-3144_basis_ecorr_20CM_uwl_log10_ecorr": 1.0314786826611773,
    "J0900-3144_basis_ecorr_40CM_uwl_log10_ecorr": 1.2323182087786912,
    "J0900-3144_basis_ecorr_all_uwl_log10_ecorr": 1.010753942434712,
    "J0900-3144_dm_gp_gamma": 1.4786665213155332,
    "J0900-3144_dm_gp_log10_A": 1.918858090622335,
    "J0900-3144_gp_sw_gamma": 2.0657173429362388,
    "J0900-3144_gp_sw_log10_A": 1.7137770630840345,
    "J0900-3144_red_noise_gamma": 2.010315098241317,
    "J0900-3144_red_noise_log10_A": 2.0769119375653813,
    "n_earth": 5.699164708779243,
    "nmodel": 0.2886738829859012
}