{
    "J0900-3144_UWL_sbA_efac": 1.1170454164619,
    "J0900-3144_UWL_sbA_log10_tnequad": -9.270764022338382,
    "J0900-3144_UWL_sbB_efac": 0.9992776920927774,
    "J0900-3144_UWL_sbB_log10_tnequad": -9.287864055306397,
    "J0900-3144_UWL_sbC_efac": 0.9189737575960902,
    "J0900-3144_UWL_sbC_log10_tnequad": -9.239192084926499,
    "J0900-3144_UWL_sbD_efac": 1.0758725501677724,
    "J0900-3144_UWL_sbD_log10_tnequad": -9.38054825385085,
    "J0900-3144_UWL_sbE_efac": 0.959920190602373,
    "J0900-3144_UWL_sbE_log10_tnequad": -9.332524130842298,
    "J0900-3144_UWL_sbF_efac": 0.9866440859510927,
    "J0900-3144_UWL_sbF_log10_tnequad": -9.348107822545519,
    "J0900-3144_UWL_sbG_efac": 0.9494747072960612,
    "J0900-3144_UWL_sbG_log10_tnequad": -9.309065060274213,
    "J0900-3144_UWL_sbH_efac": 0.9470342363932205,
    "J0900-3144_UWL_sbH_log10_tnequad": -9.161103209057377,
    "J0900-3144_basis_ecorr_10CM_uwl_log10_ecorr": -8.622878333013624,
    "J0900-3144_basis_ecorr_20CM_uwl_log10_ecorr": -7.187764131813626,
    "J0900-3144_basis_ecorr_40CM_uwl_log10_ecorr": -8.040042333710401,
    "J0900-3144_basis_ecorr_all_uwl_log10_ecorr": -7.327553922553249,
    "J0900-3144_dm_gp_gamma": 1.13444247330203,
    "J0900-3144_dm_gp_log10_A": -15.250460517274172,
    "J0900-3144_gp_sw_gamma": -1.689486856390947,
    "J0900-3144_gp_sw_log10_A": -8.98265089559194,
    "J0900-3144_red_noise_gamma": 1.0635016551827008,
    "J0900-3144_red_noise_log10_A": -18.866277188300046,
    "n_earth": 2.430395287425596,
    "nmodel": -0.34006551281941444
}