{
    "J0900-3144_UWL_sbA_efac": 1.1836171267037552,
    "J0900-3144_UWL_sbA_log10_tnequad": -7.717787581378544,
    "J0900-3144_UWL_sbB_efac": 1.0563697192493884,
    "J0900-3144_UWL_sbB_log10_tnequad": -7.777670279924471,
    "J0900-3144_UWL_sbC_efac": 0.9715367712928635,
    "J0900-3144_UWL_sbC_log10_tnequad": -7.655492976177899,
    "J0900-3144_UWL_sbD_efac": 1.1381611482602003,
    "J0900-3144_UWL_sbD_log10_tnequad": -8.049878018037099,
    "J0900-3144_UWL_sbE_efac": 1.0089861119319192,
    "J0900-3144_UWL_sbE_log10_tnequad": -7.914802496448697,
    "J0900-3144_UWL_sbF_efac": 1.038219924388367,
    "J0900-3144_UWL_sbF_log10_tnequad": -7.950947330785302,
    "J0900-3144_UWL_sbG_efac": 1.008280485700057,
    "J0900-3144_UWL_sbG_log10_tnequad": -7.838552266815168,
    "J0900-3144_UWL_sbH_efac": 1.0101714211388277,
    "J0900-3144_UWL_sbH_log10_tnequad": -7.458875560181939,
    "J0900-3144_basis_ecorr_10CM_uwl_log10_ecorr": -6.871573953871885,
    "J0900-3144_basis_ecorr_20CM_uwl_log10_ecorr": -6.411338743279384,
    "J0900-3144_basis_ecorr_40CM_uwl_log10_ecorr": -6.521513929534266,
    "J0900-3144_basis_ecorr_all_uwl_log10_ecorr": -6.524131070115486,
    "J0900-3144_dm_gp_gamma": 2.3639623502490186,
    "J0900-3144_dm_gp_log10_A": -13.54488757975341,
    "J0900-3144_gp_sw_gamma": 0.8230201910435393,
    "J0900-3144_gp_sw_log10_A": -6.88921287762716,
    "J0900-3144_red_noise_gamma": 3.4080366633187373,
    "J0900-3144_red_noise_log10_A": -16.438457610829524,
    "n_earth": 8.881833402647176,
    "nmodel": -8.452071733412672e-05
}