{
    "J0900-3144_UWL_sbA_efac": 1.1813409485790347,
    "J0900-3144_UWL_sbA_log10_tnequad": -7.720524051176607,
    "J0900-3144_UWL_sbB_efac": 1.0556230256175243,
    "J0900-3144_UWL_sbB_log10_tnequad": -7.774758413029559,
    "J0900-3144_UWL_sbC_efac": 0.9717911518558999,
    "J0900-3144_UWL_sbC_log10_tnequad": -7.614470496974393,
    "J0900-3144_UWL_sbD_efac": 1.1359491853341153,
    "J0900-3144_UWL_sbD_log10_tnequad": -8.057647491866888,
    "J0900-3144_UWL_sbE_efac": 1.008664107717223,
    "J0900-3144_UWL_sbE_log10_tnequad": -7.913991493049402,
    "J0900-3144_UWL_sbF_efac": 1.0371235147982283,
    "J0900-3144_UWL_sbF_log10_tnequad": -7.950897123375272,
    "J0900-3144_UWL_sbG_efac": 1.0072711126725105,
    "J0900-3144_UWL_sbG_log10_tnequad": -7.844668086665254,
    "J0900-3144_UWL_sbH_efac": 1.0195508413256529,
    "J0900-3144_UWL_sbH_log10_tnequad": -7.375384387156198,
    "J0900-3144_basis_ecorr_10CM_uwl_log10_ecorr": -6.124320359813782,
    "J0900-3144_basis_ecorr_20CM_uwl_log10_ecorr": -5.962293401762466,
    "J0900-3144_basis_ecorr_40CM_uwl_log10_ecorr": -5.8727274276394175,
    "J0900-3144_basis_ecorr_all_uwl_log10_ecorr": -6.081310357177285,
    "J0900-3144_dm_gp_gamma": 1.9540280470852966,
    "J0900-3144_dm_gp_log10_A": -12.673893854744303,
    "J0900-3144_gp_sw_gamma": 1.3562768376760896,
    "J0900-3144_gp_sw_log10_A": -6.8048009399807246,
    "J0900-3144_red_noise_gamma": 3.361323482031096,
    "J0900-3144_red_noise_log10_A": -16.456719065918904,
    "n_earth": 8.347200968081943,
    "nmodel": -6.029929133430367e-05
}