{
    "J1017-7156_CASPSR_40CM_efac": 0.9939977879564854,
    "J1017-7156_CASPSR_40CM_log10_tnequad": -9.45031129826496,
    "J1017-7156_PDFB_10CM_efac": 0.9617379185891528,
    "J1017-7156_PDFB_10CM_log10_tnequad": -9.417155150874418,
    "J1017-7156_PDFB_20CM_efac": 1.021050963693247,
    "J1017-7156_PDFB_20CM_log10_tnequad": -9.49272917981587,
    "J1017-7156_PDFB_40CM_efac": 0.7873923147560055,
    "J1017-7156_PDFB_40CM_log10_tnequad": -9.385628761228142,
    "J1017-7156_UWL_CASPSR_40CM_efac": 1.0124098966243658,
    "J1017-7156_UWL_CASPSR_40CM_log10_tnequad": -9.282865966666952,
    "J1017-7156_UWL_PDFB4_20CM_efac": 1.071844661463504,
    "J1017-7156_UWL_PDFB4_20CM_log10_tnequad": -9.456241398208673,
    "J1017-7156_UWL_sbA_efac": 1.0584821964620827,
    "J1017-7156_UWL_sbA_log10_tnequad": -9.443278754942563,
    "J1017-7156_UWL_sbB_efac": 1.0250117017268479,
    "J1017-7156_UWL_sbB_log10_tnequad": -9.481032127935032,
    "J1017-7156_UWL_sbC_efac": 0.9713805555952066,
    "J1017-7156_UWL_sbC_log10_tnequad": -8.919860892499837,
    "J1017-7156_UWL_sbD_efac": 0.9820732944726988,
    "J1017-7156_UWL_sbD_log10_tnequad": -9.249310128812983,
    "J1017-7156_UWL_sbE_efac": 1.0874852486464341,
    "J1017-7156_UWL_sbE_log10_tnequad": -9.316973934834282,
    "J1017-7156_UWL_sbF_efac": 1.004315556857974,
    "J1017-7156_UWL_sbF_log10_tnequad": -9.32969234779857,
    "J1017-7156_UWL_sbG_efac": 1.0329876330718795,
    "J1017-7156_UWL_sbG_log10_tnequad": -9.431570225830763,
    "J1017-7156_UWL_sbH_efac": 0.9521609162769217,
    "J1017-7156_UWL_sbH_log10_tnequad": -9.458943269600471,
    "J1017-7156_band_noise_low_gamma": 0.9121535828190811,
    "J1017-7156_band_noise_low_log10_A": -19.10655884912814,
    "J1017-7156_basis_ecorr_10CM_log10_ecorr": -9.418659909600194,
    "J1017-7156_basis_ecorr_10CM_uwl_log10_ecorr": -9.440660676356694,
    "J1017-7156_basis_ecorr_20CM_log10_ecorr": -9.53952163847279,
    "J1017-7156_basis_ecorr_20CM_uwl_log10_ecorr": -9.444917234614879,
    "J1017-7156_basis_ecorr_40CM_log10_ecorr": -7.544368634623586,
    "J1017-7156_basis_ecorr_40CM_uwl_log10_ecorr": -6.596713005065,
    "J1017-7156_basis_ecorr_UWL_sbA_log10_ecorr": -9.387247610453201,
    "J1017-7156_basis_ecorr_UWL_sbD_log10_ecorr": -6.720863173214817,
    "J1017-7156_basis_ecorr_all_dr2_log10_ecorr": -9.53770357216967,
    "J1017-7156_basis_ecorr_all_uwl_log10_ecorr": -9.306014644059358,
    "J1017-7156_chrom_gp_gamma": 0.3134511135522158,
    "J1017-7156_chrom_gp_log10_A": -13.777069949014365,
    "J1017-7156_dm_gp_gamma": 2.1454809977785234,
    "J1017-7156_dm_gp_log10_A": -12.932404790146425,
    "J1017-7156_gp_sw_gamma": -2.3278139799186746,
    "J1017-7156_gp_sw_log10_A": -9.40792213706377,
    "J1017-7156_group_noise_UWL_sbA_gamma": 1.9063443899068817,
    "J1017-7156_group_noise_UWL_sbA_log10_A": -13.985097149171207,
    "J1017-7156_group_noise_UWL_sbD_gamma": 0.5088041793768687,
    "J1017-7156_group_noise_UWL_sbD_log10_A": -17.905112975978412,
    "J1017-7156_hf_noise_gamma": 0.4448123092603833,
    "J1017-7156_hf_noise_log10_A": -13.622802730712309,
    "J1017-7156_red_noise_gamma": 1.0233034297312575,
    "J1017-7156_red_noise_log10_A": -18.755383998102992,
    "n_earth": 3.5432291375660867,
    "nmodel": -0.33992926516701544
}