{
    "J1017-7156_CASPSR_40CM_efac": 1.146301004104794,
    "J1017-7156_CASPSR_40CM_log10_tnequad": -7.164003296870008,
    "J1017-7156_PDFB_10CM_efac": 1.0757213049536352,
    "J1017-7156_PDFB_10CM_log10_tnequad": -7.019964080456962,
    "J1017-7156_PDFB_20CM_efac": 1.0623076245450147,
    "J1017-7156_PDFB_20CM_log10_tnequad": -7.375504634735956,
    "J1017-7156_PDFB_40CM_efac": 0.8573388855986308,
    "J1017-7156_PDFB_40CM_log10_tnequad": -6.799218224566087,
    "J1017-7156_UWL_CASPSR_40CM_efac": 1.232351181343026,
    "J1017-7156_UWL_CASPSR_40CM_log10_tnequad": -6.405406253981196,
    "J1017-7156_UWL_PDFB4_20CM_efac": 1.179898756698184,
    "J1017-7156_UWL_PDFB4_20CM_log10_tnequad": -7.177727797774774,
    "J1017-7156_UWL_sbA_efac": 1.153607980944192,
    "J1017-7156_UWL_sbA_log10_tnequad": -7.100076241403782,
    "J1017-7156_UWL_sbB_efac": 1.0938867283230886,
    "J1017-7156_UWL_sbB_log10_tnequad": -7.32550709700245,
    "J1017-7156_UWL_sbC_efac": 1.0929708414808819,
    "J1017-7156_UWL_sbC_log10_tnequad": -6.494598204741364,
    "J1017-7156_UWL_sbD_efac": 1.067334559187226,
    "J1017-7156_UWL_sbD_log10_tnequad": -6.909768169972082,
    "J1017-7156_UWL_sbE_efac": 1.194079059119748,
    "J1017-7156_UWL_sbE_log10_tnequad": -6.776677621644644,
    "J1017-7156_UWL_sbF_efac": 1.075575478637299,
    "J1017-7156_UWL_sbF_log10_tnequad": -6.888837496366122,
    "J1017-7156_UWL_sbG_efac": 1.1269630966164341,
    "J1017-7156_UWL_sbG_log10_tnequad": -7.078483926704895,
    "J1017-7156_UWL_sbH_efac": 1.0649102322335637,
    "J1017-7156_UWL_sbH_log10_tnequad": -7.218497750876352,
    "J1017-7156_band_noise_low_gamma": 5.534981755639238,
    "J1017-7156_band_noise_low_log10_A": -15.199640594123489,
    "J1017-7156_basis_ecorr_10CM_log10_ecorr": -6.982020793987701,
    "J1017-7156_basis_ecorr_10CM_uwl_log10_ecorr": -7.091034563175729,
    "J1017-7156_basis_ecorr_20CM_log10_ecorr": -7.599716403825046,
    "J1017-7156_basis_ecorr_20CM_uwl_log10_ecorr": -7.2337989102136575,
    "J1017-7156_basis_ecorr_40CM_log10_ecorr": -6.313009671600373,
    "J1017-7156_basis_ecorr_40CM_uwl_log10_ecorr": -6.470632507135691,
    "J1017-7156_basis_ecorr_UWL_sbA_log10_ecorr": -6.83067835627189,
    "J1017-7156_basis_ecorr_UWL_sbD_log10_ecorr": -6.565769162440901,
    "J1017-7156_basis_ecorr_all_dr2_log10_ecorr": -7.571964279921914,
    "J1017-7156_basis_ecorr_all_uwl_log10_ecorr": -7.049560665060377,
    "J1017-7156_chrom_gp_gamma": 1.3882826444094023,
    "J1017-7156_chrom_gp_log10_A": -13.568888376953527,
    "J1017-7156_dm_gp_gamma": 2.4715044521054543,
    "J1017-7156_dm_gp_log10_A": -12.853234181580273,
    "J1017-7156_gp_sw_gamma": 2.8003171809896954,
    "J1017-7156_gp_sw_log10_A": -6.818979389704797,
    "J1017-7156_group_noise_UWL_sbA_gamma": 5.979056305514333,
    "J1017-7156_group_noise_UWL_sbA_log10_A": -13.127497718608936,
    "J1017-7156_group_noise_UWL_sbD_gamma": 4.46394931033301,
    "J1017-7156_group_noise_UWL_sbD_log10_A": -13.442904944020247,
    "J1017-7156_hf_noise_gamma": 1.2937272198662,
    "J1017-7156_hf_noise_log10_A": -13.33027932415858,
    "J1017-7156_red_noise_gamma": 5.643713167979861,
    "J1017-7156_red_noise_log10_A": -14.071238906455044,
    "n_earth": 16.944083412797298,
    "nmodel": 0.34013046407283587
}