{
    "J1017-7156_CASPSR_40CM_efac": 1.0697984668261817,
    "J1017-7156_CASPSR_40CM_log10_tnequad": -8.298006554222862,
    "J1017-7156_PDFB_10CM_efac": 1.0187629870430572,
    "J1017-7156_PDFB_10CM_log10_tnequad": -8.211239704641743,
    "J1017-7156_PDFB_20CM_efac": 1.041635552700741,
    "J1017-7156_PDFB_20CM_log10_tnequad": -8.429661784421398,
    "J1017-7156_PDFB_40CM_efac": 0.8219949503458481,
    "J1017-7156_PDFB_40CM_log10_tnequad": -8.086533887546768,
    "J1017-7156_UWL_CASPSR_40CM_efac": 1.119406951311999,
    "J1017-7156_UWL_CASPSR_40CM_log10_tnequad": -7.834601434611325,
    "J1017-7156_UWL_PDFB4_20CM_efac": 1.1257975743690123,
    "J1017-7156_UWL_PDFB4_20CM_log10_tnequad": -8.317037525407818,
    "J1017-7156_UWL_sbA_efac": 1.1059027306376494,
    "J1017-7156_UWL_sbA_log10_tnequad": -8.269161273771433,
    "J1017-7156_UWL_sbB_efac": 1.0593877310746056,
    "J1017-7156_UWL_sbB_log10_tnequad": -8.39742568370972,
    "J1017-7156_UWL_sbC_efac": 1.0345366107623213,
    "J1017-7156_UWL_sbC_log10_tnequad": -7.471512150740793,
    "J1017-7156_UWL_sbD_efac": 1.0246861132081346,
    "J1017-7156_UWL_sbD_log10_tnequad": -7.98066747836885,
    "J1017-7156_UWL_sbE_efac": 1.1394973945620772,
    "J1017-7156_UWL_sbE_log10_tnequad": -8.001061924386013,
    "J1017-7156_UWL_sbF_efac": 1.0397922757781684,
    "J1017-7156_UWL_sbF_log10_tnequad": -8.03933227350389,
    "J1017-7156_UWL_sbG_efac": 1.0797430763730373,
    "J1017-7156_UWL_sbG_log10_tnequad": -8.24978717088515,
    "J1017-7156_UWL_sbH_efac": 1.0087843600165154,
    "J1017-7156_UWL_sbH_log10_tnequad": -8.333473350061155,
    "J1017-7156_band_noise_low_gamma": 3.170980414678364,
    "J1017-7156_band_noise_low_log10_A": -17.1352386558711,
    "J1017-7156_basis_ecorr_10CM_log10_ecorr": -8.195273646297238,
    "J1017-7156_basis_ecorr_10CM_uwl_log10_ecorr": -8.265271730619114,
    "J1017-7156_basis_ecorr_20CM_log10_ecorr": -8.563196991064602,
    "J1017-7156_basis_ecorr_20CM_uwl_log10_ecorr": -8.32257512812412,
    "J1017-7156_basis_ecorr_40CM_log10_ecorr": -6.845697418915123,
    "J1017-7156_basis_ecorr_40CM_uwl_log10_ecorr": -6.533859923113751,
    "J1017-7156_basis_ecorr_UWL_sbA_log10_ecorr": -8.1051885963204,
    "J1017-7156_basis_ecorr_UWL_sbD_log10_ecorr": -6.646172340314159,
    "J1017-7156_basis_ecorr_all_dr2_log10_ecorr": -8.550320452015121,
    "J1017-7156_basis_ecorr_all_uwl_log10_ecorr": -8.07145837911012,
    "J1017-7156_chrom_gp_gamma": 0.8614125803546059,
    "J1017-7156_chrom_gp_log10_A": -13.681291747490464,
    "J1017-7156_dm_gp_gamma": 2.3085384298511222,
    "J1017-7156_dm_gp_log10_A": -12.89286849611343,
    "J1017-7156_gp_sw_gamma": 0.3024452502023977,
    "J1017-7156_gp_sw_log10_A": -8.106110755164176,
    "J1017-7156_group_noise_UWL_sbA_gamma": 3.903473378203803,
    "J1017-7156_group_noise_UWL_sbA_log10_A": -13.549060461983226,
    "J1017-7156_group_noise_UWL_sbD_gamma": 2.138356818080115,
    "J1017-7156_group_noise_UWL_sbD_log10_A": -15.136423137878678,
    "J1017-7156_hf_noise_gamma": 0.9033115302745212,
    "J1017-7156_hf_noise_log10_A": -13.477915851235025,
    "J1017-7156_red_noise_gamma": 3.28589646726921,
    "J1017-7156_red_noise_log10_A": -16.335481708003595,
    "n_earth": 10.299038015058208,
    "nmodel": 0.00019710323724414806
}