{
    "J1017-7156_CASPSR_40CM_efac": 0.07553099008070195,
    "J1017-7156_CASPSR_40CM_log10_tnequad": 0.9836486646418311,
    "J1017-7156_PDFB_10CM_efac": 0.057766020063538835,
    "J1017-7156_PDFB_10CM_log10_tnequad": 1.0309915171608153,
    "J1017-7156_PDFB_20CM_efac": 0.020957318159620767,
    "J1017-7156_PDFB_20CM_log10_tnequad": 0.9107256907766126,
    "J1017-7156_PDFB_40CM_efac": 0.03672847073567027,
    "J1017-7156_PDFB_40CM_log10_tnequad": 1.110944401790147,
    "J1017-7156_UWL_CASPSR_40CM_efac": 0.1216940488347948,
    "J1017-7156_UWL_CASPSR_40CM_log10_tnequad": 1.2056345822347332,
    "J1017-7156_UWL_PDFB4_20CM_efac": 0.05471108813867583,
    "J1017-7156_UWL_PDFB4_20CM_log10_tnequad": 0.9768636266365556,
    "J1017-7156_UWL_sbA_efac": 0.04810248326854655,
    "J1017-7156_UWL_sbA_log10_tnequad": 1.003306000016466,
    "J1017-7156_UWL_sbB_efac": 0.034761501200515604,
    "J1017-7156_UWL_sbB_log10_tnequad": 0.9250789218718936,
    "J1017-7156_UWL_sbC_efac": 0.060855730307554944,
    "J1017-7156_UWL_sbC_log10_tnequad": 1.1063213583560887,
    "J1017-7156_UWL_sbD_efac": 0.0448692755372579,
    "J1017-7156_UWL_sbD_log10_tnequad": 1.0114694585322972,
    "J1017-7156_UWL_sbE_efac": 0.06041529662079669,
    "J1017-7156_UWL_sbE_log10_tnequad": 1.070815837495529,
    "J1017-7156_UWL_sbF_efac": 0.03692918628886268,
    "J1017-7156_UWL_sbF_log10_tnequad": 1.035335358880278,
    "J1017-7156_UWL_sbG_efac": 0.04778121603908313,
    "J1017-7156_UWL_sbG_log10_tnequad": 1.0099965886957432,
    "J1017-7156_UWL_sbH_efac": 0.05737405304408841,
    "J1017-7156_UWL_sbH_log10_tnequad": 0.9685568087410054,
    "J1017-7156_band_noise_low_gamma": 1.9826559313032481,
    "J1017-7156_band_noise_low_log10_A": 1.7267765982644205,
    "J1017-7156_basis_ecorr_10CM_log10_ecorr": 1.0417745257513442,
    "J1017-7156_basis_ecorr_10CM_uwl_log10_ecorr": 0.9975509334833855,
    "J1017-7156_basis_ecorr_20CM_log10_ecorr": 0.8364356448017861,
    "J1017-7156_basis_ecorr_20CM_uwl_log10_ecorr": 0.9296255247629361,
    "J1017-7156_basis_ecorr_40CM_log10_ecorr": 0.9110552842688724,
    "J1017-7156_basis_ecorr_40CM_uwl_log10_ecorr": 0.06514183777701961,
    "J1017-7156_basis_ecorr_UWL_sbA_log10_ecorr": 1.0739793060953347,
    "J1017-7156_basis_ecorr_UWL_sbD_log10_ecorr": 0.1085483338991268,
    "J1017-7156_basis_ecorr_all_dr2_log10_ecorr": 0.845942711843737,
    "J1017-7156_basis_ecorr_all_uwl_log10_ecorr": 0.9731594719051309,
    "J1017-7156_chrom_gp_gamma": 0.539857226701808,
    "J1017-7156_chrom_gp_log10_A": 0.21592298893397335,
    "J1017-7156_dm_gp_gamma": 0.16472499548420097,
    "J1017-7156_dm_gp_log10_A": 0.03999847590258191,
    "J1017-7156_gp_sw_gamma": 2.2174260335158924,
    "J1017-7156_gp_sw_log10_A": 1.139058785664864,
    "J1017-7156_group_noise_UWL_sbA_gamma": 1.7526459311942808,
    "J1017-7156_group_noise_UWL_sbA_log10_A": 0.44578189300594384,
    "J1017-7156_group_noise_UWL_sbD_gamma": 1.8838395463767121,
    "J1017-7156_group_noise_UWL_sbD_log10_A": 2.084011346231796,
    "J1017-7156_hf_noise_gamma": 0.4532346812015816,
    "J1017-7156_hf_noise_log10_A": 0.26023503202389425,
    "J1017-7156_red_noise_gamma": 1.9812508021514124,
    "J1017-7156_red_noise_log10_A": 1.9926122823886552,
    "n_earth": 5.7155424447639165,
    "nmodel": 0.2886596756943427
}