{
    "J1017-7156_CASPSR_40CM_efac": 1.066841795959498,
    "J1017-7156_CASPSR_40CM_log10_tnequad": -8.302125825924096,
    "J1017-7156_PDFB_10CM_efac": 1.0166444693782157,
    "J1017-7156_PDFB_10CM_log10_tnequad": -8.219272705499623,
    "J1017-7156_PDFB_20CM_efac": 1.0415068925615787,
    "J1017-7156_PDFB_20CM_log10_tnequad": -8.439922299692485,
    "J1017-7156_PDFB_40CM_efac": 0.8218276107844456,
    "J1017-7156_PDFB_40CM_log10_tnequad": -8.093619506871965,
    "J1017-7156_UWL_CASPSR_40CM_efac": 1.1212757224871086,
    "J1017-7156_UWL_CASPSR_40CM_log10_tnequad": -7.790914171830482,
    "J1017-7156_UWL_PDFB4_20CM_efac": 1.124297918135363,
    "J1017-7156_UWL_PDFB4_20CM_log10_tnequad": -8.329310232179232,
    "J1017-7156_UWL_sbA_efac": 1.1047623558280408,
    "J1017-7156_UWL_sbA_log10_tnequad": -8.272955343472333,
    "J1017-7156_UWL_sbB_efac": 1.0587549305502515,
    "J1017-7156_UWL_sbB_log10_tnequad": -8.40005496219269,
    "J1017-7156_UWL_sbC_efac": 1.042588815664346,
    "J1017-7156_UWL_sbC_log10_tnequad": -6.925144883928062,
    "J1017-7156_UWL_sbD_efac": 1.027435070983012,
    "J1017-7156_UWL_sbD_log10_tnequad": -7.7631826093175835,
    "J1017-7156_UWL_sbE_efac": 1.1458808764513722,
    "J1017-7156_UWL_sbE_log10_tnequad": -7.893643371191558,
    "J1017-7156_UWL_sbF_efac": 1.0410871558636199,
    "J1017-7156_UWL_sbF_log10_tnequad": -7.895652280152407,
    "J1017-7156_UWL_sbG_efac": 1.0785592369615458,
    "J1017-7156_UWL_sbG_log10_tnequad": -8.258893372997301,
    "J1017-7156_UWL_sbH_efac": 1.0065380876927539,
    "J1017-7156_UWL_sbH_log10_tnequad": -8.344317892701158,
    "J1017-7156_band_noise_low_gamma": 3.019047859843553,
    "J1017-7156_band_noise_low_log10_A": -17.201350036803817,
    "J1017-7156_basis_ecorr_10CM_log10_ecorr": -8.19967302544428,
    "J1017-7156_basis_ecorr_10CM_uwl_log10_ecorr": -8.260156264287943,
    "J1017-7156_basis_ecorr_20CM_log10_ecorr": -8.572639804465613,
    "J1017-7156_basis_ecorr_20CM_uwl_log10_ecorr": -8.277005112329505,
    "J1017-7156_basis_ecorr_40CM_log10_ecorr": -6.452320513186026,
    "J1017-7156_basis_ecorr_40CM_uwl_log10_ecorr": -6.5298346048312,
    "J1017-7156_basis_ecorr_UWL_sbA_log10_ecorr": -8.078147061600767,
    "J1017-7156_basis_ecorr_UWL_sbD_log10_ecorr": -6.634682390662116,
    "J1017-7156_basis_ecorr_all_dr2_log10_ecorr": -8.561350627297355,
    "J1017-7156_basis_ecorr_all_uwl_log10_ecorr": -7.8498949345574545,
    "J1017-7156_chrom_gp_gamma": 0.8013301146572722,
    "J1017-7156_chrom_gp_log10_A": -13.66734884806931,
    "J1017-7156_dm_gp_gamma": 2.3034347768286496,
    "J1017-7156_dm_gp_log10_A": -12.893867595427091,
    "J1017-7156_gp_sw_gamma": 0.4618392044043116,
    "J1017-7156_gp_sw_log10_A": -8.150517477529165,
    "J1017-7156_group_noise_UWL_sbA_gamma": 3.8655043825936195,
    "J1017-7156_group_noise_UWL_sbA_log10_A": -13.489255646983233,
    "J1017-7156_group_noise_UWL_sbD_gamma": 1.3637752818844004,
    "J1017-7156_group_noise_UWL_sbD_log10_A": -13.834920713106065,
    "J1017-7156_hf_noise_gamma": 0.9304244845870794,
    "J1017-7156_hf_noise_log10_A": -13.439390614456793,
    "J1017-7156_red_noise_gamma": 3.1695047235082408,
    "J1017-7156_red_noise_log10_A": -16.14066730613581,
    "n_earth": 10.44569844872048,
    "nmodel": 0.0003791765084708576
}