{
    "J1024-0719_CPSR2_20CM_efac": 1.213876616029188,
    "J1024-0719_CPSR2_20CM_log10_tnequad": -6.4051373724172365,
    "J1024-0719_CPSR2_50CM_efac": 1.2503792126840632,
    "J1024-0719_CPSR2_50CM_log10_tnequad": -6.234515390046281,
    "J1024-0719_PDFB1_20CM_efac": 1.1034766170770722,
    "J1024-0719_PDFB1_20CM_log10_tnequad": -6.7207673531711905,
    "J1024-0719_PDFB1_early_20CM_efac": 1.0073573658104327,
    "J1024-0719_PDFB1_early_20CM_log10_tnequad": -7.070960261769683,
    "J1024-0719_PDFB_10CM_efac": 0.9923992900546701,
    "J1024-0719_PDFB_10CM_log10_tnequad": -6.465980069150194,
    "J1024-0719_PDFB_20CM_efac": 1.0870559886777744,
    "J1024-0719_PDFB_20CM_log10_tnequad": -6.949590620109585,
    "J1024-0719_PDFB_40CM_efac": 1.0871659058095584,
    "J1024-0719_PDFB_40CM_log10_tnequad": -6.904757405772144,
    "J1024-0719_UWL_sbA_efac": 1.3534820505144425,
    "J1024-0719_UWL_sbA_log10_tnequad": -6.7592249905912265,
    "J1024-0719_UWL_sbB_efac": 1.1500889465082487,
    "J1024-0719_UWL_sbB_log10_tnequad": -6.790997781322441,
    "J1024-0719_UWL_sbC_efac": 1.0817496171543262,
    "J1024-0719_UWL_sbC_log10_tnequad": -6.89847475751389,
    "J1024-0719_UWL_sbD_efac": 1.0350787250655202,
    "J1024-0719_UWL_sbD_log10_tnequad": -7.126505720957947,
    "J1024-0719_UWL_sbE_efac": 1.068417327523446,
    "J1024-0719_UWL_sbE_log10_tnequad": -6.914373828439294,
    "J1024-0719_UWL_sbF_efac": 0.9775708945872339,
    "J1024-0719_UWL_sbF_log10_tnequad": -6.794619274082048,
    "J1024-0719_UWL_sbG_efac": 0.9441652701503288,
    "J1024-0719_UWL_sbG_log10_tnequad": -6.524237002221958,
    "J1024-0719_UWL_sbH_efac": 1.0255946426451816,
    "J1024-0719_UWL_sbH_log10_tnequad": -6.113210096008745,
    "J1024-0719_basis_ecorr_10CM_log10_ecorr": -5.980141661239658,
    "J1024-0719_basis_ecorr_10CM_uwl_log10_ecorr": -6.206262601670213,
    "J1024-0719_basis_ecorr_20CM_log10_ecorr": -6.869505530400473,
    "J1024-0719_basis_ecorr_20CM_uwl_log10_ecorr": -6.903453330783216,
    "J1024-0719_basis_ecorr_40CM_log10_ecorr": -6.895740139606581,
    "J1024-0719_basis_ecorr_40CM_uwl_log10_ecorr": -6.829499755285087,
    "J1024-0719_basis_ecorr_all_dr2_log10_ecorr": -6.93161705214977,
    "J1024-0719_basis_ecorr_all_uwl_log10_ecorr": -7.296781254629592,
    "J1024-0719_dm_gp_gamma": 4.579711145219262,
    "J1024-0719_dm_gp_log10_A": -13.60031013618313,
    "J1024-0719_gp_sw_gamma": 2.9731874068880937,
    "J1024-0719_gp_sw_log10_A": -6.7984050591118566,
    "J1024-0719_red_noise_gamma": 5.545205646479437,
    "J1024-0719_red_noise_log10_A": -15.049898460386494,
    "n_earth": 6.7776097655694745,
    "nmodel": 0.3401020315418506
}