{
    "J1022+1001_CASPSR_40CM_efac": 1.1070546182045986,
    "J1022+1001_CASPSR_40CM_log10_tnequad": -8.22477320109229,
    "J1022+1001_CPSR2_20CM_efac": 1.2171222552770653,
    "J1022+1001_CPSR2_20CM_log10_tnequad": -5.529550134369305,
    "J1022+1001_CPSR2_50CM_efac": 1.0595337516543732,
    "J1022+1001_CPSR2_50CM_log10_tnequad": -7.668985861860807,
    "J1022+1001_PDFB1_10CM_efac": 0.9775125319028578,
    "J1022+1001_PDFB1_10CM_log10_tnequad": -7.928982761364267,
    "J1022+1001_PDFB1_20CM_efac": 1.0657084457756711,
    "J1022+1001_PDFB1_20CM_log10_tnequad": -8.22703134585446,
    "J1022+1001_PDFB1_early_10CM_efac": 1.0594493308039512,
    "J1022+1001_PDFB1_early_10CM_log10_tnequad": -7.399640729053898,
    "J1022+1001_PDFB1_early_20CM_efac": 1.0861121039675592,
    "J1022+1001_PDFB1_early_20CM_log10_tnequad": -7.886055026803659,
    "J1022+1001_PDFB_10CM_efac": 0.991742500085919,
    "J1022+1001_PDFB_10CM_log10_tnequad": -8.05677406795236,
    "J1022+1001_PDFB_20CM_efac": 1.0563334546488774,
    "J1022+1001_PDFB_20CM_log10_tnequad": -7.07803614536106,
    "J1022+1001_PDFB_40CM_efac": 1.1032179515137475,
    "J1022+1001_PDFB_40CM_log10_tnequad": -8.268144095826074,
    "J1022+1001_UWL_CASPSR_40CM_efac": 1.3732877777947825,
    "J1022+1001_UWL_CASPSR_40CM_log10_tnequad": -7.798432971945512,
    "J1022+1001_UWL_PDFB4_20CM_efac": 1.1037096359273433,
    "J1022+1001_UWL_PDFB4_20CM_log10_tnequad": -8.246949300957166,
    "J1022+1001_UWL_sbA_efac": 1.1053881888237276,
    "J1022+1001_UWL_sbA_log10_tnequad": -7.986335460673128,
    "J1022+1001_UWL_sbB_efac": 1.1162115391612697,
    "J1022+1001_UWL_sbB_log10_tnequad": -8.12427778832443,
    "J1022+1001_UWL_sbC_efac": 1.0581945620775257,
    "J1022+1001_UWL_sbC_log10_tnequad": -8.243387441940126,
    "J1022+1001_UWL_sbD_efac": 1.097470729800809,
    "J1022+1001_UWL_sbD_log10_tnequad": -7.923447107970696,
    "J1022+1001_UWL_sbE_efac": 0.9166236670511058,
    "J1022+1001_UWL_sbE_log10_tnequad": -8.309675313361994,
    "J1022+1001_UWL_sbF_efac": 1.0224281967124185,
    "J1022+1001_UWL_sbF_log10_tnequad": -8.272815165271188,
    "J1022+1001_UWL_sbG_efac": 1.0642236253941746,
    "J1022+1001_UWL_sbG_log10_tnequad": -8.027170777766129,
    "J1022+1001_UWL_sbH_efac": 1.0415349688392062,
    "J1022+1001_UWL_sbH_log10_tnequad": -8.146495402589922,
    "J1022+1001_WBCORR_10CM_efac": 1.0944927889526057,
    "J1022+1001_WBCORR_10CM_log10_tnequad": -8.004028402525966,
    "J1022+1001_basis_ecorr_10CM_log10_ecorr": -5.882451168621021,
    "J1022+1001_basis_ecorr_10CM_uwl_log10_ecorr": -5.732454004076331,
    "J1022+1001_basis_ecorr_20CM_log10_ecorr": -6.130825311165678,
    "J1022+1001_basis_ecorr_20CM_uwl_log10_ecorr": -6.152900841206687,
    "J1022+1001_basis_ecorr_40CM_log10_ecorr": -7.750548954303425,
    "J1022+1001_basis_ecorr_40CM_uwl_log10_ecorr": -8.143429503700657,
    "J1022+1001_basis_ecorr_UWL_sbE_log10_ecorr": -6.72289681431026,
    "J1022+1001_basis_ecorr_UWL_sbH_log10_ecorr": -6.009660091078954,
    "J1022+1001_basis_ecorr_all_dr2_log10_ecorr": -6.038831392426047,
    "J1022+1001_basis_ecorr_all_uwl_log10_ecorr": -6.0886429578734065,
    "J1022+1001_dm_gp_gamma": 2.5135480504654195,
    "J1022+1001_dm_gp_log10_A": -13.7682058108216,
    "J1022+1001_gp_sw_gamma": 0.46488162342589207,
    "J1022+1001_gp_sw_log10_A": -8.474053850141537,
    "J1022+1001_group_noise_UWL_sbE_gamma": 3.326053422936672,
    "J1022+1001_group_noise_UWL_sbE_log10_A": -14.625107991998416,
    "J1022+1001_group_noise_UWL_sbH_gamma": 2.5980863106480765,
    "J1022+1001_group_noise_UWL_sbH_log10_A": -15.776347566818611,
    "J1022+1001_hf_noise_gamma": 1.8860754509647912,
    "J1022+1001_hf_noise_log10_A": -15.034288453333108,
    "J1022+1001_red_noise_gamma": 3.199634179479466,
    "J1022+1001_red_noise_log10_A": -16.55120866123252,
    "n_earth": 8.961442820064434,
    "nmodel": 0.00010459335829166028
}