{
    "J1024-0719_CPSR2_20CM_efac": 1.133428659480742,
    "J1024-0719_CPSR2_20CM_log10_tnequad": -7.851050749704308,
    "J1024-0719_CPSR2_50CM_efac": 1.1337438794346446,
    "J1024-0719_CPSR2_50CM_log10_tnequad": -7.75301754841759,
    "J1024-0719_PDFB1_20CM_efac": 1.0252054312316121,
    "J1024-0719_PDFB1_20CM_log10_tnequad": -8.046927833011404,
    "J1024-0719_PDFB1_early_20CM_efac": 0.9185830864096034,
    "J1024-0719_PDFB1_early_20CM_log10_tnequad": -8.251277517149026,
    "J1024-0719_PDFB_10CM_efac": 0.9209128830663732,
    "J1024-0719_PDFB_10CM_log10_tnequad": -7.888567712393674,
    "J1024-0719_PDFB_20CM_efac": 1.054828406290208,
    "J1024-0719_PDFB_20CM_log10_tnequad": -8.175573957847513,
    "J1024-0719_PDFB_40CM_efac": 1.0325642230409746,
    "J1024-0719_PDFB_40CM_log10_tnequad": -8.1542466825277,
    "J1024-0719_UWL_sbA_efac": 1.1993286176727054,
    "J1024-0719_UWL_sbA_log10_tnequad": -8.060914941220355,
    "J1024-0719_UWL_sbB_efac": 1.0652314519872248,
    "J1024-0719_UWL_sbB_log10_tnequad": -8.085890661953869,
    "J1024-0719_UWL_sbC_efac": 0.9824697132327483,
    "J1024-0719_UWL_sbC_log10_tnequad": -8.148156903441834,
    "J1024-0719_UWL_sbD_efac": 0.9648173521384922,
    "J1024-0719_UWL_sbD_log10_tnequad": -8.281752317550735,
    "J1024-0719_UWL_sbE_efac": 0.9934242650042154,
    "J1024-0719_UWL_sbE_log10_tnequad": -8.156914816828058,
    "J1024-0719_UWL_sbF_efac": 0.9187858763213361,
    "J1024-0719_UWL_sbF_log10_tnequad": -8.08534220408025,
    "J1024-0719_UWL_sbG_efac": 0.8675769167693185,
    "J1024-0719_UWL_sbG_log10_tnequad": -7.93093112154655,
    "J1024-0719_UWL_sbH_efac": 0.9197957543990827,
    "J1024-0719_UWL_sbH_log10_tnequad": -7.686021225421172,
    "J1024-0719_basis_ecorr_10CM_log10_ecorr": -7.59379117245069,
    "J1024-0719_basis_ecorr_10CM_uwl_log10_ecorr": -7.686605538975168,
    "J1024-0719_basis_ecorr_20CM_log10_ecorr": -8.12471658273226,
    "J1024-0719_basis_ecorr_20CM_uwl_log10_ecorr": -8.147048298252214,
    "J1024-0719_basis_ecorr_40CM_log10_ecorr": -8.147387914998207,
    "J1024-0719_basis_ecorr_40CM_uwl_log10_ecorr": -8.10711643401281,
    "J1024-0719_basis_ecorr_all_dr2_log10_ecorr": -8.165237265082736,
    "J1024-0719_basis_ecorr_all_uwl_log10_ecorr": -8.385734301682803,
    "J1024-0719_dm_gp_gamma": 3.7299271829332845,
    "J1024-0719_dm_gp_log10_A": -13.964158521079876,
    "J1024-0719_gp_sw_gamma": 0.6462449564832535,
    "J1024-0719_gp_sw_log10_A": -8.018387367365241,
    "J1024-0719_red_noise_gamma": 3.2019466705839243,
    "J1024-0719_red_noise_log10_A": -17.057957833375596,
    "n_earth": 4.454963905191949,
    "nmodel": -3.778139557477738e-05
}