{
    "J1024-0719_CPSR2_20CM_efac": 0.08324562373357045,
    "J1024-0719_CPSR2_20CM_log10_tnequad": 1.2383794452322887,
    "J1024-0719_CPSR2_50CM_efac": 0.12307368801011287,
    "J1024-0719_CPSR2_50CM_log10_tnequad": 1.2813393842855676,
    "J1024-0719_PDFB1_20CM_efac": 0.07990152909036682,
    "J1024-0719_PDFB1_20CM_log10_tnequad": 1.1291090543372322,
    "J1024-0719_PDFB1_early_20CM_efac": 0.09075508933935862,
    "J1024-0719_PDFB1_early_20CM_log10_tnequad": 1.0227665929844458,
    "J1024-0719_PDFB_10CM_efac": 0.07378197175317783,
    "J1024-0719_PDFB_10CM_log10_tnequad": 1.2252148943075019,
    "J1024-0719_PDFB_20CM_efac": 0.03251230851564678,
    "J1024-0719_PDFB_20CM_log10_tnequad": 1.0420478560137347,
    "J1024-0719_PDFB_40CM_efac": 0.05515816848866218,
    "J1024-0719_PDFB_40CM_log10_tnequad": 1.0780146322846267,
    "J1024-0719_UWL_sbA_efac": 0.15956344962967486,
    "J1024-0719_UWL_sbA_log10_tnequad": 1.1271398329890159,
    "J1024-0719_UWL_sbB_efac": 0.08674869030720687,
    "J1024-0719_UWL_sbB_log10_tnequad": 1.1125502302165724,
    "J1024-0719_UWL_sbC_efac": 0.10182344336486437,
    "J1024-0719_UWL_sbC_log10_tnequad": 1.078259650650628,
    "J1024-0719_UWL_sbD_efac": 0.07156067869252326,
    "J1024-0719_UWL_sbD_log10_tnequad": 0.9964014685163392,
    "J1024-0719_UWL_sbE_efac": 0.07645614234680502,
    "J1024-0719_UWL_sbE_log10_tnequad": 1.064314376214073,
    "J1024-0719_UWL_sbF_efac": 0.06012824589323894,
    "J1024-0719_UWL_sbF_log10_tnequad": 1.106883477439103,
    "J1024-0719_UWL_sbG_efac": 0.0797585230036014,
    "J1024-0719_UWL_sbG_log10_tnequad": 1.205281644111803,
    "J1024-0719_UWL_sbH_efac": 0.1182905267258307,
    "J1024-0719_UWL_sbH_log10_tnequad": 1.3225426351486778,
    "J1024-0719_basis_ecorr_10CM_log10_ecorr": 1.3508303008898754,
    "J1024-0719_basis_ecorr_10CM_uwl_log10_ecorr": 1.2694943390025357,
    "J1024-0719_basis_ecorr_20CM_log10_ecorr": 1.0598432808795644,
    "J1024-0719_basis_ecorr_20CM_uwl_log10_ecorr": 1.054247874005932,
    "J1024-0719_basis_ecorr_40CM_log10_ecorr": 1.0801638376017333,
    "J1024-0719_basis_ecorr_40CM_uwl_log10_ecorr": 1.0931225978618038,
    "J1024-0719_basis_ecorr_all_dr2_log10_ecorr": 1.0430459748922545,
    "J1024-0719_basis_ecorr_all_uwl_log10_ecorr": 0.9417900234204691,
    "J1024-0719_dm_gp_gamma": 0.9078893200606285,
    "J1024-0719_dm_gp_log10_A": 0.4180887725648253,
    "J1024-0719_gp_sw_gamma": 2.1750287478654764,
    "J1024-0719_gp_sw_log10_A": 1.0895861063976828,
    "J1024-0719_red_noise_gamma": 1.9692788364256417,
    "J1024-0719_red_noise_log10_A": 1.7704831143771518,
    "n_earth": 2.280346020721213,
    "nmodel": 0.28872976489932567
}