{
    "J1024-0719_CPSR2_20CM_efac": 1.1307563385415653,
    "J1024-0719_CPSR2_20CM_log10_tnequad": -7.850693149931723,
    "J1024-0719_CPSR2_50CM_efac": 1.1315227653924835,
    "J1024-0719_CPSR2_50CM_log10_tnequad": -7.734838050733339,
    "J1024-0719_PDFB1_20CM_efac": 1.0206201310476857,
    "J1024-0719_PDFB1_20CM_log10_tnequad": -8.051916491010541,
    "J1024-0719_PDFB1_early_20CM_efac": 0.911434826379044,
    "J1024-0719_PDFB1_early_20CM_log10_tnequad": -8.265020227427685,
    "J1024-0719_PDFB_10CM_efac": 0.9192828471505088,
    "J1024-0719_PDFB_10CM_log10_tnequad": -7.891504298479517,
    "J1024-0719_PDFB_20CM_efac": 1.0542734768098092,
    "J1024-0719_PDFB_20CM_log10_tnequad": -8.166405834879882,
    "J1024-0719_PDFB_40CM_efac": 1.030347108536297,
    "J1024-0719_PDFB_40CM_log10_tnequad": -8.169524559799147,
    "J1024-0719_UWL_sbA_efac": 1.1836237695478369,
    "J1024-0719_UWL_sbA_log10_tnequad": -8.074033648239244,
    "J1024-0719_UWL_sbB_efac": 1.0602542026317012,
    "J1024-0719_UWL_sbB_log10_tnequad": -8.09633516937617,
    "J1024-0719_UWL_sbC_efac": 0.9745945123619775,
    "J1024-0719_UWL_sbC_log10_tnequad": -8.158151984369592,
    "J1024-0719_UWL_sbD_efac": 0.960636497665685,
    "J1024-0719_UWL_sbD_log10_tnequad": -8.28423410791952,
    "J1024-0719_UWL_sbE_efac": 0.9892583179521939,
    "J1024-0719_UWL_sbE_log10_tnequad": -8.156147610311432,
    "J1024-0719_UWL_sbF_efac": 0.9166661397363006,
    "J1024-0719_UWL_sbF_log10_tnequad": -8.08957877025148,
    "J1024-0719_UWL_sbG_efac": 0.8647061085624457,
    "J1024-0719_UWL_sbG_log10_tnequad": -7.939963655778655,
    "J1024-0719_UWL_sbH_efac": 0.9214800091265254,
    "J1024-0719_UWL_sbH_log10_tnequad": -7.670908787409384,
    "J1024-0719_basis_ecorr_10CM_log10_ecorr": -7.546846714078945,
    "J1024-0719_basis_ecorr_10CM_uwl_log10_ecorr": -7.598296783838244,
    "J1024-0719_basis_ecorr_20CM_log10_ecorr": -8.097829573955933,
    "J1024-0719_basis_ecorr_20CM_uwl_log10_ecorr": -8.128499546663651,
    "J1024-0719_basis_ecorr_40CM_log10_ecorr": -8.158065237043052,
    "J1024-0719_basis_ecorr_40CM_uwl_log10_ecorr": -8.106514194772558,
    "J1024-0719_basis_ecorr_all_dr2_log10_ecorr": -8.145924815984822,
    "J1024-0719_basis_ecorr_all_uwl_log10_ecorr": -8.395328876849124,
    "J1024-0719_dm_gp_gamma": 3.5495145600254503,
    "J1024-0719_dm_gp_log10_A": -13.861023545864445,
    "J1024-0719_gp_sw_gamma": 1.0222075978765646,
    "J1024-0719_gp_sw_log10_A": -7.938883767688775,
    "J1024-0719_red_noise_gamma": 3.0601824717366664,
    "J1024-0719_red_noise_log10_A": -17.129381743498076,
    "n_earth": 4.3365955574432915,
    "nmodel": -0.00017289432657269233
}