{
    "J1022+1001_CASPSR_40CM_efac": 1.1898662979812302,
    "J1022+1001_CASPSR_40CM_log10_tnequad": -7.021274902381947,
    "J1022+1001_CPSR2_20CM_efac": 1.2893401635478772,
    "J1022+1001_CPSR2_20CM_log10_tnequad": -5.486546899455588,
    "J1022+1001_CPSR2_50CM_efac": 1.113386728520221,
    "J1022+1001_CPSR2_50CM_log10_tnequad": -6.291215029013437,
    "J1022+1001_PDFB1_10CM_efac": 1.05394317127934,
    "J1022+1001_PDFB1_10CM_log10_tnequad": -6.522982786295086,
    "J1022+1001_PDFB1_20CM_efac": 1.1286841553714835,
    "J1022+1001_PDFB1_20CM_log10_tnequad": -7.029239106439793,
    "J1022+1001_PDFB1_early_10CM_efac": 1.1748550102190511,
    "J1022+1001_PDFB1_early_10CM_log10_tnequad": -5.760804478987994,
    "J1022+1001_PDFB1_early_20CM_efac": 1.1800624361481782,
    "J1022+1001_PDFB1_early_20CM_log10_tnequad": -6.568016333300769,
    "J1022+1001_PDFB_10CM_efac": 1.0193923853918585,
    "J1022+1001_PDFB_10CM_log10_tnequad": -6.750296025524703,
    "J1022+1001_PDFB_20CM_efac": 1.0844642196702614,
    "J1022+1001_PDFB_20CM_log10_tnequad": -6.676641464667463,
    "J1022+1001_PDFB_40CM_efac": 1.149251617903801,
    "J1022+1001_PDFB_40CM_log10_tnequad": -7.097822409504259,
    "J1022+1001_UWL_CASPSR_40CM_efac": 1.5939416984242225,
    "J1022+1001_UWL_CASPSR_40CM_log10_tnequad": -6.327539460284825,
    "J1022+1001_UWL_PDFB4_20CM_efac": 1.1750927802988227,
    "J1022+1001_UWL_PDFB4_20CM_log10_tnequad": -7.061845672128021,
    "J1022+1001_UWL_sbA_efac": 1.2041168637886346,
    "J1022+1001_UWL_sbA_log10_tnequad": -6.619747862996514,
    "J1022+1001_UWL_sbB_efac": 1.1908988955109268,
    "J1022+1001_UWL_sbB_log10_tnequad": -6.863708900625421,
    "J1022+1001_UWL_sbC_efac": 1.1321192993243074,
    "J1022+1001_UWL_sbC_log10_tnequad": -7.076698766096265,
    "J1022+1001_UWL_sbD_efac": 1.1633694713159146,
    "J1022+1001_UWL_sbD_log10_tnequad": -6.690193687530122,
    "J1022+1001_UWL_sbE_efac": 0.9796045057054463,
    "J1022+1001_UWL_sbE_log10_tnequad": -7.163645414322969,
    "J1022+1001_UWL_sbF_efac": 1.0773707384411848,
    "J1022+1001_UWL_sbF_log10_tnequad": -7.129579150668516,
    "J1022+1001_UWL_sbG_efac": 1.1308057524856445,
    "J1022+1001_UWL_sbG_log10_tnequad": -6.722309213312329,
    "J1022+1001_UWL_sbH_efac": 1.1038563406762405,
    "J1022+1001_UWL_sbH_log10_tnequad": -6.898363452012596,
    "J1022+1001_WBCORR_10CM_efac": 1.158502031153852,
    "J1022+1001_WBCORR_10CM_log10_tnequad": -6.660426412048014,
    "J1022+1001_basis_ecorr_10CM_log10_ecorr": -5.807230502505012,
    "J1022+1001_basis_ecorr_10CM_uwl_log10_ecorr": -5.665554466993535,
    "J1022+1001_basis_ecorr_20CM_log10_ecorr": -5.949625411521166,
    "J1022+1001_basis_ecorr_20CM_uwl_log10_ecorr": -5.994263882720943,
    "J1022+1001_basis_ecorr_40CM_log10_ecorr": -6.243319580677646,
    "J1022+1001_basis_ecorr_40CM_uwl_log10_ecorr": -6.866475468923035,
    "J1022+1001_basis_ecorr_UWL_sbE_log10_ecorr": -6.305749732560565,
    "J1022+1001_basis_ecorr_UWL_sbH_log10_ecorr": -5.865186427909449,
    "J1022+1001_basis_ecorr_all_dr2_log10_ecorr": -5.939898914543248,
    "J1022+1001_basis_ecorr_all_uwl_log10_ecorr": -5.952839813129408,
    "J1022+1001_dm_gp_gamma": 3.5016845071741383,
    "J1022+1001_dm_gp_log10_A": -13.496593078303366,
    "J1022+1001_gp_sw_gamma": 2.6684424203722035,
    "J1022+1001_gp_sw_log10_A": -7.419305056502359,
    "J1022+1001_group_noise_UWL_sbE_gamma": 5.659001191062653,
    "J1022+1001_group_noise_UWL_sbE_log10_A": -13.263222824666725,
    "J1022+1001_group_noise_UWL_sbH_gamma": 5.4719164993993825,
    "J1022+1001_group_noise_UWL_sbH_log10_A": -12.935372414070168,
    "J1022+1001_hf_noise_gamma": 5.033904183210456,
    "J1022+1001_hf_noise_log10_A": -13.14425039580011,
    "J1022+1001_red_noise_gamma": 5.591637528090946,
    "J1022+1001_red_noise_log10_A": -14.433425148441058,
    "n_earth": 9.570511219131635,
    "nmodel": 0.3402514184701169
}