{
    "J1022+1001_CASPSR_40CM_efac": 1.1112488751516445,
    "J1022+1001_CASPSR_40CM_log10_tnequad": -8.216879305487124,
    "J1022+1001_CPSR2_20CM_efac": 1.2175260854676542,
    "J1022+1001_CPSR2_20CM_log10_tnequad": -5.5317605165685615,
    "J1022+1001_CPSR2_50CM_efac": 1.0603509214206421,
    "J1022+1001_CPSR2_50CM_log10_tnequad": -7.741995970178585,
    "J1022+1001_PDFB1_10CM_efac": 0.9809037152733401,
    "J1022+1001_PDFB1_10CM_log10_tnequad": -7.921742007169215,
    "J1022+1001_PDFB1_20CM_efac": 1.0685524461945561,
    "J1022+1001_PDFB1_20CM_log10_tnequad": -8.219013534320547,
    "J1022+1001_PDFB1_early_10CM_efac": 1.0570218584249502,
    "J1022+1001_PDFB1_early_10CM_log10_tnequad": -7.450316187368752,
    "J1022+1001_PDFB1_early_20CM_efac": 1.0908215472139313,
    "J1022+1001_PDFB1_early_20CM_log10_tnequad": -7.925513556401808,
    "J1022+1001_PDFB_10CM_efac": 0.9917936304888633,
    "J1022+1001_PDFB_10CM_log10_tnequad": -8.055729485230717,
    "J1022+1001_PDFB_20CM_efac": 1.056243543817451,
    "J1022+1001_PDFB_20CM_log10_tnequad": -7.5929554401403685,
    "J1022+1001_PDFB_40CM_efac": 1.1045914393225091,
    "J1022+1001_PDFB_40CM_log10_tnequad": -8.258161093673008,
    "J1022+1001_UWL_CASPSR_40CM_efac": 1.3954625412757988,
    "J1022+1001_UWL_CASPSR_40CM_log10_tnequad": -7.795526929054085,
    "J1022+1001_UWL_PDFB4_20CM_efac": 1.1068945262120713,
    "J1022+1001_UWL_PDFB4_20CM_log10_tnequad": -8.238238713636393,
    "J1022+1001_UWL_sbA_efac": 1.1109341792322254,
    "J1022+1001_UWL_sbA_log10_tnequad": -7.982930467116803,
    "J1022+1001_UWL_sbB_efac": 1.119604713535039,
    "J1022+1001_UWL_sbB_log10_tnequad": -8.118233893377273,
    "J1022+1001_UWL_sbC_efac": 1.0618853724049484,
    "J1022+1001_UWL_sbC_log10_tnequad": -8.235975475346232,
    "J1022+1001_UWL_sbD_efac": 1.0998672751300513,
    "J1022+1001_UWL_sbD_log10_tnequad": -7.987187829011856,
    "J1022+1001_UWL_sbE_efac": 0.9196642418444364,
    "J1022+1001_UWL_sbE_log10_tnequad": -8.296288936552228,
    "J1022+1001_UWL_sbF_efac": 1.0244031924438184,
    "J1022+1001_UWL_sbF_log10_tnequad": -8.272073268531921,
    "J1022+1001_UWL_sbG_efac": 1.0665030404465399,
    "J1022+1001_UWL_sbG_log10_tnequad": -8.030803240911073,
    "J1022+1001_UWL_sbH_efac": 1.0441690527275067,
    "J1022+1001_UWL_sbH_log10_tnequad": -8.137896610213073,
    "J1022+1001_WBCORR_10CM_efac": 1.0969199418345454,
    "J1022+1001_WBCORR_10CM_log10_tnequad": -7.998856634366224,
    "J1022+1001_basis_ecorr_10CM_log10_ecorr": -5.901202668596563,
    "J1022+1001_basis_ecorr_10CM_uwl_log10_ecorr": -5.734453747506899,
    "J1022+1001_basis_ecorr_20CM_log10_ecorr": -6.773696545384617,
    "J1022+1001_basis_ecorr_20CM_uwl_log10_ecorr": -6.401961918842074,
    "J1022+1001_basis_ecorr_40CM_log10_ecorr": -7.786744580599136,
    "J1022+1001_basis_ecorr_40CM_uwl_log10_ecorr": -8.130560418025981,
    "J1022+1001_basis_ecorr_UWL_sbE_log10_ecorr": -7.307548974960265,
    "J1022+1001_basis_ecorr_UWL_sbH_log10_ecorr": -6.449450036412252,
    "J1022+1001_basis_ecorr_all_dr2_log10_ecorr": -6.418278988993761,
    "J1022+1001_basis_ecorr_all_uwl_log10_ecorr": -6.459907455247041,
    "J1022+1001_dm_gp_gamma": 2.6495482454022494,
    "J1022+1001_dm_gp_log10_A": -13.843884338166937,
    "J1022+1001_gp_sw_gamma": 0.28729158277826733,
    "J1022+1001_gp_sw_log10_A": -8.453628415615697,
    "J1022+1001_group_noise_UWL_sbE_gamma": 3.4233001047845493,
    "J1022+1001_group_noise_UWL_sbE_log10_A": -15.416971730640245,
    "J1022+1001_group_noise_UWL_sbH_gamma": 2.9474925688351368,
    "J1022+1001_group_noise_UWL_sbH_log10_A": -15.848922168576783,
    "J1022+1001_hf_noise_gamma": 2.5159227127980186,
    "J1022+1001_hf_noise_log10_A": -15.479313716828742,
    "J1022+1001_red_noise_gamma": 3.295809785398322,
    "J1022+1001_red_noise_log10_A": -16.621451329946794,
    "n_earth": 8.962985691080997,
    "nmodel": 0.0002278916135299479
}