{
    "J1022+1001_CASPSR_40CM_efac": 0.079648693238642,
    "J1022+1001_CASPSR_40CM_log10_tnequad": 1.0375064914531809,
    "J1022+1001_CPSR2_20CM_efac": 0.07291914261971504,
    "J1022+1001_CPSR2_20CM_log10_tnequad": 0.046021241655714556,
    "J1022+1001_CPSR2_50CM_efac": 0.05397911534225447,
    "J1022+1001_CPSR2_50CM_log10_tnequad": 1.2371737488811416,
    "J1022+1001_PDFB1_10CM_efac": 0.07422591302543671,
    "J1022+1001_PDFB1_10CM_log10_tnequad": 1.2077626958027778,
    "J1022+1001_PDFB1_20CM_efac": 0.06091269614957567,
    "J1022+1001_PDFB1_20CM_log10_tnequad": 1.0198826999487907,
    "J1022+1001_PDFB1_early_10CM_efac": 0.12799905966701883,
    "J1022+1001_PDFB1_early_10CM_log10_tnequad": 1.410064119123965,
    "J1022+1001_PDFB1_early_20CM_efac": 0.09081812682248247,
    "J1022+1001_PDFB1_early_20CM_log10_tnequad": 1.1520478570181905,
    "J1022+1001_PDFB_10CM_efac": 0.028200888297539965,
    "J1022+1001_PDFB_10CM_log10_tnequad": 1.1147957170942455,
    "J1022+1001_PDFB_20CM_efac": 0.028471911468405546,
    "J1022+1001_PDFB_20CM_log10_tnequad": 1.0450626995197672,
    "J1022+1001_PDFB_40CM_efac": 0.04521722921429658,
    "J1022+1001_PDFB_40CM_log10_tnequad": 1.0049025920406653,
    "J1022+1001_UWL_CASPSR_40CM_efac": 0.2100910004435047,
    "J1022+1001_UWL_CASPSR_40CM_log10_tnequad": 1.2605541451038635,
    "J1022+1001_UWL_PDFB4_20CM_efac": 0.06922547318123945,
    "J1022+1001_UWL_PDFB4_20CM_log10_tnequad": 1.0163183541054108,
    "J1022+1001_UWL_sbA_efac": 0.09556501200686666,
    "J1022+1001_UWL_sbA_log10_tnequad": 1.1585066855318154,
    "J1022+1001_UWL_sbB_efac": 0.07251068684854267,
    "J1022+1001_UWL_sbB_log10_tnequad": 1.0798080639487446,
    "J1022+1001_UWL_sbC_efac": 0.07168171351052564,
    "J1022+1001_UWL_sbC_log10_tnequad": 1.0155143956899282,
    "J1022+1001_UWL_sbD_efac": 0.06450609360725576,
    "J1022+1001_UWL_sbD_log10_tnequad": 1.1104132956106136,
    "J1022+1001_UWL_sbE_efac": 0.060521137047546116,
    "J1022+1001_UWL_sbE_log10_tnequad": 0.9850284001698375,
    "J1022+1001_UWL_sbF_efac": 0.05349951236690508,
    "J1022+1001_UWL_sbF_log10_tnequad": 0.9973021326179028,
    "J1022+1001_UWL_sbG_efac": 0.06563271533705706,
    "J1022+1001_UWL_sbG_log10_tnequad": 1.1229013537463703,
    "J1022+1001_UWL_sbH_efac": 0.06070548120925132,
    "J1022+1001_UWL_sbH_log10_tnequad": 1.0728293358251375,
    "J1022+1001_WBCORR_10CM_efac": 0.06250538940306175,
    "J1022+1001_WBCORR_10CM_log10_tnequad": 1.1568609410875392,
    "J1022+1001_basis_ecorr_10CM_log10_ecorr": 0.16273937574695665,
    "J1022+1001_basis_ecorr_10CM_uwl_log10_ecorr": 0.0698587034295029,
    "J1022+1001_basis_ecorr_20CM_log10_ecorr": 1.1725182502696385,
    "J1022+1001_basis_ecorr_20CM_uwl_log10_ecorr": 0.7759303162270221,
    "J1022+1001_basis_ecorr_40CM_log10_ecorr": 1.2422970987525397,
    "J1022+1001_basis_ecorr_40CM_uwl_log10_ecorr": 1.085362059414814,
    "J1022+1001_basis_ecorr_UWL_sbE_log10_ecorr": 1.1623190090614701,
    "J1022+1001_basis_ecorr_UWL_sbH_log10_ecorr": 1.0250209602973568,
    "J1022+1001_basis_ecorr_all_dr2_log10_ecorr": 0.9371108200941982,
    "J1022+1001_basis_ecorr_all_uwl_log10_ecorr": 0.9295025569091373,
    "J1022+1001_dm_gp_gamma": 0.9075428933873235,
    "J1022+1001_dm_gp_log10_A": 0.38162390399583385,
    "J1022+1001_gp_sw_gamma": 2.150540488642928,
    "J1022+1001_gp_sw_log10_A": 0.9155662169493595,
    "J1022+1001_group_noise_UWL_sbE_gamma": 1.8977933727933516,
    "J1022+1001_group_noise_UWL_sbE_log10_A": 2.1796577665087526,
    "J1022+1001_group_noise_UWL_sbH_gamma": 2.034710022552452,
    "J1022+1001_group_noise_UWL_sbH_log10_A": 2.330234800344066,
    "J1022+1001_hf_noise_gamma": 2.016561370326945,
    "J1022+1001_hf_noise_log10_A": 2.2294643823395024,
    "J1022+1001_red_noise_gamma": 1.9475065171536279,
    "J1022+1001_red_noise_log10_A": 1.9144326255066613,
    "n_earth": 0.6136516817884586,
    "nmodel": 0.28864544112250584
}