{
    "J1024-0719_CPSR2_20CM_efac": 1.0541443579419632,
    "J1024-0719_CPSR2_20CM_log10_tnequad": -9.307380061121687,
    "J1024-0719_CPSR2_50CM_efac": 1.021013708287501,
    "J1024-0719_CPSR2_50CM_log10_tnequad": -9.274784398739454,
    "J1024-0719_PDFB1_20CM_efac": 0.9468257946315685,
    "J1024-0719_PDFB1_20CM_log10_tnequad": -9.372150250878944,
    "J1024-0719_PDFB1_early_20CM_efac": 0.8296374281362372,
    "J1024-0719_PDFB1_early_20CM_log10_tnequad": -9.443843280406417,
    "J1024-0719_PDFB_10CM_efac": 0.8500428978328101,
    "J1024-0719_PDFB_10CM_log10_tnequad": -9.324919345949429,
    "J1024-0719_PDFB_20CM_efac": 1.022565366143156,
    "J1024-0719_PDFB_20CM_log10_tnequad": -9.40681955458841,
    "J1024-0719_PDFB_40CM_efac": 0.9778484780873409,
    "J1024-0719_PDFB_40CM_log10_tnequad": -9.412073709915312,
    "J1024-0719_UWL_sbA_efac": 1.0450094209620062,
    "J1024-0719_UWL_sbA_log10_tnequad": -9.375515024889305,
    "J1024-0719_UWL_sbB_efac": 0.9801701646806599,
    "J1024-0719_UWL_sbB_log10_tnequad": -9.387692092378861,
    "J1024-0719_UWL_sbC_efac": 0.8828346973427339,
    "J1024-0719_UWL_sbC_log10_tnequad": -9.407864901526242,
    "J1024-0719_UWL_sbD_efac": 0.8943141555122449,
    "J1024-0719_UWL_sbD_log10_tnequad": -9.451147947626627,
    "J1024-0719_UWL_sbE_efac": 0.9181215810263482,
    "J1024-0719_UWL_sbE_log10_tnequad": -9.408834301459283,
    "J1024-0719_UWL_sbF_efac": 0.8603793360032247,
    "J1024-0719_UWL_sbF_log10_tnequad": -9.384277473328899,
    "J1024-0719_UWL_sbG_efac": 0.7924609539185165,
    "J1024-0719_UWL_sbG_log10_tnequad": -9.34404948676006,
    "J1024-0719_UWL_sbH_efac": 0.8229014376800436,
    "J1024-0719_UWL_sbH_log10_tnequad": -9.25573339018972,
    "J1024-0719_basis_ecorr_10CM_log10_ecorr": -9.215995652391875,
    "J1024-0719_basis_ecorr_10CM_uwl_log10_ecorr": -9.231305698004565,
    "J1024-0719_basis_ecorr_20CM_log10_ecorr": -9.390992350201453,
    "J1024-0719_basis_ecorr_20CM_uwl_log10_ecorr": -9.401388510496547,
    "J1024-0719_basis_ecorr_40CM_log10_ecorr": -9.40941797317371,
    "J1024-0719_basis_ecorr_40CM_uwl_log10_ecorr": -9.395232859140282,
    "J1024-0719_basis_ecorr_all_dr2_log10_ecorr": -9.406627523999504,
    "J1024-0719_basis_ecorr_all_uwl_log10_ecorr": -9.486575117963937,
    "J1024-0719_dm_gp_gamma": 2.8993972568842357,
    "J1024-0719_dm_gp_log10_A": -14.337106524781568,
    "J1024-0719_gp_sw_gamma": -1.9746115484487234,
    "J1024-0719_gp_sw_log10_A": -9.326547090002169,
    "J1024-0719_red_noise_gamma": 0.961788171028215,
    "J1024-0719_red_noise_log10_A": -19.083938677145326,
    "n_earth": 2.0724849869450788,
    "nmodel": -0.34012855590017954
}