{
    "J1022+1001_CASPSR_40CM_efac": 1.0326862496342475,
    "J1022+1001_CASPSR_40CM_log10_tnequad": -9.426462943969298,
    "J1022+1001_CPSR2_20CM_efac": 1.145509618034785,
    "J1022+1001_CPSR2_20CM_log10_tnequad": -5.576839514596089,
    "J1022+1001_CPSR2_50CM_efac": 1.0077395884099285,
    "J1022+1001_CPSR2_50CM_log10_tnequad": -9.237285425030569,
    "J1022+1001_PDFB1_10CM_efac": 0.9077406012418248,
    "J1022+1001_PDFB1_10CM_log10_tnequad": -9.335198780431318,
    "J1022+1001_PDFB1_20CM_efac": 1.0088431504333588,
    "J1022+1001_PDFB1_20CM_log10_tnequad": -9.408824648748118,
    "J1022+1001_PDFB1_early_10CM_efac": 0.94687661723064,
    "J1022+1001_PDFB1_early_10CM_log10_tnequad": -9.143241785612766,
    "J1022+1001_PDFB1_early_20CM_efac": 1.0018679687142777,
    "J1022+1001_PDFB1_early_20CM_log10_tnequad": -9.305001523457355,
    "J1022+1001_PDFB_10CM_efac": 0.9645683276420797,
    "J1022+1001_PDFB_10CM_log10_tnequad": -9.368181548699205,
    "J1022+1001_PDFB_20CM_efac": 1.0279963659151088,
    "J1022+1001_PDFB_20CM_log10_tnequad": -8.967078797837722,
    "J1022+1001_PDFB_40CM_efac": 1.0598548020457499,
    "J1022+1001_PDFB_40CM_log10_tnequad": -9.423039194291247,
    "J1022+1001_UWL_CASPSR_40CM_efac": 1.1941161890543972,
    "J1022+1001_UWL_CASPSR_40CM_log10_tnequad": -9.275278213293241,
    "J1022+1001_UWL_PDFB4_20CM_efac": 1.038485690073851,
    "J1022+1001_UWL_PDFB4_20CM_log10_tnequad": -9.423165034212099,
    "J1022+1001_UWL_sbA_efac": 1.0173023979666422,
    "J1022+1001_UWL_sbA_log10_tnequad": -9.337437039002523,
    "J1022+1001_UWL_sbB_efac": 1.0482690429774324,
    "J1022+1001_UWL_sbB_log10_tnequad": -9.377027200414641,
    "J1022+1001_UWL_sbC_efac": 0.9912869307721417,
    "J1022+1001_UWL_sbC_log10_tnequad": -9.417661008842993,
    "J1022+1001_UWL_sbD_efac": 1.0361479119846184,
    "J1022+1001_UWL_sbD_log10_tnequad": -9.327928910878873,
    "J1022+1001_UWL_sbE_efac": 0.8599446415584099,
    "J1022+1001_UWL_sbE_log10_tnequad": -9.437626228492318,
    "J1022+1001_UWL_sbF_efac": 0.9713874050010961,
    "J1022+1001_UWL_sbF_log10_tnequad": -9.43894318773742,
    "J1022+1001_UWL_sbG_efac": 1.0021885181297843,
    "J1022+1001_UWL_sbG_log10_tnequad": -9.350690249833026,
    "J1022+1001_UWL_sbH_efac": 0.984662073538625,
    "J1022+1001_UWL_sbH_log10_tnequad": -9.388832363883234,
    "J1022+1001_WBCORR_10CM_efac": 1.035173274978325,
    "J1022+1001_WBCORR_10CM_log10_tnequad": -9.354654121656312,
    "J1022+1001_basis_ecorr_10CM_log10_ecorr": -5.980926427657195,
    "J1022+1001_basis_ecorr_10CM_uwl_log10_ecorr": -5.802813351305107,
    "J1022+1001_basis_ecorr_20CM_log10_ecorr": -8.255994172131917,
    "J1022+1001_basis_ecorr_20CM_uwl_log10_ecorr": -6.497054516394664,
    "J1022+1001_basis_ecorr_40CM_log10_ecorr": -9.281132147734843,
    "J1022+1001_basis_ecorr_40CM_uwl_log10_ecorr": -9.395670818572471,
    "J1022+1001_basis_ecorr_UWL_sbE_log10_ecorr": -8.843051320109572,
    "J1022+1001_basis_ecorr_UWL_sbH_log10_ecorr": -7.245546537267631,
    "J1022+1001_basis_ecorr_all_dr2_log10_ecorr": -6.7505104829342155,
    "J1022+1001_basis_ecorr_all_uwl_log10_ecorr": -6.8417662713242615,
    "J1022+1001_dm_gp_gamma": 1.7942910674125025,
    "J1022+1001_dm_gp_log10_A": -14.18440877171185,
    "J1022+1001_gp_sw_gamma": -2.2423800308293225,
    "J1022+1001_gp_sw_log10_A": -9.507871698531098,
    "J1022+1001_group_noise_UWL_sbE_gamma": 1.3027889210902863,
    "J1022+1001_group_noise_UWL_sbE_log10_A": -18.240842094638566,
    "J1022+1001_group_noise_UWL_sbH_gamma": 0.7474517270029298,
    "J1022+1001_group_noise_UWL_sbH_log10_A": -18.648442272122725,
    "J1022+1001_hf_noise_gamma": 0.5547075439596733,
    "J1022+1001_hf_noise_log10_A": -18.308317901925882,
    "J1022+1001_red_noise_gamma": 1.06996994096605,
    "J1022+1001_red_noise_log10_A": -18.895151190560746,
    "n_earth": 8.354067975201557,
    "nmodel": -0.3397444014638105
}