{
    "J1045-4509_CASPSR_40CM_efac": 0.10934786087280599,
    "J1045-4509_CASPSR_40CM_log10_tnequad": 1.1813998758111657,
    "J1045-4509_CPSR2_20CM_efac": 0.04015065717079764,
    "J1045-4509_CPSR2_20CM_log10_tnequad": 1.2776403872914173,
    "J1045-4509_CPSR2_50CM_efac": 0.04205346557561923,
    "J1045-4509_CPSR2_50CM_log10_tnequad": 1.2262114980128254,
    "J1045-4509_PDFB1_20CM_efac": 0.11230068332342022,
    "J1045-4509_PDFB1_20CM_log10_tnequad": 1.267946487484476,
    "J1045-4509_PDFB1_early_20CM_efac": 0.12862423893601804,
    "J1045-4509_PDFB1_early_20CM_log10_tnequad": 1.2579119026019974,
    "J1045-4509_PDFB_10CM_efac": 0.035488661565924604,
    "J1045-4509_PDFB_10CM_log10_tnequad": 1.339223050342743,
    "J1045-4509_PDFB_20CM_efac": 0.04037284003666089,
    "J1045-4509_PDFB_20CM_log10_tnequad": 1.3465010275763076,
    "J1045-4509_PDFB_40CM_efac": 0.036872000447492406,
    "J1045-4509_PDFB_40CM_log10_tnequad": 1.202548889830206,
    "J1045-4509_UWL_PDFB4_20CM_efac": 0.13282440652386707,
    "J1045-4509_UWL_PDFB4_20CM_log10_tnequad": 1.3122274756353118,
    "J1045-4509_UWL_sbA_efac": 0.08013336658022095,
    "J1045-4509_UWL_sbA_log10_tnequad": 1.1644485151033763,
    "J1045-4509_UWL_sbB_efac": 0.060178009598193354,
    "J1045-4509_UWL_sbB_log10_tnequad": 1.1783370190053644,
    "J1045-4509_UWL_sbC_efac": 0.06430013853359615,
    "J1045-4509_UWL_sbC_log10_tnequad": 1.2296437971193475,
    "J1045-4509_UWL_sbD_efac": 0.06965869459138252,
    "J1045-4509_UWL_sbD_log10_tnequad": 1.185885698630178,
    "J1045-4509_UWL_sbE_efac": 0.061211593953784775,
    "J1045-4509_UWL_sbE_log10_tnequad": 1.1989463690515332,
    "J1045-4509_UWL_sbF_efac": 0.07908355409167872,
    "J1045-4509_UWL_sbF_log10_tnequad": 1.419590259679722,
    "J1045-4509_UWL_sbG_efac": 0.08314379665497892,
    "J1045-4509_UWL_sbG_log10_tnequad": 1.3983552057808644,
    "J1045-4509_UWL_sbH_efac": 0.08110693872078073,
    "J1045-4509_UWL_sbH_log10_tnequad": 1.4500499593895213,
    "J1045-4509_band_noise_low_gamma": 1.9692803381212347,
    "J1045-4509_band_noise_low_log10_A": 1.9121634682415203,
    "J1045-4509_basis_ecorr_10CM_log10_ecorr": 1.25326488075146,
    "J1045-4509_basis_ecorr_10CM_uwl_log10_ecorr": 1.2595824965013573,
    "J1045-4509_basis_ecorr_20CM_log10_ecorr": 1.0562640614862417,
    "J1045-4509_basis_ecorr_20CM_uwl_log10_ecorr": 1.1076466171742858,
    "J1045-4509_basis_ecorr_40CM_log10_ecorr": 1.2604590549854855,
    "J1045-4509_basis_ecorr_40CM_uwl_log10_ecorr": 1.1503440671106786,
    "J1045-4509_basis_ecorr_all_dr2_log10_ecorr": 1.0708636461509735,
    "J1045-4509_basis_ecorr_all_uwl_log10_ecorr": 1.2199914903448605,
    "J1045-4509_chrom_gp_gamma": 1.5239661617401308,
    "J1045-4509_chrom_gp_log10_A": 0.8834774491297728,
    "J1045-4509_dm_gp_gamma": 0.1861234245838273,
    "J1045-4509_dm_gp_log10_A": 0.035877602961851586,
    "J1045-4509_gp_sw_gamma": 2.2212410255440656,
    "J1045-4509_gp_sw_log10_A": 1.154747611058762,
    "J1045-4509_red_noise_gamma": 1.9707927805122818,
    "J1045-4509_red_noise_log10_A": 2.5139109260444354,
    "n_earth": 5.554496760946007,
    "nmodel": 0.2886923662808687
}