{
    "J1045-4509_CASPSR_40CM_efac": 1.4174060338912944,
    "J1045-4509_CASPSR_40CM_log10_tnequad": -9.334170099001929,
    "J1045-4509_CPSR2_20CM_efac": 1.0184732847985833,
    "J1045-4509_CPSR2_20CM_log10_tnequad": -9.277667673080279,
    "J1045-4509_CPSR2_50CM_efac": 1.0916796309700625,
    "J1045-4509_CPSR2_50CM_log10_tnequad": -9.321787082273152,
    "J1045-4509_PDFB1_20CM_efac": 1.0490794681993272,
    "J1045-4509_PDFB1_20CM_log10_tnequad": -9.283075365187742,
    "J1045-4509_PDFB1_early_20CM_efac": 1.3736309779106406,
    "J1045-4509_PDFB1_early_20CM_log10_tnequad": -9.303516858935113,
    "J1045-4509_PDFB_10CM_efac": 1.0058925776558565,
    "J1045-4509_PDFB_10CM_log10_tnequad": -9.245312380273257,
    "J1045-4509_PDFB_20CM_efac": 0.9540567736915481,
    "J1045-4509_PDFB_20CM_log10_tnequad": -9.012894536449252,
    "J1045-4509_PDFB_40CM_efac": 0.9192276718169482,
    "J1045-4509_PDFB_40CM_log10_tnequad": -9.334871562863801,
    "J1045-4509_UWL_PDFB4_20CM_efac": 1.006313098305728,
    "J1045-4509_UWL_PDFB4_20CM_log10_tnequad": -9.240052282062258,
    "J1045-4509_UWL_sbA_efac": 1.1848397465234204,
    "J1045-4509_UWL_sbA_log10_tnequad": -9.354482112179761,
    "J1045-4509_UWL_sbB_efac": 0.9708563218108893,
    "J1045-4509_UWL_sbB_log10_tnequad": -9.344222051965518,
    "J1045-4509_UWL_sbC_efac": 1.0613523704649577,
    "J1045-4509_UWL_sbC_log10_tnequad": -9.310410702482134,
    "J1045-4509_UWL_sbD_efac": 1.1543726013047078,
    "J1045-4509_UWL_sbD_log10_tnequad": -9.32778734687859,
    "J1045-4509_UWL_sbE_efac": 1.0106377725769768,
    "J1045-4509_UWL_sbE_log10_tnequad": -9.32925121611302,
    "J1045-4509_UWL_sbF_efac": 0.9713229914309648,
    "J1045-4509_UWL_sbF_log10_tnequad": -9.028622224123499,
    "J1045-4509_UWL_sbG_efac": 1.0944188103159476,
    "J1045-4509_UWL_sbG_log10_tnequad": -9.203237137337709,
    "J1045-4509_UWL_sbH_efac": 0.9367015710518976,
    "J1045-4509_UWL_sbH_log10_tnequad": -9.122747325183596,
    "J1045-4509_band_noise_low_gamma": 0.8919741233514786,
    "J1045-4509_band_noise_low_log10_A": -19.042789670222614,
    "J1045-4509_basis_ecorr_10CM_log10_ecorr": -9.308088848844864,
    "J1045-4509_basis_ecorr_10CM_uwl_log10_ecorr": -9.304585408302552,
    "J1045-4509_basis_ecorr_20CM_log10_ecorr": -9.422284058665921,
    "J1045-4509_basis_ecorr_20CM_uwl_log10_ecorr": -9.389817473862852,
    "J1045-4509_basis_ecorr_40CM_log10_ecorr": -9.264578568371352,
    "J1045-4509_basis_ecorr_40CM_uwl_log10_ecorr": -9.363134480335487,
    "J1045-4509_basis_ecorr_all_dr2_log10_ecorr": -9.41210820559004,
    "J1045-4509_basis_ecorr_all_uwl_log10_ecorr": -9.26356429632076,
    "J1045-4509_chrom_gp_gamma": 2.0580924086423673,
    "J1045-4509_chrom_gp_log10_A": -15.32987839445451,
    "J1045-4509_dm_gp_gamma": 2.7258833017655735,
    "J1045-4509_dm_gp_log10_A": -12.417335691577753,
    "J1045-4509_gp_sw_gamma": -2.529078571784063,
    "J1045-4509_gp_sw_log10_A": -9.380378614959513,
    "J1045-4509_red_noise_gamma": 0.3468784304875224,
    "J1045-4509_red_noise_log10_A": -18.298977096317948,
    "n_earth": 2.0916354289250876,
    "nmodel": -0.3399153162628269
}