{
    "J1045-4509_CASPSR_40CM_efac": 1.5251087908716177,
    "J1045-4509_CASPSR_40CM_log10_tnequad": -7.954971785902484,
    "J1045-4509_CPSR2_20CM_efac": 1.0573514502826231,
    "J1045-4509_CPSR2_20CM_log10_tnequad": -7.783300233951104,
    "J1045-4509_CPSR2_50CM_efac": 1.1330701733800936,
    "J1045-4509_CPSR2_50CM_log10_tnequad": -7.88672554208847,
    "J1045-4509_PDFB1_20CM_efac": 1.1539379153186762,
    "J1045-4509_PDFB1_20CM_log10_tnequad": -7.800157017757327,
    "J1045-4509_PDFB1_early_20CM_efac": 1.4982904586942798,
    "J1045-4509_PDFB1_early_20CM_log10_tnequad": -7.829266554943681,
    "J1045-4509_PDFB_10CM_efac": 1.0394011326897097,
    "J1045-4509_PDFB_10CM_log10_tnequad": -7.6736423257671245,
    "J1045-4509_PDFB_20CM_efac": 0.9931331142493967,
    "J1045-4509_PDFB_20CM_log10_tnequad": -7.29541036631488,
    "J1045-4509_PDFB_40CM_efac": 0.9550081873654683,
    "J1045-4509_PDFB_40CM_log10_tnequad": -7.924013150730626,
    "J1045-4509_UWL_PDFB4_20CM_efac": 1.1342162479715001,
    "J1045-4509_UWL_PDFB4_20CM_log10_tnequad": -7.691634907444323,
    "J1045-4509_UWL_sbA_efac": 1.263808778905546,
    "J1045-4509_UWL_sbA_log10_tnequad": -7.9894983000396245,
    "J1045-4509_UWL_sbB_efac": 1.0300429377128633,
    "J1045-4509_UWL_sbB_log10_tnequad": -7.960036469234057,
    "J1045-4509_UWL_sbC_efac": 1.1243130478383399,
    "J1045-4509_UWL_sbC_log10_tnequad": -7.862058637823528,
    "J1045-4509_UWL_sbD_efac": 1.2226009750617997,
    "J1045-4509_UWL_sbD_log10_tnequad": -7.937681101273896,
    "J1045-4509_UWL_sbE_efac": 1.0704684346079139,
    "J1045-4509_UWL_sbE_log10_tnequad": -7.926963468295384,
    "J1045-4509_UWL_sbF_efac": 1.0451466168979668,
    "J1045-4509_UWL_sbF_log10_tnequad": -7.241509417454703,
    "J1045-4509_UWL_sbG_efac": 1.1700282188070068,
    "J1045-4509_UWL_sbG_log10_tnequad": -7.5507774399916485,
    "J1045-4509_UWL_sbH_efac": 1.0075916277589523,
    "J1045-4509_UWL_sbH_log10_tnequad": -7.383749336224126,
    "J1045-4509_band_noise_low_gamma": 3.109836196861842,
    "J1045-4509_band_noise_low_log10_A": -16.891803462351913,
    "J1045-4509_basis_ecorr_10CM_log10_ecorr": -7.83620757505797,
    "J1045-4509_basis_ecorr_10CM_uwl_log10_ecorr": -7.820216024444723,
    "J1045-4509_basis_ecorr_20CM_log10_ecorr": -8.18349300756609,
    "J1045-4509_basis_ecorr_20CM_uwl_log10_ecorr": -8.090779761429625,
    "J1045-4509_basis_ecorr_40CM_log10_ecorr": -7.75086855432815,
    "J1045-4509_basis_ecorr_40CM_uwl_log10_ecorr": -8.012445886944748,
    "J1045-4509_basis_ecorr_all_dr2_log10_ecorr": -8.157225610609345,
    "J1045-4509_basis_ecorr_all_uwl_log10_ecorr": -7.783912552860507,
    "J1045-4509_chrom_gp_gamma": 3.6455567098285395,
    "J1045-4509_chrom_gp_log10_A": -14.37264743794865,
    "J1045-4509_dm_gp_gamma": 2.910030086254434,
    "J1045-4509_dm_gp_log10_A": -12.381756577023015,
    "J1045-4509_gp_sw_gamma": 0.09158774300706679,
    "J1045-4509_gp_sw_log10_A": -8.044522602862909,
    "J1045-4509_red_noise_gamma": 2.1695466598520725,
    "J1045-4509_red_noise_log10_A": -15.093989667905468,
    "n_earth": 8.183304630155382,
    "nmodel": 1.878659849310674e-05
}