{
    "J1045-4509_CASPSR_40CM_efac": 1.6325573414753791,
    "J1045-4509_CASPSR_40CM_log10_tnequad": -6.587849739922565,
    "J1045-4509_CPSR2_20CM_efac": 1.096671361286187,
    "J1045-4509_CPSR2_20CM_log10_tnequad": -6.293382553583387,
    "J1045-4509_CPSR2_50CM_efac": 1.174532282887991,
    "J1045-4509_CPSR2_50CM_log10_tnequad": -6.455694250619424,
    "J1045-4509_PDFB1_20CM_efac": 1.2617115519854039,
    "J1045-4509_PDFB1_20CM_log10_tnequad": -6.321864045865683,
    "J1045-4509_PDFB1_early_20CM_efac": 1.6238286816160805,
    "J1045-4509_PDFB1_early_20CM_log10_tnequad": -6.365688088022354,
    "J1045-4509_PDFB_10CM_efac": 1.0735115706435936,
    "J1045-4509_PDFB_10CM_log10_tnequad": -6.110437504026281,
    "J1045-4509_PDFB_20CM_efac": 1.029471907877986,
    "J1045-4509_PDFB_20CM_log10_tnequad": -5.909202974616745,
    "J1045-4509_PDFB_40CM_efac": 0.99106952546242,
    "J1045-4509_PDFB_40CM_log10_tnequad": -6.520291289658868,
    "J1045-4509_UWL_PDFB4_20CM_efac": 1.2622715374741356,
    "J1045-4509_UWL_PDFB4_20CM_log10_tnequad": -6.139562315346362,
    "J1045-4509_UWL_sbA_efac": 1.343013849942668,
    "J1045-4509_UWL_sbA_log10_tnequad": -6.644568620671473,
    "J1045-4509_UWL_sbB_efac": 1.0893588521040907,
    "J1045-4509_UWL_sbB_log10_tnequad": -6.586329518452037,
    "J1045-4509_UWL_sbC_efac": 1.1875942887737725,
    "J1045-4509_UWL_sbC_log10_tnequad": -6.43359141473718,
    "J1045-4509_UWL_sbD_efac": 1.2907200533382168,
    "J1045-4509_UWL_sbD_log10_tnequad": -6.550100768208455,
    "J1045-4509_UWL_sbE_efac": 1.130486918358531,
    "J1045-4509_UWL_sbE_log10_tnequad": -6.525187716450613,
    "J1045-4509_UWL_sbF_efac": 1.1182847539982064,
    "J1045-4509_UWL_sbF_log10_tnequad": -5.707302670602663,
    "J1045-4509_UWL_sbG_efac": 1.2483266902200865,
    "J1045-4509_UWL_sbG_log10_tnequad": -5.8981761286257015,
    "J1045-4509_UWL_sbH_efac": 1.0828269356186726,
    "J1045-4509_UWL_sbH_log10_tnequad": -5.647188946418318,
    "J1045-4509_band_noise_low_gamma": 5.464441206662571,
    "J1045-4509_band_noise_low_log10_A": -14.74562186767485,
    "J1045-4509_basis_ecorr_10CM_log10_ecorr": -6.373609135469724,
    "J1045-4509_basis_ecorr_10CM_uwl_log10_ecorr": -6.343291633741254,
    "J1045-4509_basis_ecorr_20CM_log10_ecorr": -6.959291838151918,
    "J1045-4509_basis_ecorr_20CM_uwl_log10_ecorr": -6.794976782238203,
    "J1045-4509_basis_ecorr_40CM_log10_ecorr": -6.249018260081723,
    "J1045-4509_basis_ecorr_40CM_uwl_log10_ecorr": -6.668032012825694,
    "J1045-4509_basis_ecorr_all_dr2_log10_ecorr": -6.910603426824656,
    "J1045-4509_basis_ecorr_all_uwl_log10_ecorr": -6.356138860101653,
    "J1045-4509_chrom_gp_gamma": 5.425182239212361,
    "J1045-4509_chrom_gp_log10_A": -13.510612575160428,
    "J1045-4509_dm_gp_gamma": 3.093697803998868,
    "J1045-4509_dm_gp_log10_A": -12.346157700171458,
    "J1045-4509_gp_sw_gamma": 2.621431720556004,
    "J1045-4509_gp_sw_log10_A": -6.759244745527827,
    "J1045-4509_red_noise_gamma": 4.634783061677317,
    "J1045-4509_red_noise_log10_A": -12.591945399809376,
    "n_earth": 14.822363121526791,
    "nmodel": 0.34012313367680774
}