{
    "J1045-4509_CASPSR_40CM_efac": 1.519701061623301,
    "J1045-4509_CASPSR_40CM_log10_tnequad": -7.963669528171547,
    "J1045-4509_CPSR2_20CM_efac": 1.0569429759846396,
    "J1045-4509_CPSR2_20CM_log10_tnequad": -7.791123892830748,
    "J1045-4509_CPSR2_50CM_efac": 1.131877851048108,
    "J1045-4509_CPSR2_50CM_log10_tnequad": -7.89613435733208,
    "J1045-4509_PDFB1_20CM_efac": 1.1496485240303855,
    "J1045-4509_PDFB1_20CM_log10_tnequad": -7.806094342369843,
    "J1045-4509_PDFB1_early_20CM_efac": 1.4914071733611187,
    "J1045-4509_PDFB1_early_20CM_log10_tnequad": -7.8336894151710466,
    "J1045-4509_PDFB_10CM_efac": 1.03951669466893,
    "J1045-4509_PDFB_10CM_log10_tnequad": -7.6785834518483735,
    "J1045-4509_PDFB_20CM_efac": 1.000459991260229,
    "J1045-4509_PDFB_20CM_log10_tnequad": -6.9494140016995125,
    "J1045-4509_PDFB_40CM_efac": 0.9547019565091213,
    "J1045-4509_PDFB_40CM_log10_tnequad": -7.92899741764213,
    "J1045-4509_UWL_PDFB4_20CM_efac": 1.1249121305443792,
    "J1045-4509_UWL_PDFB4_20CM_log10_tnequad": -7.679142657104221,
    "J1045-4509_UWL_sbA_efac": 1.259908697276793,
    "J1045-4509_UWL_sbA_log10_tnequad": -7.994048235606861,
    "J1045-4509_UWL_sbB_efac": 1.028090695411979,
    "J1045-4509_UWL_sbB_log10_tnequad": -7.963999819154955,
    "J1045-4509_UWL_sbC_efac": 1.1220814665870869,
    "J1045-4509_UWL_sbC_log10_tnequad": -7.853136222974755,
    "J1045-4509_UWL_sbD_efac": 1.220675125756054,
    "J1045-4509_UWL_sbD_log10_tnequad": -7.940911927131291,
    "J1045-4509_UWL_sbE_efac": 1.0682613500796923,
    "J1045-4509_UWL_sbE_log10_tnequad": -7.938830749391602,
    "J1045-4509_UWL_sbF_efac": 1.0535016479062769,
    "J1045-4509_UWL_sbF_log10_tnequad": -6.988583077713644,
    "J1045-4509_UWL_sbG_efac": 1.1703173525337953,
    "J1045-4509_UWL_sbG_log10_tnequad": -7.536698313279958,
    "J1045-4509_UWL_sbH_efac": 1.0104757435905878,
    "J1045-4509_UWL_sbH_log10_tnequad": -7.330249792277374,
    "J1045-4509_band_noise_low_gamma": 2.9258675849385503,
    "J1045-4509_band_noise_low_log10_A": -17.011895766321963,
    "J1045-4509_basis_ecorr_10CM_log10_ecorr": -7.840840417715392,
    "J1045-4509_basis_ecorr_10CM_uwl_log10_ecorr": -7.819769596935089,
    "J1045-4509_basis_ecorr_20CM_log10_ecorr": -8.189451377571357,
    "J1045-4509_basis_ecorr_20CM_uwl_log10_ecorr": -8.096876921701678,
    "J1045-4509_basis_ecorr_40CM_log10_ecorr": -7.706142867415179,
    "J1045-4509_basis_ecorr_40CM_uwl_log10_ecorr": -8.014556413441428,
    "J1045-4509_basis_ecorr_all_dr2_log10_ecorr": -8.164275283916322,
    "J1045-4509_basis_ecorr_all_uwl_log10_ecorr": -7.706688637395774,
    "J1045-4509_chrom_gp_gamma": 3.4273282579734725,
    "J1045-4509_chrom_gp_log10_A": -14.17633950809991,
    "J1045-4509_dm_gp_gamma": 2.901316898816522,
    "J1045-4509_dm_gp_log10_A": -12.382005424347568,
    "J1045-4509_gp_sw_gamma": 0.17780049999420555,
    "J1045-4509_gp_sw_log10_A": -8.063835329376277,
    "J1045-4509_red_noise_gamma": 1.394519315615476,
    "J1045-4509_red_noise_log10_A": -14.52228825294229,
    "n_earth": 7.386544635736075,
    "nmodel": -4.4456734461517655e-06
}