{
    "J1125-6014_CASPSR_40CM_efac": 1.0431548110718154,
    "J1125-6014_CASPSR_40CM_log10_tnequad": -8.268562058060942,
    "J1125-6014_PDFB_10CM_efac": 1.1206188276468934,
    "J1125-6014_PDFB_10CM_log10_tnequad": -8.487679343553458,
    "J1125-6014_PDFB_20CM_efac": 1.3266321980489528,
    "J1125-6014_PDFB_20CM_log10_tnequad": -8.453046673126359,
    "J1125-6014_UWL_CASPSR_40CM_efac": 1.2971486061831214,
    "J1125-6014_UWL_CASPSR_40CM_log10_tnequad": -7.9617715717539905,
    "J1125-6014_UWL_PDFB4_20CM_efac": 1.2847409949981026,
    "J1125-6014_UWL_PDFB4_20CM_log10_tnequad": -8.273163124032529,
    "J1125-6014_UWL_sbA_efac": 1.0656295685694233,
    "J1125-6014_UWL_sbA_log10_tnequad": -8.052244626021281,
    "J1125-6014_UWL_sbB_efac": 1.094586525354597,
    "J1125-6014_UWL_sbB_log10_tnequad": -8.05315427355888,
    "J1125-6014_UWL_sbC_efac": 0.9340721642355461,
    "J1125-6014_UWL_sbC_log10_tnequad": -6.493334638773806,
    "J1125-6014_UWL_sbD_efac": 0.9352523530722912,
    "J1125-6014_UWL_sbD_log10_tnequad": -7.2760222173432725,
    "J1125-6014_UWL_sbE_efac": 1.0983118230153848,
    "J1125-6014_UWL_sbE_log10_tnequad": -8.138129335481835,
    "J1125-6014_UWL_sbF_efac": 0.9869191873686713,
    "J1125-6014_UWL_sbF_log10_tnequad": -6.5806591836360235,
    "J1125-6014_UWL_sbG_efac": 0.9951577737521102,
    "J1125-6014_UWL_sbG_log10_tnequad": -8.330457963460818,
    "J1125-6014_UWL_sbH_efac": 1.0451870034245518,
    "J1125-6014_UWL_sbH_log10_tnequad": -8.306585809417381,
    "J1125-6014_basis_ecorr_10CM_log10_ecorr": -7.0480106927101,
    "J1125-6014_basis_ecorr_10CM_uwl_log10_ecorr": -8.57013240515422,
    "J1125-6014_basis_ecorr_20CM_log10_ecorr": -8.291560145929655,
    "J1125-6014_basis_ecorr_20CM_uwl_log10_ecorr": -8.445374388983263,
    "J1125-6014_basis_ecorr_40CM_log10_ecorr": -8.290312306441503,
    "J1125-6014_basis_ecorr_40CM_uwl_log10_ecorr": -8.166439994072324,
    "J1125-6014_basis_ecorr_all_dr2_log10_ecorr": -7.931247864124384,
    "J1125-6014_basis_ecorr_all_uwl_log10_ecorr": -6.835800255636156,
    "J1125-6014_dm_gp_gamma": 3.636012856931137,
    "J1125-6014_dm_gp_log10_A": -13.188950956767023,
    "J1125-6014_gp_sw_gamma": 0.2744440093639863,
    "J1125-6014_gp_sw_log10_A": -8.171679950143874,
    "J1125-6014_red_noise_gamma": 3.950332448630765,
    "J1125-6014_red_noise_log10_A": -14.258575398777621,
    "n_earth": 11.581798407942577,
    "nmodel": -2.516712684315584e-05
}