{
    "J1125-6014_CASPSR_40CM_efac": 0.971599743901428,
    "J1125-6014_CASPSR_40CM_log10_tnequad": -9.446737677620359,
    "J1125-6014_PDFB_10CM_efac": 1.0471004573235374,
    "J1125-6014_PDFB_10CM_log10_tnequad": -9.515094945635084,
    "J1125-6014_PDFB_20CM_efac": 1.2848880460781613,
    "J1125-6014_PDFB_20CM_log10_tnequad": -9.506357491657822,
    "J1125-6014_UWL_CASPSR_40CM_efac": 1.0879045265662974,
    "J1125-6014_UWL_CASPSR_40CM_log10_tnequad": -9.346465638507798,
    "J1125-6014_UWL_PDFB4_20CM_efac": 1.1916543513807096,
    "J1125-6014_UWL_PDFB4_20CM_log10_tnequad": -9.448086056777814,
    "J1125-6014_UWL_sbA_efac": 0.9705298182317001,
    "J1125-6014_UWL_sbA_log10_tnequad": -9.371377563362184,
    "J1125-6014_UWL_sbB_efac": 1.0405512038286384,
    "J1125-6014_UWL_sbB_log10_tnequad": -9.372980269112869,
    "J1125-6014_UWL_sbC_efac": 0.8481881300071775,
    "J1125-6014_UWL_sbC_log10_tnequad": -6.553359565137412,
    "J1125-6014_UWL_sbD_efac": 0.8249357956346728,
    "J1125-6014_UWL_sbD_log10_tnequad": -8.649081121337622,
    "J1125-6014_UWL_sbE_efac": 1.0411434879901862,
    "J1125-6014_UWL_sbE_log10_tnequad": -9.385296472604255,
    "J1125-6014_UWL_sbF_efac": 0.9177691548378689,
    "J1125-6014_UWL_sbF_log10_tnequad": -6.6611332027352,
    "J1125-6014_UWL_sbG_efac": 0.942445828234396,
    "J1125-6014_UWL_sbG_log10_tnequad": -9.46316574974558,
    "J1125-6014_UWL_sbH_efac": 0.9927485617534169,
    "J1125-6014_UWL_sbH_log10_tnequad": -9.453870545738244,
    "J1125-6014_basis_ecorr_10CM_log10_ecorr": -7.943253945366269,
    "J1125-6014_basis_ecorr_10CM_uwl_log10_ecorr": -9.544950889179844,
    "J1125-6014_basis_ecorr_20CM_log10_ecorr": -9.450555185613739,
    "J1125-6014_basis_ecorr_20CM_uwl_log10_ecorr": -9.5016994052192,
    "J1125-6014_basis_ecorr_40CM_log10_ecorr": -9.45667358551289,
    "J1125-6014_basis_ecorr_40CM_uwl_log10_ecorr": -9.39926562665829,
    "J1125-6014_basis_ecorr_all_dr2_log10_ecorr": -9.290481901491844,
    "J1125-6014_basis_ecorr_all_uwl_log10_ecorr": -6.90775755646203,
    "J1125-6014_dm_gp_gamma": 3.339712318304798,
    "J1125-6014_dm_gp_log10_A": -13.25830242168544,
    "J1125-6014_gp_sw_gamma": -2.3618233248427822,
    "J1125-6014_gp_sw_log10_A": -9.430017932078991,
    "J1125-6014_red_noise_gamma": 2.5087598869860503,
    "J1125-6014_red_noise_log10_A": -14.848843660760368,
    "n_earth": 5.595460953669047,
    "nmodel": -0.33999677082315904
}