{
    "J1125-6014_CASPSR_40CM_efac": 1.11458363616238,
    "J1125-6014_CASPSR_40CM_log10_tnequad": -7.099501347254789,
    "J1125-6014_PDFB_10CM_efac": 1.1939548018256536,
    "J1125-6014_PDFB_10CM_log10_tnequad": -7.4752500504160775,
    "J1125-6014_PDFB_20CM_efac": 1.368399541111909,
    "J1125-6014_PDFB_20CM_log10_tnequad": -7.411992928961428,
    "J1125-6014_UWL_CASPSR_40CM_efac": 1.5142614818685487,
    "J1125-6014_UWL_CASPSR_40CM_log10_tnequad": -6.586720733524526,
    "J1125-6014_UWL_PDFB4_20CM_efac": 1.3781829198903754,
    "J1125-6014_UWL_PDFB4_20CM_log10_tnequad": -7.110107366186074,
    "J1125-6014_UWL_sbA_efac": 1.1642591249678478,
    "J1125-6014_UWL_sbA_log10_tnequad": -6.7413588965837,
    "J1125-6014_UWL_sbB_efac": 1.15402737902843,
    "J1125-6014_UWL_sbB_log10_tnequad": -6.726665262691737,
    "J1125-6014_UWL_sbC_efac": 1.0216647671901078,
    "J1125-6014_UWL_sbC_log10_tnequad": -6.234689238243283,
    "J1125-6014_UWL_sbD_efac": 1.0352980229092021,
    "J1125-6014_UWL_sbD_log10_tnequad": -6.460401144220645,
    "J1125-6014_UWL_sbE_efac": 1.1572146702770956,
    "J1125-6014_UWL_sbE_log10_tnequad": -6.910005519691924,
    "J1125-6014_UWL_sbF_efac": 1.0559542662414565,
    "J1125-6014_UWL_sbF_log10_tnequad": -6.491774724256331,
    "J1125-6014_UWL_sbG_efac": 1.048174177562801,
    "J1125-6014_UWL_sbG_log10_tnequad": -7.20513513966785,
    "J1125-6014_UWL_sbH_efac": 1.0984095492716497,
    "J1125-6014_UWL_sbH_log10_tnequad": -7.163032671779005,
    "J1125-6014_basis_ecorr_10CM_log10_ecorr": -6.485125375285993,
    "J1125-6014_basis_ecorr_10CM_uwl_log10_ecorr": -7.60756829527384,
    "J1125-6014_basis_ecorr_20CM_log10_ecorr": -7.141447309171231,
    "J1125-6014_basis_ecorr_20CM_uwl_log10_ecorr": -7.395470774316556,
    "J1125-6014_basis_ecorr_40CM_log10_ecorr": -7.134912925998796,
    "J1125-6014_basis_ecorr_40CM_uwl_log10_ecorr": -6.949098729259856,
    "J1125-6014_basis_ecorr_all_dr2_log10_ecorr": -6.711738729623628,
    "J1125-6014_basis_ecorr_all_uwl_log10_ecorr": -6.7617537212504155,
    "J1125-6014_dm_gp_gamma": 3.92903472562078,
    "J1125-6014_dm_gp_log10_A": -13.117291824696743,
    "J1125-6014_gp_sw_gamma": 2.737389101816789,
    "J1125-6014_gp_sw_log10_A": -6.946572380271612,
    "J1125-6014_red_noise_gamma": 5.4841630291835175,
    "J1125-6014_red_noise_log10_A": -13.697533832212288,
    "n_earth": 17.337142523377167,
    "nmodel": 0.33984625263359614
}