{
    "J1125-6014_CASPSR_40CM_efac": 1.039507191993902,
    "J1125-6014_CASPSR_40CM_log10_tnequad": -8.282090394139573,
    "J1125-6014_PDFB_10CM_efac": 1.116699051117236,
    "J1125-6014_PDFB_10CM_log10_tnequad": -8.49855412370794,
    "J1125-6014_PDFB_20CM_efac": 1.3256411224766986,
    "J1125-6014_PDFB_20CM_log10_tnequad": -8.463728119343067,
    "J1125-6014_UWL_CASPSR_40CM_efac": 1.2770957133067788,
    "J1125-6014_UWL_CASPSR_40CM_log10_tnequad": -7.967457820091273,
    "J1125-6014_UWL_PDFB4_20CM_efac": 1.2793368134925474,
    "J1125-6014_UWL_PDFB4_20CM_log10_tnequad": -8.283517068624723,
    "J1125-6014_UWL_sbA_efac": 1.062879935454523,
    "J1125-6014_UWL_sbA_log10_tnequad": -8.062437825466091,
    "J1125-6014_UWL_sbB_efac": 1.0984311738049213,
    "J1125-6014_UWL_sbB_log10_tnequad": -8.051434796514519,
    "J1125-6014_UWL_sbC_efac": 0.9350950152765479,
    "J1125-6014_UWL_sbC_log10_tnequad": -6.356246136928355,
    "J1125-6014_UWL_sbD_efac": 0.954122098249193,
    "J1125-6014_UWL_sbD_log10_tnequad": -6.704536187120607,
    "J1125-6014_UWL_sbE_efac": 1.0995120261195355,
    "J1125-6014_UWL_sbE_log10_tnequad": -8.098782154653955,
    "J1125-6014_UWL_sbF_efac": 0.986965413756439,
    "J1125-6014_UWL_sbF_log10_tnequad": -6.567302818356087,
    "J1125-6014_UWL_sbG_efac": 0.9939652044213476,
    "J1125-6014_UWL_sbG_log10_tnequad": -8.335661536798336,
    "J1125-6014_UWL_sbH_efac": 1.0445973577469352,
    "J1125-6014_UWL_sbH_log10_tnequad": -8.309526464815525,
    "J1125-6014_basis_ecorr_10CM_log10_ecorr": -6.638512480643237,
    "J1125-6014_basis_ecorr_10CM_uwl_log10_ecorr": -8.581133056576133,
    "J1125-6014_basis_ecorr_20CM_log10_ecorr": -8.289820647104406,
    "J1125-6014_basis_ecorr_20CM_uwl_log10_ecorr": -8.44270043831063,
    "J1125-6014_basis_ecorr_40CM_log10_ecorr": -8.303015817997117,
    "J1125-6014_basis_ecorr_40CM_uwl_log10_ecorr": -8.134933178135498,
    "J1125-6014_basis_ecorr_all_dr2_log10_ecorr": -7.784854908334687,
    "J1125-6014_basis_ecorr_all_uwl_log10_ecorr": -6.83043862218858,
    "J1125-6014_dm_gp_gamma": 3.6183342762945903,
    "J1125-6014_dm_gp_log10_A": -13.185377479346537,
    "J1125-6014_gp_sw_gamma": 0.45250296093539716,
    "J1125-6014_gp_sw_log10_A": -8.218505895483297,
    "J1125-6014_red_noise_gamma": 3.884583382035325,
    "J1125-6014_red_noise_log10_A": -14.196392741500459,
    "n_earth": 12.099554479018202,
    "nmodel": 3.7924583911608245e-05
}