{
    "J1125-6014_CASPSR_40CM_efac": 0.0727607450683453,
    "J1125-6014_CASPSR_40CM_log10_tnequad": 1.0089528566540942,
    "J1125-6014_PDFB_10CM_efac": 0.07438725813982881,
    "J1125-6014_PDFB_10CM_log10_tnequad": 0.8839801277775201,
    "J1125-6014_PDFB_20CM_efac": 0.042154757707707054,
    "J1125-6014_PDFB_20CM_log10_tnequad": 0.9037642232102437,
    "J1125-6014_UWL_CASPSR_40CM_efac": 0.23537926648868274,
    "J1125-6014_UWL_CASPSR_40CM_log10_tnequad": 1.1820243750933364,
    "J1125-6014_UWL_PDFB4_20CM_efac": 0.09462472985765248,
    "J1125-6014_UWL_PDFB4_20CM_log10_tnequad": 1.0066316070502876,
    "J1125-6014_UWL_sbA_efac": 0.10537776766991563,
    "J1125-6014_UWL_sbA_log10_tnequad": 1.1278885773260179,
    "J1125-6014_UWL_sbB_efac": 0.06617932863519803,
    "J1125-6014_UWL_sbB_log10_tnequad": 1.1189092502516373,
    "J1125-6014_UWL_sbC_efac": 0.08884577743371047,
    "J1125-6014_UWL_sbC_log10_tnequad": 0.5566033011021744,
    "J1125-6014_UWL_sbD_efac": 0.1025487630362093,
    "J1125-6014_UWL_sbD_log10_tnequad": 1.0579425808321654,
    "J1125-6014_UWL_sbE_efac": 0.06164559863645845,
    "J1125-6014_UWL_sbE_log10_tnequad": 1.040302640023397,
    "J1125-6014_UWL_sbF_efac": 0.0701627105963104,
    "J1125-6014_UWL_sbF_log10_tnequad": 0.1281663130358736,
    "J1125-6014_UWL_sbG_efac": 0.054191266071413995,
    "J1125-6014_UWL_sbG_log10_tnequad": 0.9663065108465645,
    "J1125-6014_UWL_sbH_efac": 0.05450853896730588,
    "J1125-6014_UWL_sbH_log10_tnequad": 0.9768329492252005,
    "J1125-6014_basis_ecorr_10CM_log10_ecorr": 0.9136445021962719,
    "J1125-6014_basis_ecorr_10CM_uwl_log10_ecorr": 0.8358885584199828,
    "J1125-6014_basis_ecorr_20CM_log10_ecorr": 0.9849145994020674,
    "J1125-6014_basis_ecorr_20CM_uwl_log10_ecorr": 0.896780477795078,
    "J1125-6014_basis_ecorr_40CM_log10_ecorr": 0.9993160869353003,
    "J1125-6014_basis_ecorr_40CM_uwl_log10_ecorr": 1.031732673010855,
    "J1125-6014_basis_ecorr_all_dr2_log10_ecorr": 1.0920026013610962,
    "J1125-6014_basis_ecorr_all_uwl_log10_ecorr": 0.08269547807451846,
    "J1125-6014_dm_gp_gamma": 0.30519337145095143,
    "J1125-6014_dm_gp_log10_A": 0.07537956279379758,
    "J1125-6014_gp_sw_gamma": 2.2126215616230698,
    "J1125-6014_gp_sw_log10_A": 1.1073025251135307,
    "J1125-6014_red_noise_gamma": 1.4014735439503303,
    "J1125-6014_red_noise_log10_A": 0.5499799987459524,
    "n_earth": 5.220953449880684,
    "nmodel": 0.28862443504813007
}