{
    "J1446-4701_CASPSR_40CM_efac": 1.6503236728806996,
    "J1446-4701_CASPSR_40CM_log10_tnequad": -7.267647836400631,
    "J1446-4701_PDFB_10CM_efac": 1.2068499566922282,
    "J1446-4701_PDFB_10CM_log10_tnequad": -8.091412928126529,
    "J1446-4701_PDFB_20CM_efac": 1.1586097422805162,
    "J1446-4701_PDFB_20CM_log10_tnequad": -8.051083004911831,
    "J1446-4701_UWL_PDFB4_20CM_efac": 0.8616136599319251,
    "J1446-4701_UWL_PDFB4_20CM_log10_tnequad": -7.9331714600314704,
    "J1446-4701_UWL_sbB_efac": 0.9346940911803393,
    "J1446-4701_UWL_sbB_log10_tnequad": -8.037218368339964,
    "J1446-4701_UWL_sbC_efac": 0.9767206682784604,
    "J1446-4701_UWL_sbC_log10_tnequad": -8.25475236161315,
    "J1446-4701_UWL_sbD_efac": 1.0770623456708606,
    "J1446-4701_UWL_sbD_log10_tnequad": -8.204200600494076,
    "J1446-4701_UWL_sbE_efac": 1.1034337322064498,
    "J1446-4701_UWL_sbE_log10_tnequad": -8.073734788193109,
    "J1446-4701_UWL_sbF_efac": 1.0875698289168205,
    "J1446-4701_UWL_sbF_log10_tnequad": -8.244106014077508,
    "J1446-4701_UWL_sbG_efac": 0.8911697317785092,
    "J1446-4701_UWL_sbG_log10_tnequad": -7.852992008867813,
    "J1446-4701_UWL_sbH_efac": 0.8471254889259641,
    "J1446-4701_UWL_sbH_log10_tnequad": -8.141204614512256,
    "J1446-4701_basis_ecorr_10CM_log10_ecorr": -7.76870026452309,
    "J1446-4701_basis_ecorr_10CM_uwl_log10_ecorr": -7.886680762843041,
    "J1446-4701_basis_ecorr_20CM_log10_ecorr": -6.477934966193002,
    "J1446-4701_basis_ecorr_20CM_uwl_log10_ecorr": -8.230287661757991,
    "J1446-4701_basis_ecorr_40CM_log10_ecorr": -7.809939212772862,
    "J1446-4701_basis_ecorr_40CM_uwl_log10_ecorr": -8.268990020776892,
    "J1446-4701_basis_ecorr_all_dr2_log10_ecorr": -5.926495608062087,
    "J1446-4701_basis_ecorr_all_uwl_log10_ecorr": -6.166130127988854,
    "J1446-4701_dm_gp_gamma": 2.7456856422697014,
    "J1446-4701_dm_gp_log10_A": -16.862828663741727,
    "J1446-4701_gp_sw_gamma": 0.13482977225525128,
    "J1446-4701_gp_sw_log10_A": -8.135683766442293,
    "J1446-4701_red_noise_gamma": 3.1084303341990847,
    "J1446-4701_red_noise_log10_A": -17.023347681150465,
    "n_earth": 6.549794893665991,
    "nmodel": -0.000247828930361349
}