{
    "J1446-4701_CASPSR_40CM_efac": 0.5158619574737309,
    "J1446-4701_CASPSR_40CM_log10_tnequad": 1.4279232456495337,
    "J1446-4701_PDFB_10CM_efac": 0.260037073890988,
    "J1446-4701_PDFB_10CM_log10_tnequad": 1.1193493651951079,
    "J1446-4701_PDFB_20CM_efac": 0.06917093093646476,
    "J1446-4701_PDFB_20CM_log10_tnequad": 1.120782633891213,
    "J1446-4701_UWL_PDFB4_20CM_efac": 0.18405055369029605,
    "J1446-4701_UWL_PDFB4_20CM_log10_tnequad": 1.1906548202910312,
    "J1446-4701_UWL_sbB_efac": 0.1053292298410226,
    "J1446-4701_UWL_sbB_log10_tnequad": 1.1344379560504263,
    "J1446-4701_UWL_sbC_efac": 0.12454863884204391,
    "J1446-4701_UWL_sbC_log10_tnequad": 1.0264348806029706,
    "J1446-4701_UWL_sbD_efac": 0.08801757976285343,
    "J1446-4701_UWL_sbD_log10_tnequad": 1.0493746561923736,
    "J1446-4701_UWL_sbE_efac": 0.1114986492384668,
    "J1446-4701_UWL_sbE_log10_tnequad": 1.1191943150585473,
    "J1446-4701_UWL_sbF_efac": 0.09472626210286787,
    "J1446-4701_UWL_sbF_log10_tnequad": 1.0355268037631047,
    "J1446-4701_UWL_sbG_efac": 0.20946268386531047,
    "J1446-4701_UWL_sbG_log10_tnequad": 1.2204065754548876,
    "J1446-4701_UWL_sbH_efac": 0.15397648299728803,
    "J1446-4701_UWL_sbH_log10_tnequad": 1.0919366835370587,
    "J1446-4701_basis_ecorr_10CM_log10_ecorr": 1.2688618123627606,
    "J1446-4701_basis_ecorr_10CM_uwl_log10_ecorr": 1.177983057009751,
    "J1446-4701_basis_ecorr_20CM_log10_ecorr": 1.3560322963965972,
    "J1446-4701_basis_ecorr_20CM_uwl_log10_ecorr": 1.043459133771586,
    "J1446-4701_basis_ecorr_40CM_log10_ecorr": 1.2812742974211282,
    "J1446-4701_basis_ecorr_40CM_uwl_log10_ecorr": 1.0158797709842269,
    "J1446-4701_basis_ecorr_all_dr2_log10_ecorr": 1.2314375215987423,
    "J1446-4701_basis_ecorr_all_uwl_log10_ecorr": 0.31407208935502295,
    "J1446-4701_dm_gp_gamma": 1.9899642428959583,
    "J1446-4701_dm_gp_log10_A": 1.9988843139673036,
    "J1446-4701_gp_sw_gamma": 2.1596077361152477,
    "J1446-4701_gp_sw_log10_A": 1.1519929529506974,
    "J1446-4701_red_noise_gamma": 1.9831525909141732,
    "J1446-4701_red_noise_log10_A": 1.8145971000558752,
    "n_earth": 4.44881269526371,
    "nmodel": 0.28870351273910655
}