{
    "J1446-4701_CASPSR_40CM_efac": 1.579723585492439,
    "J1446-4701_CASPSR_40CM_log10_tnequad": -7.377200708297654,
    "J1446-4701_PDFB_10CM_efac": 1.237377039281339,
    "J1446-4701_PDFB_10CM_log10_tnequad": -8.078835903686828,
    "J1446-4701_PDFB_20CM_efac": 1.1602922683285672,
    "J1446-4701_PDFB_20CM_log10_tnequad": -8.0525452135147,
    "J1446-4701_UWL_PDFB4_20CM_efac": 0.8702843995451734,
    "J1446-4701_UWL_PDFB4_20CM_log10_tnequad": -7.933604948742337,
    "J1446-4701_UWL_sbB_efac": 0.9363205669674463,
    "J1446-4701_UWL_sbB_log10_tnequad": -8.036679387755145,
    "J1446-4701_UWL_sbC_efac": 0.9876596310085655,
    "J1446-4701_UWL_sbC_log10_tnequad": -8.242196693584212,
    "J1446-4701_UWL_sbD_efac": 1.0809937515478019,
    "J1446-4701_UWL_sbD_log10_tnequad": -8.195774750915488,
    "J1446-4701_UWL_sbE_efac": 1.1074902907543627,
    "J1446-4701_UWL_sbE_log10_tnequad": -8.069269508971626,
    "J1446-4701_UWL_sbF_efac": 1.0930447233133411,
    "J1446-4701_UWL_sbF_log10_tnequad": -8.22902872700625,
    "J1446-4701_UWL_sbG_efac": 0.8897531405196804,
    "J1446-4701_UWL_sbG_log10_tnequad": -7.8662260461777604,
    "J1446-4701_UWL_sbH_efac": 0.8626799876111302,
    "J1446-4701_UWL_sbH_log10_tnequad": -8.129002491951507,
    "J1446-4701_basis_ecorr_10CM_log10_ecorr": -7.782442117260616,
    "J1446-4701_basis_ecorr_10CM_uwl_log10_ecorr": -7.915501186775546,
    "J1446-4701_basis_ecorr_20CM_log10_ecorr": -7.080923758981392,
    "J1446-4701_basis_ecorr_20CM_uwl_log10_ecorr": -8.216705173886472,
    "J1446-4701_basis_ecorr_40CM_log10_ecorr": -7.800303666148487,
    "J1446-4701_basis_ecorr_40CM_uwl_log10_ecorr": -8.257950823923155,
    "J1446-4701_basis_ecorr_all_dr2_log10_ecorr": -6.639655244274002,
    "J1446-4701_basis_ecorr_all_uwl_log10_ecorr": -6.205071786746008,
    "J1446-4701_dm_gp_gamma": 3.0065999779439996,
    "J1446-4701_dm_gp_log10_A": -16.73306366561858,
    "J1446-4701_gp_sw_gamma": 0.0628638130240305,
    "J1446-4701_gp_sw_log10_A": -8.089020276641095,
    "J1446-4701_red_noise_gamma": 3.234392699272237,
    "J1446-4701_red_noise_log10_A": -16.96485771726186,
    "n_earth": 7.075682654392007,
    "nmodel": -0.0001548096104038908
}