{
    "J1446-4701_CASPSR_40CM_efac": 2.0175194814306248,
    "J1446-4701_CASPSR_40CM_log10_tnequad": -5.68588129733844,
    "J1446-4701_PDFB_10CM_efac": 1.4849435658966597,
    "J1446-4701_PDFB_10CM_log10_tnequad": -6.7878273614722175,
    "J1446-4701_PDFB_20CM_efac": 1.2277818157394034,
    "J1446-4701_PDFB_20CM_log10_tnequad": -6.738875265469444,
    "J1446-4701_UWL_PDFB4_20CM_efac": 1.034827356323903,
    "J1446-4701_UWL_PDFB4_20CM_log10_tnequad": -6.538687364544487,
    "J1446-4701_UWL_sbB_efac": 1.0343737137211801,
    "J1446-4701_UWL_sbB_log10_tnequad": -6.70798795271325,
    "J1446-4701_UWL_sbC_efac": 1.1084991058642502,
    "J1446-4701_UWL_sbC_log10_tnequad": -7.056069148371616,
    "J1446-4701_UWL_sbD_efac": 1.1668273442256405,
    "J1446-4701_UWL_sbD_log10_tnequad": -6.980674215448419,
    "J1446-4701_UWL_sbE_efac": 1.213762336356041,
    "J1446-4701_UWL_sbE_log10_tnequad": -6.7615030106219365,
    "J1446-4701_UWL_sbF_efac": 1.1860060323155537,
    "J1446-4701_UWL_sbF_log10_tnequad": -7.028370590518443,
    "J1446-4701_UWL_sbG_efac": 1.0732213674127715,
    "J1446-4701_UWL_sbG_log10_tnequad": -6.417545453505692,
    "J1446-4701_UWL_sbH_efac": 1.007692268862319,
    "J1446-4701_UWL_sbH_log10_tnequad": -6.872757411526538,
    "J1446-4701_basis_ecorr_10CM_log10_ecorr": -6.275589762176797,
    "J1446-4701_basis_ecorr_10CM_uwl_log10_ecorr": -6.525705231606248,
    "J1446-4701_basis_ecorr_20CM_log10_ecorr": -5.850421413213771,
    "J1446-4701_basis_ecorr_20CM_uwl_log10_ecorr": -7.021329508046664,
    "J1446-4701_basis_ecorr_40CM_log10_ecorr": -6.321188391528904,
    "J1446-4701_basis_ecorr_40CM_uwl_log10_ecorr": -7.085715892779909,
    "J1446-4701_basis_ecorr_all_dr2_log10_ecorr": -5.815553257867507,
    "J1446-4701_basis_ecorr_all_uwl_log10_ecorr": -6.065785058611349,
    "J1446-4701_dm_gp_gamma": 5.421897507899197,
    "J1446-4701_dm_gp_log10_A": -14.342453203544348,
    "J1446-4701_gp_sw_gamma": 2.506784026668811,
    "J1446-4701_gp_sw_log10_A": -6.80321817532035,
    "J1446-4701_red_noise_gamma": 5.59515346663339,
    "J1446-4701_red_noise_log10_A": -14.922476385968462,
    "n_earth": 11.821351756686127,
    "nmodel": 0.33996658165174576
}