{
    "J1446-4701_CASPSR_40CM_efac": 1.1568690515260596,
    "J1446-4701_CASPSR_40CM_log10_tnequad": -9.123889568655118,
    "J1446-4701_PDFB_10CM_efac": 0.9899830219456078,
    "J1446-4701_PDFB_10CM_log10_tnequad": -9.385266601969569,
    "J1446-4701_PDFB_20CM_efac": 1.0937090686411246,
    "J1446-4701_PDFB_20CM_log10_tnequad": -9.371195093580447,
    "J1446-4701_UWL_PDFB4_20CM_efac": 0.7175294109658142,
    "J1446-4701_UWL_PDFB4_20CM_log10_tnequad": -9.334366001464506,
    "J1446-4701_UWL_sbB_efac": 0.843043453137738,
    "J1446-4701_UWL_sbB_log10_tnequad": -9.370773170496344,
    "J1446-4701_UWL_sbC_efac": 0.8666115303251533,
    "J1446-4701_UWL_sbC_log10_tnequad": -9.439458968718787,
    "J1446-4701_UWL_sbD_efac": 0.9954979525913682,
    "J1446-4701_UWL_sbD_log10_tnequad": -9.42415086567904,
    "J1446-4701_UWL_sbE_efac": 1.0031836394388165,
    "J1446-4701_UWL_sbE_log10_tnequad": -9.382029874625603,
    "J1446-4701_UWL_sbF_efac": 1.0000681538087963,
    "J1446-4701_UWL_sbF_log10_tnequad": -9.437296472478609,
    "J1446-4701_UWL_sbG_efac": 0.7278043768004886,
    "J1446-4701_UWL_sbG_log10_tnequad": -9.311883373104468,
    "J1446-4701_UWL_sbH_efac": 0.718380180873552,
    "J1446-4701_UWL_sbH_log10_tnequad": -9.403224121494075,
    "J1446-4701_basis_ecorr_10CM_log10_ecorr": -9.284876599491364,
    "J1446-4701_basis_ecorr_10CM_uwl_log10_ecorr": -9.320428243119276,
    "J1446-4701_basis_ecorr_20CM_log10_ecorr": -8.855603413367271,
    "J1446-4701_basis_ecorr_20CM_uwl_log10_ecorr": -9.431977678484099,
    "J1446-4701_basis_ecorr_40CM_log10_ecorr": -9.29900784990587,
    "J1446-4701_basis_ecorr_40CM_uwl_log10_ecorr": -9.444054792719028,
    "J1446-4701_basis_ecorr_all_dr2_log10_ecorr": -8.212251178676201,
    "J1446-4701_basis_ecorr_all_uwl_log10_ecorr": -6.281217315760688,
    "J1446-4701_dm_gp_gamma": 0.8066812786623052,
    "J1446-4701_dm_gp_log10_A": -18.997665365028745,
    "J1446-4701_gp_sw_gamma": -2.451627730630469,
    "J1446-4701_gp_sw_log10_A": -9.40407185410726,
    "J1446-4701_red_noise_gamma": 0.9657519157747758,
    "J1446-4701_red_noise_log10_A": -19.048692991622115,
    "n_earth": 2.3529881037683795,
    "nmodel": -0.34015358150256075
}