{
    "J1545-4550_PDFB_10CM_efac": 0.05004256469060754,
    "J1545-4550_PDFB_10CM_log10_tnequad": 1.061718696223367,
    "J1545-4550_PDFB_20CM_efac": 0.03518213794362276,
    "J1545-4550_PDFB_20CM_log10_tnequad": 1.0593913741240155,
    "J1545-4550_UWL_PDFB4_20CM_efac": 0.11275363235160128,
    "J1545-4550_UWL_PDFB4_20CM_log10_tnequad": 1.1282266394111928,
    "J1545-4550_UWL_sbB_efac": 0.13298494299337413,
    "J1545-4550_UWL_sbB_log10_tnequad": 1.2386959635222474,
    "J1545-4550_UWL_sbC_efac": 0.12343748112673653,
    "J1545-4550_UWL_sbC_log10_tnequad": 1.1912073360970492,
    "J1545-4550_UWL_sbD_efac": 0.05620276012522713,
    "J1545-4550_UWL_sbD_log10_tnequad": 1.1596494906877837,
    "J1545-4550_UWL_sbE_efac": 0.05188971857836119,
    "J1545-4550_UWL_sbE_log10_tnequad": 1.029973016750431,
    "J1545-4550_UWL_sbF_efac": 0.04423416407433663,
    "J1545-4550_UWL_sbF_log10_tnequad": 1.0652092040758299,
    "J1545-4550_UWL_sbG_efac": 0.05235043383759952,
    "J1545-4550_UWL_sbG_log10_tnequad": 1.0455872550544043,
    "J1545-4550_UWL_sbH_efac": 0.08842114459672984,
    "J1545-4550_UWL_sbH_log10_tnequad": 0.5211897288032958,
    "J1545-4550_basis_ecorr_10CM_log10_ecorr": 1.065624184392092,
    "J1545-4550_basis_ecorr_10CM_uwl_log10_ecorr": 0.9319841772458088,
    "J1545-4550_basis_ecorr_20CM_log10_ecorr": 0.9627938195620969,
    "J1545-4550_basis_ecorr_20CM_uwl_log10_ecorr": 1.0425613182543614,
    "J1545-4550_basis_ecorr_40CM_uwl_log10_ecorr": 1.1252002108368064,
    "J1545-4550_basis_ecorr_all_dr2_log10_ecorr": 0.973016911017449,
    "J1545-4550_basis_ecorr_all_uwl_log10_ecorr": 1.01453956204796,
    "J1545-4550_dm_gp_gamma": 0.8504273106093164,
    "J1545-4550_dm_gp_log10_A": 0.2424274404937454,
    "J1545-4550_gp_sw_gamma": 2.2171646571596457,
    "J1545-4550_gp_sw_log10_A": 1.0616073493543505,
    "J1545-4550_red_noise_gamma": 1.971403376188708,
    "J1545-4550_red_noise_log10_A": 1.8665358570928952,
    "n_earth": 2.260873042331957,
    "nmodel": 0.2887449572177875
}