{
    "J1545-4550_PDFB_10CM_efac": 1.1348976175891519,
    "J1545-4550_PDFB_10CM_log10_tnequad": -6.915951455996024,
    "J1545-4550_PDFB_20CM_efac": 1.2079837109967753,
    "J1545-4550_PDFB_20CM_log10_tnequad": -6.935554419485365,
    "J1545-4550_UWL_PDFB4_20CM_efac": 1.3704685349793615,
    "J1545-4550_UWL_PDFB4_20CM_log10_tnequad": -6.74820242574041,
    "J1545-4550_UWL_sbB_efac": 0.9837703841410644,
    "J1545-4550_UWL_sbB_log10_tnequad": -6.413117465827462,
    "J1545-4550_UWL_sbC_efac": 1.1023359547500813,
    "J1545-4550_UWL_sbC_log10_tnequad": -6.565769794866331,
    "J1545-4550_UWL_sbD_efac": 1.131472157500872,
    "J1545-4550_UWL_sbD_log10_tnequad": -6.563504623519599,
    "J1545-4550_UWL_sbE_efac": 1.117478706019594,
    "J1545-4550_UWL_sbE_log10_tnequad": -7.0131172376405715,
    "J1545-4550_UWL_sbF_efac": 0.9942808755650088,
    "J1545-4550_UWL_sbF_log10_tnequad": -6.812711289845451,
    "J1545-4550_UWL_sbG_efac": 1.0915911522407176,
    "J1545-4550_UWL_sbG_log10_tnequad": -6.949347427551901,
    "J1545-4550_UWL_sbH_efac": 1.0723661261975157,
    "J1545-4550_UWL_sbH_log10_tnequad": -6.248676208465193,
    "J1545-4550_basis_ecorr_10CM_log10_ecorr": -6.876695543422927,
    "J1545-4550_basis_ecorr_10CM_uwl_log10_ecorr": -7.3123061777927605,
    "J1545-4550_basis_ecorr_20CM_log10_ecorr": -7.237841943038221,
    "J1545-4550_basis_ecorr_20CM_uwl_log10_ecorr": -6.813511397667124,
    "J1545-4550_basis_ecorr_40CM_uwl_log10_ecorr": -6.7417398234692465,
    "J1545-4550_basis_ecorr_all_dr2_log10_ecorr": -7.193394287665692,
    "J1545-4550_basis_ecorr_all_uwl_log10_ecorr": -6.941336913688549,
    "J1545-4550_dm_gp_gamma": 5.3055535974627075,
    "J1545-4550_dm_gp_log10_A": -13.456337441219578,
    "J1545-4550_gp_sw_gamma": 2.8695984521970836,
    "J1545-4550_gp_sw_log10_A": -7.009194605305666,
    "J1545-4550_red_noise_gamma": 5.711585051061824,
    "J1545-4550_red_noise_log10_A": -14.557372787996933,
    "n_earth": 5.138713373380054,
    "nmodel": 0.34023523535254063
}