{
    "J1545-4550_PDFB_10CM_efac": 1.0857899211989768,
    "J1545-4550_PDFB_10CM_log10_tnequad": -8.160322019679352,
    "J1545-4550_PDFB_20CM_efac": 1.1733459037136877,
    "J1545-4550_PDFB_20CM_log10_tnequad": -8.173136583069605,
    "J1545-4550_UWL_PDFB4_20CM_efac": 1.2636205343186298,
    "J1545-4550_UWL_PDFB4_20CM_log10_tnequad": -8.05415871416633,
    "J1545-4550_UWL_sbB_efac": 0.8716517610143911,
    "J1545-4550_UWL_sbB_log10_tnequad": -7.861047618517549,
    "J1545-4550_UWL_sbC_efac": 0.9887122707284792,
    "J1545-4550_UWL_sbC_log10_tnequad": -7.944242469620663,
    "J1545-4550_UWL_sbD_efac": 1.0783286924420985,
    "J1545-4550_UWL_sbD_log10_tnequad": -7.943212654372124,
    "J1545-4550_UWL_sbE_efac": 1.0661839924147782,
    "J1545-4550_UWL_sbE_log10_tnequad": -8.219013190232253,
    "J1545-4550_UWL_sbF_efac": 0.9515981040712571,
    "J1545-4550_UWL_sbF_log10_tnequad": -8.053541315348399,
    "J1545-4550_UWL_sbG_efac": 1.0404131803294199,
    "J1545-4550_UWL_sbG_log10_tnequad": -8.178557556151842,
    "J1545-4550_UWL_sbH_efac": 0.9844764758967476,
    "J1545-4550_UWL_sbH_log10_tnequad": -6.4760970424532625,
    "J1545-4550_basis_ecorr_10CM_log10_ecorr": -8.13508021424697,
    "J1545-4550_basis_ecorr_10CM_uwl_log10_ecorr": -8.395097708756527,
    "J1545-4550_basis_ecorr_20CM_log10_ecorr": -8.353144153773933,
    "J1545-4550_basis_ecorr_20CM_uwl_log10_ecorr": -7.848122344973861,
    "J1545-4550_basis_ecorr_40CM_uwl_log10_ecorr": -8.056435722726928,
    "J1545-4550_basis_ecorr_all_dr2_log10_ecorr": -8.326129942980819,
    "J1545-4550_basis_ecorr_all_uwl_log10_ecorr": -8.043403666206416,
    "J1545-4550_dm_gp_gamma": 4.4417294796268445,
    "J1545-4550_dm_gp_log10_A": -13.698176450757364,
    "J1545-4550_gp_sw_gamma": 0.39932540913481823,
    "J1545-4550_gp_sw_log10_A": -8.22277904969261,
    "J1545-4550_red_noise_gamma": 3.3906170052939357,
    "J1545-4550_red_noise_log10_A": -16.666356158351814,
    "n_earth": 2.9128538348382755,
    "nmodel": 0.0001042681834713937
}