{
    "J1545-4550_PDFB_10CM_efac": 1.0851742276083431,
    "J1545-4550_PDFB_10CM_log10_tnequad": -8.159784580274266,
    "J1545-4550_PDFB_20CM_efac": 1.1731533181381737,
    "J1545-4550_PDFB_20CM_log10_tnequad": -8.18044242378414,
    "J1545-4550_UWL_PDFB4_20CM_efac": 1.259676184686108,
    "J1545-4550_UWL_PDFB4_20CM_log10_tnequad": -8.060711544248832,
    "J1545-4550_UWL_sbB_efac": 0.874555110529717,
    "J1545-4550_UWL_sbB_log10_tnequad": -7.868357892733156,
    "J1545-4550_UWL_sbC_efac": 0.9829281332079749,
    "J1545-4550_UWL_sbC_log10_tnequad": -7.949964367149502,
    "J1545-4550_UWL_sbD_efac": 1.0799861865981428,
    "J1545-4550_UWL_sbD_log10_tnequad": -7.917916897702616,
    "J1545-4550_UWL_sbE_efac": 1.0647256780754035,
    "J1545-4550_UWL_sbE_log10_tnequad": -8.220279614684234,
    "J1545-4550_UWL_sbF_efac": 0.9526306718979453,
    "J1545-4550_UWL_sbF_log10_tnequad": -7.9795031168741914,
    "J1545-4550_UWL_sbG_efac": 1.0395879303165025,
    "J1545-4550_UWL_sbG_log10_tnequad": -8.169152604749053,
    "J1545-4550_UWL_sbH_efac": 0.9817788029421086,
    "J1545-4550_UWL_sbH_log10_tnequad": -6.3534204979707285,
    "J1545-4550_basis_ecorr_10CM_log10_ecorr": -8.124659397053506,
    "J1545-4550_basis_ecorr_10CM_uwl_log10_ecorr": -8.401658144489213,
    "J1545-4550_basis_ecorr_20CM_log10_ecorr": -8.366065842206314,
    "J1545-4550_basis_ecorr_20CM_uwl_log10_ecorr": -7.511132982609314,
    "J1545-4550_basis_ecorr_40CM_uwl_log10_ecorr": -8.058621405677489,
    "J1545-4550_basis_ecorr_all_dr2_log10_ecorr": -8.331858908453764,
    "J1545-4550_basis_ecorr_all_uwl_log10_ecorr": -7.8705584581213,
    "J1545-4550_dm_gp_gamma": 4.360848089354633,
    "J1545-4550_dm_gp_log10_A": -13.676513007057665,
    "J1545-4550_gp_sw_gamma": 0.6167361541347538,
    "J1545-4550_gp_sw_log10_A": -8.25962285987763,
    "J1545-4550_red_noise_gamma": 3.337507514111196,
    "J1545-4550_red_noise_log10_A": -16.564098157096105,
    "n_earth": 2.4245081059922033,
    "nmodel": 0.00010594718891143717
}