{
    "J1545-4550_PDFB_10CM_efac": 1.0368512212249807,
    "J1545-4550_PDFB_10CM_log10_tnequad": -9.409511726798902,
    "J1545-4550_PDFB_20CM_efac": 1.1390203505314858,
    "J1545-4550_PDFB_20CM_log10_tnequad": -9.414024056087314,
    "J1545-4550_UWL_PDFB4_20CM_efac": 1.159968223531706,
    "J1545-4550_UWL_PDFB4_20CM_log10_tnequad": -9.37418222166184,
    "J1545-4550_UWL_sbB_efac": 0.7751346132466624,
    "J1545-4550_UWL_sbB_log10_tnequad": -9.312642919133514,
    "J1545-4550_UWL_sbC_efac": 0.8801154824471474,
    "J1545-4550_UWL_sbC_log10_tnequad": -9.339393691961188,
    "J1545-4550_UWL_sbD_efac": 1.0273376796014557,
    "J1545-4550_UWL_sbD_log10_tnequad": -9.327136169558617,
    "J1545-4550_UWL_sbE_efac": 1.0149832488299662,
    "J1545-4550_UWL_sbE_log10_tnequad": -9.432691157374139,
    "J1545-4550_UWL_sbF_efac": 0.909577816236433,
    "J1545-4550_UWL_sbF_log10_tnequad": -9.346812883717535,
    "J1545-4550_UWL_sbG_efac": 0.9896416110873566,
    "J1545-4550_UWL_sbG_log10_tnequad": -9.415679679444612,
    "J1545-4550_UWL_sbH_efac": 0.8976700856404563,
    "J1545-4550_UWL_sbH_log10_tnequad": -6.523635015083443,
    "J1545-4550_basis_ecorr_10CM_log10_ecorr": -9.397056922713807,
    "J1545-4550_basis_ecorr_10CM_uwl_log10_ecorr": -9.487498175559324,
    "J1545-4550_basis_ecorr_20CM_log10_ecorr": -9.476593158293849,
    "J1545-4550_basis_ecorr_20CM_uwl_log10_ecorr": -9.193813375431452,
    "J1545-4550_basis_ecorr_40CM_uwl_log10_ecorr": -9.377890229581691,
    "J1545-4550_basis_ecorr_all_dr2_log10_ecorr": -9.466630698635855,
    "J1545-4550_basis_ecorr_all_uwl_log10_ecorr": -9.315742855419927,
    "J1545-4550_dm_gp_gamma": 3.5969846312205025,
    "J1545-4550_dm_gp_log10_A": -13.943154556858547,
    "J1545-4550_gp_sw_gamma": -2.2451304071488343,
    "J1545-4550_gp_sw_log10_A": -9.443680009041843,
    "J1545-4550_red_noise_gamma": 1.1085801266120316,
    "J1545-4550_red_noise_log10_A": -18.900795558964205,
    "n_earth": 0.7169377045760119,
    "nmodel": -0.3399704107593839
}