{
    "J1600-3053_CASPSR_40CM_efac": 1.2015496392381952,
    "J1600-3053_CASPSR_40CM_log10_tnequad": -8.040954569461862,
    "J1600-3053_CPSR2_20CM_efac": 1.0285901170926257,
    "J1600-3053_CPSR2_20CM_log10_tnequad": -7.882260377018429,
    "J1600-3053_CPSR2_50CM_efac": 1.257930255030564,
    "J1600-3053_CPSR2_50CM_log10_tnequad": -7.88637396415687,
    "J1600-3053_PDFB1_10CM_efac": 0.8811618859636982,
    "J1600-3053_PDFB1_10CM_log10_tnequad": -7.913279390949497,
    "J1600-3053_PDFB1_20CM_efac": 0.7665173804548407,
    "J1600-3053_PDFB1_20CM_log10_tnequad": -8.220797017133854,
    "J1600-3053_PDFB1_early_10CM_efac": 0.9361544938516392,
    "J1600-3053_PDFB1_early_10CM_log10_tnequad": -7.769869921579868,
    "J1600-3053_PDFB1_early_20CM_efac": 0.8466450331423174,
    "J1600-3053_PDFB1_early_20CM_log10_tnequad": -8.007944326965676,
    "J1600-3053_PDFB_10CM_efac": 1.0467195009879797,
    "J1600-3053_PDFB_10CM_log10_tnequad": -8.265465618322324,
    "J1600-3053_PDFB_20CM_efac": 1.0677732700815579,
    "J1600-3053_PDFB_20CM_log10_tnequad": -8.501338428334645,
    "J1600-3053_PDFB_40CM_efac": 1.0580632125937093,
    "J1600-3053_PDFB_40CM_log10_tnequad": -7.848260701475085,
    "J1600-3053_UWL_PDFB4_20CM_efac": 1.1709544029906274,
    "J1600-3053_UWL_PDFB4_20CM_log10_tnequad": -8.096830437176243,
    "J1600-3053_UWL_sbA_efac": 1.103219957019655,
    "J1600-3053_UWL_sbA_log10_tnequad": -7.525407177872743,
    "J1600-3053_UWL_sbB_efac": 1.06016724828121,
    "J1600-3053_UWL_sbB_log10_tnequad": -8.109488815576444,
    "J1600-3053_UWL_sbC_efac": 1.0767512411675075,
    "J1600-3053_UWL_sbC_log10_tnequad": -8.147537516537707,
    "J1600-3053_UWL_sbD_efac": 1.0744360183475654,
    "J1600-3053_UWL_sbD_log10_tnequad": -8.364129278290994,
    "J1600-3053_UWL_sbE_efac": 1.0274346576080047,
    "J1600-3053_UWL_sbE_log10_tnequad": -8.430159168259872,
    "J1600-3053_UWL_sbF_efac": 0.9265497235843991,
    "J1600-3053_UWL_sbF_log10_tnequad": -8.377217082896948,
    "J1600-3053_UWL_sbG_efac": 0.9980107389387423,
    "J1600-3053_UWL_sbG_log10_tnequad": -8.156249106057052,
    "J1600-3053_UWL_sbH_efac": 0.8648655400547866,
    "J1600-3053_UWL_sbH_log10_tnequad": -8.164967406673133,
    "J1600-3053_WBCORR_10CM_efac": 1.268520971186888,
    "J1600-3053_WBCORR_10CM_log10_tnequad": -7.9907287535843405,
    "J1600-3053_band_noise_low_gamma": 2.86629278736171,
    "J1600-3053_band_noise_low_log10_A": -16.388637749557798,
    "J1600-3053_basis_ecorr_10CM_log10_ecorr": -8.392966168754153,
    "J1600-3053_basis_ecorr_10CM_uwl_log10_ecorr": -8.264775723732388,
    "J1600-3053_basis_ecorr_20CM_log10_ecorr": -7.275258718583031,
    "J1600-3053_basis_ecorr_20CM_uwl_log10_ecorr": -8.373361881822717,
    "J1600-3053_basis_ecorr_40CM_log10_ecorr": -8.130342771926147,
    "J1600-3053_basis_ecorr_40CM_uwl_log10_ecorr": -8.176554690739543,
    "J1600-3053_basis_ecorr_all_dr2_log10_ecorr": -7.961071133317832,
    "J1600-3053_basis_ecorr_all_uwl_log10_ecorr": -8.27520011056341,
    "J1600-3053_chrom_gp_gamma": 1.697668924787706,
    "J1600-3053_chrom_gp_log10_A": -14.254099939763545,
    "J1600-3053_dm_gp_gamma": 2.3531894747132065,
    "J1600-3053_dm_gp_log10_A": -13.183535575933979,
    "J1600-3053_gp_sw_gamma": -0.06566918976128396,
    "J1600-3053_gp_sw_log10_A": -8.161935565735792,
    "J1600-3053_hf_noise_gamma": 2.6037207635743456,
    "J1600-3053_hf_noise_log10_A": -15.236978194244859,
    "J1600-3053_red_noise_gamma": 3.4602442208342237,
    "J1600-3053_red_noise_log10_A": -16.278421634634935,
    "n_earth": 3.384207601761757,
    "nmodel": 1.532371333693857e-05
}