{
    "J1600-3053_CASPSR_40CM_efac": 0.08223915827006899,
    "J1600-3053_CASPSR_40CM_log10_tnequad": 1.1214251657344163,
    "J1600-3053_CPSR2_20CM_efac": 0.034392621006021834,
    "J1600-3053_CPSR2_20CM_log10_tnequad": 1.163899212575348,
    "J1600-3053_CPSR2_50CM_efac": 0.08411182598137647,
    "J1600-3053_CPSR2_50CM_log10_tnequad": 1.2166699349772978,
    "J1600-3053_PDFB1_10CM_efac": 0.1013182511884534,
    "J1600-3053_PDFB1_10CM_log10_tnequad": 1.1922195960141833,
    "J1600-3053_PDFB1_20CM_efac": 0.0552611285949516,
    "J1600-3053_PDFB1_20CM_log10_tnequad": 1.0224343160241234,
    "J1600-3053_PDFB1_early_10CM_efac": 0.1591128191559539,
    "J1600-3053_PDFB1_early_10CM_log10_tnequad": 1.2647878236508001,
    "J1600-3053_PDFB1_early_20CM_efac": 0.09354540407128771,
    "J1600-3053_PDFB1_early_20CM_log10_tnequad": 1.1413107743173985,
    "J1600-3053_PDFB_10CM_efac": 0.027078185535484946,
    "J1600-3053_PDFB_10CM_log10_tnequad": 1.0005625021768854,
    "J1600-3053_PDFB_20CM_efac": 0.028083542583934463,
    "J1600-3053_PDFB_20CM_log10_tnequad": 0.8681267990701753,
    "J1600-3053_PDFB_40CM_efac": 0.050678168994057034,
    "J1600-3053_PDFB_40CM_log10_tnequad": 1.2280571213652425,
    "J1600-3053_UWL_PDFB4_20CM_efac": 0.14968322864832745,
    "J1600-3053_UWL_PDFB4_20CM_log10_tnequad": 1.087942905395663,
    "J1600-3053_UWL_sbA_efac": 0.12594490578621229,
    "J1600-3053_UWL_sbA_log10_tnequad": 1.312981409598541,
    "J1600-3053_UWL_sbB_efac": 0.06282809148573627,
    "J1600-3053_UWL_sbB_log10_tnequad": 1.0851587186924692,
    "J1600-3053_UWL_sbC_efac": 0.06482805313236101,
    "J1600-3053_UWL_sbC_log10_tnequad": 1.0606905985449022,
    "J1600-3053_UWL_sbD_efac": 0.060768107408353075,
    "J1600-3053_UWL_sbD_log10_tnequad": 0.9437792198038422,
    "J1600-3053_UWL_sbE_efac": 0.06090480007416266,
    "J1600-3053_UWL_sbE_log10_tnequad": 0.913758854681415,
    "J1600-3053_UWL_sbF_efac": 0.050620115822513995,
    "J1600-3053_UWL_sbF_log10_tnequad": 0.9317416596912751,
    "J1600-3053_UWL_sbG_efac": 0.06529128379270895,
    "J1600-3053_UWL_sbG_log10_tnequad": 1.0453844560828058,
    "J1600-3053_UWL_sbH_efac": 0.05255838665831014,
    "J1600-3053_UWL_sbH_log10_tnequad": 1.0350487328632776,
    "J1600-3053_WBCORR_10CM_efac": 0.07919697072683678,
    "J1600-3053_WBCORR_10CM_log10_tnequad": 1.16500626709194,
    "J1600-3053_band_noise_low_gamma": 1.8394627824210046,
    "J1600-3053_band_noise_low_log10_A": 2.2610524816803728,
    "J1600-3053_basis_ecorr_10CM_log10_ecorr": 0.9356412195162078,
    "J1600-3053_basis_ecorr_10CM_uwl_log10_ecorr": 0.9801683526256559,
    "J1600-3053_basis_ecorr_20CM_log10_ecorr": 0.9491694762008097,
    "J1600-3053_basis_ecorr_20CM_uwl_log10_ecorr": 0.9292276268064389,
    "J1600-3053_basis_ecorr_40CM_log10_ecorr": 1.0719733085378977,
    "J1600-3053_basis_ecorr_40CM_uwl_log10_ecorr": 1.0361686433964514,
    "J1600-3053_basis_ecorr_all_dr2_log10_ecorr": 1.0689752840353977,
    "J1600-3053_basis_ecorr_all_uwl_log10_ecorr": 0.9648416167231069,
    "J1600-3053_chrom_gp_gamma": 1.0334174281229278,
    "J1600-3053_chrom_gp_log10_A": 1.3964197752800929,
    "J1600-3053_dm_gp_gamma": 0.36521684056433407,
    "J1600-3053_dm_gp_log10_A": 0.14508273173880398,
    "J1600-3053_gp_sw_gamma": 2.041710213287931,
    "J1600-3053_gp_sw_log10_A": 1.0636771547952997,
    "J1600-3053_hf_noise_gamma": 1.948161288027781,
    "J1600-3053_hf_noise_log10_A": 1.932177710767333,
    "J1600-3053_red_noise_gamma": 1.8496568393546011,
    "J1600-3053_red_noise_log10_A": 1.8969154604631362,
    "n_earth": 0.8295448351826614,
    "nmodel": 0.2887073118402937
}