{
    "J1600-3053_CASPSR_40CM_efac": 1.2820914186461772,
    "J1600-3053_CASPSR_40CM_log10_tnequad": -6.729433431479512,
    "J1600-3053_CPSR2_20CM_efac": 1.0596557329341063,
    "J1600-3053_CPSR2_20CM_log10_tnequad": -6.499589344858646,
    "J1600-3053_CPSR2_50CM_efac": 1.3365416927986076,
    "J1600-3053_CPSR2_50CM_log10_tnequad": -6.472486646689386,
    "J1600-3053_PDFB1_10CM_efac": 0.974360199715889,
    "J1600-3053_PDFB1_10CM_log10_tnequad": -6.528206141928918,
    "J1600-3053_PDFB1_20CM_efac": 0.819929795133651,
    "J1600-3053_PDFB1_20CM_log10_tnequad": -7.041432630671745,
    "J1600-3053_PDFB1_early_10CM_efac": 1.068598689750269,
    "J1600-3053_PDFB1_early_10CM_log10_tnequad": -6.271855705124824,
    "J1600-3053_PDFB1_early_20CM_efac": 0.9311243828742221,
    "J1600-3053_PDFB1_early_20CM_log10_tnequad": -6.650077799542261,
    "J1600-3053_PDFB_10CM_efac": 1.073209676032082,
    "J1600-3053_PDFB_10CM_log10_tnequad": -7.096315098660894,
    "J1600-3053_PDFB_20CM_efac": 1.0954912498435998,
    "J1600-3053_PDFB_20CM_log10_tnequad": -7.4998623900436385,
    "J1600-3053_PDFB_40CM_efac": 1.1026186491609853,
    "J1600-3053_PDFB_40CM_log10_tnequad": -6.391136549684844,
    "J1600-3053_UWL_PDFB4_20CM_efac": 1.3078777472874366,
    "J1600-3053_UWL_PDFB4_20CM_log10_tnequad": -6.825863784488261,
    "J1600-3053_UWL_sbA_efac": 1.2166234050873808,
    "J1600-3053_UWL_sbA_log10_tnequad": -6.036593203282401,
    "J1600-3053_UWL_sbB_efac": 1.1212816125703882,
    "J1600-3053_UWL_sbB_log10_tnequad": -6.829150362987642,
    "J1600-3053_UWL_sbC_efac": 1.1407356240551552,
    "J1600-3053_UWL_sbC_log10_tnequad": -6.915672966185774,
    "J1600-3053_UWL_sbD_efac": 1.1339930366797804,
    "J1600-3053_UWL_sbD_log10_tnequad": -7.273576978677898,
    "J1600-3053_UWL_sbE_efac": 1.0847114143743144,
    "J1600-3053_UWL_sbE_log10_tnequad": -7.370496640503292,
    "J1600-3053_UWL_sbF_efac": 0.9756586487090307,
    "J1600-3053_UWL_sbF_log10_tnequad": -7.297780268114141,
    "J1600-3053_UWL_sbG_efac": 1.0615490486763226,
    "J1600-3053_UWL_sbG_log10_tnequad": -6.922997414456503,
    "J1600-3053_UWL_sbH_efac": 0.9161510244443727,
    "J1600-3053_UWL_sbH_log10_tnequad": -6.947728290469082,
    "J1600-3053_WBCORR_10CM_efac": 1.3465768425863587,
    "J1600-3053_WBCORR_10CM_log10_tnequad": -6.63982560606164,
    "J1600-3053_band_noise_low_gamma": 5.09942711309578,
    "J1600-3053_band_noise_low_log10_A": -13.248011247397972,
    "J1600-3053_basis_ecorr_10CM_log10_ecorr": -7.306795286255402,
    "J1600-3053_basis_ecorr_10CM_uwl_log10_ecorr": -7.112488504983234,
    "J1600-3053_basis_ecorr_20CM_log10_ecorr": -6.636641010594249,
    "J1600-3053_basis_ecorr_20CM_uwl_log10_ecorr": -7.278566416772911,
    "J1600-3053_basis_ecorr_40CM_log10_ecorr": -6.884593113072031,
    "J1600-3053_basis_ecorr_40CM_uwl_log10_ecorr": -6.9608722244086945,
    "J1600-3053_basis_ecorr_all_dr2_log10_ecorr": -6.777811787860785,
    "J1600-3053_basis_ecorr_all_uwl_log10_ecorr": -7.13720565818176,
    "J1600-3053_chrom_gp_gamma": 2.1889420936240382,
    "J1600-3053_chrom_gp_log10_A": -13.627434503209269,
    "J1600-3053_dm_gp_gamma": 2.530943438515893,
    "J1600-3053_dm_gp_log10_A": -13.097998843294802,
    "J1600-3053_gp_sw_gamma": 2.1606828281619426,
    "J1600-3053_gp_sw_log10_A": -6.914406596376922,
    "J1600-3053_hf_noise_gamma": 4.97206912969213,
    "J1600-3053_hf_noise_log10_A": -13.570884307861625,
    "J1600-3053_red_noise_gamma": 5.558914618376238,
    "J1600-3053_red_noise_log10_A": -14.254495966234895,
    "n_earth": 4.186592808366769,
    "nmodel": 0.3400871474474496
}