{
    "J1600-3053_CASPSR_40CM_efac": 1.121183166752492,
    "J1600-3053_CASPSR_40CM_log10_tnequad": -9.354159524045558,
    "J1600-3053_CPSR2_20CM_efac": 0.9997284465443468,
    "J1600-3053_CPSR2_20CM_log10_tnequad": -9.282067303225041,
    "J1600-3053_CPSR2_50CM_efac": 1.1814526746546026,
    "J1600-3053_CPSR2_50CM_log10_tnequad": -9.312280386784288,
    "J1600-3053_PDFB1_10CM_efac": 0.7932908201214253,
    "J1600-3053_PDFB1_10CM_log10_tnequad": -9.314272629500659,
    "J1600-3053_PDFB1_20CM_efac": 0.7133795919575124,
    "J1600-3053_PDFB1_20CM_log10_tnequad": -9.416720782705482,
    "J1600-3053_PDFB1_early_10CM_efac": 0.8238283116329874,
    "J1600-3053_PDFB1_early_10CM_log10_tnequad": -9.26571879248587,
    "J1600-3053_PDFB1_early_20CM_efac": 0.7676586703356114,
    "J1600-3053_PDFB1_early_20CM_log10_tnequad": -9.34429696396275,
    "J1600-3053_PDFB_10CM_efac": 1.0205467339296526,
    "J1600-3053_PDFB_10CM_log10_tnequad": -9.435054957651035,
    "J1600-3053_PDFB_20CM_efac": 1.040077138281991,
    "J1600-3053_PDFB_20CM_log10_tnequad": -9.507055435213202,
    "J1600-3053_PDFB_40CM_efac": 1.0173179887416572,
    "J1600-3053_PDFB_40CM_log10_tnequad": -9.29021755095336,
    "J1600-3053_UWL_PDFB4_20CM_efac": 1.0419478673939755,
    "J1600-3053_UWL_PDFB4_20CM_log10_tnequad": -9.372460481506131,
    "J1600-3053_UWL_sbA_efac": 0.9948024436387637,
    "J1600-3053_UWL_sbA_log10_tnequad": -9.138629387611461,
    "J1600-3053_UWL_sbB_efac": 0.9994488621303771,
    "J1600-3053_UWL_sbB_log10_tnequad": -9.380292525573907,
    "J1600-3053_UWL_sbC_efac": 1.013114781921351,
    "J1600-3053_UWL_sbC_log10_tnequad": -9.393360268295892,
    "J1600-3053_UWL_sbD_efac": 1.0154010562750748,
    "J1600-3053_UWL_sbD_log10_tnequad": -9.467747895966854,
    "J1600-3053_UWL_sbE_efac": 0.971490767842485,
    "J1600-3053_UWL_sbE_log10_tnequad": -9.492852736827535,
    "J1600-3053_UWL_sbF_efac": 0.8780003642098475,
    "J1600-3053_UWL_sbF_log10_tnequad": -9.466957353744988,
    "J1600-3053_UWL_sbG_efac": 0.9355661062611615,
    "J1600-3053_UWL_sbG_log10_tnequad": -9.387904313967239,
    "J1600-3053_UWL_sbH_efac": 0.8140857955416354,
    "J1600-3053_UWL_sbH_log10_tnequad": -9.390834960561774,
    "J1600-3053_WBCORR_10CM_efac": 1.190646804625359,
    "J1600-3053_WBCORR_10CM_log10_tnequad": -9.355037581197376,
    "J1600-3053_band_noise_low_gamma": 1.0321407452551286,
    "J1600-3053_band_noise_low_log10_A": -18.9337899015267,
    "J1600-3053_basis_ecorr_10CM_log10_ecorr": -9.487092106770264,
    "J1600-3053_basis_ecorr_10CM_uwl_log10_ecorr": -9.43361346030116,
    "J1600-3053_basis_ecorr_20CM_log10_ecorr": -8.427610939495356,
    "J1600-3053_basis_ecorr_20CM_uwl_log10_ecorr": -9.47598954465583,
    "J1600-3053_basis_ecorr_40CM_log10_ecorr": -9.385045834037461,
    "J1600-3053_basis_ecorr_40CM_uwl_log10_ecorr": -9.400150219854691,
    "J1600-3053_basis_ecorr_all_dr2_log10_ecorr": -9.297865751772099,
    "J1600-3053_basis_ecorr_all_uwl_log10_ecorr": -9.433723133804822,
    "J1600-3053_chrom_gp_gamma": 0.9697773313725193,
    "J1600-3053_chrom_gp_log10_A": -14.11940993305644,
    "J1600-3053_dm_gp_gamma": 2.1093519412970503,
    "J1600-3053_dm_gp_log10_A": -13.238643303696442,
    "J1600-3053_gp_sw_gamma": -2.413808763290893,
    "J1600-3053_gp_sw_log10_A": -9.408811263506486,
    "J1600-3053_hf_noise_gamma": 0.6400221501603633,
    "J1600-3053_hf_noise_log10_A": -17.725508637229133,
    "J1600-3053_red_noise_gamma": 1.3611129895749576,
    "J1600-3053_red_noise_log10_A": -18.661030969299436,
    "n_earth": 2.574603740477309,
    "nmodel": -0.34017423966982313
}