{
    "J1600-3053_CASPSR_40CM_efac": 1.1989599875900119,
    "J1600-3053_CASPSR_40CM_log10_tnequad": -8.045561357881047,
    "J1600-3053_CPSR2_20CM_efac": 1.0317805930356527,
    "J1600-3053_CPSR2_20CM_log10_tnequad": -7.8264193709214664,
    "J1600-3053_CPSR2_50CM_efac": 1.256719646025584,
    "J1600-3053_CPSR2_50CM_log10_tnequad": -7.890422493403431,
    "J1600-3053_PDFB1_10CM_efac": 0.8800180737274323,
    "J1600-3053_PDFB1_10CM_log10_tnequad": -7.908031010125473,
    "J1600-3053_PDFB1_20CM_efac": 0.7647724532612015,
    "J1600-3053_PDFB1_20CM_log10_tnequad": -8.227089103855327,
    "J1600-3053_PDFB1_early_10CM_efac": 0.9442210288595427,
    "J1600-3053_PDFB1_early_10CM_log10_tnequad": -7.758496003092027,
    "J1600-3053_PDFB1_early_20CM_efac": 0.8479060376360744,
    "J1600-3053_PDFB1_early_20CM_log10_tnequad": -8.020665063370647,
    "J1600-3053_PDFB_10CM_efac": 1.046648541084949,
    "J1600-3053_PDFB_10CM_log10_tnequad": -8.269703606170058,
    "J1600-3053_PDFB_20CM_efac": 1.067303712950699,
    "J1600-3053_PDFB_20CM_log10_tnequad": -8.51106267128462,
    "J1600-3053_PDFB_40CM_efac": 1.0607346473072599,
    "J1600-3053_PDFB_40CM_log10_tnequad": -7.849169671123422,
    "J1600-3053_UWL_PDFB4_20CM_efac": 1.1690421306570642,
    "J1600-3053_UWL_PDFB4_20CM_log10_tnequad": -8.092903332695435,
    "J1600-3053_UWL_sbA_efac": 1.1128021165187685,
    "J1600-3053_UWL_sbA_log10_tnequad": -7.384462541453577,
    "J1600-3053_UWL_sbB_efac": 1.0593723002469404,
    "J1600-3053_UWL_sbB_log10_tnequad": -8.114964001273606,
    "J1600-3053_UWL_sbC_efac": 1.074715422856011,
    "J1600-3053_UWL_sbC_log10_tnequad": -8.146182345898058,
    "J1600-3053_UWL_sbD_efac": 1.0725938796939372,
    "J1600-3053_UWL_sbD_log10_tnequad": -8.367013079971553,
    "J1600-3053_UWL_sbE_efac": 1.0256999187324167,
    "J1600-3053_UWL_sbE_log10_tnequad": -8.444558861417768,
    "J1600-3053_UWL_sbF_efac": 0.9258454123626164,
    "J1600-3053_UWL_sbF_log10_tnequad": -8.381769402474745,
    "J1600-3053_UWL_sbG_efac": 0.99730600670933,
    "J1600-3053_UWL_sbG_log10_tnequad": -8.141600352646819,
    "J1600-3053_UWL_sbH_efac": 0.864220808258979,
    "J1600-3053_UWL_sbH_log10_tnequad": -8.150727459263047,
    "J1600-3053_WBCORR_10CM_efac": 1.2651225931757326,
    "J1600-3053_WBCORR_10CM_log10_tnequad": -8.00034171925311,
    "J1600-3053_band_noise_low_gamma": 2.3990395220267784,
    "J1600-3053_band_noise_low_log10_A": -16.65372206045542,
    "J1600-3053_basis_ecorr_10CM_log10_ecorr": -8.40233062292145,
    "J1600-3053_basis_ecorr_10CM_uwl_log10_ecorr": -8.242012997612159,
    "J1600-3053_basis_ecorr_20CM_log10_ecorr": -6.7785942976266895,
    "J1600-3053_basis_ecorr_20CM_uwl_log10_ecorr": -8.36367396651263,
    "J1600-3053_basis_ecorr_40CM_log10_ecorr": -8.129825910327552,
    "J1600-3053_basis_ecorr_40CM_uwl_log10_ecorr": -8.161377201114695,
    "J1600-3053_basis_ecorr_all_dr2_log10_ecorr": -7.800833296568177,
    "J1600-3053_basis_ecorr_all_uwl_log10_ecorr": -8.237562923836956,
    "J1600-3053_chrom_gp_gamma": 1.4979241906587328,
    "J1600-3053_chrom_gp_log10_A": -13.756712826944344,
    "J1600-3053_dm_gp_gamma": 2.2797503086058692,
    "J1600-3053_dm_gp_log10_A": -13.152608136194369,
    "J1600-3053_gp_sw_gamma": 0.0243752227154043,
    "J1600-3053_gp_sw_log10_A": -8.161268961515749,
    "J1600-3053_hf_noise_gamma": 2.0826997478944245,
    "J1600-3053_hf_noise_log10_A": -14.421440336740886,
    "J1600-3053_red_noise_gamma": 3.446496933374095,
    "J1600-3053_red_noise_log10_A": -15.85322669937366,
    "n_earth": 3.359168467336128,
    "nmodel": 0.00014860595055304904
}