{
    "J1603-7202_CASPSR_40CM_efac": 1.3726328909558458,
    "J1603-7202_CASPSR_40CM_log10_tnequad": -7.008621411879996,
    "J1603-7202_CPSR2_20CM_efac": 1.0687873617406343,
    "J1603-7202_CPSR2_20CM_log10_tnequad": -6.204955272859903,
    "J1603-7202_CPSR2_50CM_efac": 1.2269624645102661,
    "J1603-7202_CPSR2_50CM_log10_tnequad": -6.7949595687760045,
    "J1603-7202_PDFB1_20CM_efac": 1.0534969372233383,
    "J1603-7202_PDFB1_20CM_log10_tnequad": -6.872854020199596,
    "J1603-7202_PDFB1_early_20CM_efac": 1.1054108907943068,
    "J1603-7202_PDFB1_early_20CM_log10_tnequad": -6.888716719090378,
    "J1603-7202_PDFB_10CM_efac": 1.0656950739253972,
    "J1603-7202_PDFB_10CM_log10_tnequad": -6.844319273999996,
    "J1603-7202_PDFB_20CM_efac": 1.0602342279442856,
    "J1603-7202_PDFB_20CM_log10_tnequad": -7.112633712193177,
    "J1603-7202_PDFB_40CM_efac": 1.1092925461063647,
    "J1603-7202_PDFB_40CM_log10_tnequad": -7.029682314484504,
    "J1603-7202_UWL_CASPSR_40CM_efac": 1.7983666956231827,
    "J1603-7202_UWL_CASPSR_40CM_log10_tnequad": -6.465137815683186,
    "J1603-7202_UWL_PDFB4_20CM_efac": 1.1947391650438608,
    "J1603-7202_UWL_PDFB4_20CM_log10_tnequad": -7.093052841901544,
    "J1603-7202_UWL_sbA_efac": 1.1585151201933068,
    "J1603-7202_UWL_sbA_log10_tnequad": -6.433501323925312,
    "J1603-7202_UWL_sbB_efac": 1.0957786854655023,
    "J1603-7202_UWL_sbB_log10_tnequad": -6.868488869142313,
    "J1603-7202_UWL_sbC_efac": 1.1245518133019643,
    "J1603-7202_UWL_sbC_log10_tnequad": -6.773798138424541,
    "J1603-7202_UWL_sbD_efac": 1.093291560222165,
    "J1603-7202_UWL_sbD_log10_tnequad": -6.991090720647479,
    "J1603-7202_UWL_sbE_efac": 1.08351208292729,
    "J1603-7202_UWL_sbE_log10_tnequad": -7.041957264739661,
    "J1603-7202_UWL_sbF_efac": 1.0080709605326739,
    "J1603-7202_UWL_sbF_log10_tnequad": -6.186247030837816,
    "J1603-7202_UWL_sbG_efac": 1.0028835648543284,
    "J1603-7202_UWL_sbG_log10_tnequad": -6.470497759217787,
    "J1603-7202_UWL_sbH_efac": 1.181175727478288,
    "J1603-7202_UWL_sbH_log10_tnequad": -6.829903340338731,
    "J1603-7202_basis_ecorr_10CM_log10_ecorr": -6.788579245278578,
    "J1603-7202_basis_ecorr_10CM_uwl_log10_ecorr": -6.582141963696442,
    "J1603-7202_basis_ecorr_20CM_log10_ecorr": -6.1198842705346665,
    "J1603-7202_basis_ecorr_20CM_uwl_log10_ecorr": -6.766738450884525,
    "J1603-7202_basis_ecorr_40CM_log10_ecorr": -6.721337002699751,
    "J1603-7202_basis_ecorr_40CM_uwl_log10_ecorr": -6.823951434150561,
    "J1603-7202_basis_ecorr_all_dr2_log10_ecorr": -6.18058079471651,
    "J1603-7202_basis_ecorr_all_uwl_log10_ecorr": -6.580911857753558,
    "J1603-7202_dm_gp_gamma": 2.617844333644748,
    "J1603-7202_dm_gp_log10_A": -13.118327752663989,
    "J1603-7202_dmgauss_epoch": 53919.79157408127,
    "J1603-7202_dmgauss_log10_Amp": -5.193267884038791,
    "J1603-7202_dmgauss_log10_sigma": 1.9850779472094862,
    "J1603-7202_gp_sw_gamma": 2.568283359353721,
    "J1603-7202_gp_sw_log10_A": -7.057364640834183,
    "J1603-7202_red_noise_gamma": 5.453473338160107,
    "J1603-7202_red_noise_log10_A": -15.11926141917093,
    "n_earth": 9.168081635927729,
    "nmodel": 0.33978656319025796
}