{
    "J1603-7202_CASPSR_40CM_efac": 1.2971245792806414,
    "J1603-7202_CASPSR_40CM_log10_tnequad": -8.202852929122354,
    "J1603-7202_CPSR2_20CM_efac": 1.0201091810882805,
    "J1603-7202_CPSR2_20CM_log10_tnequad": -7.6408407605616295,
    "J1603-7202_CPSR2_50CM_efac": 1.178859798888593,
    "J1603-7202_CPSR2_50CM_log10_tnequad": -8.081843871413769,
    "J1603-7202_PDFB1_20CM_efac": 0.9829879764655642,
    "J1603-7202_PDFB1_20CM_log10_tnequad": -8.126885731939472,
    "J1603-7202_PDFB1_early_20CM_efac": 1.010787781680938,
    "J1603-7202_PDFB1_early_20CM_log10_tnequad": -8.138476100194971,
    "J1603-7202_PDFB_10CM_efac": 1.0216920822819942,
    "J1603-7202_PDFB_10CM_log10_tnequad": -8.105224305408628,
    "J1603-7202_PDFB_20CM_efac": 1.0360242640572865,
    "J1603-7202_PDFB_20CM_log10_tnequad": -8.276498031153736,
    "J1603-7202_PDFB_40CM_efac": 1.0682065571697674,
    "J1603-7202_PDFB_40CM_log10_tnequad": -8.218365797595986,
    "J1603-7202_UWL_CASPSR_40CM_efac": 1.6287100821529086,
    "J1603-7202_UWL_CASPSR_40CM_log10_tnequad": -7.881036265958466,
    "J1603-7202_UWL_PDFB4_20CM_efac": 1.121740452640355,
    "J1603-7202_UWL_PDFB4_20CM_log10_tnequad": -8.259965602470261,
    "J1603-7202_UWL_sbA_efac": 1.1039884265874924,
    "J1603-7202_UWL_sbA_log10_tnequad": -7.870967998639175,
    "J1603-7202_UWL_sbB_efac": 1.0560218863259792,
    "J1603-7202_UWL_sbB_log10_tnequad": -8.130728189142834,
    "J1603-7202_UWL_sbC_efac": 1.0826397374891068,
    "J1603-7202_UWL_sbC_log10_tnequad": -8.07015342172619,
    "J1603-7202_UWL_sbD_efac": 1.0528211320229917,
    "J1603-7202_UWL_sbD_log10_tnequad": -8.199494859035676,
    "J1603-7202_UWL_sbE_efac": 1.0379841162131078,
    "J1603-7202_UWL_sbE_log10_tnequad": -8.23318493645277,
    "J1603-7202_UWL_sbF_efac": 0.9618701842375171,
    "J1603-7202_UWL_sbF_log10_tnequad": -6.320188993774474,
    "J1603-7202_UWL_sbG_efac": 0.9496733577054619,
    "J1603-7202_UWL_sbG_log10_tnequad": -7.834803590861636,
    "J1603-7202_UWL_sbH_efac": 1.0992314854082923,
    "J1603-7202_UWL_sbH_log10_tnequad": -8.09931899104597,
    "J1603-7202_basis_ecorr_10CM_log10_ecorr": -8.080140087071957,
    "J1603-7202_basis_ecorr_10CM_uwl_log10_ecorr": -7.95333038315621,
    "J1603-7202_basis_ecorr_20CM_log10_ecorr": -6.606187754050736,
    "J1603-7202_basis_ecorr_20CM_uwl_log10_ecorr": -7.974021121942165,
    "J1603-7202_basis_ecorr_40CM_log10_ecorr": -8.048215066573139,
    "J1603-7202_basis_ecorr_40CM_uwl_log10_ecorr": -8.095131460539971,
    "J1603-7202_basis_ecorr_all_dr2_log10_ecorr": -7.567162897062436,
    "J1603-7202_basis_ecorr_all_uwl_log10_ecorr": -7.406683437332521,
    "J1603-7202_dm_gp_gamma": 2.365129866113329,
    "J1603-7202_dm_gp_log10_A": -13.195868574640686,
    "J1603-7202_dmgauss_epoch": 53912.0578739883,
    "J1603-7202_dmgauss_log10_Amp": -5.2417776130750555,
    "J1603-7202_dmgauss_log10_sigma": 1.951089901297765,
    "J1603-7202_gp_sw_gamma": 0.07838463388494805,
    "J1603-7202_gp_sw_log10_A": -8.227500414399799,
    "J1603-7202_red_noise_gamma": 3.114872229059775,
    "J1603-7202_red_noise_log10_A": -17.119836165513387,
    "n_earth": 5.122085565673301,
    "nmodel": -0.0003109324850176592
}