{
    "J1603-7202_CASPSR_40CM_efac": 1.2937727102959868,
    "J1603-7202_CASPSR_40CM_log10_tnequad": -8.209936455827698,
    "J1603-7202_CPSR2_20CM_efac": 1.0199835882087596,
    "J1603-7202_CPSR2_20CM_log10_tnequad": -7.515471745536195,
    "J1603-7202_CPSR2_50CM_efac": 1.1774078753538837,
    "J1603-7202_CPSR2_50CM_log10_tnequad": -8.0895770892952,
    "J1603-7202_PDFB1_20CM_efac": 0.9792778624332173,
    "J1603-7202_PDFB1_20CM_log10_tnequad": -8.133328793096734,
    "J1603-7202_PDFB1_early_20CM_efac": 1.0041015021856528,
    "J1603-7202_PDFB1_early_20CM_log10_tnequad": -8.156274470366393,
    "J1603-7202_PDFB_10CM_efac": 1.0202829504653324,
    "J1603-7202_PDFB_10CM_log10_tnequad": -8.113009992613513,
    "J1603-7202_PDFB_20CM_efac": 1.0357360863666045,
    "J1603-7202_PDFB_20CM_log10_tnequad": -8.275041973772353,
    "J1603-7202_PDFB_40CM_efac": 1.0669826300673138,
    "J1603-7202_PDFB_40CM_log10_tnequad": -8.224409524000032,
    "J1603-7202_UWL_CASPSR_40CM_efac": 1.6149626691573071,
    "J1603-7202_UWL_CASPSR_40CM_log10_tnequad": -7.8928205370382525,
    "J1603-7202_UWL_PDFB4_20CM_efac": 1.1181300666099168,
    "J1603-7202_UWL_PDFB4_20CM_log10_tnequad": -8.270213314287695,
    "J1603-7202_UWL_sbA_efac": 1.1029023091266053,
    "J1603-7202_UWL_sbA_log10_tnequad": -7.862358100362476,
    "J1603-7202_UWL_sbB_efac": 1.0549854789637618,
    "J1603-7202_UWL_sbB_log10_tnequad": -8.136956192982371,
    "J1603-7202_UWL_sbC_efac": 1.081563499085493,
    "J1603-7202_UWL_sbC_log10_tnequad": -8.06237853283946,
    "J1603-7202_UWL_sbD_efac": 1.0519988028429956,
    "J1603-7202_UWL_sbD_log10_tnequad": -8.194082707856932,
    "J1603-7202_UWL_sbE_efac": 1.0365290164542749,
    "J1603-7202_UWL_sbE_log10_tnequad": -8.239386680115071,
    "J1603-7202_UWL_sbF_efac": 0.9604478404816353,
    "J1603-7202_UWL_sbF_log10_tnequad": -6.277066574754489,
    "J1603-7202_UWL_sbG_efac": 0.9482450820031121,
    "J1603-7202_UWL_sbG_log10_tnequad": -7.7492007737691,
    "J1603-7202_UWL_sbH_efac": 1.094846901649177,
    "J1603-7202_UWL_sbH_log10_tnequad": -8.112786775646175,
    "J1603-7202_basis_ecorr_10CM_log10_ecorr": -8.085736177181998,
    "J1603-7202_basis_ecorr_10CM_uwl_log10_ecorr": -7.932071906382334,
    "J1603-7202_basis_ecorr_20CM_log10_ecorr": -6.169229069965484,
    "J1603-7202_basis_ecorr_20CM_uwl_log10_ecorr": -7.842223805768635,
    "J1603-7202_basis_ecorr_40CM_log10_ecorr": -8.0450323504696,
    "J1603-7202_basis_ecorr_40CM_uwl_log10_ecorr": -8.070172234544385,
    "J1603-7202_basis_ecorr_all_dr2_log10_ecorr": -7.347428912383759,
    "J1603-7202_basis_ecorr_all_uwl_log10_ecorr": -6.850890105149224,
    "J1603-7202_dm_gp_gamma": 2.3405212874207884,
    "J1603-7202_dm_gp_log10_A": -13.189423036298361,
    "J1603-7202_dmgauss_epoch": 53911.98629272674,
    "J1603-7202_dmgauss_log10_Amp": -5.239268694173235,
    "J1603-7202_dmgauss_log10_sigma": 1.950597831029097,
    "J1603-7202_gp_sw_gamma": 0.16144767035444424,
    "J1603-7202_gp_sw_log10_A": -8.251294607027983,
    "J1603-7202_red_noise_gamma": 2.9370345166987653,
    "J1603-7202_red_noise_log10_A": -17.233046958224556,
    "n_earth": 4.247359272508963,
    "nmodel": -0.0005520160700024923
}