{
    "J1603-7202_CASPSR_40CM_efac": 0.07647757836128709,
    "J1603-7202_CASPSR_40CM_log10_tnequad": 1.0378967390057192,
    "J1603-7202_CPSR2_20CM_efac": 0.050267286947748444,
    "J1603-7202_CPSR2_20CM_log10_tnequad": 1.2609000269531283,
    "J1603-7202_CPSR2_50CM_efac": 0.04868070869874353,
    "J1603-7202_CPSR2_50CM_log10_tnequad": 1.1125440138183411,
    "J1603-7202_PDFB1_20CM_efac": 0.0718166452787895,
    "J1603-7202_PDFB1_20CM_log10_tnequad": 1.0813174622112514,
    "J1603-7202_PDFB1_early_20CM_efac": 0.0966044940248937,
    "J1603-7202_PDFB1_early_20CM_log10_tnequad": 1.0802492593846775,
    "J1603-7202_PDFB_10CM_efac": 0.04438345919764057,
    "J1603-7202_PDFB_10CM_log10_tnequad": 1.0949943921480134,
    "J1603-7202_PDFB_20CM_efac": 0.02453789956824313,
    "J1603-7202_PDFB_20CM_log10_tnequad": 0.9950820407682118,
    "J1603-7202_PDFB_40CM_efac": 0.041475766563410114,
    "J1603-7202_PDFB_40CM_log10_tnequad": 1.0321584379519455,
    "J1603-7202_UWL_CASPSR_40CM_efac": 0.17589479300433264,
    "J1603-7202_UWL_CASPSR_40CM_log10_tnequad": 1.2239518042364554,
    "J1603-7202_UWL_PDFB4_20CM_efac": 0.07429348756575528,
    "J1603-7202_UWL_PDFB4_20CM_log10_tnequad": 1.0093696200818993,
    "J1603-7202_UWL_sbA_efac": 0.05544026200909262,
    "J1603-7202_UWL_sbA_log10_tnequad": 1.215957998771738,
    "J1603-7202_UWL_sbB_efac": 0.04015538366677418,
    "J1603-7202_UWL_sbB_log10_tnequad": 1.0825317017526062,
    "J1603-7202_UWL_sbC_efac": 0.042277663240618116,
    "J1603-7202_UWL_sbC_log10_tnequad": 1.1023158761670688,
    "J1603-7202_UWL_sbD_efac": 0.0409938231754218,
    "J1603-7202_UWL_sbD_log10_tnequad": 1.0259757248886003,
    "J1603-7202_UWL_sbE_efac": 0.0460755544173878,
    "J1603-7202_UWL_sbE_log10_tnequad": 1.0221702879614174,
    "J1603-7202_UWL_sbF_efac": 0.046748570263331915,
    "J1603-7202_UWL_sbF_log10_tnequad": 0.29249008818623295,
    "J1603-7202_UWL_sbG_efac": 0.05384600437965488,
    "J1603-7202_UWL_sbG_log10_tnequad": 1.181716685300365,
    "J1603-7202_UWL_sbH_efac": 0.08288766544077189,
    "J1603-7202_UWL_sbH_log10_tnequad": 1.1056992510320236,
    "J1603-7202_basis_ecorr_10CM_log10_ecorr": 1.1099956227677983,
    "J1603-7202_basis_ecorr_10CM_uwl_log10_ecorr": 1.1615572475581408,
    "J1603-7202_basis_ecorr_20CM_log10_ecorr": 0.9623199426605924,
    "J1603-7202_basis_ecorr_20CM_uwl_log10_ecorr": 1.0739401031351894,
    "J1603-7202_basis_ecorr_40CM_log10_ecorr": 1.1238226640655211,
    "J1603-7202_basis_ecorr_40CM_uwl_log10_ecorr": 1.0774465998525244,
    "J1603-7202_basis_ecorr_all_dr2_log10_ecorr": 1.2597318760463203,
    "J1603-7202_basis_ecorr_all_uwl_log10_ecorr": 1.040813656691312,
    "J1603-7202_dm_gp_gamma": 0.2620774579560517,
    "J1603-7202_dm_gp_log10_A": 0.08030696915346297,
    "J1603-7202_dmgauss_epoch": 7.919831770388282,
    "J1603-7202_dmgauss_log10_Amp": 0.049829403720022536,
    "J1603-7202_dmgauss_log10_sigma": 0.034810890237642826,
    "J1603-7202_gp_sw_gamma": 2.19580774230687,
    "J1603-7202_gp_sw_log10_A": 1.0545975420482012,
    "J1603-7202_red_noise_gamma": 1.9609213721271113,
    "J1603-7202_red_noise_log10_A": 1.7714271658005452,
    "n_earth": 3.9643043586119893,
    "nmodel": 0.28866378970631873
}