{
    "J1603-7202_CASPSR_40CM_efac": 1.2215449616141099,
    "J1603-7202_CASPSR_40CM_log10_tnequad": -9.41445048708096,
    "J1603-7202_CPSR2_20CM_efac": 0.9719162581373526,
    "J1603-7202_CPSR2_20CM_log10_tnequad": -9.19016632577091,
    "J1603-7202_CPSR2_50CM_efac": 1.1306109254511676,
    "J1603-7202_CPSR2_50CM_log10_tnequad": -9.382377934872377,
    "J1603-7202_PDFB1_20CM_efac": 0.9127655766451689,
    "J1603-7202_PDFB1_20CM_log10_tnequad": -9.389262607736082,
    "J1603-7202_PDFB1_early_20CM_efac": 0.9160562060166633,
    "J1603-7202_PDFB1_early_20CM_log10_tnequad": -9.393757260836276,
    "J1603-7202_PDFB_10CM_efac": 0.9776796408095413,
    "J1603-7202_PDFB_10CM_log10_tnequad": -9.385705036121493,
    "J1603-7202_PDFB_20CM_efac": 1.0116830119519857,
    "J1603-7202_PDFB_20CM_log10_tnequad": -9.445102820924923,
    "J1603-7202_PDFB_40CM_efac": 1.0270470323959127,
    "J1603-7202_PDFB_40CM_log10_tnequad": -9.421994893259614,
    "J1603-7202_UWL_CASPSR_40CM_efac": 1.457020865294268,
    "J1603-7202_UWL_CASPSR_40CM_log10_tnequad": -9.309591947598602,
    "J1603-7202_UWL_PDFB4_20CM_efac": 1.0483774379814181,
    "J1603-7202_UWL_PDFB4_20CM_log10_tnequad": -9.438252003338025,
    "J1603-7202_UWL_sbA_efac": 1.0499232470744937,
    "J1603-7202_UWL_sbA_log10_tnequad": -9.304779939053665,
    "J1603-7202_UWL_sbB_efac": 1.016452114512778,
    "J1603-7202_UWL_sbB_log10_tnequad": -9.399889978135196,
    "J1603-7202_UWL_sbC_efac": 1.0406570721556054,
    "J1603-7202_UWL_sbC_log10_tnequad": -9.37038439529538,
    "J1603-7202_UWL_sbD_efac": 1.0122203920033195,
    "J1603-7202_UWL_sbD_log10_tnequad": -9.407554213362696,
    "J1603-7202_UWL_sbE_efac": 0.9925145726893705,
    "J1603-7202_UWL_sbE_log10_tnequad": -9.433630355354284,
    "J1603-7202_UWL_sbF_efac": 0.9155543539449695,
    "J1603-7202_UWL_sbF_log10_tnequad": -6.398954921689303,
    "J1603-7202_UWL_sbG_efac": 0.8966503913560511,
    "J1603-7202_UWL_sbG_log10_tnequad": -9.274172327068904,
    "J1603-7202_UWL_sbH_efac": 1.0175782972073661,
    "J1603-7202_UWL_sbH_log10_tnequad": -9.388456600379108,
    "J1603-7202_basis_ecorr_10CM_log10_ecorr": -9.378860206121386,
    "J1603-7202_basis_ecorr_10CM_uwl_log10_ecorr": -9.335133810144752,
    "J1603-7202_basis_ecorr_20CM_log10_ecorr": -7.324087335688424,
    "J1603-7202_basis_ecorr_20CM_uwl_log10_ecorr": -9.302483830005055,
    "J1603-7202_basis_ecorr_40CM_log10_ecorr": -9.372960862565364,
    "J1603-7202_basis_ecorr_40CM_uwl_log10_ecorr": -9.378451314157001,
    "J1603-7202_basis_ecorr_all_dr2_log10_ecorr": -9.15507105848208,
    "J1603-7202_basis_ecorr_all_uwl_log10_ecorr": -8.77831040683346,
    "J1603-7202_dm_gp_gamma": 2.111503709239166,
    "J1603-7202_dm_gp_log10_A": -13.272937190714025,
    "J1603-7202_dmgauss_epoch": 53904.34270926834,
    "J1603-7202_dmgauss_log10_Amp": -5.290086954823399,
    "J1603-7202_dmgauss_log10_sigma": 1.9170880763183147,
    "J1603-7202_gp_sw_gamma": -2.5023872433884997,
    "J1603-7202_gp_sw_log10_A": -9.442404374521878,
    "J1603-7202_red_noise_gamma": 0.9082411552476891,
    "J1603-7202_red_noise_log10_A": -19.114745129494032,
    "n_earth": 1.2211600352308851,
    "nmodel": -0.3402450214020749
}