{
    "J1643-1224_CASPSR_40CM_efac": 1.2898999986957242,
    "J1643-1224_CASPSR_40CM_log10_tnequad": -8.0071410807391,
    "J1643-1224_CPSR2_20CM_efac": 1.0447377085204967,
    "J1643-1224_CPSR2_20CM_log10_tnequad": -7.214327917625164,
    "J1643-1224_CPSR2_50CM_efac": 1.1903167662893255,
    "J1643-1224_CPSR2_50CM_log10_tnequad": -7.9798262406791185,
    "J1643-1224_PDFB1_10CM_efac": 1.0442786541747795,
    "J1643-1224_PDFB1_10CM_log10_tnequad": -7.6793889085993685,
    "J1643-1224_PDFB1_20CM_efac": 1.0385836675495022,
    "J1643-1224_PDFB1_20CM_log10_tnequad": -7.932556654287021,
    "J1643-1224_PDFB1_early_10CM_efac": 0.9950351646316055,
    "J1643-1224_PDFB1_early_10CM_log10_tnequad": -7.5556545221240015,
    "J1643-1224_PDFB_10CM_efac": 1.0551507332187646,
    "J1643-1224_PDFB_10CM_log10_tnequad": -8.082359765133699,
    "J1643-1224_PDFB_20CM_efac": 1.0797310448408266,
    "J1643-1224_PDFB_20CM_log10_tnequad": -8.024105508366448,
    "J1643-1224_PDFB_40CM_efac": 0.9156166228669372,
    "J1643-1224_PDFB_40CM_log10_tnequad": -7.892464531461197,
    "J1643-1224_UWL_CASPSR_40CM_efac": 1.8782288191761227,
    "J1643-1224_UWL_CASPSR_40CM_log10_tnequad": -7.72537834559851,
    "J1643-1224_UWL_PDFB4_20CM_efac": 0.9761388987564503,
    "J1643-1224_UWL_PDFB4_20CM_log10_tnequad": -7.716544284430071,
    "J1643-1224_UWL_sbA_efac": 1.323626901171522,
    "J1643-1224_UWL_sbA_log10_tnequad": -7.547007212800332,
    "J1643-1224_UWL_sbB_efac": 1.1063891443320364,
    "J1643-1224_UWL_sbB_log10_tnequad": -8.02084494392034,
    "J1643-1224_UWL_sbC_efac": 1.0572953519543864,
    "J1643-1224_UWL_sbC_log10_tnequad": -8.067924739767076,
    "J1643-1224_UWL_sbD_efac": 1.1810200676283582,
    "J1643-1224_UWL_sbD_log10_tnequad": -7.289399319956224,
    "J1643-1224_UWL_sbE_efac": 1.1173675082330945,
    "J1643-1224_UWL_sbE_log10_tnequad": -7.831656743725338,
    "J1643-1224_UWL_sbF_efac": 1.0704206970719503,
    "J1643-1224_UWL_sbF_log10_tnequad": -8.044232960161489,
    "J1643-1224_UWL_sbG_efac": 1.0348086188781764,
    "J1643-1224_UWL_sbG_log10_tnequad": -7.954917185560831,
    "J1643-1224_UWL_sbH_efac": 1.0782065427734824,
    "J1643-1224_UWL_sbH_log10_tnequad": -7.89543575859402,
    "J1643-1224_WBCORR_10CM_efac": 0.9969700889692795,
    "J1643-1224_WBCORR_10CM_log10_tnequad": -7.266195058629625,
    "J1643-1224_band_noise_low_gamma": 2.0894357548096036,
    "J1643-1224_band_noise_low_log10_A": -12.294090157532676,
    "J1643-1224_basis_ecorr_10CM_log10_ecorr": -8.051284751964614,
    "J1643-1224_basis_ecorr_10CM_uwl_log10_ecorr": -6.0017944191916435,
    "J1643-1224_basis_ecorr_20CM_log10_ecorr": -7.535225569174841,
    "J1643-1224_basis_ecorr_20CM_uwl_log10_ecorr": -7.915268060015665,
    "J1643-1224_basis_ecorr_40CM_log10_ecorr": -7.996206747002442,
    "J1643-1224_basis_ecorr_40CM_uwl_log10_ecorr": -8.180884739029805,
    "J1643-1224_basis_ecorr_all_dr2_log10_ecorr": -7.058718118377618,
    "J1643-1224_basis_ecorr_all_uwl_log10_ecorr": -6.542629850895616,
    "J1643-1224_chrom_gp_gamma": 0.7964095125016802,
    "J1643-1224_chrom_gp_log10_A": -13.157652006968267,
    "J1643-1224_dm_gp_gamma": 2.339549463790193,
    "J1643-1224_dm_gp_log10_A": -12.871823343540466,
    "J1643-1224_dmexp_1_idx": -0.9353128900411837,
    "J1643-1224_dmexp_1_log10_Amp": -5.006235607169619,
    "J1643-1224_dmexp_1_log10_tau": 2.123105796772862,
    "J1643-1224_dmexp_1_t0": 57081.37601892264,
    "J1643-1224_gp_sw_gamma": 1.8773872465739672,
    "J1643-1224_gp_sw_log10_A": -7.410929102776194,
    "J1643-1224_red_noise_gamma": 0.6758307131548801,
    "J1643-1224_red_noise_log10_A": -12.718854971328604,
    "n_earth": 4.543511082528253,
    "nmodel": -0.00025763582561714766
}