{
    "J1643-1224_CASPSR_40CM_efac": 0.09335815662596428,
    "J1643-1224_CASPSR_40CM_log10_tnequad": 1.1379070200212573,
    "J1643-1224_CPSR2_20CM_efac": 0.1014999815398395,
    "J1643-1224_CPSR2_20CM_log10_tnequad": 1.4040531084430947,
    "J1643-1224_CPSR2_50CM_efac": 0.052538246011823386,
    "J1643-1224_CPSR2_50CM_log10_tnequad": 1.16552255101655,
    "J1643-1224_PDFB1_10CM_efac": 0.11683002224581934,
    "J1643-1224_PDFB1_10CM_log10_tnequad": 1.3232406563428594,
    "J1643-1224_PDFB1_20CM_efac": 0.10751359201927245,
    "J1643-1224_PDFB1_20CM_log10_tnequad": 1.1697111170039503,
    "J1643-1224_PDFB1_early_10CM_efac": 0.15803062049731129,
    "J1643-1224_PDFB1_early_10CM_log10_tnequad": 1.389135556987878,
    "J1643-1224_PDFB_10CM_efac": 0.03032404026511031,
    "J1643-1224_PDFB_10CM_log10_tnequad": 1.1056070345660551,
    "J1643-1224_PDFB_20CM_efac": 0.0382639682849812,
    "J1643-1224_PDFB_20CM_log10_tnequad": 1.1180749139614026,
    "J1643-1224_PDFB_40CM_efac": 0.05712597082234591,
    "J1643-1224_PDFB_40CM_log10_tnequad": 1.2013890917930663,
    "J1643-1224_UWL_CASPSR_40CM_efac": 0.31493160302581175,
    "J1643-1224_UWL_CASPSR_40CM_log10_tnequad": 1.3210304118914906,
    "J1643-1224_UWL_PDFB4_20CM_efac": 0.11943817145770196,
    "J1643-1224_UWL_PDFB4_20CM_log10_tnequad": 1.2487582402302844,
    "J1643-1224_UWL_sbA_efac": 0.1191885215159166,
    "J1643-1224_UWL_sbA_log10_tnequad": 1.3347403669243894,
    "J1643-1224_UWL_sbB_efac": 0.07237181900138867,
    "J1643-1224_UWL_sbB_log10_tnequad": 1.1289846788878513,
    "J1643-1224_UWL_sbC_efac": 0.06771024228054394,
    "J1643-1224_UWL_sbC_log10_tnequad": 1.1159923843374961,
    "J1643-1224_UWL_sbD_efac": 0.13892056790492918,
    "J1643-1224_UWL_sbD_log10_tnequad": 1.2775921992149997,
    "J1643-1224_UWL_sbE_efac": 0.09953293930960815,
    "J1643-1224_UWL_sbE_log10_tnequad": 1.2117701703408177,
    "J1643-1224_UWL_sbF_efac": 0.06760971930625877,
    "J1643-1224_UWL_sbF_log10_tnequad": 1.1093228413255791,
    "J1643-1224_UWL_sbG_efac": 0.07696092630388293,
    "J1643-1224_UWL_sbG_log10_tnequad": 1.1711514558887322,
    "J1643-1224_UWL_sbH_efac": 0.07595771241748331,
    "J1643-1224_UWL_sbH_log10_tnequad": 1.2010769664388996,
    "J1643-1224_WBCORR_10CM_efac": 0.13382801940310882,
    "J1643-1224_WBCORR_10CM_log10_tnequad": 1.4562678649884724,
    "J1643-1224_band_noise_low_gamma": 0.263980969215214,
    "J1643-1224_band_noise_low_log10_A": 0.07579039485354201,
    "J1643-1224_basis_ecorr_10CM_log10_ecorr": 1.1211627464262255,
    "J1643-1224_basis_ecorr_10CM_uwl_log10_ecorr": 0.2841366804796199,
    "J1643-1224_basis_ecorr_20CM_log10_ecorr": 1.2050584037968217,
    "J1643-1224_basis_ecorr_20CM_uwl_log10_ecorr": 1.188477406457333,
    "J1643-1224_basis_ecorr_40CM_log10_ecorr": 1.1508462523651783,
    "J1643-1224_basis_ecorr_40CM_uwl_log10_ecorr": 1.0599093029106408,
    "J1643-1224_basis_ecorr_all_dr2_log10_ecorr": 1.086793263436654,
    "J1643-1224_basis_ecorr_all_uwl_log10_ecorr": 0.855807337537181,
    "J1643-1224_chrom_gp_gamma": 0.41274467220984046,
    "J1643-1224_chrom_gp_log10_A": 0.12328680869199583,
    "J1643-1224_dm_gp_gamma": 0.25352216011352574,
    "J1643-1224_dm_gp_log10_A": 0.07711847523531243,
    "J1643-1224_dmexp_1_idx": 0.11417333327163949,
    "J1643-1224_dmexp_1_log10_Amp": 0.04546743798162422,
    "J1643-1224_dmexp_1_log10_tau": 0.07381202524715391,
    "J1643-1224_dmexp_1_t0": 3.7897246284021393,
    "J1643-1224_gp_sw_gamma": 1.8953531386155178,
    "J1643-1224_gp_sw_log10_A": 0.8784601570369248,
    "J1643-1224_red_noise_gamma": 0.42096882856624784,
    "J1643-1224_red_noise_log10_A": 0.12319971161550962,
    "n_earth": 1.5073595806033542,
    "nmodel": 0.288729698592634
}