{
    "J1643-1224_CASPSR_40CM_efac": 1.287059404185452,
    "J1643-1224_CASPSR_40CM_log10_tnequad": -8.01730826369503,
    "J1643-1224_CPSR2_20CM_efac": 1.0687411851013595,
    "J1643-1224_CPSR2_20CM_log10_tnequad": -6.934118722095315,
    "J1643-1224_CPSR2_50CM_efac": 1.1891014941787665,
    "J1643-1224_CPSR2_50CM_log10_tnequad": -7.988647673762184,
    "J1643-1224_PDFB1_10CM_efac": 1.0422314885005646,
    "J1643-1224_PDFB1_10CM_log10_tnequad": -7.67488744075847,
    "J1643-1224_PDFB1_20CM_efac": 1.0405712177591595,
    "J1643-1224_PDFB1_20CM_log10_tnequad": -7.92510090300574,
    "J1643-1224_PDFB1_early_10CM_efac": 0.9960737600296987,
    "J1643-1224_PDFB1_early_10CM_log10_tnequad": -7.532442223239276,
    "J1643-1224_PDFB_10CM_efac": 1.055163198874041,
    "J1643-1224_PDFB_10CM_log10_tnequad": -8.088845318227184,
    "J1643-1224_PDFB_20CM_efac": 1.0823587176557257,
    "J1643-1224_PDFB_20CM_log10_tnequad": -8.006457161250145,
    "J1643-1224_PDFB_40CM_efac": 0.9196257267238399,
    "J1643-1224_PDFB_40CM_log10_tnequad": -7.89269530824214,
    "J1643-1224_UWL_CASPSR_40CM_efac": 1.8480135010935625,
    "J1643-1224_UWL_CASPSR_40CM_log10_tnequad": -7.741387913281898,
    "J1643-1224_UWL_PDFB4_20CM_efac": 0.975093902013085,
    "J1643-1224_UWL_PDFB4_20CM_log10_tnequad": -7.648319212842,
    "J1643-1224_UWL_sbA_efac": 1.322187117888907,
    "J1643-1224_UWL_sbA_log10_tnequad": -7.467893426389596,
    "J1643-1224_UWL_sbB_efac": 1.1037422634169614,
    "J1643-1224_UWL_sbB_log10_tnequad": -8.030160030296864,
    "J1643-1224_UWL_sbC_efac": 1.0544197593381932,
    "J1643-1224_UWL_sbC_log10_tnequad": -8.074108216841733,
    "J1643-1224_UWL_sbD_efac": 1.1996354373661173,
    "J1643-1224_UWL_sbD_log10_tnequad": -6.846819580159436,
    "J1643-1224_UWL_sbE_efac": 1.1213830313762203,
    "J1643-1224_UWL_sbE_log10_tnequad": -7.797260686081142,
    "J1643-1224_UWL_sbF_efac": 1.0691552361416738,
    "J1643-1224_UWL_sbF_log10_tnequad": -8.039127499805767,
    "J1643-1224_UWL_sbG_efac": 1.0334471259982887,
    "J1643-1224_UWL_sbG_log10_tnequad": -7.957336326451335,
    "J1643-1224_UWL_sbH_efac": 1.0773542662940576,
    "J1643-1224_UWL_sbH_log10_tnequad": -7.894465889831461,
    "J1643-1224_WBCORR_10CM_efac": 1.018115599679126,
    "J1643-1224_WBCORR_10CM_log10_tnequad": -7.121850031767498,
    "J1643-1224_band_noise_low_gamma": 2.0853444385657194,
    "J1643-1224_band_noise_low_log10_A": -12.290362212820376,
    "J1643-1224_basis_ecorr_10CM_log10_ecorr": -8.049653331388743,
    "J1643-1224_basis_ecorr_10CM_uwl_log10_ecorr": -5.966277591217059,
    "J1643-1224_basis_ecorr_20CM_log10_ecorr": -7.158695176674832,
    "J1643-1224_basis_ecorr_20CM_uwl_log10_ecorr": -7.891683370390463,
    "J1643-1224_basis_ecorr_40CM_log10_ecorr": -7.99163744439762,
    "J1643-1224_basis_ecorr_40CM_uwl_log10_ecorr": -8.193831770549831,
    "J1643-1224_basis_ecorr_all_dr2_log10_ecorr": -6.446054476678793,
    "J1643-1224_basis_ecorr_all_uwl_log10_ecorr": -6.22532534151152,
    "J1643-1224_chrom_gp_gamma": 0.7848561112284599,
    "J1643-1224_chrom_gp_log10_A": -13.151315359303773,
    "J1643-1224_dm_gp_gamma": 2.3236829995380526,
    "J1643-1224_dm_gp_log10_A": -12.86571735324063,
    "J1643-1224_dmexp_1_idx": -0.9320902414066962,
    "J1643-1224_dmexp_1_log10_Amp": -5.004543759191899,
    "J1643-1224_dmexp_1_log10_tau": 2.1225562091008237,
    "J1643-1224_dmexp_1_t0": 57081.37903715455,
    "J1643-1224_gp_sw_gamma": 2.437006577413476,
    "J1643-1224_gp_sw_log10_A": -7.219546319471766,
    "J1643-1224_red_noise_gamma": 0.6364948123808861,
    "J1643-1224_red_noise_log10_A": -12.711252468192058,
    "n_earth": 4.541523061173677,
    "nmodel": -0.00036615591690425386
}