{
    "J1643-1224_CASPSR_40CM_efac": 1.3810431609926621,
    "J1643-1224_CASPSR_40CM_log10_tnequad": -6.682375451151067,
    "J1643-1224_CPSR2_20CM_efac": 1.1290679180419427,
    "J1643-1224_CPSR2_20CM_log10_tnequad": -5.720912879329925,
    "J1643-1224_CPSR2_50CM_efac": 1.2423075823624623,
    "J1643-1224_CPSR2_50CM_log10_tnequad": -6.626003473483234,
    "J1643-1224_PDFB1_10CM_efac": 1.1511380704840324,
    "J1643-1224_PDFB1_10CM_log10_tnequad": -6.138997388305644,
    "J1643-1224_PDFB1_20CM_efac": 1.1351431106093945,
    "J1643-1224_PDFB1_20CM_log10_tnequad": -6.551187643727052,
    "J1643-1224_PDFB1_early_10CM_efac": 1.133363281734992,
    "J1643-1224_PDFB1_early_10CM_log10_tnequad": -5.9105603052360385,
    "J1643-1224_PDFB_10CM_efac": 1.0842179958074332,
    "J1643-1224_PDFB_10CM_log10_tnequad": -6.80400529208548,
    "J1643-1224_PDFB_20CM_efac": 1.1141213346947563,
    "J1643-1224_PDFB_20CM_log10_tnequad": -6.696987153057095,
    "J1643-1224_PDFB_40CM_efac": 0.9602784281305178,
    "J1643-1224_PDFB_40CM_log10_tnequad": -6.48445971671546,
    "J1643-1224_UWL_CASPSR_40CM_efac": 2.1686581933266114,
    "J1643-1224_UWL_CASPSR_40CM_log10_tnequad": -6.1923042870234175,
    "J1643-1224_UWL_PDFB4_20CM_efac": 1.0895853497198003,
    "J1643-1224_UWL_PDFB4_20CM_log10_tnequad": -6.2463659052454785,
    "J1643-1224_UWL_sbA_efac": 1.4388028114640594,
    "J1643-1224_UWL_sbA_log10_tnequad": -5.980086241961124,
    "J1643-1224_UWL_sbB_efac": 1.1766847960834705,
    "J1643-1224_UWL_sbB_log10_tnequad": -6.697355333274028,
    "J1643-1224_UWL_sbC_efac": 1.1238934814376516,
    "J1643-1224_UWL_sbC_log10_tnequad": -6.77683084242678,
    "J1643-1224_UWL_sbD_efac": 1.3110707922348601,
    "J1643-1224_UWL_sbD_log10_tnequad": -6.048396290313605,
    "J1643-1224_UWL_sbE_efac": 1.2085519758508796,
    "J1643-1224_UWL_sbE_log10_tnequad": -6.389781485236248,
    "J1643-1224_UWL_sbF_efac": 1.135705941483701,
    "J1643-1224_UWL_sbF_log10_tnequad": -6.752326396694775,
    "J1643-1224_UWL_sbG_efac": 1.10828636708938,
    "J1643-1224_UWL_sbG_log10_tnequad": -6.589293290688472,
    "J1643-1224_UWL_sbH_efac": 1.1519102753091335,
    "J1643-1224_UWL_sbH_log10_tnequad": -6.477233279244548,
    "J1643-1224_WBCORR_10CM_efac": 1.1051383576041396,
    "J1643-1224_WBCORR_10CM_log10_tnequad": -5.590121587843663,
    "J1643-1224_band_noise_low_gamma": 2.3494405488873893,
    "J1643-1224_band_noise_low_log10_A": -12.219679158223894,
    "J1643-1224_basis_ecorr_10CM_log10_ecorr": -6.726124861519014,
    "J1643-1224_basis_ecorr_10CM_uwl_log10_ecorr": -5.868627099978968,
    "J1643-1224_basis_ecorr_20CM_log10_ecorr": -6.346432469213422,
    "J1643-1224_basis_ecorr_20CM_uwl_log10_ecorr": -6.479765703171203,
    "J1643-1224_basis_ecorr_40CM_log10_ecorr": -6.630868209853264,
    "J1643-1224_basis_ecorr_40CM_uwl_log10_ecorr": -6.956262885757247,
    "J1643-1224_basis_ecorr_all_dr2_log10_ecorr": -6.304774994531189,
    "J1643-1224_basis_ecorr_all_uwl_log10_ecorr": -6.099350161540149,
    "J1643-1224_chrom_gp_gamma": 1.2118909575863859,
    "J1643-1224_chrom_gp_log10_A": -13.070855723311738,
    "J1643-1224_dm_gp_gamma": 2.58327806103023,
    "J1643-1224_dm_gp_log10_A": -12.799417419253801,
    "J1643-1224_dmexp_1_idx": -0.8224457443464286,
    "J1643-1224_dmexp_1_log10_Amp": -4.961272118609058,
    "J1643-1224_dmexp_1_log10_tau": 2.195681961845076,
    "J1643-1224_dmexp_1_t0": 57085.83265386012,
    "J1643-1224_gp_sw_gamma": 3.513890710395108,
    "J1643-1224_gp_sw_log10_A": -6.620074116235018,
    "J1643-1224_red_noise_gamma": 1.0845601951639847,
    "J1643-1224_red_noise_log10_A": -12.626135652368387,
    "n_earth": 6.0410280206788105,
    "nmodel": 0.3398413125667357
}