{
    "J1643-1224_CASPSR_40CM_efac": 1.1998375337247082,
    "J1643-1224_CASPSR_40CM_log10_tnequad": -9.331817948379697,
    "J1643-1224_CPSR2_20CM_efac": 0.9512829216645243,
    "J1643-1224_CPSR2_20CM_log10_tnequad": -8.9857349267883,
    "J1643-1224_CPSR2_50CM_efac": 1.1384440256846375,
    "J1643-1224_CPSR2_50CM_log10_tnequad": -9.339985767571974,
    "J1643-1224_PDFB1_10CM_efac": 0.94313029260101,
    "J1643-1224_PDFB1_10CM_log10_tnequad": -9.23743292634588,
    "J1643-1224_PDFB1_20CM_efac": 0.9499226024516277,
    "J1643-1224_PDFB1_20CM_log10_tnequad": -9.307984146569295,
    "J1643-1224_PDFB1_early_10CM_efac": 0.8699480747068133,
    "J1643-1224_PDFB1_early_10CM_log10_tnequad": -9.201058918618546,
    "J1643-1224_PDFB_10CM_efac": 1.0266094600040938,
    "J1643-1224_PDFB_10CM_log10_tnequad": -9.373818915822348,
    "J1643-1224_PDFB_20CM_efac": 1.048080066025869,
    "J1643-1224_PDFB_20CM_log10_tnequad": -9.34830832381116,
    "J1643-1224_PDFB_40CM_efac": 0.8775694572507828,
    "J1643-1224_PDFB_40CM_log10_tnequad": -9.304181191758573,
    "J1643-1224_UWL_CASPSR_40CM_efac": 1.5847243253056298,
    "J1643-1224_UWL_CASPSR_40CM_log10_tnequad": -9.268528966254545,
    "J1643-1224_UWL_PDFB4_20CM_efac": 0.8647038983135233,
    "J1643-1224_UWL_PDFB4_20CM_log10_tnequad": -9.22507377150568,
    "J1643-1224_UWL_sbA_efac": 1.2109037017823299,
    "J1643-1224_UWL_sbA_log10_tnequad": -9.163538578647989,
    "J1643-1224_UWL_sbB_efac": 1.0366995962411845,
    "J1643-1224_UWL_sbB_log10_tnequad": -9.33988222691525,
    "J1643-1224_UWL_sbC_efac": 0.9908739109610768,
    "J1643-1224_UWL_sbC_log10_tnequad": -9.370244670437517,
    "J1643-1224_UWL_sbD_efac": 1.0383377504058509,
    "J1643-1224_UWL_sbD_log10_tnequad": -8.92275056408964,
    "J1643-1224_UWL_sbE_efac": 1.0323668894099731,
    "J1643-1224_UWL_sbE_log10_tnequad": -9.283489183134364,
    "J1643-1224_UWL_sbF_efac": 1.0059232839985852,
    "J1643-1224_UWL_sbF_log10_tnequad": -9.343444540320757,
    "J1643-1224_UWL_sbG_efac": 0.963010981276045,
    "J1643-1224_UWL_sbG_log10_tnequad": -9.329970376467301,
    "J1643-1224_UWL_sbH_efac": 1.005935355553368,
    "J1643-1224_UWL_sbH_log10_tnequad": -9.308832717966713,
    "J1643-1224_WBCORR_10CM_efac": 0.9036992885484103,
    "J1643-1224_WBCORR_10CM_log10_tnequad": -9.05159558731724,
    "J1643-1224_band_noise_low_gamma": 1.8307429364060588,
    "J1643-1224_band_noise_low_log10_A": -12.368136852356898,
    "J1643-1224_basis_ecorr_10CM_log10_ecorr": -9.37403338597488,
    "J1643-1224_basis_ecorr_10CM_uwl_log10_ecorr": -6.085929322684708,
    "J1643-1224_basis_ecorr_20CM_log10_ecorr": -9.08865032370749,
    "J1643-1224_basis_ecorr_20CM_uwl_log10_ecorr": -9.333328748667522,
    "J1643-1224_basis_ecorr_40CM_log10_ecorr": -9.355873542784698,
    "J1643-1224_basis_ecorr_40CM_uwl_log10_ecorr": -9.41783796588693,
    "J1643-1224_basis_ecorr_all_dr2_log10_ecorr": -8.45168340317342,
    "J1643-1224_basis_ecorr_all_uwl_log10_ecorr": -6.71270049035824,
    "J1643-1224_chrom_gp_gamma": 0.36027222646878276,
    "J1643-1224_chrom_gp_log10_A": -13.240464681677073,
    "J1643-1224_dm_gp_gamma": 2.093679485170103,
    "J1643-1224_dm_gp_log10_A": -12.942301711224314,
    "J1643-1224_dmexp_1_idx": -1.0477886697690728,
    "J1643-1224_dmexp_1_log10_Amp": -5.051040681485463,
    "J1643-1224_dmexp_1_log10_tau": 2.0501756565353735,
    "J1643-1224_dmexp_1_t0": 57076.90878610747,
    "J1643-1224_gp_sw_gamma": 0.04657628463053243,
    "J1643-1224_gp_sw_log10_A": -8.203967389243658,
    "J1643-1224_red_noise_gamma": 0.247731024418592,
    "J1643-1224_red_noise_log10_A": -12.806188364456375,
    "n_earth": 3.0363097736333704,
    "nmodel": -0.3402958021464862
}