{
    "J1713+0747_CASPSR_40CM_efac": 0.07762776001871939,
    "J1713+0747_CASPSR_40CM_log10_tnequad": 1.1236584992507483,
    "J1713+0747_CPSR2_20CM_efac": 0.036371941303838536,
    "J1713+0747_CPSR2_20CM_log10_tnequad": 0.7048942236066945,
    "J1713+0747_CPSR2_50CM_efac": 0.07150563684994277,
    "J1713+0747_CPSR2_50CM_log10_tnequad": 0.6088611468984533,
    "J1713+0747_PDFB1_10CM_efac": 0.11276180989791114,
    "J1713+0747_PDFB1_10CM_log10_tnequad": 0.8888008869225106,
    "J1713+0747_PDFB1_20CM_efac": 0.05571530193999902,
    "J1713+0747_PDFB1_20CM_log10_tnequad": 0.7603520350043775,
    "J1713+0747_PDFB1_early_10CM_efac": 0.40146374969340337,
    "J1713+0747_PDFB1_early_10CM_log10_tnequad": 1.1624375169093997,
    "J1713+0747_PDFB_10CM_efac": 0.03349375404686455,
    "J1713+0747_PDFB_10CM_log10_tnequad": 0.7863415947810382,
    "J1713+0747_PDFB_20CM_efac": 0.02884538353335038,
    "J1713+0747_PDFB_20CM_log10_tnequad": 0.6604620751294035,
    "J1713+0747_PDFB_40CM_efac": 0.04490606749257282,
    "J1713+0747_PDFB_40CM_log10_tnequad": 0.9343128093458336,
    "J1713+0747_UWL_PDFB4_20CM_efac": 0.08519074990033544,
    "J1713+0747_UWL_PDFB4_20CM_log10_tnequad": 0.8393488727111919,
    "J1713+0747_UWL_sbA_efac": 0.09789703292095724,
    "J1713+0747_UWL_sbA_log10_tnequad": 1.1172878071289822,
    "J1713+0747_UWL_sbB_efac": 0.06791785342246522,
    "J1713+0747_UWL_sbB_log10_tnequad": 0.9799632808872928,
    "J1713+0747_UWL_sbC_efac": 0.06961483508884106,
    "J1713+0747_UWL_sbC_log10_tnequad": 0.9492069329656093,
    "J1713+0747_UWL_sbD_efac": 0.07929406492051344,
    "J1713+0747_UWL_sbD_log10_tnequad": 0.9155250533592095,
    "J1713+0747_UWL_sbE_efac": 0.08882540548390498,
    "J1713+0747_UWL_sbE_log10_tnequad": 0.8208434646087719,
    "J1713+0747_UWL_sbF_efac": 0.0695294284149685,
    "J1713+0747_UWL_sbF_log10_tnequad": 0.16106920706450653,
    "J1713+0747_UWL_sbG_efac": 0.06072284244439979,
    "J1713+0747_UWL_sbG_log10_tnequad": 0.802493193243296,
    "J1713+0747_UWL_sbH_efac": 0.0673265562814573,
    "J1713+0747_UWL_sbH_log10_tnequad": 0.9309223248153112,
    "J1713+0747_WBCORR_10CM_efac": 0.07227929111795314,
    "J1713+0747_WBCORR_10CM_log10_tnequad": 0.9212914901226071,
    "J1713+0747_band_noise_low_gamma": 0.9434068132347645,
    "J1713+0747_band_noise_low_log10_A": 0.41469399257000794,
    "J1713+0747_basis_ecorr_10CM_log10_ecorr": 0.8782303546875624,
    "J1713+0747_basis_ecorr_10CM_uwl_log10_ecorr": 0.7844376320421552,
    "J1713+0747_basis_ecorr_20CM_log10_ecorr": 0.8646224648333448,
    "J1713+0747_basis_ecorr_20CM_uwl_log10_ecorr": 0.6918437027517887,
    "J1713+0747_basis_ecorr_40CM_log10_ecorr": 0.9294123939729485,
    "J1713+0747_basis_ecorr_40CM_uwl_log10_ecorr": 0.8707944647015663,
    "J1713+0747_basis_ecorr_CPSR2_20CM_log10_ecorr": 0.7392179195262929,
    "J1713+0747_basis_ecorr_UWL_sbA_log10_ecorr": 1.178107233498508,
    "J1713+0747_basis_ecorr_UWL_sbE_log10_ecorr": 0.8982388279484939,
    "J1713+0747_basis_ecorr_UWL_sbF_log10_ecorr": 0.8298980108380367,
    "J1713+0747_basis_ecorr_WBCORR_10CM_log10_ecorr": 1.1456021319940997,
    "J1713+0747_basis_ecorr_all_dr2_log10_ecorr": 0.7501842059816837,
    "J1713+0747_basis_ecorr_all_uwl_log10_ecorr": 0.7281606322430982,
    "J1713+0747_dm_gp_gamma": 0.35371004207096496,
    "J1713+0747_dm_gp_log10_A": 0.10513103093311019,
    "J1713+0747_dmexp_1_idx": 0.36578432276842493,
    "J1713+0747_dmexp_1_log10_Amp": 0.11652395837210684,
    "J1713+0747_dmexp_1_log10_tau": 0.20867230077932944,
    "J1713+0747_dmexp_1_t0": 3.7712179886808888,
    "J1713+0747_dmexp_2_idx": 0.2707946643862544,
    "J1713+0747_dmexp_2_log10_Amp": 0.0926828420853877,
    "J1713+0747_dmexp_2_log10_tau": 0.070031465716564,
    "J1713+0747_dmexp_2_t0": 4.628442837332947,
    "J1713+0747_gp_sw_gamma": 2.3098665009597052,
    "J1713+0747_gp_sw_log10_A": 0.7818499872675612,
    "J1713+0747_group_noise_UWL_sbA_gamma": 1.8816447730316108,
    "J1713+0747_group_noise_UWL_sbA_log10_A": 2.0396088193833624,
    "J1713+0747_group_noise_UWL_sbE_gamma": 2.0132524377747822,
    "J1713+0747_group_noise_UWL_sbE_log10_A": 1.907782905241773,
    "J1713+0747_group_noise_UWL_sbF_gamma": 2.0113422069979436,
    "J1713+0747_group_noise_UWL_sbF_log10_A": 1.7416504916685605,
    "J1713+0747_group_noise_WBCORR_10CM_gamma": 1.527590029689049,
    "J1713+0747_group_noise_WBCORR_10CM_log10_A": 0.4823455429857219,
    "J1713+0747_hf_noise_gamma": 1.929228478029969,
    "J1713+0747_hf_noise_log10_A": 1.9002584247578296,
    "J1713+0747_red_noise_gamma": 1.952320933246025,
    "J1713+0747_red_noise_log10_A": 1.6017742179919963,
    "n_earth": 0.9329986566712507,
    "nmodel": 0.28876102425998446
}