{
    "J1713+0747_CASPSR_40CM_efac": 1.0999624243928587,
    "J1713+0747_CASPSR_40CM_log10_tnequad": -9.178930929806944,
    "J1713+0747_CPSR2_20CM_efac": 0.957589302284325,
    "J1713+0747_CPSR2_20CM_log10_tnequad": -9.565089881976387,
    "J1713+0747_CPSR2_50CM_efac": 0.9237998880028372,
    "J1713+0747_CPSR2_50CM_log10_tnequad": -6.231073076924646,
    "J1713+0747_PDFB1_10CM_efac": 0.984121624686307,
    "J1713+0747_PDFB1_10CM_log10_tnequad": -9.46902032888583,
    "J1713+0747_PDFB1_20CM_efac": 0.9024940239388048,
    "J1713+0747_PDFB1_20CM_log10_tnequad": -9.55783453556873,
    "J1713+0747_PDFB1_early_10CM_efac": 0.3020012737768618,
    "J1713+0747_PDFB1_early_10CM_log10_tnequad": -8.489777913878882,
    "J1713+0747_PDFB_10CM_efac": 0.9779502734552599,
    "J1713+0747_PDFB_10CM_log10_tnequad": -8.437391168069846,
    "J1713+0747_PDFB_20CM_efac": 1.0653960039711154,
    "J1713+0747_PDFB_20CM_log10_tnequad": -8.598036721497781,
    "J1713+0747_PDFB_40CM_efac": 0.939586102507007,
    "J1713+0747_PDFB_40CM_log10_tnequad": -9.430916567759208,
    "J1713+0747_UWL_PDFB4_20CM_efac": 0.8330551455350095,
    "J1713+0747_UWL_PDFB4_20CM_log10_tnequad": -9.522110274756708,
    "J1713+0747_UWL_sbA_efac": 0.9506214810295581,
    "J1713+0747_UWL_sbA_log10_tnequad": -9.337122955016348,
    "J1713+0747_UWL_sbB_efac": 1.0300723239376102,
    "J1713+0747_UWL_sbB_log10_tnequad": -9.387055492327232,
    "J1713+0747_UWL_sbC_efac": 1.0439234740915604,
    "J1713+0747_UWL_sbC_log10_tnequad": -9.415170331885525,
    "J1713+0747_UWL_sbD_efac": 0.9035782612288936,
    "J1713+0747_UWL_sbD_log10_tnequad": -8.87427085256377,
    "J1713+0747_UWL_sbE_efac": 1.1817971968536045,
    "J1713+0747_UWL_sbE_log10_tnequad": -9.469848679529356,
    "J1713+0747_UWL_sbF_efac": 0.9318299669390775,
    "J1713+0747_UWL_sbF_log10_tnequad": -7.224432924002389,
    "J1713+0747_UWL_sbG_efac": 0.9213923217461744,
    "J1713+0747_UWL_sbG_log10_tnequad": -9.507226993598168,
    "J1713+0747_UWL_sbH_efac": 0.9986373830639028,
    "J1713+0747_UWL_sbH_log10_tnequad": -9.101205038845297,
    "J1713+0747_WBCORR_10CM_efac": 0.8918577285221171,
    "J1713+0747_WBCORR_10CM_log10_tnequad": -9.438731772583022,
    "J1713+0747_band_noise_low_gamma": 2.301594918835491,
    "J1713+0747_band_noise_low_log10_A": -14.248016383526998,
    "J1713+0747_basis_ecorr_10CM_log10_ecorr": -9.459769203457068,
    "J1713+0747_basis_ecorr_10CM_uwl_log10_ecorr": -9.563488390020241,
    "J1713+0747_basis_ecorr_20CM_log10_ecorr": -9.431951680774102,
    "J1713+0747_basis_ecorr_20CM_uwl_log10_ecorr": -9.624323742390711,
    "J1713+0747_basis_ecorr_40CM_log10_ecorr": -7.975877941740304,
    "J1713+0747_basis_ecorr_40CM_uwl_log10_ecorr": -9.503592144329021,
    "J1713+0747_basis_ecorr_CPSR2_20CM_log10_ecorr": -9.603481242652956,
    "J1713+0747_basis_ecorr_UWL_sbA_log10_ecorr": -9.226690176356403,
    "J1713+0747_basis_ecorr_UWL_sbE_log10_ecorr": -9.475195158356366,
    "J1713+0747_basis_ecorr_UWL_sbF_log10_ecorr": -8.626290056967695,
    "J1713+0747_basis_ecorr_WBCORR_10CM_log10_ecorr": -9.07594374676772,
    "J1713+0747_basis_ecorr_all_dr2_log10_ecorr": -8.638008216511459,
    "J1713+0747_basis_ecorr_all_uwl_log10_ecorr": -9.603116304929477,
    "J1713+0747_dm_gp_gamma": 1.7926597448674269,
    "J1713+0747_dm_gp_log10_A": -13.982939691747356,
    "J1713+0747_dmexp_1_idx": 1.6748135038034868,
    "J1713+0747_dmexp_1_log10_Amp": -5.857995044258912,
    "J1713+0747_dmexp_1_log10_tau": 1.77947208892403,
    "J1713+0747_dmexp_1_t0": 54758.6711365677,
    "J1713+0747_dmexp_2_idx": 1.0947174138249631,
    "J1713+0747_dmexp_2_log10_Amp": -5.779519558428778,
    "J1713+0747_dmexp_2_log10_tau": 1.3065691374081851,
    "J1713+0747_dmexp_2_t0": 57497.3561326105,
    "J1713+0747_gp_sw_gamma": -3.0189954298245425,
    "J1713+0747_gp_sw_log10_A": -8.089053726897767,
    "J1713+0747_group_noise_UWL_sbA_gamma": 1.5111117797435403,
    "J1713+0747_group_noise_UWL_sbA_log10_A": -17.21814773932568,
    "J1713+0747_group_noise_UWL_sbE_gamma": 1.0801201197544057,
    "J1713+0747_group_noise_UWL_sbE_log10_A": -18.877010960378747,
    "J1713+0747_group_noise_UWL_sbF_gamma": 0.9949158814726377,
    "J1713+0747_group_noise_UWL_sbF_log10_A": -19.062269425968307,
    "J1713+0747_group_noise_WBCORR_10CM_gamma": 1.7978689344582184,
    "J1713+0747_group_noise_WBCORR_10CM_log10_A": -13.403596197702923,
    "J1713+0747_hf_noise_gamma": 0.13887268781250342,
    "J1713+0747_hf_noise_log10_A": -18.29809726084443,
    "J1713+0747_red_noise_gamma": 0.918685008990931,
    "J1713+0747_red_noise_log10_A": -19.199547199389055,
    "n_earth": 3.0477695633536652,
    "nmodel": -0.34026071650877326
}