{
    "J1713+0747_CASPSR_40CM_efac": 1.1703729205303826,
    "J1713+0747_CASPSR_40CM_log10_tnequad": -7.6547984861351015,
    "J1713+0747_CPSR2_20CM_efac": 0.9922061442089438,
    "J1713+0747_CPSR2_20CM_log10_tnequad": -8.752351906934942,
    "J1713+0747_CPSR2_50CM_efac": 0.9904123629189776,
    "J1713+0747_CPSR2_50CM_log10_tnequad": -6.054589661960834,
    "J1713+0747_PDFB1_10CM_efac": 1.077209845245,
    "J1713+0747_PDFB1_10CM_log10_tnequad": -8.479406953614891,
    "J1713+0747_PDFB1_20CM_efac": 0.9538207359571007,
    "J1713+0747_PDFB1_20CM_log10_tnequad": -8.68028034974578,
    "J1713+0747_PDFB1_early_10CM_efac": 0.8675317629198195,
    "J1713+0747_PDFB1_early_10CM_log10_tnequad": -6.334105747281222,
    "J1713+0747_PDFB_10CM_efac": 1.0113422418914564,
    "J1713+0747_PDFB_10CM_log10_tnequad": -7.194432775854527,
    "J1713+0747_PDFB_20CM_efac": 1.0938908354117394,
    "J1713+0747_PDFB_20CM_log10_tnequad": -7.612652185789022,
    "J1713+0747_PDFB_40CM_efac": 0.9772800698072815,
    "J1713+0747_PDFB_40CM_log10_tnequad": -8.380561808588654,
    "J1713+0747_UWL_PDFB4_20CM_efac": 0.9070579214741569,
    "J1713+0747_UWL_PDFB4_20CM_log10_tnequad": -8.540313831110396,
    "J1713+0747_UWL_sbA_efac": 1.0250736118124626,
    "J1713+0747_UWL_sbA_log10_tnequad": -8.029955175325119,
    "J1713+0747_UWL_sbB_efac": 1.0905267234931824,
    "J1713+0747_UWL_sbB_log10_tnequad": -8.258165052976777,
    "J1713+0747_UWL_sbC_efac": 1.1040559868929145,
    "J1713+0747_UWL_sbC_log10_tnequad": -8.309711707120046,
    "J1713+0747_UWL_sbD_efac": 0.9840797442206201,
    "J1713+0747_UWL_sbD_log10_tnequad": -7.2682604896805065,
    "J1713+0747_UWL_sbE_efac": 1.261722661343046,
    "J1713+0747_UWL_sbE_log10_tnequad": -8.50011454282391,
    "J1713+0747_UWL_sbF_efac": 0.9937656725201215,
    "J1713+0747_UWL_sbF_log10_tnequad": -7.1047120209441,
    "J1713+0747_UWL_sbG_efac": 0.9772485920980171,
    "J1713+0747_UWL_sbG_log10_tnequad": -8.57214266391609,
    "J1713+0747_UWL_sbH_efac": 1.0632405489928245,
    "J1713+0747_UWL_sbH_log10_tnequad": -7.54091172329769,
    "J1713+0747_WBCORR_10CM_efac": 0.9548324004705523,
    "J1713+0747_WBCORR_10CM_log10_tnequad": -8.373398781761228,
    "J1713+0747_band_noise_low_gamma": 3.0747682897942425,
    "J1713+0747_band_noise_low_log10_A": -13.833653131599732,
    "J1713+0747_basis_ecorr_10CM_log10_ecorr": -8.32106751782304,
    "J1713+0747_basis_ecorr_10CM_uwl_log10_ecorr": -8.640866678750319,
    "J1713+0747_basis_ecorr_20CM_log10_ecorr": -8.217280543024003,
    "J1713+0747_basis_ecorr_20CM_uwl_log10_ecorr": -8.84268665436139,
    "J1713+0747_basis_ecorr_40CM_log10_ecorr": -6.601728246779212,
    "J1713+0747_basis_ecorr_40CM_uwl_log10_ecorr": -8.488893456333575,
    "J1713+0747_basis_ecorr_CPSR2_20CM_log10_ecorr": -8.761459212141254,
    "J1713+0747_basis_ecorr_UWL_sbA_log10_ecorr": -7.619733662236853,
    "J1713+0747_basis_ecorr_UWL_sbE_log10_ecorr": -8.358154414330704,
    "J1713+0747_basis_ecorr_UWL_sbF_log10_ecorr": -7.246994403106051,
    "J1713+0747_basis_ecorr_WBCORR_10CM_log10_ecorr": -7.186895613778823,
    "J1713+0747_basis_ecorr_all_dr2_log10_ecorr": -7.412413314259187,
    "J1713+0747_basis_ecorr_all_uwl_log10_ecorr": -8.76206381225922,
    "J1713+0747_dm_gp_gamma": 2.0672470777405514,
    "J1713+0747_dm_gp_log10_A": -13.881709765583338,
    "J1713+0747_dmexp_1_idx": 2.037790296411938,
    "J1713+0747_dmexp_1_log10_Amp": -5.79810228010298,
    "J1713+0747_dmexp_1_log10_tau": 1.9695716083451547,
    "J1713+0747_dmexp_1_t0": 54764.48724250393,
    "J1713+0747_dmexp_2_idx": 1.3707702550487437,
    "J1713+0747_dmexp_2_log10_Amp": -5.68152894030545,
    "J1713+0747_dmexp_2_log10_tau": 1.3736113131464978,
    "J1713+0747_dmexp_2_t0": 57502.824747392944,
    "J1713+0747_gp_sw_gamma": -0.06158139173408106,
    "J1713+0747_gp_sw_log10_A": -7.404847224572037,
    "J1713+0747_group_noise_UWL_sbA_gamma": 3.56772773204222,
    "J1713+0747_group_noise_UWL_sbA_log10_A": -13.638462180146472,
    "J1713+0747_group_noise_UWL_sbE_gamma": 3.3876935936741743,
    "J1713+0747_group_noise_UWL_sbE_log10_A": -16.429898767514644,
    "J1713+0747_group_noise_UWL_sbF_gamma": 3.175842596833041,
    "J1713+0747_group_noise_UWL_sbF_log10_A": -17.0629364474052,
    "J1713+0747_group_noise_WBCORR_10CM_gamma": 2.74790787061832,
    "J1713+0747_group_noise_WBCORR_10CM_log10_A": -13.011943542517875,
    "J1713+0747_hf_noise_gamma": 0.656104976915765,
    "J1713+0747_hf_noise_log10_A": -14.467836949375378,
    "J1713+0747_red_noise_gamma": 2.941153035911689,
    "J1713+0747_red_noise_log10_A": -17.50492635029153,
    "n_earth": 3.980988240024376,
    "nmodel": -0.0004837146433324113
}