{
    "J1713+0747_CASPSR_40CM_efac": 1.1726906769173928,
    "J1713+0747_CASPSR_40CM_log10_tnequad": -7.799268438601345,
    "J1713+0747_CPSR2_20CM_efac": 0.9931785443354181,
    "J1713+0747_CPSR2_20CM_log10_tnequad": -8.750977262365176,
    "J1713+0747_CPSR2_50CM_efac": 0.9929910382222084,
    "J1713+0747_CPSR2_50CM_log10_tnequad": -6.214150611487589,
    "J1713+0747_PDFB1_10CM_efac": 1.084939936200123,
    "J1713+0747_PDFB1_10CM_log10_tnequad": -8.450608889778508,
    "J1713+0747_PDFB1_20CM_efac": 0.9565405402849944,
    "J1713+0747_PDFB1_20CM_log10_tnequad": -8.675194759088448,
    "J1713+0747_PDFB1_early_10CM_efac": 0.7874320008865191,
    "J1713+0747_PDFB1_early_10CM_log10_tnequad": -6.993095298377416,
    "J1713+0747_PDFB_10CM_efac": 1.0112830554549888,
    "J1713+0747_PDFB_10CM_log10_tnequad": -7.5624595503781835,
    "J1713+0747_PDFB_20CM_efac": 1.0937913358688252,
    "J1713+0747_PDFB_20CM_log10_tnequad": -7.900699549136038,
    "J1713+0747_PDFB_40CM_efac": 0.9771405431618149,
    "J1713+0747_PDFB_40CM_log10_tnequad": -8.360356209642685,
    "J1713+0747_UWL_PDFB4_20CM_efac": 0.9123778001561357,
    "J1713+0747_UWL_PDFB4_20CM_log10_tnequad": -8.535977977483753,
    "J1713+0747_UWL_sbA_efac": 1.0302570976732808,
    "J1713+0747_UWL_sbA_log10_tnequad": -8.028576260780746,
    "J1713+0747_UWL_sbB_efac": 1.0931055950429327,
    "J1713+0747_UWL_sbB_log10_tnequad": -8.25167005124245,
    "J1713+0747_UWL_sbC_efac": 1.1077250414084259,
    "J1713+0747_UWL_sbC_log10_tnequad": -8.309232955502782,
    "J1713+0747_UWL_sbD_efac": 0.9805702374181354,
    "J1713+0747_UWL_sbD_log10_tnequad": -7.706895664375016,
    "J1713+0747_UWL_sbE_efac": 1.2654067907151492,
    "J1713+0747_UWL_sbE_log10_tnequad": -8.512386149032313,
    "J1713+0747_UWL_sbF_efac": 0.9968178918034631,
    "J1713+0747_UWL_sbF_log10_tnequad": -7.119089751557944,
    "J1713+0747_UWL_sbG_efac": 0.9798524127180548,
    "J1713+0747_UWL_sbG_log10_tnequad": -8.574714556429436,
    "J1713+0747_UWL_sbH_efac": 1.0629986486940357,
    "J1713+0747_UWL_sbH_log10_tnequad": -7.903559121938383,
    "J1713+0747_WBCORR_10CM_efac": 0.9587358641465599,
    "J1713+0747_WBCORR_10CM_log10_tnequad": -8.369459206950381,
    "J1713+0747_band_noise_low_gamma": 3.193572376988286,
    "J1713+0747_band_noise_low_log10_A": -13.909860138901383,
    "J1713+0747_basis_ecorr_10CM_log10_ecorr": -8.389296480192126,
    "J1713+0747_basis_ecorr_10CM_uwl_log10_ecorr": -8.641902877891575,
    "J1713+0747_basis_ecorr_20CM_log10_ecorr": -8.353020269770397,
    "J1713+0747_basis_ecorr_20CM_uwl_log10_ecorr": -8.824593821501594,
    "J1713+0747_basis_ecorr_40CM_log10_ecorr": -7.033995544061875,
    "J1713+0747_basis_ecorr_40CM_uwl_log10_ecorr": -8.485517176240618,
    "J1713+0747_basis_ecorr_CPSR2_20CM_log10_ecorr": -8.747129443643336,
    "J1713+0747_basis_ecorr_UWL_sbA_log10_ecorr": -7.768446352564809,
    "J1713+0747_basis_ecorr_UWL_sbE_log10_ecorr": -8.39793757290217,
    "J1713+0747_basis_ecorr_UWL_sbF_log10_ecorr": -7.639719472315351,
    "J1713+0747_basis_ecorr_WBCORR_10CM_log10_ecorr": -7.593021839277101,
    "J1713+0747_basis_ecorr_all_dr2_log10_ecorr": -7.775915626521012,
    "J1713+0747_basis_ecorr_all_uwl_log10_ecorr": -8.753943033124647,
    "J1713+0747_dm_gp_gamma": 2.1143174635241153,
    "J1713+0747_dm_gp_log10_A": -13.900171157097853,
    "J1713+0747_dmexp_1_idx": 2.0424075803062656,
    "J1713+0747_dmexp_1_log10_Amp": -5.793979827353989,
    "J1713+0747_dmexp_1_log10_tau": 1.9681310510972632,
    "J1713+0747_dmexp_1_t0": 54762.79851048783,
    "J1713+0747_dmexp_2_idx": 1.3708320303720654,
    "J1713+0747_dmexp_2_log10_Amp": -5.677477434624457,
    "J1713+0747_dmexp_2_log10_tau": 1.3748314185697574,
    "J1713+0747_dmexp_2_t0": 57502.81275594832,
    "J1713+0747_gp_sw_gamma": -0.23824808230141378,
    "J1713+0747_gp_sw_log10_A": -7.4665267549792445,
    "J1713+0747_group_noise_UWL_sbA_gamma": 3.6170090731526767,
    "J1713+0747_group_noise_UWL_sbA_log10_A": -14.609936919290577,
    "J1713+0747_group_noise_UWL_sbE_gamma": 3.4289110885804046,
    "J1713+0747_group_noise_UWL_sbE_log10_A": -16.557331703423436,
    "J1713+0747_group_noise_UWL_sbF_gamma": 3.298296947338423,
    "J1713+0747_group_noise_UWL_sbF_log10_A": -17.034933214571478,
    "J1713+0747_group_noise_WBCORR_10CM_gamma": 3.1808722817269994,
    "J1713+0747_group_noise_WBCORR_10CM_log10_A": -13.090820540197292,
    "J1713+0747_hf_noise_gamma": 1.6526423554946488,
    "J1713+0747_hf_noise_log10_A": -15.739980883040658,
    "J1713+0747_red_noise_gamma": 3.1167491460338232,
    "J1713+0747_red_noise_log10_A": -17.39559667002243,
    "n_earth": 3.9744810349969493,
    "nmodel": -0.00018544362942629427
}