{
    "J1713+0747_CASPSR_40CM_efac": 1.2458141761821329,
    "J1713+0747_CASPSR_40CM_log10_tnequad": -6.553976118559929,
    "J1713+0747_CPSR2_20CM_efac": 1.028541867747477,
    "J1713+0747_CPSR2_20CM_log10_tnequad": -7.953137845147355,
    "J1713+0747_CPSR2_50CM_efac": 1.0626932584324034,
    "J1713+0747_CPSR2_50CM_log10_tnequad": -5.951067857228782,
    "J1713+0747_PDFB1_10CM_efac": 1.1804865749944764,
    "J1713+0747_PDFB1_10CM_log10_tnequad": -7.434257533932556,
    "J1713+0747_PDFB1_20CM_efac": 1.009866696144447,
    "J1713+0747_PDFB1_20CM_log10_tnequad": -7.813930404150979,
    "J1713+0747_PDFB1_early_10CM_efac": 1.1830496663685073,
    "J1713+0747_PDFB1_early_10CM_log10_tnequad": -6.115930192681761,
    "J1713+0747_PDFB_10CM_efac": 1.0442902826595692,
    "J1713+0747_PDFB_10CM_log10_tnequad": -7.029287512697721,
    "J1713+0747_PDFB_20CM_efac": 1.1223210740887972,
    "J1713+0747_PDFB_20CM_log10_tnequad": -7.436692336818335,
    "J1713+0747_PDFB_40CM_efac": 1.0161856196382621,
    "J1713+0747_PDFB_40CM_log10_tnequad": -7.289754630692927,
    "J1713+0747_UWL_PDFB4_20CM_efac": 0.989495083428473,
    "J1713+0747_UWL_PDFB4_20CM_log10_tnequad": -7.5728851374260495,
    "J1713+0747_UWL_sbA_efac": 1.1113798158124806,
    "J1713+0747_UWL_sbA_log10_tnequad": -6.719418621890055,
    "J1713+0747_UWL_sbB_efac": 1.155248526481618,
    "J1713+0747_UWL_sbB_log10_tnequad": -7.096386673784028,
    "J1713+0747_UWL_sbC_efac": 1.1698316732913774,
    "J1713+0747_UWL_sbC_log10_tnequad": -7.1915234757570925,
    "J1713+0747_UWL_sbD_efac": 1.0555016924843437,
    "J1713+0747_UWL_sbD_log10_tnequad": -6.937069274531876,
    "J1713+0747_UWL_sbE_efac": 1.3482859996633156,
    "J1713+0747_UWL_sbE_log10_tnequad": -7.564319822354944,
    "J1713+0747_UWL_sbF_efac": 1.059742853340495,
    "J1713+0747_UWL_sbF_log10_tnequad": -7.00080963326916,
    "J1713+0747_UWL_sbG_efac": 1.0382152417074508,
    "J1713+0747_UWL_sbG_log10_tnequad": -7.65545370534131,
    "J1713+0747_UWL_sbH_efac": 1.1270735060478416,
    "J1713+0747_UWL_sbH_log10_tnequad": -7.029269104941013,
    "J1713+0747_WBCORR_10CM_efac": 1.0249418813387616,
    "J1713+0747_WBCORR_10CM_log10_tnequad": -7.326741684947879,
    "J1713+0747_band_noise_low_gamma": 4.082684831174624,
    "J1713+0747_band_noise_low_log10_A": -13.557842618298528,
    "J1713+0747_basis_ecorr_10CM_log10_ecorr": -7.378207503376993,
    "J1713+0747_basis_ecorr_10CM_uwl_log10_ecorr": -7.730717968891079,
    "J1713+0747_basis_ecorr_20CM_log10_ecorr": -7.401112286412255,
    "J1713+0747_basis_ecorr_20CM_uwl_log10_ecorr": -8.035026447825414,
    "J1713+0747_basis_ecorr_40CM_log10_ecorr": -6.441948697584894,
    "J1713+0747_basis_ecorr_40CM_uwl_log10_ecorr": -7.474710603550498,
    "J1713+0747_basis_ecorr_CPSR2_20CM_log10_ecorr": -7.904614820933156,
    "J1713+0747_basis_ecorr_UWL_sbA_log10_ecorr": -6.459926247495848,
    "J1713+0747_basis_ecorr_UWL_sbE_log10_ecorr": -7.361847876930633,
    "J1713+0747_basis_ecorr_UWL_sbF_log10_ecorr": -7.0353183472933765,
    "J1713+0747_basis_ecorr_WBCORR_10CM_log10_ecorr": -6.490381000332014,
    "J1713+0747_basis_ecorr_all_dr2_log10_ecorr": -7.267564359961712,
    "J1713+0747_basis_ecorr_all_uwl_log10_ecorr": -7.915870458063402,
    "J1713+0747_dm_gp_gamma": 2.4245262158254395,
    "J1713+0747_dm_gp_log10_A": -13.812022319446648,
    "J1713+0747_dmexp_1_idx": 2.4120291197649095,
    "J1713+0747_dmexp_1_log10_Amp": -5.7371590497741485,
    "J1713+0747_dmexp_1_log10_tau": 2.1575280587376584,
    "J1713+0747_dmexp_1_t0": 54764.96720616103,
    "J1713+0747_dmexp_2_idx": 1.6517462265615215,
    "J1713+0747_dmexp_2_log10_Amp": -5.576829340208564,
    "J1713+0747_dmexp_2_log10_tau": 1.4429489070026211,
    "J1713+0747_dmexp_2_t0": 57508.26822481949,
    "J1713+0747_gp_sw_gamma": 2.292777468490508,
    "J1713+0747_gp_sw_log10_A": -6.649658137028218,
    "J1713+0747_group_noise_UWL_sbA_gamma": 5.827689309717387,
    "J1713+0747_group_noise_UWL_sbA_log10_A": -13.040220412621856,
    "J1713+0747_group_noise_UWL_sbE_gamma": 5.81407984669947,
    "J1713+0747_group_noise_UWL_sbE_log10_A": -14.384803159141281,
    "J1713+0747_group_noise_UWL_sbF_gamma": 5.71544143690101,
    "J1713+0747_group_noise_UWL_sbF_log10_A": -15.053220019457694,
    "J1713+0747_group_noise_WBCORR_10CM_gamma": 4.997892577711635,
    "J1713+0747_group_noise_WBCORR_10CM_log10_A": -12.780406842534996,
    "J1713+0747_hf_noise_gamma": 4.002910133302689,
    "J1713+0747_hf_noise_log10_A": -14.216899058925208,
    "J1713+0747_red_noise_gamma": 5.43628781888803,
    "J1713+0747_red_noise_log10_A": -15.568097224099855,
    "n_earth": 4.90312386009066,
    "nmodel": 0.33999885108561534
}