{
    "J1730-2304_CASPSR_40CM_efac": 1.339162735914777,
    "J1730-2304_CASPSR_40CM_log10_tnequad": -7.98684158748051,
    "J1730-2304_CPSR2_20CM_efac": 1.2617939322696217,
    "J1730-2304_CPSR2_20CM_log10_tnequad": -5.518618083069475,
    "J1730-2304_CPSR2_50CM_efac": 1.240152472840242,
    "J1730-2304_CPSR2_50CM_log10_tnequad": -7.863863634920091,
    "J1730-2304_PDFB1_20CM_efac": 1.024504105289174,
    "J1730-2304_PDFB1_20CM_log10_tnequad": -7.0515658636061875,
    "J1730-2304_PDFB1_early_20CM_efac": 0.9440353002106222,
    "J1730-2304_PDFB1_early_20CM_log10_tnequad": -7.8836788736381065,
    "J1730-2304_PDFB_10CM_efac": 1.0276952972286133,
    "J1730-2304_PDFB_10CM_log10_tnequad": -8.198068134905801,
    "J1730-2304_PDFB_20CM_efac": 1.0404659633954174,
    "J1730-2304_PDFB_20CM_log10_tnequad": -8.330468899436166,
    "J1730-2304_PDFB_40CM_efac": 1.1015761771471946,
    "J1730-2304_PDFB_40CM_log10_tnequad": -7.598965327201536,
    "J1730-2304_UWL_CASPSR_40CM_efac": 1.0615437722429446,
    "J1730-2304_UWL_CASPSR_40CM_log10_tnequad": -7.888301039432301,
    "J1730-2304_UWL_PDFB4_20CM_efac": 1.060350618798587,
    "J1730-2304_UWL_PDFB4_20CM_log10_tnequad": -8.171525254312579,
    "J1730-2304_UWL_sbA_efac": 1.301960153671242,
    "J1730-2304_UWL_sbA_log10_tnequad": -7.941755561438593,
    "J1730-2304_UWL_sbB_efac": 1.0687619855573574,
    "J1730-2304_UWL_sbB_log10_tnequad": -8.073758944144208,
    "J1730-2304_UWL_sbC_efac": 1.0012704730063178,
    "J1730-2304_UWL_sbC_log10_tnequad": -7.945129161692147,
    "J1730-2304_UWL_sbD_efac": 1.0231110242911907,
    "J1730-2304_UWL_sbD_log10_tnequad": -7.999952361146681,
    "J1730-2304_UWL_sbE_efac": 1.0205869541061945,
    "J1730-2304_UWL_sbE_log10_tnequad": -7.65772453217768,
    "J1730-2304_UWL_sbF_efac": 0.9823270587756242,
    "J1730-2304_UWL_sbF_log10_tnequad": -8.269714311611132,
    "J1730-2304_UWL_sbG_efac": 1.105361102802459,
    "J1730-2304_UWL_sbG_log10_tnequad": -8.042643982082488,
    "J1730-2304_UWL_sbH_efac": 1.1917699193879137,
    "J1730-2304_UWL_sbH_log10_tnequad": -8.04663827525892,
    "J1730-2304_WBCORR_10CM_efac": 1.395611177238489,
    "J1730-2304_WBCORR_10CM_log10_tnequad": -7.970893013890735,
    "J1730-2304_basis_ecorr_10CM_log10_ecorr": -8.234491996894263,
    "J1730-2304_basis_ecorr_10CM_uwl_log10_ecorr": -7.86852737093985,
    "J1730-2304_basis_ecorr_20CM_log10_ecorr": -8.233657660589374,
    "J1730-2304_basis_ecorr_20CM_uwl_log10_ecorr": -8.204782534517268,
    "J1730-2304_basis_ecorr_40CM_log10_ecorr": -8.175000668891006,
    "J1730-2304_basis_ecorr_40CM_uwl_log10_ecorr": -6.4265636129266746,
    "J1730-2304_basis_ecorr_all_dr2_log10_ecorr": -8.296730842136943,
    "J1730-2304_basis_ecorr_all_uwl_log10_ecorr": -8.316079621593971,
    "J1730-2304_dm_gp_gamma": 2.6325485711730288,
    "J1730-2304_dm_gp_log10_A": -13.568700755639508,
    "J1730-2304_gp_sw_gamma": -0.4467878622792032,
    "J1730-2304_gp_sw_log10_A": -7.764521970982147,
    "J1730-2304_red_noise_gamma": 2.75059392113551,
    "J1730-2304_red_noise_log10_A": -16.02338720985295,
    "n_earth": 7.5279029349743505,
    "nmodel": 2.018326033308674e-05
}