{
    "J1730-2304_CASPSR_40CM_efac": 0.10670609257920217,
    "J1730-2304_CASPSR_40CM_log10_tnequad": 1.158477203209908,
    "J1730-2304_CPSR2_20CM_efac": 0.12294969188991735,
    "J1730-2304_CPSR2_20CM_log10_tnequad": 0.08867835279029825,
    "J1730-2304_CPSR2_50CM_efac": 0.05817562769102139,
    "J1730-2304_CPSR2_50CM_log10_tnequad": 1.2266465424640751,
    "J1730-2304_PDFB1_20CM_efac": 0.11899374186384791,
    "J1730-2304_PDFB1_20CM_log10_tnequad": 1.2300675815015334,
    "J1730-2304_PDFB1_early_20CM_efac": 0.11585566002496489,
    "J1730-2304_PDFB1_early_20CM_log10_tnequad": 1.19594184289124,
    "J1730-2304_PDFB_10CM_efac": 0.0348155299879836,
    "J1730-2304_PDFB_10CM_log10_tnequad": 1.0352895819616676,
    "J1730-2304_PDFB_20CM_efac": 0.02694411116035363,
    "J1730-2304_PDFB_20CM_log10_tnequad": 0.9687696967227252,
    "J1730-2304_PDFB_40CM_efac": 0.05795108115647928,
    "J1730-2304_PDFB_40CM_log10_tnequad": 1.293101464481468,
    "J1730-2304_UWL_CASPSR_40CM_efac": 0.18942419604598768,
    "J1730-2304_UWL_CASPSR_40CM_log10_tnequad": 1.229219857816874,
    "J1730-2304_UWL_PDFB4_20CM_efac": 0.11899412757009163,
    "J1730-2304_UWL_PDFB4_20CM_log10_tnequad": 1.0578545466544658,
    "J1730-2304_UWL_sbA_efac": 0.1126845382347238,
    "J1730-2304_UWL_sbA_log10_tnequad": 1.1960825440307226,
    "J1730-2304_UWL_sbB_efac": 0.07392982480568466,
    "J1730-2304_UWL_sbB_log10_tnequad": 1.111031175726743,
    "J1730-2304_UWL_sbC_efac": 0.07158698856257753,
    "J1730-2304_UWL_sbC_log10_tnequad": 1.1758220392378043,
    "J1730-2304_UWL_sbD_efac": 0.06836050935623832,
    "J1730-2304_UWL_sbD_log10_tnequad": 1.1280240218641278,
    "J1730-2304_UWL_sbE_efac": 0.08407176696754404,
    "J1730-2304_UWL_sbE_log10_tnequad": 1.1957200923170135,
    "J1730-2304_UWL_sbF_efac": 0.05926087235699599,
    "J1730-2304_UWL_sbF_log10_tnequad": 1.004267577167307,
    "J1730-2304_UWL_sbG_efac": 0.08292416292235101,
    "J1730-2304_UWL_sbG_log10_tnequad": 1.1194756252625782,
    "J1730-2304_UWL_sbH_efac": 0.09208667192684322,
    "J1730-2304_UWL_sbH_log10_tnequad": 1.134364019355389,
    "J1730-2304_WBCORR_10CM_efac": 0.15266985561031904,
    "J1730-2304_WBCORR_10CM_log10_tnequad": 1.1743239443284155,
    "J1730-2304_basis_ecorr_10CM_log10_ecorr": 1.0269724845834822,
    "J1730-2304_basis_ecorr_10CM_uwl_log10_ecorr": 1.1660731718695232,
    "J1730-2304_basis_ecorr_20CM_log10_ecorr": 1.0146890320023632,
    "J1730-2304_basis_ecorr_20CM_uwl_log10_ecorr": 1.0289639922879885,
    "J1730-2304_basis_ecorr_40CM_log10_ecorr": 1.060614639796248,
    "J1730-2304_basis_ecorr_40CM_uwl_log10_ecorr": 0.8132505772603793,
    "J1730-2304_basis_ecorr_all_dr2_log10_ecorr": 0.9857300404939384,
    "J1730-2304_basis_ecorr_all_uwl_log10_ecorr": 0.9773215383574783,
    "J1730-2304_dm_gp_gamma": 0.6763454372613635,
    "J1730-2304_dm_gp_log10_A": 0.25561176911489125,
    "J1730-2304_gp_sw_gamma": 1.9214134904737454,
    "J1730-2304_gp_sw_log10_A": 1.108181254470109,
    "J1730-2304_red_noise_gamma": 2.1026041015392574,
    "J1730-2304_red_noise_log10_A": 2.18059814922213,
    "n_earth": 0.7612578989185816,
    "nmodel": 0.2886211721581506
}