{
    "J1730-2304_CASPSR_40CM_efac": 1.4434179814871575,
    "J1730-2304_CASPSR_40CM_log10_tnequad": -6.636339188359529,
    "J1730-2304_CPSR2_20CM_efac": 1.383565779168401,
    "J1730-2304_CPSR2_20CM_log10_tnequad": -5.432485761900269,
    "J1730-2304_CPSR2_50CM_efac": 1.2971626569195132,
    "J1730-2304_CPSR2_50CM_log10_tnequad": -6.436443889076559,
    "J1730-2304_PDFB1_20CM_efac": 1.139727038018566,
    "J1730-2304_PDFB1_20CM_log10_tnequad": -6.027997981885202,
    "J1730-2304_PDFB1_early_20CM_efac": 1.0556866863786574,
    "J1730-2304_PDFB1_early_20CM_log10_tnequad": -6.47486994301954,
    "J1730-2304_PDFB_10CM_efac": 1.0622098696930424,
    "J1730-2304_PDFB_10CM_log10_tnequad": -6.990783623413033,
    "J1730-2304_PDFB_20CM_efac": 1.067242095970288,
    "J1730-2304_PDFB_20CM_log10_tnequad": -7.208428195259053,
    "J1730-2304_PDFB_40CM_efac": 1.1549578424385856,
    "J1730-2304_PDFB_40CM_log10_tnequad": -6.101446899404063,
    "J1730-2304_UWL_CASPSR_40CM_efac": 1.2404722994143442,
    "J1730-2304_UWL_CASPSR_40CM_log10_tnequad": -6.464625054593122,
    "J1730-2304_UWL_PDFB4_20CM_efac": 1.1757923388309341,
    "J1730-2304_UWL_PDFB4_20CM_log10_tnequad": -6.946006477133631,
    "J1730-2304_UWL_sbA_efac": 1.411842712938513,
    "J1730-2304_UWL_sbA_log10_tnequad": -6.556020261258377,
    "J1730-2304_UWL_sbB_efac": 1.1415988871800498,
    "J1730-2304_UWL_sbB_log10_tnequad": -6.784940727579422,
    "J1730-2304_UWL_sbC_efac": 1.0716535916400942,
    "J1730-2304_UWL_sbC_log10_tnequad": -6.558190946245085,
    "J1730-2304_UWL_sbD_efac": 1.089682069942123,
    "J1730-2304_UWL_sbD_log10_tnequad": -6.662814466973536,
    "J1730-2304_UWL_sbE_efac": 1.1024986107895416,
    "J1730-2304_UWL_sbE_log10_tnequad": -6.365957925776327,
    "J1730-2304_UWL_sbF_efac": 1.0407224859517716,
    "J1730-2304_UWL_sbF_log10_tnequad": -7.108653597179075,
    "J1730-2304_UWL_sbG_efac": 1.1867332614855355,
    "J1730-2304_UWL_sbG_log10_tnequad": -6.727628510945879,
    "J1730-2304_UWL_sbH_efac": 1.2814308136359407,
    "J1730-2304_UWL_sbH_log10_tnequad": -6.725298047185552,
    "J1730-2304_WBCORR_10CM_efac": 1.5443359957246785,
    "J1730-2304_WBCORR_10CM_log10_tnequad": -6.613505256288098,
    "J1730-2304_basis_ecorr_10CM_log10_ecorr": -7.040778632943012,
    "J1730-2304_basis_ecorr_10CM_uwl_log10_ecorr": -6.52094374419833,
    "J1730-2304_basis_ecorr_20CM_log10_ecorr": -7.039780314315299,
    "J1730-2304_basis_ecorr_20CM_uwl_log10_ecorr": -6.99364399996937,
    "J1730-2304_basis_ecorr_40CM_log10_ecorr": -6.942824751303697,
    "J1730-2304_basis_ecorr_40CM_uwl_log10_ecorr": -6.007115362018983,
    "J1730-2304_basis_ecorr_all_dr2_log10_ecorr": -7.141625139073519,
    "J1730-2304_basis_ecorr_all_uwl_log10_ecorr": -7.178298274888681,
    "J1730-2304_dm_gp_gamma": 3.2236462920349753,
    "J1730-2304_dm_gp_log10_A": -13.352982894489946,
    "J1730-2304_gp_sw_gamma": 1.48590136637708,
    "J1730-2304_gp_sw_log10_A": -6.56308169451977,
    "J1730-2304_red_noise_gamma": 5.394845513770896,
    "J1730-2304_red_noise_log10_A": -13.315979981216254,
    "n_earth": 8.256471093154344,
    "nmodel": 0.3399458830686956
}