{
    "J1730-2304_CASPSR_40CM_efac": 1.3341542020726682,
    "J1730-2304_CASPSR_40CM_log10_tnequad": -7.993325385737771,
    "J1730-2304_CPSR2_20CM_efac": 1.259831752181668,
    "J1730-2304_CPSR2_20CM_log10_tnequad": -5.512056290063805,
    "J1730-2304_CPSR2_50CM_efac": 1.2388789386492418,
    "J1730-2304_CPSR2_50CM_log10_tnequad": -7.854013525193703,
    "J1730-2304_PDFB1_20CM_efac": 1.0307592851320966,
    "J1730-2304_PDFB1_20CM_log10_tnequad": -6.4005264269106,
    "J1730-2304_PDFB1_early_20CM_efac": 0.9367179925822773,
    "J1730-2304_PDFB1_early_20CM_log10_tnequad": -7.853492060097879,
    "J1730-2304_PDFB_10CM_efac": 1.0268372136694013,
    "J1730-2304_PDFB_10CM_log10_tnequad": -8.196448389242413,
    "J1730-2304_PDFB_20CM_efac": 1.0399564840835276,
    "J1730-2304_PDFB_20CM_log10_tnequad": -8.341625996543964,
    "J1730-2304_PDFB_40CM_efac": 1.1065297576572344,
    "J1730-2304_PDFB_40CM_log10_tnequad": -7.484153906397694,
    "J1730-2304_UWL_CASPSR_40CM_efac": 1.038752988568169,
    "J1730-2304_UWL_CASPSR_40CM_log10_tnequad": -7.899948104395002,
    "J1730-2304_UWL_PDFB4_20CM_efac": 1.050613521770797,
    "J1730-2304_UWL_PDFB4_20CM_log10_tnequad": -8.176576380076268,
    "J1730-2304_UWL_sbA_efac": 1.295359280624292,
    "J1730-2304_UWL_sbA_log10_tnequad": -7.949670653850735,
    "J1730-2304_UWL_sbB_efac": 1.0654220032287833,
    "J1730-2304_UWL_sbB_log10_tnequad": -8.081729572141025,
    "J1730-2304_UWL_sbC_efac": 0.9983058511473671,
    "J1730-2304_UWL_sbC_log10_tnequad": -7.937535172034296,
    "J1730-2304_UWL_sbD_efac": 1.0216339536529846,
    "J1730-2304_UWL_sbD_log10_tnequad": -7.980187065501993,
    "J1730-2304_UWL_sbE_efac": 1.0196878219000167,
    "J1730-2304_UWL_sbE_log10_tnequad": -7.4487468708237605,
    "J1730-2304_UWL_sbF_efac": 0.9797987192886581,
    "J1730-2304_UWL_sbF_log10_tnequad": -8.275466638672615,
    "J1730-2304_UWL_sbG_efac": 1.1010915044501717,
    "J1730-2304_UWL_sbG_log10_tnequad": -8.042348291081458,
    "J1730-2304_UWL_sbH_efac": 1.1872833511647432,
    "J1730-2304_UWL_sbH_log10_tnequad": -8.058666137963941,
    "J1730-2304_WBCORR_10CM_efac": 1.382825168892702,
    "J1730-2304_WBCORR_10CM_log10_tnequad": -7.982633180106742,
    "J1730-2304_basis_ecorr_10CM_log10_ecorr": -8.241678654934994,
    "J1730-2304_basis_ecorr_10CM_uwl_log10_ecorr": -7.781439596803832,
    "J1730-2304_basis_ecorr_20CM_log10_ecorr": -8.2284785903464,
    "J1730-2304_basis_ecorr_20CM_uwl_log10_ecorr": -8.195825702915103,
    "J1730-2304_basis_ecorr_40CM_log10_ecorr": -8.183954411673444,
    "J1730-2304_basis_ecorr_40CM_uwl_log10_ecorr": -6.154512978290116,
    "J1730-2304_basis_ecorr_all_dr2_log10_ecorr": -8.297812834873152,
    "J1730-2304_basis_ecorr_all_uwl_log10_ecorr": -8.322081416059737,
    "J1730-2304_dm_gp_gamma": 2.4984623852347196,
    "J1730-2304_dm_gp_log10_A": -13.506954554474996,
    "J1730-2304_gp_sw_gamma": -0.38300277392126136,
    "J1730-2304_gp_sw_log10_A": -7.5789643529589945,
    "J1730-2304_red_noise_gamma": 2.287317640519762,
    "J1730-2304_red_noise_log10_A": -15.977996327939039,
    "n_earth": 7.524691890023667,
    "nmodel": 9.831503732277147e-05
}