{
    "J1730-2304_CASPSR_40CM_efac": 1.2350093062119007,
    "J1730-2304_CASPSR_40CM_log10_tnequad": -9.343825962338713,
    "J1730-2304_CPSR2_20CM_efac": 1.140172256338382,
    "J1730-2304_CPSR2_20CM_log10_tnequad": -5.603990091515434,
    "J1730-2304_CPSR2_50CM_efac": 1.1832584998748763,
    "J1730-2304_CPSR2_50CM_log10_tnequad": -9.31117279946835,
    "J1730-2304_PDFB1_20CM_efac": 0.9048855947487776,
    "J1730-2304_PDFB1_20CM_log10_tnequad": -8.669255348694591,
    "J1730-2304_PDFB1_early_20CM_efac": 0.8325027110422608,
    "J1730-2304_PDFB1_early_20CM_log10_tnequad": -9.309508734974743,
    "J1730-2304_PDFB_10CM_efac": 0.9931446904381015,
    "J1730-2304_PDFB_10CM_log10_tnequad": -9.41453823959274,
    "J1730-2304_PDFB_20CM_efac": 1.0137342029285703,
    "J1730-2304_PDFB_20CM_log10_tnequad": -9.459093247875485,
    "J1730-2304_PDFB_40CM_efac": 1.0504316599638939,
    "J1730-2304_PDFB_40CM_log10_tnequad": -9.180525704075137,
    "J1730-2304_UWL_CASPSR_40CM_efac": 0.8813904089308175,
    "J1730-2304_UWL_CASPSR_40CM_log10_tnequad": -9.327846690537804,
    "J1730-2304_UWL_PDFB4_20CM_efac": 0.9445533907869018,
    "J1730-2304_UWL_PDFB4_20CM_log10_tnequad": -9.408467789490865,
    "J1730-2304_UWL_sbA_efac": 1.1916119628307074,
    "J1730-2304_UWL_sbA_log10_tnequad": -9.341297684077949,
    "J1730-2304_UWL_sbB_efac": 0.9961622840056155,
    "J1730-2304_UWL_sbB_log10_tnequad": -9.374835906866043,
    "J1730-2304_UWL_sbC_efac": 0.9310433103764719,
    "J1730-2304_UWL_sbC_log10_tnequad": -9.333283148495092,
    "J1730-2304_UWL_sbD_efac": 0.9573123328402637,
    "J1730-2304_UWL_sbD_log10_tnequad": -9.338942513878381,
    "J1730-2304_UWL_sbE_efac": 0.9386696535608646,
    "J1730-2304_UWL_sbE_log10_tnequad": -9.151463347410644,
    "J1730-2304_UWL_sbF_efac": 0.923756594462105,
    "J1730-2304_UWL_sbF_log10_tnequad": -9.444123180143666,
    "J1730-2304_UWL_sbG_efac": 1.0239250884633977,
    "J1730-2304_UWL_sbG_log10_tnequad": -9.357535962158332,
    "J1730-2304_UWL_sbH_efac": 1.1021968390884938,
    "J1730-2304_UWL_sbH_log10_tnequad": -9.370706650501115,
    "J1730-2304_WBCORR_10CM_efac": 1.2466109438812252,
    "J1730-2304_WBCORR_10CM_log10_tnequad": -9.339633615377371,
    "J1730-2304_basis_ecorr_10CM_log10_ecorr": -9.43763699388519,
    "J1730-2304_basis_ecorr_10CM_uwl_log10_ecorr": -9.289485478115859,
    "J1730-2304_basis_ecorr_20CM_log10_ecorr": -9.431990401013543,
    "J1730-2304_basis_ecorr_20CM_uwl_log10_ecorr": -9.422538808627921,
    "J1730-2304_basis_ecorr_40CM_log10_ecorr": -9.415230431473567,
    "J1730-2304_basis_ecorr_40CM_uwl_log10_ecorr": -6.517957347862315,
    "J1730-2304_basis_ecorr_all_dr2_log10_ecorr": -9.456213523356276,
    "J1730-2304_basis_ecorr_all_uwl_log10_ecorr": -9.461781889424156,
    "J1730-2304_dm_gp_gamma": 2.033809554734751,
    "J1730-2304_dm_gp_log10_A": -13.78173427461965,
    "J1730-2304_gp_sw_gamma": -2.6328168078246748,
    "J1730-2304_gp_sw_log10_A": -9.1499203762914,
    "J1730-2304_red_noise_gamma": 0.5115303185698702,
    "J1730-2304_red_noise_log10_A": -18.64966724255158,
    "n_earth": 6.794810724042974,
    "nmodel": -0.3399477852657431
}