{
    "J1744-1134_CASPSR_40CM_efac": 1.2869239077888097,
    "J1744-1134_CASPSR_40CM_log10_tnequad": -8.275068548926033,
    "J1744-1134_CPSR2_20CM_efac": 1.2069724948195508,
    "J1744-1134_CPSR2_20CM_log10_tnequad": -5.909558045013888,
    "J1744-1134_CPSR2_50CM_efac": 1.1107140216244484,
    "J1744-1134_CPSR2_50CM_log10_tnequad": -8.131547652087884,
    "J1744-1134_PDFB1_10CM_efac": 1.0364521237400506,
    "J1744-1134_PDFB1_10CM_log10_tnequad": -8.078445617412289,
    "J1744-1134_PDFB1_20CM_efac": 1.2285155895134827,
    "J1744-1134_PDFB1_20CM_log10_tnequad": -8.522419373392683,
    "J1744-1134_PDFB1_early_20CM_efac": 1.2628009275933012,
    "J1744-1134_PDFB1_early_20CM_log10_tnequad": -8.264441282509372,
    "J1744-1134_PDFB_10CM_efac": 0.9926102124293055,
    "J1744-1134_PDFB_10CM_log10_tnequad": -8.344128671786521,
    "J1744-1134_PDFB_20CM_efac": 1.0315348674151232,
    "J1744-1134_PDFB_20CM_log10_tnequad": -8.069053808349405,
    "J1744-1134_PDFB_40CM_efac": 1.091910036086832,
    "J1744-1134_PDFB_40CM_log10_tnequad": -8.446958666828245,
    "J1744-1134_UWL_CASPSR_40CM_efac": 0.8683444297030529,
    "J1744-1134_UWL_CASPSR_40CM_log10_tnequad": -7.751522079589736,
    "J1744-1134_UWL_PDFB4_20CM_efac": 0.9972267251294542,
    "J1744-1134_UWL_PDFB4_20CM_log10_tnequad": -8.614520208425933,
    "J1744-1134_UWL_sbA_efac": 1.1974682518241409,
    "J1744-1134_UWL_sbA_log10_tnequad": -8.410102250445487,
    "J1744-1134_UWL_sbB_efac": 1.1434298664745974,
    "J1744-1134_UWL_sbB_log10_tnequad": -8.525688726185843,
    "J1744-1134_UWL_sbC_efac": 1.1140872957583767,
    "J1744-1134_UWL_sbC_log10_tnequad": -8.132204969775747,
    "J1744-1134_UWL_sbD_efac": 1.1248119411225306,
    "J1744-1134_UWL_sbD_log10_tnequad": -7.7160174571433995,
    "J1744-1134_UWL_sbE_efac": 1.0915941508656384,
    "J1744-1134_UWL_sbE_log10_tnequad": -8.541040437129846,
    "J1744-1134_UWL_sbF_efac": 1.0548877924280837,
    "J1744-1134_UWL_sbF_log10_tnequad": -8.590678573234783,
    "J1744-1134_UWL_sbG_efac": 1.075403910357568,
    "J1744-1134_UWL_sbG_log10_tnequad": -8.37414272522278,
    "J1744-1134_UWL_sbH_efac": 1.1712244120947863,
    "J1744-1134_UWL_sbH_log10_tnequad": -8.301183167810374,
    "J1744-1134_WBCORR_10CM_efac": 1.2335904813206828,
    "J1744-1134_WBCORR_10CM_log10_tnequad": -8.016591354274167,
    "J1744-1134_basis_ecorr_10CM_log10_ecorr": -8.373216531529643,
    "J1744-1134_basis_ecorr_10CM_uwl_log10_ecorr": -7.458560710228898,
    "J1744-1134_basis_ecorr_20CM_log10_ecorr": -7.159312855631488,
    "J1744-1134_basis_ecorr_20CM_uwl_log10_ecorr": -8.640292366623916,
    "J1744-1134_basis_ecorr_40CM_log10_ecorr": -6.510993474700125,
    "J1744-1134_basis_ecorr_40CM_uwl_log10_ecorr": -8.563067572995969,
    "J1744-1134_basis_ecorr_all_dr2_log10_ecorr": -6.724869282872039,
    "J1744-1134_basis_ecorr_all_uwl_log10_ecorr": -6.73985308609609,
    "J1744-1134_dm_gp_gamma": 3.165828004681413,
    "J1744-1134_dm_gp_log10_A": -14.215409166617409,
    "J1744-1134_gp_sw_gamma": 1.6006866384799396,
    "J1744-1134_gp_sw_log10_A": -6.6629278199765976,
    "J1744-1134_hf_noise_gamma": 1.3941315107023526,
    "J1744-1134_hf_noise_log10_A": -13.743262335338976,
    "J1744-1134_red_noise_gamma": 2.256446996227611,
    "J1744-1134_red_noise_log10_A": -15.88951271310385,
    "n_earth": 5.054820875809047,
    "nmodel": -0.0001484211087849907
}