{
    "J1741+1351_UWL_sbB_efac": 1.6295001363677382,
    "J1741+1351_UWL_sbB_log10_tnequad": -6.647344450451765,
    "J1741+1351_UWL_sbC_efac": 1.0050018207722249,
    "J1741+1351_UWL_sbC_log10_tnequad": -6.682324442233999,
    "J1741+1351_UWL_sbD_efac": 1.3815254189478925,
    "J1741+1351_UWL_sbD_log10_tnequad": -7.016292940773669,
    "J1741+1351_UWL_sbE_efac": 1.1554843411254967,
    "J1741+1351_UWL_sbE_log10_tnequad": -6.708970136535468,
    "J1741+1351_basis_ecorr_20CM_uwl_log10_ecorr": -5.892450549511124,
    "J1741+1351_basis_ecorr_40CM_uwl_log10_ecorr": -5.81254809905481,
    "J1741+1351_basis_ecorr_all_uwl_log10_ecorr": -5.799538055338717,
    "J1741+1351_dm_gp_gamma": 5.822925271034847,
    "J1741+1351_dm_gp_log10_A": -14.132400133424118,
    "J1741+1351_gp_sw_gamma": 2.7461546107705916,
    "J1741+1351_gp_sw_log10_A": -6.013575132086626,
    "J1741+1351_red_noise_gamma": 5.880117831076118,
    "J1741+1351_red_noise_log10_A": -12.440567122575423,
    "n_earth": 16.191936378239383,
    "nmodel": 0.3399018928421048
}