{
    "J1744-1134_CASPSR_40CM_efac": 0.07795692949406,
    "J1744-1134_CASPSR_40CM_log10_tnequad": 0.9784980108132336,
    "J1744-1134_CPSR2_20CM_efac": 0.09445425096439082,
    "J1744-1134_CPSR2_20CM_log10_tnequad": 0.0375215049527594,
    "J1744-1134_CPSR2_50CM_efac": 0.06112776320725242,
    "J1744-1134_CPSR2_50CM_log10_tnequad": 1.0582094252856944,
    "J1744-1134_PDFB1_10CM_efac": 0.13179966115533961,
    "J1744-1134_PDFB1_10CM_log10_tnequad": 1.1293096409062358,
    "J1744-1134_PDFB1_20CM_efac": 0.08574894104586163,
    "J1744-1134_PDFB1_20CM_log10_tnequad": 0.8626978905118843,
    "J1744-1134_PDFB1_early_20CM_efac": 0.1436353924358216,
    "J1744-1134_PDFB1_early_20CM_log10_tnequad": 0.9982674897264929,
    "J1744-1134_PDFB_10CM_efac": 0.027836118292523956,
    "J1744-1134_PDFB_10CM_log10_tnequad": 0.9497311977659231,
    "J1744-1134_PDFB_20CM_efac": 0.02592262472182181,
    "J1744-1134_PDFB_20CM_log10_tnequad": 0.8791860853298452,
    "J1744-1134_PDFB_40CM_efac": 0.042408510527054265,
    "J1744-1134_PDFB_40CM_log10_tnequad": 0.9034514475947737,
    "J1744-1134_UWL_CASPSR_40CM_efac": 0.14890371072764613,
    "J1744-1134_UWL_CASPSR_40CM_log10_tnequad": 1.1665964704107237,
    "J1744-1134_UWL_PDFB4_20CM_efac": 0.08427639164037821,
    "J1744-1134_UWL_PDFB4_20CM_log10_tnequad": 0.8016488341693366,
    "J1744-1134_UWL_sbA_efac": 0.07233285842387849,
    "J1744-1134_UWL_sbA_log10_tnequad": 0.9328691253860769,
    "J1744-1134_UWL_sbB_efac": 0.05177049112668267,
    "J1744-1134_UWL_sbB_log10_tnequad": 0.8501907474802438,
    "J1744-1134_UWL_sbC_efac": 0.05324181125975994,
    "J1744-1134_UWL_sbC_log10_tnequad": 0.9609793160097224,
    "J1744-1134_UWL_sbD_efac": 0.05306035587614533,
    "J1744-1134_UWL_sbD_log10_tnequad": 0.8821745582602609,
    "J1744-1134_UWL_sbE_efac": 0.05581844454280681,
    "J1744-1134_UWL_sbE_log10_tnequad": 0.8476106363592487,
    "J1744-1134_UWL_sbF_efac": 0.04399482300669067,
    "J1744-1134_UWL_sbF_log10_tnequad": 0.8084933426926683,
    "J1744-1134_UWL_sbG_efac": 0.05603940944796153,
    "J1744-1134_UWL_sbG_log10_tnequad": 0.9380762136221775,
    "J1744-1134_UWL_sbH_efac": 0.04941889875054804,
    "J1744-1134_UWL_sbH_log10_tnequad": 0.9711252669394616,
    "J1744-1134_WBCORR_10CM_efac": 0.10103936243715812,
    "J1744-1134_WBCORR_10CM_log10_tnequad": 1.140208434674028,
    "J1744-1134_basis_ecorr_10CM_log10_ecorr": 0.9518048693733132,
    "J1744-1134_basis_ecorr_10CM_uwl_log10_ecorr": 1.0118210281032898,
    "J1744-1134_basis_ecorr_20CM_log10_ecorr": 1.0797449907997692,
    "J1744-1134_basis_ecorr_20CM_uwl_log10_ecorr": 0.7950719469799433,
    "J1744-1134_basis_ecorr_40CM_log10_ecorr": 0.48318157786709354,
    "J1744-1134_basis_ecorr_40CM_uwl_log10_ecorr": 0.8402356640632175,
    "J1744-1134_basis_ecorr_all_dr2_log10_ecorr": 0.9294587442983687,
    "J1744-1134_basis_ecorr_all_uwl_log10_ecorr": 0.05802704156609374,
    "J1744-1134_dm_gp_gamma": 0.7684922726829453,
    "J1744-1134_dm_gp_log10_A": 0.3009530898372049,
    "J1744-1134_gp_sw_gamma": 0.6104258026462682,
    "J1744-1134_gp_sw_log10_A": 0.22182160236097775,
    "J1744-1134_hf_noise_gamma": 1.4904581585011656,
    "J1744-1134_hf_noise_log10_A": 1.8484840521967099,
    "J1744-1134_red_noise_gamma": 1.82087214504661,
    "J1744-1134_red_noise_log10_A": 2.1077210770451824,
    "n_earth": 0.46630205435393923,
    "nmodel": 0.2886369427630555
}