{
    "J1744-1134_CASPSR_40CM_efac": 1.366308664545912,
    "J1744-1134_CASPSR_40CM_log10_tnequad": -7.138264945955854,
    "J1744-1134_CPSR2_20CM_efac": 1.302086378424124,
    "J1744-1134_CPSR2_20CM_log10_tnequad": -5.873948923175427,
    "J1744-1134_CPSR2_50CM_efac": 1.1731689294124628,
    "J1744-1134_CPSR2_50CM_log10_tnequad": -6.894052671302685,
    "J1744-1134_PDFB1_10CM_efac": 1.1734893398707151,
    "J1744-1134_PDFB1_10CM_log10_tnequad": -6.756583937604195,
    "J1744-1134_PDFB1_20CM_efac": 1.3180603901541588,
    "J1744-1134_PDFB1_20CM_log10_tnequad": -7.517229792807221,
    "J1744-1134_PDFB1_early_20CM_efac": 1.4132568686801328,
    "J1744-1134_PDFB1_early_20CM_log10_tnequad": -7.112502429953027,
    "J1744-1134_PDFB_10CM_efac": 1.0206783966846242,
    "J1744-1134_PDFB_10CM_log10_tnequad": -7.236585876154098,
    "J1744-1134_PDFB_20CM_efac": 1.0573848738632927,
    "J1744-1134_PDFB_20CM_log10_tnequad": -7.315824698241174,
    "J1744-1134_PDFB_40CM_efac": 1.1352029985665069,
    "J1744-1134_PDFB_40CM_log10_tnequad": -7.398794990009878,
    "J1744-1134_UWL_CASPSR_40CM_efac": 1.0186947707759935,
    "J1744-1134_UWL_CASPSR_40CM_log10_tnequad": -6.504879375742574,
    "J1744-1134_UWL_PDFB4_20CM_efac": 1.0858258274753338,
    "J1744-1134_UWL_PDFB4_20CM_log10_tnequad": -7.689601832391817,
    "J1744-1134_UWL_sbA_efac": 1.2716492679052103,
    "J1744-1134_UWL_sbA_log10_tnequad": -7.329983858602308,
    "J1744-1134_UWL_sbB_efac": 1.196290683058405,
    "J1744-1134_UWL_sbB_log10_tnequad": -7.538475786118478,
    "J1744-1134_UWL_sbC_efac": 1.1678053201176903,
    "J1744-1134_UWL_sbC_log10_tnequad": -7.117300067790522,
    "J1744-1134_UWL_sbD_efac": 1.1785681516961133,
    "J1744-1134_UWL_sbD_log10_tnequad": -7.207842276820281,
    "J1744-1134_UWL_sbE_efac": 1.1487671027592288,
    "J1744-1134_UWL_sbE_log10_tnequad": -7.557341285555052,
    "J1744-1134_UWL_sbF_efac": 1.0997303623810946,
    "J1744-1134_UWL_sbF_log10_tnequad": -7.646421059523133,
    "J1744-1134_UWL_sbG_efac": 1.1323108902312768,
    "J1744-1134_UWL_sbG_log10_tnequad": -7.2797125096730415,
    "J1744-1134_UWL_sbH_efac": 1.221533345044128,
    "J1744-1134_UWL_sbH_log10_tnequad": -7.164720330637922,
    "J1744-1134_WBCORR_10CM_efac": 1.3371685402352569,
    "J1744-1134_WBCORR_10CM_log10_tnequad": -6.687858799862757,
    "J1744-1134_basis_ecorr_10CM_log10_ecorr": -7.244589352161716,
    "J1744-1134_basis_ecorr_10CM_uwl_log10_ecorr": -6.865665175720512,
    "J1744-1134_basis_ecorr_20CM_log10_ecorr": -6.6629517343353415,
    "J1744-1134_basis_ecorr_20CM_uwl_log10_ecorr": -7.717345574568155,
    "J1744-1134_basis_ecorr_40CM_log10_ecorr": -6.424605314793984,
    "J1744-1134_basis_ecorr_40CM_uwl_log10_ecorr": -7.584248516818993,
    "J1744-1134_basis_ecorr_all_dr2_log10_ecorr": -6.637513153687373,
    "J1744-1134_basis_ecorr_all_uwl_log10_ecorr": -6.68477318316799,
    "J1744-1134_dm_gp_gamma": 4.019000029479502,
    "J1744-1134_dm_gp_log10_A": -13.994151536450403,
    "J1744-1134_gp_sw_gamma": 2.2724066032492756,
    "J1744-1134_gp_sw_log10_A": -6.523897616327185,
    "J1744-1134_hf_noise_gamma": 3.214852417842252,
    "J1744-1134_hf_noise_log10_A": -13.567502887766674,
    "J1744-1134_red_noise_gamma": 4.939360608532805,
    "J1744-1134_red_noise_log10_A": -13.704890179011514,
    "n_earth": 5.51103151201289,
    "nmodel": 0.3400641602844744
}