{
    "J1744-1134_CASPSR_40CM_efac": 1.2895600211068883,
    "J1744-1134_CASPSR_40CM_log10_tnequad": -8.285290561571589,
    "J1744-1134_CPSR2_20CM_efac": 1.208800632184952,
    "J1744-1134_CPSR2_20CM_log10_tnequad": -5.910866827608126,
    "J1744-1134_CPSR2_50CM_efac": 1.1128636441815574,
    "J1744-1134_CPSR2_50CM_log10_tnequad": -8.139317451490324,
    "J1744-1134_PDFB1_10CM_efac": 1.0466176167100352,
    "J1744-1134_PDFB1_10CM_log10_tnequad": -8.062932052113048,
    "J1744-1134_PDFB1_20CM_efac": 1.233058239063004,
    "J1744-1134_PDFB1_20CM_log10_tnequad": -8.513133292078935,
    "J1744-1134_PDFB1_early_20CM_efac": 1.2731833585538097,
    "J1744-1134_PDFB1_early_20CM_log10_tnequad": -8.263865885100799,
    "J1744-1134_PDFB_10CM_efac": 0.993052900742576,
    "J1744-1134_PDFB_10CM_log10_tnequad": -8.344944187726828,
    "J1744-1134_PDFB_20CM_efac": 1.0316554924721528,
    "J1744-1134_PDFB_20CM_log10_tnequad": -8.251186157378475,
    "J1744-1134_PDFB_40CM_efac": 1.0931554942977082,
    "J1744-1134_PDFB_40CM_log10_tnequad": -8.438379493845343,
    "J1744-1134_UWL_CASPSR_40CM_efac": 0.8785561677479223,
    "J1744-1134_UWL_CASPSR_40CM_log10_tnequad": -7.83913956660112,
    "J1744-1134_UWL_PDFB4_20CM_efac": 1.0024293578389039,
    "J1744-1134_UWL_PDFB4_20CM_log10_tnequad": -8.60542545523903,
    "J1744-1134_UWL_sbA_efac": 1.200682543638414,
    "J1744-1134_UWL_sbA_log10_tnequad": -8.398827762507077,
    "J1744-1134_UWL_sbB_efac": 1.1451586417297204,
    "J1744-1134_UWL_sbB_log10_tnequad": -8.522211806094655,
    "J1744-1134_UWL_sbC_efac": 1.1153095059771443,
    "J1744-1134_UWL_sbC_log10_tnequad": -8.21100771099266,
    "J1744-1134_UWL_sbD_efac": 1.126065373357289,
    "J1744-1134_UWL_sbD_log10_tnequad": -8.047786237103136,
    "J1744-1134_UWL_sbE_efac": 1.0936703372642893,
    "J1744-1134_UWL_sbE_log10_tnequad": -8.533433413607542,
    "J1744-1134_UWL_sbF_efac": 1.0563417017692653,
    "J1744-1134_UWL_sbF_log10_tnequad": -8.583755735819219,
    "J1744-1134_UWL_sbG_efac": 1.0769708534995828,
    "J1744-1134_UWL_sbG_log10_tnequad": -8.369730128727253,
    "J1744-1134_UWL_sbH_efac": 1.1725674537986555,
    "J1744-1134_UWL_sbH_log10_tnequad": -8.308130302369804,
    "J1744-1134_WBCORR_10CM_efac": 1.238451453275144,
    "J1744-1134_WBCORR_10CM_log10_tnequad": -8.0166361218895,
    "J1744-1134_basis_ecorr_10CM_log10_ecorr": -8.363321790170701,
    "J1744-1134_basis_ecorr_10CM_uwl_log10_ecorr": -7.837849636783838,
    "J1744-1134_basis_ecorr_20CM_log10_ecorr": -7.6445163618694885,
    "J1744-1134_basis_ecorr_20CM_uwl_log10_ecorr": -8.634193916125266,
    "J1744-1134_basis_ecorr_40CM_log10_ecorr": -6.625306463755179,
    "J1744-1134_basis_ecorr_40CM_uwl_log10_ecorr": -8.553443448147634,
    "J1744-1134_basis_ecorr_all_dr2_log10_ecorr": -7.21903427625821,
    "J1744-1134_basis_ecorr_all_uwl_log10_ecorr": -6.741899602778677,
    "J1744-1134_dm_gp_gamma": 3.2938605477556466,
    "J1744-1134_dm_gp_log10_A": -14.271330716108894,
    "J1744-1134_gp_sw_gamma": 1.7080577240731292,
    "J1744-1134_gp_sw_log10_A": -6.713176537811592,
    "J1744-1134_hf_noise_gamma": 1.9080556857098117,
    "J1744-1134_hf_noise_log10_A": -14.753128855751932,
    "J1744-1134_red_noise_gamma": 2.7334930900930554,
    "J1744-1134_red_noise_log10_A": -16.076491040409245,
    "n_earth": 5.055096134118436,
    "nmodel": -3.263197838015766e-05
}