{
    "J1744-1134_CASPSR_40CM_efac": 1.212198234217071,
    "J1744-1134_CASPSR_40CM_log10_tnequad": -9.442592285686173,
    "J1744-1134_CPSR2_20CM_efac": 1.115221869236823,
    "J1744-1134_CPSR2_20CM_log10_tnequad": -5.947614454803373,
    "J1744-1134_CPSR2_50CM_efac": 1.0523773111401342,
    "J1744-1134_CPSR2_50CM_log10_tnequad": -9.388374827497676,
    "J1744-1134_PDFB1_10CM_efac": 0.9194996253207688,
    "J1744-1134_PDFB1_10CM_log10_tnequad": -9.37694778782289,
    "J1744-1134_PDFB1_20CM_efac": 1.1483857545573997,
    "J1744-1134_PDFB1_20CM_log10_tnequad": -9.518912001412787,
    "J1744-1134_PDFB1_early_20CM_efac": 1.1328378307950224,
    "J1744-1134_PDFB1_early_20CM_log10_tnequad": -9.431086698172427,
    "J1744-1134_PDFB_10CM_efac": 0.9654427148173377,
    "J1744-1134_PDFB_10CM_log10_tnequad": -9.459204219827528,
    "J1744-1134_PDFB_20CM_efac": 1.0060921928217836,
    "J1744-1134_PDFB_20CM_log10_tnequad": -9.358107665923383,
    "J1744-1134_PDFB_40CM_efac": 1.0511397772898985,
    "J1744-1134_PDFB_40CM_log10_tnequad": -9.494218253786643,
    "J1744-1134_UWL_CASPSR_40CM_efac": 0.7380361305345278,
    "J1744-1134_UWL_CASPSR_40CM_log10_tnequad": -9.250936967930913,
    "J1744-1134_UWL_PDFB4_20CM_efac": 0.9193849812745816,
    "J1744-1134_UWL_PDFB4_20CM_log10_tnequad": -9.534764750500882,
    "J1744-1134_UWL_sbA_efac": 1.129426273100227,
    "J1744-1134_UWL_sbA_log10_tnequad": -9.483806020364934,
    "J1744-1134_UWL_sbB_efac": 1.0939204200349657,
    "J1744-1134_UWL_sbB_log10_tnequad": -9.519264794235276,
    "J1744-1134_UWL_sbC_efac": 1.0628764116330767,
    "J1744-1134_UWL_sbC_log10_tnequad": -9.379731998787877,
    "J1744-1134_UWL_sbD_efac": 1.0734899233439268,
    "J1744-1134_UWL_sbD_log10_tnequad": -9.180547568683036,
    "J1744-1134_UWL_sbE_efac": 1.0383647657668467,
    "J1744-1134_UWL_sbE_log10_tnequad": -9.52331058033836,
    "J1744-1134_UWL_sbF_efac": 1.0128263158101678,
    "J1744-1134_UWL_sbF_log10_tnequad": -9.525384379936419,
    "J1744-1134_UWL_sbG_efac": 1.021790503311982,
    "J1744-1134_UWL_sbG_log10_tnequad": -9.464742267438702,
    "J1744-1134_UWL_sbH_efac": 1.1238207590628575,
    "J1744-1134_UWL_sbH_log10_tnequad": -9.45505957541749,
    "J1744-1134_WBCORR_10CM_efac": 1.1393215692907983,
    "J1744-1134_WBCORR_10CM_log10_tnequad": -9.354626325016715,
    "J1744-1134_basis_ecorr_10CM_log10_ecorr": -9.47963883969376,
    "J1744-1134_basis_ecorr_10CM_uwl_log10_ecorr": -9.15050008966726,
    "J1744-1134_basis_ecorr_20CM_log10_ecorr": -9.057617268374864,
    "J1744-1134_basis_ecorr_20CM_uwl_log10_ecorr": -9.562924122941102,
    "J1744-1134_basis_ecorr_40CM_log10_ecorr": -6.657636494702183,
    "J1744-1134_basis_ecorr_40CM_uwl_log10_ecorr": -9.533277813209867,
    "J1744-1134_basis_ecorr_all_dr2_log10_ecorr": -8.288471968888214,
    "J1744-1134_basis_ecorr_all_uwl_log10_ecorr": -6.79892659355707,
    "J1744-1134_dm_gp_gamma": 2.5752693147472696,
    "J1744-1134_dm_gp_log10_A": -14.550970681355398,
    "J1744-1134_gp_sw_gamma": 1.1582300348684564,
    "J1744-1134_gp_sw_log10_A": -6.902051579134552,
    "J1744-1134_hf_noise_gamma": 0.8001250162644956,
    "J1744-1134_hf_noise_log10_A": -17.05244343929934,
    "J1744-1134_red_noise_gamma": 0.9587511991120172,
    "J1744-1134_red_noise_log10_A": -18.681742742195908,
    "n_earth": 4.597818616253719,
    "nmodel": -0.33991761008258686
}