{
    "J1741+1351_UWL_sbB_efac": 1.1496232983562824,
    "J1741+1351_UWL_sbB_log10_tnequad": -9.365789016998235,
    "J1741+1351_UWL_sbC_efac": 0.5433695343395495,
    "J1741+1351_UWL_sbC_log10_tnequad": -9.367933182033735,
    "J1741+1351_UWL_sbD_efac": 0.9765205038008317,
    "J1741+1351_UWL_sbD_log10_tnequad": -9.432724301891662,
    "J1741+1351_UWL_sbE_efac": 0.7953302240041757,
    "J1741+1351_UWL_sbE_log10_tnequad": -9.374410268879602,
    "J1741+1351_basis_ecorr_20CM_uwl_log10_ecorr": -9.052027048220987,
    "J1741+1351_basis_ecorr_40CM_uwl_log10_ecorr": -8.971236570835567,
    "J1741+1351_basis_ecorr_all_uwl_log10_ecorr": -9.199498695341589,
    "J1741+1351_dm_gp_gamma": 1.1056832473944613,
    "J1741+1351_dm_gp_log10_A": -18.882765068672462,
    "J1741+1351_gp_sw_gamma": -2.5239485879134325,
    "J1741+1351_gp_sw_log10_A": -9.232878987451558,
    "J1741+1351_red_noise_gamma": 1.1236242330582213,
    "J1741+1351_red_noise_log10_A": -18.56105651008168,
    "n_earth": 2.7218935129902126,
    "nmodel": -0.34008442590640336
}