{
    "J1741+1351_UWL_sbB_efac": 0.2536510004866296,
    "J1741+1351_UWL_sbB_log10_tnequad": 1.1691518578036797,
    "J1741+1351_UWL_sbC_efac": 0.2632306936987317,
    "J1741+1351_UWL_sbC_log10_tnequad": 1.1523894078129346,
    "J1741+1351_UWL_sbD_efac": 0.21275561231855167,
    "J1741+1351_UWL_sbD_log10_tnequad": 1.0453504600803014,
    "J1741+1351_UWL_sbE_efac": 0.21028673864714886,
    "J1741+1351_UWL_sbE_log10_tnequad": 1.15193698872404,
    "J1741+1351_basis_ecorr_20CM_uwl_log10_ecorr": 1.364246013453499,
    "J1741+1351_basis_ecorr_40CM_uwl_log10_ecorr": 1.381308545888362,
    "J1741+1351_basis_ecorr_all_uwl_log10_ecorr": 1.4437602762659976,
    "J1741+1351_dm_gp_gamma": 2.0075132853207,
    "J1741+1351_dm_gp_log10_A": 2.0339733473567305,
    "J1741+1351_gp_sw_gamma": 2.255983771561401,
    "J1741+1351_gp_sw_log10_A": 1.396138385222961,
    "J1741+1351_red_noise_gamma": 2.019925681022304,
    "J1741+1351_red_noise_log10_A": 2.5982532352001657,
    "n_earth": 5.740849546220991,
    "nmodel": 0.28866415924661903
}