{
    "J1741+1351_UWL_sbB_efac": 1.3624248048683767,
    "J1741+1351_UWL_sbB_log10_tnequad": -8.008304263027332,
    "J1741+1351_UWL_sbC_efac": 0.7313020948692541,
    "J1741+1351_UWL_sbC_log10_tnequad": -8.028343645189086,
    "J1741+1351_UWL_sbD_efac": 1.1540039026239735,
    "J1741+1351_UWL_sbD_log10_tnequad": -8.231961227483962,
    "J1741+1351_UWL_sbE_efac": 0.9569500286339965,
    "J1741+1351_UWL_sbE_log10_tnequad": -8.051508356575575,
    "J1741+1351_basis_ecorr_20CM_uwl_log10_ecorr": -7.037747567694494,
    "J1741+1351_basis_ecorr_40CM_uwl_log10_ecorr": -6.797121016002757,
    "J1741+1351_basis_ecorr_all_uwl_log10_ecorr": -7.499129676148536,
    "J1741+1351_dm_gp_gamma": 3.427365468971747,
    "J1741+1351_dm_gp_log10_A": -16.507368206230073,
    "J1741+1351_gp_sw_gamma": 0.19236239834031765,
    "J1741+1351_gp_sw_log10_A": -7.603759861367273,
    "J1741+1351_red_noise_gamma": 3.500647149018749,
    "J1741+1351_red_noise_log10_A": -15.501728780298997,
    "n_earth": 8.995590449978371,
    "nmodel": 6.6331740810395e-05
}