{
    "J1741+1351_UWL_sbB_efac": 1.3896730863866782,
    "J1741+1351_UWL_sbB_log10_tnequad": -7.997871857271379,
    "J1741+1351_UWL_sbC_efac": 0.772854289393076,
    "J1741+1351_UWL_sbC_log10_tnequad": -8.018940863221712,
    "J1741+1351_UWL_sbD_efac": 1.1793474107995285,
    "J1741+1351_UWL_sbD_log10_tnequad": -8.215815536607332,
    "J1741+1351_UWL_sbE_efac": 0.9685550677334801,
    "J1741+1351_UWL_sbE_log10_tnequad": -8.033550892354967,
    "J1741+1351_basis_ecorr_20CM_uwl_log10_ecorr": -7.326606591877744,
    "J1741+1351_basis_ecorr_40CM_uwl_log10_ecorr": -7.199123627525854,
    "J1741+1351_basis_ecorr_all_uwl_log10_ecorr": -7.499327659749113,
    "J1741+1351_dm_gp_gamma": 3.4534441881034335,
    "J1741+1351_dm_gp_log10_A": -16.497533631563,
    "J1741+1351_gp_sw_gamma": 0.13205109618498315,
    "J1741+1351_gp_sw_log10_A": -7.598982162022434,
    "J1741+1351_red_noise_gamma": 3.5015731892934454,
    "J1741+1351_red_noise_log10_A": -15.501246322662276,
    "n_earth": 9.327692640413213,
    "nmodel": -1.1012160815225166e-05
}