{
    "J1824-2452A_CASPSR_40CM_efac": 1.5213649079578058,
    "J1824-2452A_CASPSR_40CM_log10_tnequad": -6.635206606812223,
    "J1824-2452A_CPSR2_20CM_efac": 0.9969387999023188,
    "J1824-2452A_CPSR2_20CM_log10_tnequad": -6.805998381729678,
    "J1824-2452A_CPSR2_50CM_efac": 1.4784030859206319,
    "J1824-2452A_CPSR2_50CM_log10_tnequad": -6.780639029785628,
    "J1824-2452A_PDFB1_20CM_efac": 1.3107224923912044,
    "J1824-2452A_PDFB1_20CM_log10_tnequad": -5.9407484735985205,
    "J1824-2452A_PDFB_10CM_efac": 1.293862567180894,
    "J1824-2452A_PDFB_10CM_log10_tnequad": -6.615553855878468,
    "J1824-2452A_PDFB_20CM_efac": 1.0564223800035817,
    "J1824-2452A_PDFB_20CM_log10_tnequad": -7.322359276621179,
    "J1824-2452A_UWL_sbA_efac": 2.3514525132651944,
    "J1824-2452A_UWL_sbA_log10_tnequad": -5.697524090648346,
    "J1824-2452A_UWL_sbB_efac": 1.4742704232886141,
    "J1824-2452A_UWL_sbB_log10_tnequad": -7.036841543232168,
    "J1824-2452A_UWL_sbC_efac": 1.2298648703778219,
    "J1824-2452A_UWL_sbC_log10_tnequad": -6.817087005749603,
    "J1824-2452A_UWL_sbD_efac": 1.6042146214615907,
    "J1824-2452A_UWL_sbD_log10_tnequad": -6.269744714293804,
    "J1824-2452A_UWL_sbE_efac": 1.1027270521527683,
    "J1824-2452A_UWL_sbE_log10_tnequad": -6.840187795462858,
    "J1824-2452A_UWL_sbF_efac": 1.1560040339157507,
    "J1824-2452A_UWL_sbF_log10_tnequad": -6.762700974915941,
    "J1824-2452A_basis_ecorr_10CM_log10_ecorr": -6.454251601912261,
    "J1824-2452A_basis_ecorr_20CM_log10_ecorr": -6.094689845849416,
    "J1824-2452A_basis_ecorr_20CM_uwl_log10_ecorr": -6.68993861030815,
    "J1824-2452A_basis_ecorr_40CM_log10_ecorr": -5.476766719906793,
    "J1824-2452A_basis_ecorr_40CM_uwl_log10_ecorr": -6.08453149417461,
    "J1824-2452A_basis_ecorr_all_dr2_log10_ecorr": -6.040384823592247,
    "J1824-2452A_basis_ecorr_all_uwl_log10_ecorr": -6.897825522637592,
    "J1824-2452A_dm_gp_gamma": 2.823156130173437,
    "J1824-2452A_dm_gp_log10_A": -12.386840050103329,
    "J1824-2452A_gp_sw_gamma": 2.4701736942703416,
    "J1824-2452A_gp_sw_log10_A": -7.608176067779334,
    "J1824-2452A_red_noise_gamma": 5.788286304499878,
    "J1824-2452A_red_noise_log10_A": -12.892128820252461,
    "n_earth": 8.66483083298479,
    "nmodel": 0.33991352049670237
}