{
    "J1824-2452A_CASPSR_40CM_efac": 0.24545291357769689,
    "J1824-2452A_CASPSR_40CM_log10_tnequad": 1.1690410654078998,
    "J1824-2452A_CPSR2_20CM_efac": 0.09473600486029045,
    "J1824-2452A_CPSR2_20CM_log10_tnequad": 1.1028324732430446,
    "J1824-2452A_CPSR2_50CM_efac": 0.10333072019960182,
    "J1824-2452A_CPSR2_50CM_log10_tnequad": 1.1221251814844226,
    "J1824-2452A_PDFB1_20CM_efac": 0.3145462272417616,
    "J1824-2452A_PDFB1_20CM_log10_tnequad": 1.379434221123738,
    "J1824-2452A_PDFB_10CM_efac": 0.10142396044638859,
    "J1824-2452A_PDFB_10CM_log10_tnequad": 1.1716483405601252,
    "J1824-2452A_PDFB_20CM_efac": 0.03527113123811356,
    "J1824-2452A_PDFB_20CM_log10_tnequad": 0.9330453825226213,
    "J1824-2452A_UWL_sbA_efac": 0.5720282439599316,
    "J1824-2452A_UWL_sbA_log10_tnequad": 1.4225271161632933,
    "J1824-2452A_UWL_sbB_efac": 0.18238862424691832,
    "J1824-2452A_UWL_sbB_log10_tnequad": 1.0333376789417563,
    "J1824-2452A_UWL_sbC_efac": 0.1743621700596056,
    "J1824-2452A_UWL_sbC_log10_tnequad": 1.098098963104438,
    "J1824-2452A_UWL_sbD_efac": 0.40794196281813644,
    "J1824-2452A_UWL_sbD_log10_tnequad": 1.2264065533963182,
    "J1824-2452A_UWL_sbE_efac": 0.15077043775573887,
    "J1824-2452A_UWL_sbE_log10_tnequad": 1.0778720738319754,
    "J1824-2452A_UWL_sbF_efac": 0.203037281305094,
    "J1824-2452A_UWL_sbF_log10_tnequad": 1.1137980744834783,
    "J1824-2452A_basis_ecorr_10CM_log10_ecorr": 1.2070431647218949,
    "J1824-2452A_basis_ecorr_20CM_log10_ecorr": 1.2934026974518384,
    "J1824-2452A_basis_ecorr_20CM_uwl_log10_ecorr": 1.132747530142892,
    "J1824-2452A_basis_ecorr_40CM_log10_ecorr": 0.4700411924153632,
    "J1824-2452A_basis_ecorr_40CM_uwl_log10_ecorr": 1.241784391700257,
    "J1824-2452A_basis_ecorr_all_dr2_log10_ecorr": 1.028369145534897,
    "J1824-2452A_basis_ecorr_all_uwl_log10_ecorr": 1.0835569301437318,
    "J1824-2452A_dm_gp_gamma": 0.20036070641890227,
    "J1824-2452A_dm_gp_log10_A": 0.04312536877619014,
    "J1824-2452A_gp_sw_gamma": 2.1447313072116336,
    "J1824-2452A_gp_sw_log10_A": 0.8744382524805101,
    "J1824-2452A_red_noise_gamma": 0.6037489396667793,
    "J1824-2452A_red_noise_log10_A": 0.19852890326772207,
    "n_earth": 0.7375990886789032,
    "nmodel": 0.2886372412442862
}