{
    "J1824-2452A_CASPSR_40CM_efac": 1.2715761881066825,
    "J1824-2452A_CASPSR_40CM_log10_tnequad": -7.999932863190905,
    "J1824-2452A_CPSR2_20CM_efac": 0.9115741318567971,
    "J1824-2452A_CPSR2_20CM_log10_tnequad": -8.10351789759078,
    "J1824-2452A_CPSR2_50CM_efac": 1.371573425466873,
    "J1824-2452A_CPSR2_50CM_log10_tnequad": -8.094500953402871,
    "J1824-2452A_PDFB1_20CM_efac": 1.0183360586120644,
    "J1824-2452A_PDFB1_20CM_log10_tnequad": -7.578202230008592,
    "J1824-2452A_PDFB_10CM_efac": 1.203375774578561,
    "J1824-2452A_PDFB_10CM_log10_tnequad": -7.98280163759603,
    "J1824-2452A_PDFB_20CM_efac": 1.0207674596918637,
    "J1824-2452A_PDFB_20CM_log10_tnequad": -8.416169299327272,
    "J1824-2452A_UWL_sbA_efac": 1.9389575527751415,
    "J1824-2452A_UWL_sbA_log10_tnequad": -6.940081441936681,
    "J1824-2452A_UWL_sbB_efac": 1.2805012992013554,
    "J1824-2452A_UWL_sbB_log10_tnequad": -8.236716119112746,
    "J1824-2452A_UWL_sbC_efac": 1.0475330635274844,
    "J1824-2452A_UWL_sbC_log10_tnequad": -8.10295075432021,
    "J1824-2452A_UWL_sbD_efac": 1.334214425670806,
    "J1824-2452A_UWL_sbD_log10_tnequad": -7.3120568054658355,
    "J1824-2452A_UWL_sbE_efac": 0.9615034783177757,
    "J1824-2452A_UWL_sbE_log10_tnequad": -8.105824384075614,
    "J1824-2452A_UWL_sbF_efac": 0.9936481455092825,
    "J1824-2452A_UWL_sbF_log10_tnequad": -8.07517453620751,
    "J1824-2452A_basis_ecorr_10CM_log10_ecorr": -7.875111157961117,
    "J1824-2452A_basis_ecorr_20CM_log10_ecorr": -7.324871915593672,
    "J1824-2452A_basis_ecorr_20CM_uwl_log10_ecorr": -8.015427740054843,
    "J1824-2452A_basis_ecorr_40CM_log10_ecorr": -5.573481537072683,
    "J1824-2452A_basis_ecorr_40CM_uwl_log10_ecorr": -6.550174354530645,
    "J1824-2452A_basis_ecorr_all_dr2_log10_ecorr": -6.1015277846509335,
    "J1824-2452A_basis_ecorr_all_uwl_log10_ecorr": -8.155727600147157,
    "J1824-2452A_dm_gp_gamma": 2.6147372602837393,
    "J1824-2452A_dm_gp_log10_A": -12.429623075481397,
    "J1824-2452A_gp_sw_gamma": 0.12049447782787256,
    "J1824-2452A_gp_sw_log10_A": -8.632546831504447,
    "J1824-2452A_red_noise_gamma": 5.116834386227155,
    "J1824-2452A_red_noise_log10_A": -13.077256900490202,
    "n_earth": 7.9462018957214955,
    "nmodel": -6.237677919562756e-05
}