{
    "J1824-2452A_CASPSR_40CM_efac": 1.0869375020624623,
    "J1824-2452A_CASPSR_40CM_log10_tnequad": -9.352317541899515,
    "J1824-2452A_CPSR2_20CM_efac": 0.8314939955720692,
    "J1824-2452A_CPSR2_20CM_log10_tnequad": -9.389617248512634,
    "J1824-2452A_CPSR2_50CM_efac": 1.2756777104297654,
    "J1824-2452A_CPSR2_50CM_log10_tnequad": -9.391203004512839,
    "J1824-2452A_PDFB1_20CM_efac": 0.7906015420850054,
    "J1824-2452A_PDFB1_20CM_log10_tnequad": -9.220790384382571,
    "J1824-2452A_PDFB_10CM_efac": 1.1163587004517395,
    "J1824-2452A_PDFB_10CM_log10_tnequad": -9.350473771590414,
    "J1824-2452A_PDFB_20CM_efac": 0.9867273359340011,
    "J1824-2452A_PDFB_20CM_log10_tnequad": -9.488562282632852,
    "J1824-2452A_UWL_sbA_efac": 1.3855551753750857,
    "J1824-2452A_UWL_sbA_log10_tnequad": -9.016341041053389,
    "J1824-2452A_UWL_sbB_efac": 1.1215161283567352,
    "J1824-2452A_UWL_sbB_log10_tnequad": -9.433932507764919,
    "J1824-2452A_UWL_sbC_efac": 0.8987942644051391,
    "J1824-2452A_UWL_sbC_log10_tnequad": -9.39206490357964,
    "J1824-2452A_UWL_sbD_efac": 0.8840443653390033,
    "J1824-2452A_UWL_sbD_log10_tnequad": -9.124078997244736,
    "J1824-2452A_UWL_sbE_efac": 0.834356185070621,
    "J1824-2452A_UWL_sbE_log10_tnequad": -9.391441605612146,
    "J1824-2452A_UWL_sbF_efac": 0.8425396601636672,
    "J1824-2452A_UWL_sbF_log10_tnequad": -9.384911440027492,
    "J1824-2452A_basis_ecorr_10CM_log10_ecorr": -9.32207385495908,
    "J1824-2452A_basis_ecorr_20CM_log10_ecorr": -9.13939090195489,
    "J1824-2452A_basis_ecorr_20CM_uwl_log10_ecorr": -9.365419349192456,
    "J1824-2452A_basis_ecorr_40CM_log10_ecorr": -5.704466407043323,
    "J1824-2452A_basis_ecorr_40CM_uwl_log10_ecorr": -8.807402670534922,
    "J1824-2452A_basis_ecorr_all_dr2_log10_ecorr": -7.55710512084221,
    "J1824-2452A_basis_ecorr_all_uwl_log10_ecorr": -9.408265078661378,
    "J1824-2452A_dm_gp_gamma": 2.428177594222329,
    "J1824-2452A_dm_gp_log10_A": -12.47228626248973,
    "J1824-2452A_gp_sw_gamma": -2.4391663265491834,
    "J1824-2452A_gp_sw_log10_A": -9.563130247116728,
    "J1824-2452A_red_noise_gamma": 4.5751311440046,
    "J1824-2452A_red_noise_log10_A": -13.290345049547597,
    "n_earth": 7.223072118876199,
    "nmodel": -0.34005757154415617
}