{
    "J1824-2452A_CASPSR_40CM_efac": 1.3058027216729813,
    "J1824-2452A_CASPSR_40CM_log10_tnequad": -7.987539781428363,
    "J1824-2452A_CPSR2_20CM_efac": 0.9111093718965458,
    "J1824-2452A_CPSR2_20CM_log10_tnequad": -8.095908825253455,
    "J1824-2452A_CPSR2_50CM_efac": 1.376929816562247,
    "J1824-2452A_CPSR2_50CM_log10_tnequad": -8.08109263396355,
    "J1824-2452A_PDFB1_20CM_efac": 1.0384470201235174,
    "J1824-2452A_PDFB1_20CM_log10_tnequad": -7.587718765744626,
    "J1824-2452A_PDFB_10CM_efac": 1.2018599949416535,
    "J1824-2452A_PDFB_10CM_log10_tnequad": -7.977658050142612,
    "J1824-2452A_PDFB_20CM_efac": 1.021515651636721,
    "J1824-2452A_PDFB_20CM_log10_tnequad": -8.40187013122612,
    "J1824-2452A_UWL_sbA_efac": 1.862597217434016,
    "J1824-2452A_UWL_sbA_log10_tnequad": -7.222214600873487,
    "J1824-2452A_UWL_sbB_efac": 1.2983388768632897,
    "J1824-2452A_UWL_sbB_log10_tnequad": -8.227529450714034,
    "J1824-2452A_UWL_sbC_efac": 1.064122811569432,
    "J1824-2452A_UWL_sbC_log10_tnequad": -8.101111486831229,
    "J1824-2452A_UWL_sbD_efac": 1.2579816477037251,
    "J1824-2452A_UWL_sbD_log10_tnequad": -7.574037847952701,
    "J1824-2452A_UWL_sbE_efac": 0.9640327215735656,
    "J1824-2452A_UWL_sbE_log10_tnequad": -8.11589914110972,
    "J1824-2452A_UWL_sbF_efac": 0.9849541186542744,
    "J1824-2452A_UWL_sbF_log10_tnequad": -8.073645883293144,
    "J1824-2452A_basis_ecorr_10CM_log10_ecorr": -7.88914878169326,
    "J1824-2452A_basis_ecorr_20CM_log10_ecorr": -7.520075135194581,
    "J1824-2452A_basis_ecorr_20CM_uwl_log10_ecorr": -8.025549247789822,
    "J1824-2452A_basis_ecorr_40CM_log10_ecorr": -5.656231239657235,
    "J1824-2452A_basis_ecorr_40CM_uwl_log10_ecorr": -7.169496515346856,
    "J1824-2452A_basis_ecorr_all_dr2_log10_ecorr": -6.59167579881671,
    "J1824-2452A_basis_ecorr_all_uwl_log10_ecorr": -8.144143362690047,
    "J1824-2452A_dm_gp_gamma": 2.625736953873437,
    "J1824-2452A_dm_gp_log10_A": -12.429581051958912,
    "J1824-2452A_gp_sw_gamma": 0.053175962273059284,
    "J1824-2452A_gp_sw_log10_A": -8.578989055922413,
    "J1824-2452A_red_noise_gamma": 5.174099997982207,
    "J1824-2452A_red_noise_log10_A": -13.089661569551174,
    "n_earth": 7.944380673769417,
    "nmodel": -7.412355123075037e-05
}