{
    "J1832-0836_PDFB_10CM_efac": 1.0205315115528082,
    "J1832-0836_PDFB_10CM_log10_tnequad": -7.391215012164952,
    "J1832-0836_PDFB_20CM_efac": 0.9234630025623276,
    "J1832-0836_PDFB_20CM_log10_tnequad": -7.007096318619078,
    "J1832-0836_UWL_sbD_efac": 0.9868393292119485,
    "J1832-0836_UWL_sbD_log10_tnequad": -7.812958448169997,
    "J1832-0836_UWL_sbE_efac": 0.9633744640558717,
    "J1832-0836_UWL_sbE_log10_tnequad": -7.968871476071681,
    "J1832-0836_UWL_sbF_efac": 1.1519206614609296,
    "J1832-0836_UWL_sbF_log10_tnequad": -8.218168858398236,
    "J1832-0836_UWL_sbH_efac": 1.1508970978218807,
    "J1832-0836_UWL_sbH_log10_tnequad": -7.990952743210865,
    "J1832-0836_basis_ecorr_10CM_log10_ecorr": -8.15101623394165,
    "J1832-0836_basis_ecorr_10CM_uwl_log10_ecorr": -8.073914560576194,
    "J1832-0836_basis_ecorr_20CM_log10_ecorr": -8.283567702177876,
    "J1832-0836_basis_ecorr_20CM_uwl_log10_ecorr": -8.283227261077483,
    "J1832-0836_basis_ecorr_all_dr2_log10_ecorr": -8.301351975172848,
    "J1832-0836_basis_ecorr_all_uwl_log10_ecorr": -8.32408188229314,
    "J1832-0836_dm_gp_gamma": 4.475628841128019,
    "J1832-0836_dm_gp_log10_A": -13.451609019843339,
    "J1832-0836_gp_sw_gamma": 0.815057720299261,
    "J1832-0836_gp_sw_log10_A": -8.06465516431344,
    "J1832-0836_red_noise_gamma": 3.161984226771505,
    "J1832-0836_red_noise_log10_A": -16.918239869296883,
    "n_earth": 2.1447544326677788,
    "nmodel": 0.00029259671786635577
}