{
    "J1832-0836_PDFB_10CM_efac": 0.9706921308902858,
    "J1832-0836_PDFB_10CM_log10_tnequad": -7.56819104194408,
    "J1832-0836_PDFB_20CM_efac": 0.8904106362416696,
    "J1832-0836_PDFB_20CM_log10_tnequad": -7.426950709144566,
    "J1832-0836_UWL_sbD_efac": 0.9680767173100244,
    "J1832-0836_UWL_sbD_log10_tnequad": -7.848619732319434,
    "J1832-0836_UWL_sbE_efac": 0.9561238451232729,
    "J1832-0836_UWL_sbE_log10_tnequad": -7.983165077806659,
    "J1832-0836_UWL_sbF_efac": 1.1597393691661508,
    "J1832-0836_UWL_sbF_log10_tnequad": -8.206851628879976,
    "J1832-0836_UWL_sbH_efac": 1.15694307601169,
    "J1832-0836_UWL_sbH_log10_tnequad": -7.991628639533973,
    "J1832-0836_basis_ecorr_10CM_log10_ecorr": -8.144062510486712,
    "J1832-0836_basis_ecorr_10CM_uwl_log10_ecorr": -8.070839728297672,
    "J1832-0836_basis_ecorr_20CM_log10_ecorr": -8.27485932532935,
    "J1832-0836_basis_ecorr_20CM_uwl_log10_ecorr": -8.273617300989033,
    "J1832-0836_basis_ecorr_all_dr2_log10_ecorr": -8.293728142517223,
    "J1832-0836_basis_ecorr_all_uwl_log10_ecorr": -8.310168795539571,
    "J1832-0836_dm_gp_gamma": 4.554163384619453,
    "J1832-0836_dm_gp_log10_A": -13.482524374602951,
    "J1832-0836_gp_sw_gamma": 0.5146291972854098,
    "J1832-0836_gp_sw_log10_A": -8.036460214261359,
    "J1832-0836_red_noise_gamma": 3.272319479215712,
    "J1832-0836_red_noise_log10_A": -16.8757983248294,
    "n_earth": 2.6881584847857125,
    "nmodel": 0.00016007504577032625
}