{
    "J1832-0836_PDFB_10CM_efac": 0.28202708342533706,
    "J1832-0836_PDFB_10CM_log10_tnequad": 1.2819445979902226,
    "J1832-0836_PDFB_20CM_efac": 0.13484097519186566,
    "J1832-0836_PDFB_20CM_log10_tnequad": 1.2446602984958124,
    "J1832-0836_UWL_sbD_efac": 0.19982001632002772,
    "J1832-0836_UWL_sbD_log10_tnequad": 1.210366503838563,
    "J1832-0836_UWL_sbE_efac": 0.15390925495551017,
    "J1832-0836_UWL_sbE_log10_tnequad": 1.154959995971349,
    "J1832-0836_UWL_sbF_efac": 0.13112347491159493,
    "J1832-0836_UWL_sbF_log10_tnequad": 1.0469471771789212,
    "J1832-0836_UWL_sbH_efac": 0.2310609584875292,
    "J1832-0836_UWL_sbH_log10_tnequad": 1.1580825411894964,
    "J1832-0836_basis_ecorr_10CM_log10_ecorr": 1.079412639792835,
    "J1832-0836_basis_ecorr_10CM_uwl_log10_ecorr": 1.1180378475572152,
    "J1832-0836_basis_ecorr_20CM_log10_ecorr": 1.0056549825552326,
    "J1832-0836_basis_ecorr_20CM_uwl_log10_ecorr": 1.0087406737099487,
    "J1832-0836_basis_ecorr_all_dr2_log10_ecorr": 0.9930732816826909,
    "J1832-0836_basis_ecorr_all_uwl_log10_ecorr": 0.9888545832086043,
    "J1832-0836_dm_gp_gamma": 1.0721069564446661,
    "J1832-0836_dm_gp_log10_A": 0.3441790096997536,
    "J1832-0836_gp_sw_gamma": 2.194238617740904,
    "J1832-0836_gp_sw_log10_A": 1.1593404511201773,
    "J1832-0836_red_noise_gamma": 1.9955672501365787,
    "J1832-0836_red_noise_log10_A": 1.8496558999113577,
    "n_earth": 2.2253848017119124,
    "nmodel": 0.28863859619660337
}