{
    "J1832-0836_PDFB_10CM_efac": 1.2036401116806776,
    "J1832-0836_PDFB_10CM_log10_tnequad": -6.134893134416984,
    "J1832-0836_PDFB_20CM_efac": 0.9988270512364126,
    "J1832-0836_PDFB_20CM_log10_tnequad": -6.202273115693715,
    "J1832-0836_UWL_sbD_efac": 1.1319965707679929,
    "J1832-0836_UWL_sbD_log10_tnequad": -6.408219896246221,
    "J1832-0836_UWL_sbE_efac": 1.0861364253456225,
    "J1832-0836_UWL_sbE_log10_tnequad": -6.61682592809225,
    "J1832-0836_UWL_sbF_efac": 1.284713260712491,
    "J1832-0836_UWL_sbF_log10_tnequad": -6.9958977751776965,
    "J1832-0836_UWL_sbH_efac": 1.3631735443909179,
    "J1832-0836_UWL_sbH_log10_tnequad": -6.625597078016891,
    "J1832-0836_basis_ecorr_10CM_log10_ecorr": -6.890870848057592,
    "J1832-0836_basis_ecorr_10CM_uwl_log10_ecorr": -6.7684472603189,
    "J1832-0836_basis_ecorr_20CM_log10_ecorr": -7.108543190703046,
    "J1832-0836_basis_ecorr_20CM_uwl_log10_ecorr": -7.11013387117546,
    "J1832-0836_basis_ecorr_all_dr2_log10_ecorr": -7.142180632838039,
    "J1832-0836_basis_ecorr_all_uwl_log10_ecorr": -7.170233313105594,
    "J1832-0836_dm_gp_gamma": 5.740613364064096,
    "J1832-0836_dm_gp_log10_A": -13.122636968130365,
    "J1832-0836_gp_sw_gamma": 2.9127025504867157,
    "J1832-0836_gp_sw_log10_A": -6.707648500994939,
    "J1832-0836_red_noise_gamma": 5.649098234673415,
    "J1832-0836_red_noise_log10_A": -14.78626666943465,
    "n_earth": 4.823792035652362,
    "nmodel": 0.3400564216050747
}