{
    "J1832-0836_PDFB_10CM_efac": 0.739265358771026,
    "J1832-0836_PDFB_10CM_log10_tnequad": -9.16527781551519,
    "J1832-0836_PDFB_20CM_efac": 0.7743927630058675,
    "J1832-0836_PDFB_20CM_log10_tnequad": -9.037611443442447,
    "J1832-0836_UWL_sbD_efac": 0.8352413554208974,
    "J1832-0836_UWL_sbD_log10_tnequad": -9.296560618602827,
    "J1832-0836_UWL_sbE_efac": 0.8454828708188705,
    "J1832-0836_UWL_sbE_log10_tnequad": -9.35444436932297,
    "J1832-0836_UWL_sbF_efac": 1.03658664779719,
    "J1832-0836_UWL_sbF_log10_tnequad": -9.430159205266827,
    "J1832-0836_UWL_sbH_efac": 0.9675086918594109,
    "J1832-0836_UWL_sbH_log10_tnequad": -9.356323536823888,
    "J1832-0836_basis_ecorr_10CM_log10_ecorr": -9.407977311390601,
    "J1832-0836_basis_ecorr_10CM_uwl_log10_ecorr": -9.384100849565892,
    "J1832-0836_basis_ecorr_20CM_log10_ecorr": -9.451325922589728,
    "J1832-0836_basis_ecorr_20CM_uwl_log10_ecorr": -9.452937996548327,
    "J1832-0836_basis_ecorr_all_dr2_log10_ecorr": -9.45631049237554,
    "J1832-0836_basis_ecorr_all_uwl_log10_ecorr": -9.463289163020434,
    "J1832-0836_dm_gp_gamma": 3.4224343830042936,
    "J1832-0836_dm_gp_log10_A": -13.853531354025089,
    "J1832-0836_gp_sw_gamma": -2.116973005008062,
    "J1832-0836_gp_sw_log10_A": -9.380802965285259,
    "J1832-0836_red_noise_gamma": 0.9782130930974865,
    "J1832-0836_red_noise_log10_A": -19.014265335073684,
    "n_earth": 0.5994729653141216,
    "nmodel": -0.3397572671527306
}