{
    "J1857+0943_CASPSR_40CM_efac": 0.9584647011806645,
    "J1857+0943_CASPSR_40CM_log10_tnequad": -8.063768127355798,
    "J1857+0943_CPSR2_20CM_efac": 0.9614747741836586,
    "J1857+0943_CPSR2_20CM_log10_tnequad": -5.871136100974049,
    "J1857+0943_CPSR2_50CM_efac": 1.037492997323071,
    "J1857+0943_CPSR2_50CM_log10_tnequad": -7.916954821538298,
    "J1857+0943_PDFB1_20CM_efac": 1.0336837843356996,
    "J1857+0943_PDFB1_20CM_log10_tnequad": -6.964884260424489,
    "J1857+0943_PDFB_10CM_efac": 1.1061860347239514,
    "J1857+0943_PDFB_10CM_log10_tnequad": -8.023507641600554,
    "J1857+0943_PDFB_20CM_efac": 1.0450825900723044,
    "J1857+0943_PDFB_20CM_log10_tnequad": -8.291788884763001,
    "J1857+0943_PDFB_40CM_efac": 1.077818025343958,
    "J1857+0943_PDFB_40CM_log10_tnequad": -7.983999164305114,
    "J1857+0943_UWL_sbA_efac": 1.147834268259054,
    "J1857+0943_UWL_sbA_log10_tnequad": -7.83818233566336,
    "J1857+0943_UWL_sbB_efac": 1.0827845252751185,
    "J1857+0943_UWL_sbB_log10_tnequad": -7.900323804608636,
    "J1857+0943_UWL_sbC_efac": 1.2401472894395267,
    "J1857+0943_UWL_sbC_log10_tnequad": -7.894452827112021,
    "J1857+0943_UWL_sbD_efac": 0.8678133109403949,
    "J1857+0943_UWL_sbD_log10_tnequad": -8.060269639321445,
    "J1857+0943_UWL_sbE_efac": 1.1638694591366532,
    "J1857+0943_UWL_sbE_log10_tnequad": -7.953604296284315,
    "J1857+0943_UWL_sbF_efac": 0.8573182468370107,
    "J1857+0943_UWL_sbF_log10_tnequad": -7.69592343037115,
    "J1857+0943_UWL_sbG_efac": 1.1306859625055397,
    "J1857+0943_UWL_sbG_log10_tnequad": -8.137728114220312,
    "J1857+0943_UWL_sbH_efac": 1.1132520011806268,
    "J1857+0943_UWL_sbH_log10_tnequad": -8.220844853926451,
    "J1857+0943_WBCORR_10CM_efac": 0.9444320693842954,
    "J1857+0943_WBCORR_10CM_log10_tnequad": -7.8889847425507975,
    "J1857+0943_basis_ecorr_10CM_log10_ecorr": -7.913557720765347,
    "J1857+0943_basis_ecorr_10CM_uwl_log10_ecorr": -8.226513025097464,
    "J1857+0943_basis_ecorr_20CM_log10_ecorr": -7.327809718891288,
    "J1857+0943_basis_ecorr_20CM_uwl_log10_ecorr": -8.369854603338238,
    "J1857+0943_basis_ecorr_40CM_log10_ecorr": -8.189241314282231,
    "J1857+0943_basis_ecorr_40CM_uwl_log10_ecorr": -8.134682812478925,
    "J1857+0943_basis_ecorr_all_dr2_log10_ecorr": -7.3110789219108,
    "J1857+0943_basis_ecorr_all_uwl_log10_ecorr": -8.246417707376544,
    "J1857+0943_dm_gp_gamma": 2.375015543612554,
    "J1857+0943_dm_gp_log10_A": -13.31979201606443,
    "J1857+0943_gp_sw_gamma": 0.17592918445080402,
    "J1857+0943_gp_sw_log10_A": -8.423187646388017,
    "J1857+0943_red_noise_gamma": 4.9012177528529,
    "J1857+0943_red_noise_log10_A": -14.718773776027879,
    "n_earth": 7.970335000709246,
    "nmodel": 2.6670686096658125e-05
}