{
    "J1857+0943_CASPSR_40CM_efac": 0.07529856050116768,
    "J1857+0943_CASPSR_40CM_log10_tnequad": 1.1241788581252299,
    "J1857+0943_CPSR2_20CM_efac": 0.07566673751576788,
    "J1857+0943_CPSR2_20CM_log10_tnequad": 0.21181191513619463,
    "J1857+0943_CPSR2_50CM_efac": 0.058015460457636996,
    "J1857+0943_CPSR2_50CM_log10_tnequad": 1.208588762954928,
    "J1857+0943_PDFB1_20CM_efac": 0.1291616739640714,
    "J1857+0943_PDFB1_20CM_log10_tnequad": 1.3167390466752131,
    "J1857+0943_PDFB_10CM_efac": 0.04723298518557172,
    "J1857+0943_PDFB_10CM_log10_tnequad": 1.1281160933071506,
    "J1857+0943_PDFB_20CM_efac": 0.030537517370204235,
    "J1857+0943_PDFB_20CM_log10_tnequad": 0.9967964207655002,
    "J1857+0943_PDFB_40CM_efac": 0.042875363526098186,
    "J1857+0943_PDFB_40CM_log10_tnequad": 1.1677225666177238,
    "J1857+0943_UWL_sbA_efac": 0.11901434051686369,
    "J1857+0943_UWL_sbA_log10_tnequad": 1.2736559920089885,
    "J1857+0943_UWL_sbB_efac": 0.08956259048754274,
    "J1857+0943_UWL_sbB_log10_tnequad": 1.213523260163995,
    "J1857+0943_UWL_sbC_efac": 0.10660195375891066,
    "J1857+0943_UWL_sbC_log10_tnequad": 1.221852702428431,
    "J1857+0943_UWL_sbD_efac": 0.07467144314492108,
    "J1857+0943_UWL_sbD_log10_tnequad": 1.1128598496521065,
    "J1857+0943_UWL_sbE_efac": 0.08895683864914578,
    "J1857+0943_UWL_sbE_log10_tnequad": 1.1510576391116225,
    "J1857+0943_UWL_sbF_efac": 0.07776618818997516,
    "J1857+0943_UWL_sbF_log10_tnequad": 1.1705541219770113,
    "J1857+0943_UWL_sbG_efac": 0.1077983249311665,
    "J1857+0943_UWL_sbG_log10_tnequad": 1.0762848654884312,
    "J1857+0943_UWL_sbH_efac": 0.10682716690197848,
    "J1857+0943_UWL_sbH_log10_tnequad": 1.0426955378635556,
    "J1857+0943_WBCORR_10CM_efac": 0.16623064698276985,
    "J1857+0943_WBCORR_10CM_log10_tnequad": 1.2317618605803462,
    "J1857+0943_basis_ecorr_10CM_log10_ecorr": 1.1535729222606053,
    "J1857+0943_basis_ecorr_10CM_uwl_log10_ecorr": 1.0323717364009426,
    "J1857+0943_basis_ecorr_20CM_log10_ecorr": 1.1705287038357286,
    "J1857+0943_basis_ecorr_20CM_uwl_log10_ecorr": 0.9591646293703264,
    "J1857+0943_basis_ecorr_40CM_log10_ecorr": 1.0632026129641645,
    "J1857+0943_basis_ecorr_40CM_uwl_log10_ecorr": 1.093609405460628,
    "J1857+0943_basis_ecorr_all_dr2_log10_ecorr": 1.165435837373194,
    "J1857+0943_basis_ecorr_all_uwl_log10_ecorr": 1.0125692867677571,
    "J1857+0943_dm_gp_gamma": 0.44438061835373843,
    "J1857+0943_dm_gp_log10_A": 0.1336799421801335,
    "J1857+0943_gp_sw_gamma": 2.174087391125814,
    "J1857+0943_gp_sw_log10_A": 0.9791445392031655,
    "J1857+0943_red_noise_gamma": 1.326277013169913,
    "J1857+0943_red_noise_log10_A": 0.7397509407257856,
    "n_earth": 4.144137896943311,
    "nmodel": 0.28871269169849434
}