{
    "J1857+0943_CASPSR_40CM_efac": 0.8888387664014603,
    "J1857+0943_CASPSR_40CM_log10_tnequad": -9.374331254844636,
    "J1857+0943_CPSR2_20CM_efac": 0.8895636149510135,
    "J1857+0943_CPSR2_20CM_log10_tnequad": -5.981908739300444,
    "J1857+0943_CPSR2_50CM_efac": 0.982607673549485,
    "J1857+0943_CPSR2_50CM_log10_tnequad": -9.325844338935006,
    "J1857+0943_PDFB1_20CM_efac": 0.9003717627930422,
    "J1857+0943_PDFB1_20CM_log10_tnequad": -9.011525282179065,
    "J1857+0943_PDFB_10CM_efac": 1.06089925331253,
    "J1857+0943_PDFB_10CM_log10_tnequad": -9.361859454989977,
    "J1857+0943_PDFB_20CM_efac": 1.0151767568893337,
    "J1857+0943_PDFB_20CM_log10_tnequad": -9.451393878751876,
    "J1857+0943_PDFB_40CM_efac": 1.036675447810543,
    "J1857+0943_PDFB_40CM_log10_tnequad": -9.347232052744534,
    "J1857+0943_UWL_sbA_efac": 1.0413301790451095,
    "J1857+0943_UWL_sbA_log10_tnequad": -9.308084075400387,
    "J1857+0943_UWL_sbB_efac": 1.0001698317361107,
    "J1857+0943_UWL_sbB_log10_tnequad": -9.323903964190192,
    "J1857+0943_UWL_sbC_efac": 1.1433622399808658,
    "J1857+0943_UWL_sbC_log10_tnequad": -9.319336504996734,
    "J1857+0943_UWL_sbD_efac": 0.7990237243009837,
    "J1857+0943_UWL_sbD_log10_tnequad": -9.366673025064097,
    "J1857+0943_UWL_sbE_efac": 1.0810907832674774,
    "J1857+0943_UWL_sbE_log10_tnequad": -9.339082795315887,
    "J1857+0943_UWL_sbF_efac": 0.7833329839401685,
    "J1857+0943_UWL_sbF_log10_tnequad": -9.25227471579837,
    "J1857+0943_UWL_sbG_efac": 1.0327268067577287,
    "J1857+0943_UWL_sbG_log10_tnequad": -9.398492601281015,
    "J1857+0943_UWL_sbH_efac": 1.0162148141452323,
    "J1857+0943_UWL_sbH_log10_tnequad": -9.424550447361934,
    "J1857+0943_WBCORR_10CM_efac": 0.8066951883952248,
    "J1857+0943_WBCORR_10CM_log10_tnequad": -9.319341809952993,
    "J1857+0943_basis_ecorr_10CM_log10_ecorr": -9.330700277178844,
    "J1857+0943_basis_ecorr_10CM_uwl_log10_ecorr": -9.428661778665905,
    "J1857+0943_basis_ecorr_20CM_log10_ecorr": -9.138712689637106,
    "J1857+0943_basis_ecorr_20CM_uwl_log10_ecorr": -9.47988901289465,
    "J1857+0943_basis_ecorr_40CM_log10_ecorr": -9.421066903237412,
    "J1857+0943_basis_ecorr_40CM_uwl_log10_ecorr": -9.402240531404615,
    "J1857+0943_basis_ecorr_all_dr2_log10_ecorr": -9.138189057017808,
    "J1857+0943_basis_ecorr_all_uwl_log10_ecorr": -9.437640555218316,
    "J1857+0943_dm_gp_gamma": 1.9948636190226137,
    "J1857+0943_dm_gp_log10_A": -13.462975390797242,
    "J1857+0943_gp_sw_gamma": -2.449537858900422,
    "J1857+0943_gp_sw_log10_A": -9.49485091023749,
    "J1857+0943_red_noise_gamma": 3.343894523423333,
    "J1857+0943_red_noise_log10_A": -15.52759844939801,
    "n_earth": 3.761721306563954,
    "nmodel": -0.34012439204634226
}