{
    "J1857+0943_CASPSR_40CM_efac": 0.9630396781803774,
    "J1857+0943_CASPSR_40CM_log10_tnequad": -8.059854997035075,
    "J1857+0943_CPSR2_20CM_efac": 0.9637464209124736,
    "J1857+0943_CPSR2_20CM_log10_tnequad": -5.89180026673259,
    "J1857+0943_CPSR2_50CM_efac": 1.0395944843015408,
    "J1857+0943_CPSR2_50CM_log10_tnequad": -7.910582692399158,
    "J1857+0943_PDFB1_20CM_efac": 1.0203941164632153,
    "J1857+0943_PDFB1_20CM_log10_tnequad": -7.329142395433642,
    "J1857+0943_PDFB_10CM_efac": 1.1074507079103155,
    "J1857+0943_PDFB_10CM_log10_tnequad": -8.02986580068473,
    "J1857+0943_PDFB_20CM_efac": 1.045537886599078,
    "J1857+0943_PDFB_20CM_log10_tnequad": -8.284896298720701,
    "J1857+0943_PDFB_40CM_efac": 1.078855729750468,
    "J1857+0943_PDFB_40CM_log10_tnequad": -7.980554402862537,
    "J1857+0943_UWL_sbA_efac": 1.154508275916763,
    "J1857+0943_UWL_sbA_log10_tnequad": -7.821137321389267,
    "J1857+0943_UWL_sbB_efac": 1.0867824696116075,
    "J1857+0943_UWL_sbB_log10_tnequad": -7.899127606409872,
    "J1857+0943_UWL_sbC_efac": 1.245903981547725,
    "J1857+0943_UWL_sbC_log10_tnequad": -7.888875205945149,
    "J1857+0943_UWL_sbD_efac": 0.8717560417135596,
    "J1857+0943_UWL_sbD_log10_tnequad": -8.06074369215495,
    "J1857+0943_UWL_sbE_efac": 1.1677862399190133,
    "J1857+0943_UWL_sbE_log10_tnequad": -7.97324216608854,
    "J1857+0943_UWL_sbF_efac": 0.8566884449649291,
    "J1857+0943_UWL_sbF_log10_tnequad": -7.815044197887915,
    "J1857+0943_UWL_sbG_efac": 1.1384768211019551,
    "J1857+0943_UWL_sbG_log10_tnequad": -8.135214700093059,
    "J1857+0943_UWL_sbH_efac": 1.1210020570493404,
    "J1857+0943_UWL_sbH_log10_tnequad": -8.208248564252708,
    "J1857+0943_WBCORR_10CM_efac": 0.9631053907480623,
    "J1857+0943_WBCORR_10CM_log10_tnequad": -7.8799087227465625,
    "J1857+0943_basis_ecorr_10CM_log10_ecorr": -7.948565725591083,
    "J1857+0943_basis_ecorr_10CM_uwl_log10_ecorr": -8.220380223565073,
    "J1857+0943_basis_ecorr_20CM_log10_ecorr": -7.639804896803676,
    "J1857+0943_basis_ecorr_20CM_uwl_log10_ecorr": -8.360220553360177,
    "J1857+0943_basis_ecorr_40CM_log10_ecorr": -8.178033279362047,
    "J1857+0943_basis_ecorr_40CM_uwl_log10_ecorr": -8.12423931260537,
    "J1857+0943_basis_ecorr_all_dr2_log10_ecorr": -7.641957410789041,
    "J1857+0943_basis_ecorr_all_uwl_log10_ecorr": -8.24607926258081,
    "J1857+0943_dm_gp_gamma": 2.4231152356628707,
    "J1857+0943_dm_gp_log10_A": -13.33608097787361,
    "J1857+0943_gp_sw_gamma": 0.09328059782902948,
    "J1857+0943_gp_sw_log10_A": -8.37999496191684,
    "J1857+0943_red_noise_gamma": 4.8211277564962645,
    "J1857+0943_red_noise_log10_A": -14.709460834863892,
    "n_earth": 8.15166302613365,
    "nmodel": -1.8946316267873135e-05
}