{
    "J1857+0943_CASPSR_40CM_efac": 1.036894497598493,
    "J1857+0943_CASPSR_40CM_log10_tnequad": -6.761306501110832,
    "J1857+0943_CPSR2_20CM_efac": 1.0377259397408385,
    "J1857+0943_CPSR2_20CM_log10_tnequad": -5.777309726491786,
    "J1857+0943_CPSR2_50CM_efac": 1.0966742468919668,
    "J1857+0943_CPSR2_50CM_log10_tnequad": -6.50865354956673,
    "J1857+0943_PDFB1_20CM_efac": 1.1387121341099764,
    "J1857+0943_PDFB1_20CM_log10_tnequad": -5.9832716224603235,
    "J1857+0943_PDFB_10CM_efac": 1.1540391927907154,
    "J1857+0943_PDFB_10CM_log10_tnequad": -6.708688831896162,
    "J1857+0943_PDFB_20CM_efac": 1.075960588365287,
    "J1857+0943_PDFB_20CM_log10_tnequad": -7.12763241930043,
    "J1857+0943_PDFB_40CM_efac": 1.1211371519427307,
    "J1857+0943_PDFB_40CM_log10_tnequad": -6.6282897340667315,
    "J1857+0943_UWL_sbA_efac": 1.2690490473344205,
    "J1857+0943_UWL_sbA_log10_tnequad": -6.339377925596316,
    "J1857+0943_UWL_sbB_efac": 1.174048979049427,
    "J1857+0943_UWL_sbB_log10_tnequad": -6.484059803779481,
    "J1857+0943_UWL_sbC_efac": 1.3495056037964648,
    "J1857+0943_UWL_sbC_log10_tnequad": -6.476967262622484,
    "J1857+0943_UWL_sbD_efac": 0.9447858270000025,
    "J1857+0943_UWL_sbD_log10_tnequad": -6.7590299890902905,
    "J1857+0943_UWL_sbE_efac": 1.254485294834942,
    "J1857+0943_UWL_sbE_log10_tnequad": -6.6141730028898325,
    "J1857+0943_UWL_sbF_efac": 0.9312595663414781,
    "J1857+0943_UWL_sbF_log10_tnequad": -6.484510201889955,
    "J1857+0943_UWL_sbG_efac": 1.2434903110380315,
    "J1857+0943_UWL_sbG_log10_tnequad": -6.877767547167801,
    "J1857+0943_UWL_sbH_efac": 1.225470526105465,
    "J1857+0943_UWL_sbH_log10_tnequad": -7.002352563654262,
    "J1857+0943_WBCORR_10CM_efac": 1.1193266699715905,
    "J1857+0943_WBCORR_10CM_log10_tnequad": -6.448974092179062,
    "J1857+0943_basis_ecorr_10CM_log10_ecorr": -6.583260656896814,
    "J1857+0943_basis_ecorr_10CM_uwl_log10_ecorr": -7.024094759957072,
    "J1857+0943_basis_ecorr_20CM_log10_ecorr": -6.442976446213167,
    "J1857+0943_basis_ecorr_20CM_uwl_log10_ecorr": -7.25397965566297,
    "J1857+0943_basis_ecorr_40CM_log10_ecorr": -6.946026278457204,
    "J1857+0943_basis_ecorr_40CM_uwl_log10_ecorr": -6.857304265333548,
    "J1857+0943_basis_ecorr_all_dr2_log10_ecorr": -6.461477697034319,
    "J1857+0943_basis_ecorr_all_uwl_log10_ecorr": -7.061816768951587,
    "J1857+0943_dm_gp_gamma": 2.8504940682694277,
    "J1857+0943_dm_gp_log10_A": -13.208612012787825,
    "J1857+0943_gp_sw_gamma": 2.5506974470661072,
    "J1857+0943_gp_sw_log10_A": -7.287556879594074,
    "J1857+0943_red_noise_gamma": 6.312591560331948,
    "J1857+0943_red_noise_log10_A": -13.886162983848585,
    "n_earth": 12.463421071324854,
    "nmodel": 0.33999223345826146
}