{
    "J1902-5105_UWL_sbA_efac": 1.014116018417761,
    "J1902-5105_UWL_sbA_log10_tnequad": -9.211121654072464,
    "J1902-5105_UWL_sbB_efac": 0.808361735315021,
    "J1902-5105_UWL_sbB_log10_tnequad": -9.436442239664038,
    "J1902-5105_UWL_sbC_efac": 0.9444804406859436,
    "J1902-5105_UWL_sbC_log10_tnequad": -9.39233944031025,
    "J1902-5105_UWL_sbD_efac": 0.8845996188182045,
    "J1902-5105_UWL_sbD_log10_tnequad": -9.383181894975177,
    "J1902-5105_UWL_sbE_efac": 0.9544832665835046,
    "J1902-5105_UWL_sbE_log10_tnequad": -9.3909223901545,
    "J1902-5105_UWL_sbF_efac": 1.1120505886740837,
    "J1902-5105_UWL_sbF_log10_tnequad": -9.260236672279587,
    "J1902-5105_basis_ecorr_20CM_uwl_log10_ecorr": -9.378830842125941,
    "J1902-5105_basis_ecorr_40CM_uwl_log10_ecorr": -9.362043549683738,
    "J1902-5105_basis_ecorr_all_uwl_log10_ecorr": -9.405715010215895,
    "J1902-5105_dm_gp_gamma": 0.4826932545426325,
    "J1902-5105_dm_gp_log10_A": -13.357321619501304,
    "J1902-5105_gp_sw_gamma": -2.428678666848929,
    "J1902-5105_gp_sw_log10_A": -9.19779167960848,
    "J1902-5105_red_noise_gamma": 1.0782307518169711,
    "J1902-5105_red_noise_log10_A": -18.737165299545055,
    "n_earth": 1.3889191096581497,
    "nmodel": -0.3398702817136034
}