{
    "J1902-5105_UWL_sbA_efac": 0.14963253290431427,
    "J1902-5105_UWL_sbA_log10_tnequad": 1.2858172581219574,
    "J1902-5105_UWL_sbB_efac": 0.07858785742473601,
    "J1902-5105_UWL_sbB_log10_tnequad": 1.0379791579053292,
    "J1902-5105_UWL_sbC_efac": 0.10687049402112848,
    "J1902-5105_UWL_sbC_log10_tnequad": 1.1158117724717933,
    "J1902-5105_UWL_sbD_efac": 0.08571168768855697,
    "J1902-5105_UWL_sbD_log10_tnequad": 1.115560365830025,
    "J1902-5105_UWL_sbE_efac": 0.07411969117091469,
    "J1902-5105_UWL_sbE_log10_tnequad": 1.1259873461084298,
    "J1902-5105_UWL_sbF_efac": 0.19909227682663105,
    "J1902-5105_UWL_sbF_log10_tnequad": 1.3223406341584616,
    "J1902-5105_basis_ecorr_20CM_uwl_log10_ecorr": 1.1019568410542384,
    "J1902-5105_basis_ecorr_40CM_uwl_log10_ecorr": 1.1292661095975955,
    "J1902-5105_basis_ecorr_all_uwl_log10_ecorr": 1.0773619115832984,
    "J1902-5105_dm_gp_gamma": 1.5410501096011515,
    "J1902-5105_dm_gp_log10_A": 1.1194538555072922,
    "J1902-5105_gp_sw_gamma": 2.1735098491770546,
    "J1902-5105_gp_sw_log10_A": 1.3837362097649262,
    "J1902-5105_red_noise_gamma": 2.0116449421653297,
    "J1902-5105_red_noise_log10_A": 2.2332052296736076,
    "n_earth": 4.968032031149116,
    "nmodel": 0.2886164356275575
}