{
    "J1909-3744_CASPSR_40CM_efac": 0.914988872741214,
    "J1909-3744_CASPSR_40CM_log10_tnequad": -6.877188235280603,
    "J1909-3744_CPSR2_20CM_efac": 1.0577656808243616,
    "J1909-3744_CPSR2_20CM_log10_tnequad": -9.606967027988585,
    "J1909-3744_CPSR2_50CM_efac": 1.0577303427287146,
    "J1909-3744_CPSR2_50CM_log10_tnequad": -9.321190015597974,
    "J1909-3744_PDFB1_10CM_efac": 0.9122603610007664,
    "J1909-3744_PDFB1_10CM_log10_tnequad": -9.451020784241313,
    "J1909-3744_PDFB1_1433_efac": 1.173283067769386,
    "J1909-3744_PDFB1_1433_log10_tnequad": -9.417090406905464,
    "J1909-3744_PDFB1_20CM_efac": 0.9506750308188338,
    "J1909-3744_PDFB1_20CM_log10_tnequad": -9.563010026389689,
    "J1909-3744_PDFB1_early_20CM_efac": 0.7227722135001978,
    "J1909-3744_PDFB1_early_20CM_log10_tnequad": -9.572769539164621,
    "J1909-3744_PDFB_10CM_efac": 0.9952148874887559,
    "J1909-3744_PDFB_10CM_log10_tnequad": -9.488106974097757,
    "J1909-3744_PDFB_20CM_efac": 1.0648630398755956,
    "J1909-3744_PDFB_20CM_log10_tnequad": -9.593832152899681,
    "J1909-3744_PDFB_40CM_efac": 0.9379208900997409,
    "J1909-3744_PDFB_40CM_log10_tnequad": -9.535940021161613,
    "J1909-3744_UWL_CASPSR_20CM_efac": 0.9763663588719101,
    "J1909-3744_UWL_CASPSR_20CM_log10_tnequad": -9.524890971610441,
    "J1909-3744_UWL_CASPSR_40CM_efac": 0.6594230232392949,
    "J1909-3744_UWL_CASPSR_40CM_log10_tnequad": -8.969417978838752,
    "J1909-3744_UWL_PDFB4_10CM_efac": 1.038281208518141,
    "J1909-3744_UWL_PDFB4_10CM_log10_tnequad": -9.533463739856263,
    "J1909-3744_UWL_PDFB4_20CM_efac": 0.9818832508889674,
    "J1909-3744_UWL_PDFB4_20CM_log10_tnequad": -8.27124800834293,
    "J1909-3744_UWL_sbA_efac": 0.9374549379747912,
    "J1909-3744_UWL_sbA_log10_tnequad": -8.387172071291847,
    "J1909-3744_UWL_sbB_efac": 0.9515812932844759,
    "J1909-3744_UWL_sbB_log10_tnequad": -7.226461186073543,
    "J1909-3744_UWL_sbC_efac": 1.0677365290558463,
    "J1909-3744_UWL_sbC_log10_tnequad": -9.534753149201958,
    "J1909-3744_UWL_sbD_efac": 1.049800843797109,
    "J1909-3744_UWL_sbD_log10_tnequad": -7.1522538387895285,
    "J1909-3744_UWL_sbE_efac": 1.0645428390275584,
    "J1909-3744_UWL_sbE_log10_tnequad": -9.569720402814488,
    "J1909-3744_UWL_sbF_efac": 1.0988181636908572,
    "J1909-3744_UWL_sbF_log10_tnequad": -9.289325824214984,
    "J1909-3744_UWL_sbG_efac": 0.9651718774175828,
    "J1909-3744_UWL_sbG_log10_tnequad": -7.552718095370447,
    "J1909-3744_UWL_sbH_efac": 0.9424293141543467,
    "J1909-3744_UWL_sbH_log10_tnequad": -7.811386226164785,
    "J1909-3744_WBCORR_10CM_efac": 1.0654027622200424,
    "J1909-3744_WBCORR_10CM_log10_tnequad": -8.973412865968664,
    "J1909-3744_band_noise_low_gamma": 0.270056629135822,
    "J1909-3744_band_noise_low_log10_A": -14.002083150600086,
    "J1909-3744_basis_ecorr_10CM_log10_ecorr": -9.528508893333726,
    "J1909-3744_basis_ecorr_10CM_uwl_log10_ecorr": -9.586250825378325,
    "J1909-3744_basis_ecorr_20CM_log10_ecorr": -8.171679584064673,
    "J1909-3744_basis_ecorr_20CM_uwl_log10_ecorr": -9.570783446303976,
    "J1909-3744_basis_ecorr_40CM_log10_ecorr": -9.466381186997637,
    "J1909-3744_basis_ecorr_40CM_uwl_log10_ecorr": -7.320383279510354,
    "J1909-3744_basis_ecorr_CASPSR_40CM_log10_ecorr": -9.567002683366614,
    "J1909-3744_basis_ecorr_CPSR2_50CM_log10_ecorr": -9.450025304345363,
    "J1909-3744_basis_ecorr_PDFB1_1433_log10_ecorr": -6.7521875735559185,
    "J1909-3744_basis_ecorr_PDFB1_early_20CM_log10_ecorr": -6.987486251607672,
    "J1909-3744_basis_ecorr_all_dr2_log10_ecorr": -7.927591463662705,
    "J1909-3744_basis_ecorr_all_uwl_log10_ecorr": -7.368452578153287,
    "J1909-3744_dm_gp_gamma": 1.8592742430527238,
    "J1909-3744_dm_gp_log10_A": -13.692514386153231,
    "J1909-3744_gp_sw_gamma": 0.4531830706916091,
    "J1909-3744_gp_sw_log10_A": -6.7263260760031285,
    "J1909-3744_group_noise_CPSR2_50CM_gamma": 1.2374348250609033,
    "J1909-3744_group_noise_CPSR2_50CM_log10_A": -17.715784829480402,
    "J1909-3744_hf_noise_gamma": 0.1735662599624822,
    "J1909-3744_hf_noise_log10_A": -15.89418497925152,
    "J1909-3744_red_noise_gamma": 3.2154491101662113,
    "J1909-3744_red_noise_log10_A": -15.44801223573125,
    "n_earth": 3.7228169068234633,
    "nmodel": -0.3401331284893403
}