{
    "J1909-3744_CASPSR_40CM_efac": 0.9751580826513143,
    "J1909-3744_CASPSR_40CM_log10_tnequad": -6.824462635869765,
    "J1909-3744_CPSR2_20CM_efac": 1.0885067679535734,
    "J1909-3744_CPSR2_20CM_log10_tnequad": -8.82322034796715,
    "J1909-3744_CPSR2_50CM_efac": 1.1157154070543538,
    "J1909-3744_CPSR2_50CM_log10_tnequad": -8.181670244697035,
    "J1909-3744_PDFB1_10CM_efac": 0.9979363439238426,
    "J1909-3744_PDFB1_10CM_log10_tnequad": -8.502507111916255,
    "J1909-3744_PDFB1_1433_efac": 1.3487355793077287,
    "J1909-3744_PDFB1_1433_log10_tnequad": -8.281941046954046,
    "J1909-3744_PDFB1_20CM_efac": 1.0025440714384142,
    "J1909-3744_PDFB1_20CM_log10_tnequad": -8.78446666073258,
    "J1909-3744_PDFB1_early_20CM_efac": 0.7965214836503398,
    "J1909-3744_PDFB1_early_20CM_log10_tnequad": -8.69969414179028,
    "J1909-3744_PDFB_10CM_efac": 1.0153527047350777,
    "J1909-3744_PDFB_10CM_log10_tnequad": -8.589436964306346,
    "J1909-3744_PDFB_20CM_efac": 1.0877815971604574,
    "J1909-3744_PDFB_20CM_log10_tnequad": -8.7956088443738,
    "J1909-3744_PDFB_40CM_efac": 0.9772773935073141,
    "J1909-3744_PDFB_40CM_log10_tnequad": -8.63778458103811,
    "J1909-3744_UWL_CASPSR_20CM_efac": 1.1355243676104865,
    "J1909-3744_UWL_CASPSR_20CM_log10_tnequad": -8.568124135187286,
    "J1909-3744_UWL_CASPSR_40CM_efac": 1.128350275681311,
    "J1909-3744_UWL_CASPSR_40CM_log10_tnequad": -7.4507418642369245,
    "J1909-3744_UWL_PDFB4_10CM_efac": 1.1077829827659735,
    "J1909-3744_UWL_PDFB4_10CM_log10_tnequad": -8.587884191162328,
    "J1909-3744_UWL_PDFB4_20CM_efac": 1.0616835762079413,
    "J1909-3744_UWL_PDFB4_20CM_log10_tnequad": -7.712001190212474,
    "J1909-3744_UWL_sbA_efac": 1.0625267643062475,
    "J1909-3744_UWL_sbA_log10_tnequad": -7.369993613821203,
    "J1909-3744_UWL_sbB_efac": 1.003661601989085,
    "J1909-3744_UWL_sbB_log10_tnequad": -7.150705813219207,
    "J1909-3744_UWL_sbC_efac": 1.108303194931152,
    "J1909-3744_UWL_sbC_log10_tnequad": -8.522556329024527,
    "J1909-3744_UWL_sbD_efac": 1.0981516764305248,
    "J1909-3744_UWL_sbD_log10_tnequad": -7.1013681452409365,
    "J1909-3744_UWL_sbE_efac": 1.103590396250839,
    "J1909-3744_UWL_sbE_log10_tnequad": -8.792154552308348,
    "J1909-3744_UWL_sbF_efac": 1.1363568867807992,
    "J1909-3744_UWL_sbF_log10_tnequad": -8.42564493481656,
    "J1909-3744_UWL_sbG_efac": 1.0046295301991128,
    "J1909-3744_UWL_sbG_log10_tnequad": -7.4780409035803626,
    "J1909-3744_UWL_sbH_efac": 0.9854578550161712,
    "J1909-3744_UWL_sbH_log10_tnequad": -7.66485534698635,
    "J1909-3744_WBCORR_10CM_efac": 1.2654019698707204,
    "J1909-3744_WBCORR_10CM_log10_tnequad": -7.5927550644566,
    "J1909-3744_band_noise_low_gamma": 0.9596311958680597,
    "J1909-3744_band_noise_low_log10_A": -14.135573609667738,
    "J1909-3744_basis_ecorr_10CM_log10_ecorr": -8.52679811489363,
    "J1909-3744_basis_ecorr_10CM_uwl_log10_ecorr": -8.762876283061585,
    "J1909-3744_basis_ecorr_20CM_log10_ecorr": -7.682297757310149,
    "J1909-3744_basis_ecorr_20CM_uwl_log10_ecorr": -8.741453047206916,
    "J1909-3744_basis_ecorr_40CM_log10_ecorr": -8.35148906832612,
    "J1909-3744_basis_ecorr_40CM_uwl_log10_ecorr": -7.245855384634371,
    "J1909-3744_basis_ecorr_CASPSR_40CM_log10_ecorr": -8.671650598873347,
    "J1909-3744_basis_ecorr_CPSR2_50CM_log10_ecorr": -8.329031650236063,
    "J1909-3744_basis_ecorr_PDFB1_1433_log10_ecorr": -6.6553538634966944,
    "J1909-3744_basis_ecorr_PDFB1_early_20CM_log10_ecorr": -6.875217852976725,
    "J1909-3744_basis_ecorr_all_dr2_log10_ecorr": -7.645592491513232,
    "J1909-3744_basis_ecorr_all_uwl_log10_ecorr": -7.321199406725228,
    "J1909-3744_dm_gp_gamma": 2.004193271468427,
    "J1909-3744_dm_gp_log10_A": -13.656807885478152,
    "J1909-3744_gp_sw_gamma": 0.8657643359451811,
    "J1909-3744_gp_sw_log10_A": -6.637222609558996,
    "J1909-3744_group_noise_CPSR2_50CM_gamma": 2.8225528534795847,
    "J1909-3744_group_noise_CPSR2_50CM_log10_A": -14.998494049499755,
    "J1909-3744_hf_noise_gamma": 1.6800748205579086,
    "J1909-3744_hf_noise_log10_A": -15.041098263146694,
    "J1909-3744_red_noise_gamma": 3.9883137186681594,
    "J1909-3744_red_noise_log10_A": -15.118782275587037,
    "n_earth": 4.128069901536148,
    "nmodel": -9.595800765511087e-05
}