{
    "J1902-5105_UWL_sbA_efac": 1.2889724343994817,
    "J1902-5105_UWL_sbA_log10_tnequad": -6.14343942994017,
    "J1902-5105_UWL_sbB_efac": 0.9616188184556874,
    "J1902-5105_UWL_sbB_log10_tnequad": -7.022813959445832,
    "J1902-5105_UWL_sbC_efac": 1.1508240670886376,
    "J1902-5105_UWL_sbC_log10_tnequad": -6.790200068604742,
    "J1902-5105_UWL_sbD_efac": 1.0475043770208492,
    "J1902-5105_UWL_sbD_log10_tnequad": -6.762232188742878,
    "J1902-5105_UWL_sbE_efac": 1.0969754333270285,
    "J1902-5105_UWL_sbE_log10_tnequad": -6.767582119324671,
    "J1902-5105_UWL_sbF_efac": 1.3846660544873968,
    "J1902-5105_UWL_sbF_log10_tnequad": -6.113060081087606,
    "J1902-5105_basis_ecorr_20CM_uwl_log10_ecorr": -6.771286796187016,
    "J1902-5105_basis_ecorr_40CM_uwl_log10_ecorr": -6.6893873822087695,
    "J1902-5105_basis_ecorr_all_uwl_log10_ecorr": -6.883982578708587,
    "J1902-5105_dm_gp_gamma": 2.96989376519458,
    "J1902-5105_dm_gp_log10_A": -12.922630156353467,
    "J1902-5105_gp_sw_gamma": 2.5660562463959407,
    "J1902-5105_gp_sw_log10_A": -5.979010213947645,
    "J1902-5105_red_noise_gamma": 5.808339383297012,
    "J1902-5105_red_noise_log10_A": -13.4629961934038,
    "n_earth": 11.900182337031705,
    "nmodel": 0.3400325722411331
}