{
    "J1909-3744_CASPSR_40CM_efac": 1.034761197131718,
    "J1909-3744_CASPSR_40CM_log10_tnequad": -6.755280644669893,
    "J1909-3744_CPSR2_20CM_efac": 1.1191256573220931,
    "J1909-3744_CPSR2_20CM_log10_tnequad": -8.050800588970676,
    "J1909-3744_CPSR2_50CM_efac": 1.176239235964505,
    "J1909-3744_CPSR2_50CM_log10_tnequad": -7.140679088618172,
    "J1909-3744_PDFB1_10CM_efac": 1.0885585172022563,
    "J1909-3744_PDFB1_10CM_log10_tnequad": -7.564961527973403,
    "J1909-3744_PDFB1_1433_efac": 1.5424580209574557,
    "J1909-3744_PDFB1_1433_log10_tnequad": -7.156996540705269,
    "J1909-3744_PDFB1_20CM_efac": 1.054245573725671,
    "J1909-3744_PDFB1_20CM_log10_tnequad": -8.002510754318594,
    "J1909-3744_PDFB1_early_20CM_efac": 0.8684121736628213,
    "J1909-3744_PDFB1_early_20CM_log10_tnequad": -7.8826960850607355,
    "J1909-3744_PDFB_10CM_efac": 1.0359198074779232,
    "J1909-3744_PDFB_10CM_log10_tnequad": -7.72242092546748,
    "J1909-3744_PDFB_20CM_efac": 1.1107103056979137,
    "J1909-3744_PDFB_20CM_log10_tnequad": -8.022708903009518,
    "J1909-3744_PDFB_40CM_efac": 1.0172202725495711,
    "J1909-3744_PDFB_40CM_log10_tnequad": -7.722672484193622,
    "J1909-3744_UWL_CASPSR_20CM_efac": 1.2974562669650178,
    "J1909-3744_UWL_CASPSR_20CM_log10_tnequad": -7.609772008456333,
    "J1909-3744_UWL_CASPSR_40CM_efac": 1.474139488807492,
    "J1909-3744_UWL_CASPSR_40CM_log10_tnequad": -6.409606830493895,
    "J1909-3744_UWL_PDFB4_10CM_efac": 1.1775090750726558,
    "J1909-3744_UWL_PDFB4_10CM_log10_tnequad": -7.652345538290286,
    "J1909-3744_UWL_PDFB4_20CM_efac": 1.1381727518014775,
    "J1909-3744_UWL_PDFB4_20CM_log10_tnequad": -7.263544537572112,
    "J1909-3744_UWL_sbA_efac": 1.1811297115829604,
    "J1909-3744_UWL_sbA_log10_tnequad": -6.741365329136252,
    "J1909-3744_UWL_sbB_efac": 1.0594938688697644,
    "J1909-3744_UWL_sbB_log10_tnequad": -6.991365186067565,
    "J1909-3744_UWL_sbC_efac": 1.152472030321829,
    "J1909-3744_UWL_sbC_log10_tnequad": -7.524704261590093,
    "J1909-3744_UWL_sbD_efac": 1.1467890913854077,
    "J1909-3744_UWL_sbD_log10_tnequad": -7.04808287134394,
    "J1909-3744_UWL_sbE_efac": 1.1431622268735089,
    "J1909-3744_UWL_sbE_log10_tnequad": -8.019255742698821,
    "J1909-3744_UWL_sbF_efac": 1.1742974518061202,
    "J1909-3744_UWL_sbF_log10_tnequad": -7.834400761356357,
    "J1909-3744_UWL_sbG_efac": 1.0473424741457853,
    "J1909-3744_UWL_sbG_log10_tnequad": -7.407838613996653,
    "J1909-3744_UWL_sbH_efac": 1.0281577705065843,
    "J1909-3744_UWL_sbH_log10_tnequad": -7.404418572150989,
    "J1909-3744_WBCORR_10CM_efac": 1.4690229208290013,
    "J1909-3744_WBCORR_10CM_log10_tnequad": -6.6250660629986236,
    "J1909-3744_band_noise_low_gamma": 1.2044565856154754,
    "J1909-3744_band_noise_low_log10_A": -13.596799639767871,
    "J1909-3744_basis_ecorr_10CM_log10_ecorr": -7.485426812822888,
    "J1909-3744_basis_ecorr_10CM_uwl_log10_ecorr": -7.955864652988886,
    "J1909-3744_basis_ecorr_20CM_log10_ecorr": -7.268954243484668,
    "J1909-3744_basis_ecorr_20CM_uwl_log10_ecorr": -7.93525806666773,
    "J1909-3744_basis_ecorr_40CM_log10_ecorr": -7.284411678018156,
    "J1909-3744_basis_ecorr_40CM_uwl_log10_ecorr": -7.087737137252005,
    "J1909-3744_basis_ecorr_CASPSR_40CM_log10_ecorr": -7.779153271991172,
    "J1909-3744_basis_ecorr_CPSR2_50CM_log10_ecorr": -7.2144768635084136,
    "J1909-3744_basis_ecorr_PDFB1_1433_log10_ecorr": -6.4180049258473675,
    "J1909-3744_basis_ecorr_PDFB1_early_20CM_log10_ecorr": -6.722115686669403,
    "J1909-3744_basis_ecorr_all_dr2_log10_ecorr": -7.313581284264306,
    "J1909-3744_basis_ecorr_all_uwl_log10_ecorr": -7.273971793276418,
    "J1909-3744_dm_gp_gamma": 2.148850098990104,
    "J1909-3744_dm_gp_log10_A": -13.621391931426992,
    "J1909-3744_gp_sw_gamma": 1.283133489810804,
    "J1909-3744_gp_sw_log10_A": -6.539252211739442,
    "J1909-3744_group_noise_CPSR2_50CM_gamma": 5.002173296195203,
    "J1909-3744_group_noise_CPSR2_50CM_log10_A": -13.241744659146274,
    "J1909-3744_hf_noise_gamma": 4.104254512843958,
    "J1909-3744_hf_noise_log10_A": -14.294502075574206,
    "J1909-3744_red_noise_gamma": 4.925164809264509,
    "J1909-3744_red_noise_log10_A": -14.398836901348506,
    "n_earth": 4.531857351384066,
    "nmodel": 0.33985025658061435
}