{
    "J1902-5105_UWL_sbA_efac": 1.1522975444692996,
    "J1902-5105_UWL_sbA_log10_tnequad": -7.544139758635562,
    "J1902-5105_UWL_sbB_efac": 0.8803015071573029,
    "J1902-5105_UWL_sbB_log10_tnequad": -8.234961072208542,
    "J1902-5105_UWL_sbC_efac": 1.0413363632805501,
    "J1902-5105_UWL_sbC_log10_tnequad": -8.093785250967638,
    "J1902-5105_UWL_sbD_efac": 0.9627493924147505,
    "J1902-5105_UWL_sbD_log10_tnequad": -8.0727122501048,
    "J1902-5105_UWL_sbE_efac": 1.0227780970649853,
    "J1902-5105_UWL_sbE_log10_tnequad": -8.088406945395338,
    "J1902-5105_UWL_sbF_efac": 1.250623496340822,
    "J1902-5105_UWL_sbF_log10_tnequad": -7.671682369018129,
    "J1902-5105_basis_ecorr_20CM_uwl_log10_ecorr": -8.060032124788487,
    "J1902-5105_basis_ecorr_40CM_uwl_log10_ecorr": -8.007274493386195,
    "J1902-5105_basis_ecorr_all_uwl_log10_ecorr": -8.142560864987004,
    "J1902-5105_dm_gp_gamma": 1.3633986384583663,
    "J1902-5105_dm_gp_log10_A": -13.102126475699912,
    "J1902-5105_gp_sw_gamma": 0.24986350456020126,
    "J1902-5105_gp_sw_log10_A": -7.503527646195998,
    "J1902-5105_red_noise_gamma": 3.3919725419653965,
    "J1902-5105_red_noise_log10_A": -16.054538862277944,
    "n_earth": 5.174916268615662,
    "nmodel": -2.3052072707474558e-05
}