{
    "J1909-3744_CASPSR_40CM_efac": 0.9743116760604764,
    "J1909-3744_CASPSR_40CM_log10_tnequad": -6.811422901135694,
    "J1909-3744_CPSR2_20CM_efac": 1.0874875965926822,
    "J1909-3744_CPSR2_20CM_log10_tnequad": -8.831863069935311,
    "J1909-3744_CPSR2_50CM_efac": 1.1179173877603679,
    "J1909-3744_CPSR2_50CM_log10_tnequad": -8.08161085378062,
    "J1909-3744_PDFB1_10CM_efac": 0.9958707858400591,
    "J1909-3744_PDFB1_10CM_log10_tnequad": -8.503790469302128,
    "J1909-3744_PDFB1_1433_efac": 1.3417185933906204,
    "J1909-3744_PDFB1_1433_log10_tnequad": -8.276162332937728,
    "J1909-3744_PDFB1_20CM_efac": 1.0000414971442935,
    "J1909-3744_PDFB1_20CM_log10_tnequad": -8.798141610536915,
    "J1909-3744_PDFB1_early_20CM_efac": 0.7905329141561731,
    "J1909-3744_PDFB1_early_20CM_log10_tnequad": -8.676695805177287,
    "J1909-3744_PDFB_10CM_efac": 1.0155568325884587,
    "J1909-3744_PDFB_10CM_log10_tnequad": -8.540098460235873,
    "J1909-3744_PDFB_20CM_efac": 1.0876573704189683,
    "J1909-3744_PDFB_20CM_log10_tnequad": -8.782489440959205,
    "J1909-3744_PDFB_40CM_efac": 0.977020382189877,
    "J1909-3744_PDFB_40CM_log10_tnequad": -8.676909604696455,
    "J1909-3744_UWL_CASPSR_20CM_efac": 1.1232373389164645,
    "J1909-3744_UWL_CASPSR_20CM_log10_tnequad": -8.585001301273296,
    "J1909-3744_UWL_CASPSR_40CM_efac": 1.232696261028126,
    "J1909-3744_UWL_CASPSR_40CM_log10_tnequad": -6.93060554353564,
    "J1909-3744_UWL_PDFB4_10CM_efac": 1.106909679372249,
    "J1909-3744_UWL_PDFB4_10CM_log10_tnequad": -8.597676546749323,
    "J1909-3744_UWL_PDFB4_20CM_efac": 1.058173299838554,
    "J1909-3744_UWL_PDFB4_20CM_log10_tnequad": -7.432445602354247,
    "J1909-3744_UWL_sbA_efac": 1.0652049167248605,
    "J1909-3744_UWL_sbA_log10_tnequad": -6.9254431798881075,
    "J1909-3744_UWL_sbB_efac": 1.0069777893412952,
    "J1909-3744_UWL_sbB_log10_tnequad": -7.091794073020441,
    "J1909-3744_UWL_sbC_efac": 1.1096425400203043,
    "J1909-3744_UWL_sbC_log10_tnequad": -8.506856831006257,
    "J1909-3744_UWL_sbD_efac": 1.0971804742348712,
    "J1909-3744_UWL_sbD_log10_tnequad": -7.096453390572963,
    "J1909-3744_UWL_sbE_efac": 1.102722316036432,
    "J1909-3744_UWL_sbE_log10_tnequad": -8.791066603132473,
    "J1909-3744_UWL_sbF_efac": 1.1353448307374339,
    "J1909-3744_UWL_sbF_log10_tnequad": -8.147921458419791,
    "J1909-3744_UWL_sbG_efac": 1.005314715912764,
    "J1909-3744_UWL_sbG_log10_tnequad": -7.4775729814296685,
    "J1909-3744_UWL_sbH_efac": 0.9841817461179009,
    "J1909-3744_UWL_sbH_log10_tnequad": -7.522649130624548,
    "J1909-3744_WBCORR_10CM_efac": 1.2940045731072942,
    "J1909-3744_WBCORR_10CM_log10_tnequad": -7.128473609812707,
    "J1909-3744_band_noise_low_gamma": 0.6532041240802118,
    "J1909-3744_band_noise_low_log10_A": -13.728015862521914,
    "J1909-3744_basis_ecorr_10CM_log10_ecorr": -8.50917096979842,
    "J1909-3744_basis_ecorr_10CM_uwl_log10_ecorr": -8.749218710623413,
    "J1909-3744_basis_ecorr_20CM_log10_ecorr": -7.409492831355062,
    "J1909-3744_basis_ecorr_20CM_uwl_log10_ecorr": -8.715547493208978,
    "J1909-3744_basis_ecorr_40CM_log10_ecorr": -8.295162708021786,
    "J1909-3744_basis_ecorr_40CM_uwl_log10_ecorr": -7.1789490955489645,
    "J1909-3744_basis_ecorr_CASPSR_40CM_log10_ecorr": -8.68036916807801,
    "J1909-3744_basis_ecorr_CPSR2_50CM_log10_ecorr": -8.307825891528688,
    "J1909-3744_basis_ecorr_PDFB1_1433_log10_ecorr": -6.560083035672724,
    "J1909-3744_basis_ecorr_PDFB1_early_20CM_log10_ecorr": -6.842063278627442,
    "J1909-3744_basis_ecorr_all_dr2_log10_ecorr": -7.397736110507173,
    "J1909-3744_basis_ecorr_all_uwl_log10_ecorr": -7.319217958119611,
    "J1909-3744_dm_gp_gamma": 1.9985289905285097,
    "J1909-3744_dm_gp_log10_A": -13.657015263494369,
    "J1909-3744_gp_sw_gamma": 0.9230130484035381,
    "J1909-3744_gp_sw_log10_A": -6.624159904561124,
    "J1909-3744_group_noise_CPSR2_50CM_gamma": 2.2615286211938583,
    "J1909-3744_group_noise_CPSR2_50CM_log10_A": -14.001987630374087,
    "J1909-3744_hf_noise_gamma": 0.6485994345876076,
    "J1909-3744_hf_noise_log10_A": -14.475612130598975,
    "J1909-3744_red_noise_gamma": 4.0227551489353655,
    "J1909-3744_red_noise_log10_A": -14.670664710333305,
    "n_earth": 4.130100060982523,
    "nmodel": 0.0001559589038353515
}