{
    "J1909-3744_CASPSR_40CM_efac": 0.06478385144385364,
    "J1909-3744_CASPSR_40CM_log10_tnequad": 0.14259361323923184,
    "J1909-3744_CPSR2_20CM_efac": 0.031183767541745466,
    "J1909-3744_CPSR2_20CM_log10_tnequad": 0.6796977080587625,
    "J1909-3744_CPSR2_50CM_efac": 0.06887699924831357,
    "J1909-3744_CPSR2_50CM_log10_tnequad": 0.937782553397103,
    "J1909-3744_PDFB1_10CM_efac": 0.10584565654599215,
    "J1909-3744_PDFB1_10CM_log10_tnequad": 0.8241801729914181,
    "J1909-3744_PDFB1_1433_efac": 0.21669921840596482,
    "J1909-3744_PDFB1_1433_log10_tnequad": 0.969039105779159,
    "J1909-3744_PDFB1_20CM_efac": 0.05249114987814672,
    "J1909-3744_PDFB1_20CM_log10_tnequad": 0.6893903742270383,
    "J1909-3744_PDFB1_early_20CM_efac": 0.07816226506370226,
    "J1909-3744_PDFB1_early_20CM_log10_tnequad": 0.7282746463817871,
    "J1909-3744_PDFB_10CM_efac": 0.02176217803496259,
    "J1909-3744_PDFB_10CM_log10_tnequad": 0.7522478796175072,
    "J1909-3744_PDFB_20CM_efac": 0.02305543936700523,
    "J1909-3744_PDFB_20CM_log10_tnequad": 0.6710874218834634,
    "J1909-3744_PDFB_40CM_efac": 0.0429230288189691,
    "J1909-3744_PDFB_40CM_log10_tnequad": 0.7917496122487508,
    "J1909-3744_UWL_CASPSR_20CM_efac": 0.17714633115997994,
    "J1909-3744_UWL_CASPSR_20CM_log10_tnequad": 0.8305983735187199,
    "J1909-3744_UWL_CASPSR_40CM_efac": 0.4159537588306053,
    "J1909-3744_UWL_CASPSR_40CM_log10_tnequad": 1.137618925734348,
    "J1909-3744_UWL_PDFB4_10CM_efac": 0.07285698890647842,
    "J1909-3744_UWL_PDFB4_10CM_log10_tnequad": 0.8019485338311969,
    "J1909-3744_UWL_PDFB4_20CM_efac": 0.08097794021623168,
    "J1909-3744_UWL_PDFB4_20CM_log10_tnequad": 0.6868419836136012,
    "J1909-3744_UWL_sbA_efac": 0.12393523865749972,
    "J1909-3744_UWL_sbA_log10_tnequad": 0.8925186389174831,
    "J1909-3744_UWL_sbB_efac": 0.06210770442081544,
    "J1909-3744_UWL_sbB_log10_tnequad": 0.33728504278013827,
    "J1909-3744_UWL_sbC_efac": 0.05538391500280906,
    "J1909-3744_UWL_sbC_log10_tnequad": 0.8532296050248738,
    "J1909-3744_UWL_sbD_efac": 0.04954113434036154,
    "J1909-3744_UWL_sbD_log10_tnequad": 0.08236218700170007,
    "J1909-3744_UWL_sbE_efac": 0.039932969010577135,
    "J1909-3744_UWL_sbE_log10_tnequad": 0.6749489414064497,
    "J1909-3744_UWL_sbF_efac": 0.03871756786859141,
    "J1909-3744_UWL_sbF_log10_tnequad": 0.6662664990776752,
    "J1909-3744_UWL_sbG_efac": 0.052037937461807945,
    "J1909-3744_UWL_sbG_log10_tnequad": 0.0837378805692559,
    "J1909-3744_UWL_sbH_efac": 0.04334452777830358,
    "J1909-3744_UWL_sbH_log10_tnequad": 0.4501721472778854,
    "J1909-3744_WBCORR_10CM_efac": 0.24161787816845273,
    "J1909-3744_WBCORR_10CM_log10_tnequad": 1.0579081633299598,
    "J1909-3744_band_noise_low_gamma": 1.1691481643595036,
    "J1909-3744_band_noise_low_log10_A": 1.2442016898069412,
    "J1909-3744_basis_ecorr_10CM_log10_ecorr": 0.8359836880287739,
    "J1909-3744_basis_ecorr_10CM_uwl_log10_ecorr": 0.6986580577724518,
    "J1909-3744_basis_ecorr_20CM_log10_ecorr": 0.6578094772433036,
    "J1909-3744_basis_ecorr_20CM_uwl_log10_ecorr": 0.6985535182721078,
    "J1909-3744_basis_ecorr_40CM_log10_ecorr": 0.9172836192968413,
    "J1909-3744_basis_ecorr_40CM_uwl_log10_ecorr": 0.3259789661416886,
    "J1909-3744_basis_ecorr_CASPSR_40CM_log10_ecorr": 0.7709716986091747,
    "J1909-3744_basis_ecorr_CPSR2_50CM_log10_ecorr": 0.9433412415570294,
    "J1909-3744_basis_ecorr_PDFB1_1433_log10_ecorr": 0.47131213543086076,
    "J1909-3744_basis_ecorr_PDFB1_early_20CM_log10_ecorr": 0.2598304446221798,
    "J1909-3744_basis_ecorr_all_dr2_log10_ecorr": 0.6216156254233248,
    "J1909-3744_basis_ecorr_all_uwl_log10_ecorr": 0.04779225806049642,
    "J1909-3744_dm_gp_gamma": 0.14733706771842706,
    "J1909-3744_dm_gp_log10_A": 0.03578092599038461,
    "J1909-3744_gp_sw_gamma": 0.49091983374897996,
    "J1909-3744_gp_sw_log10_A": 0.11464358243564791,
    "J1909-3744_group_noise_CPSR2_50CM_gamma": 1.7654136214214733,
    "J1909-3744_group_noise_CPSR2_50CM_log10_A": 2.0755130626423064,
    "J1909-3744_hf_noise_gamma": 1.8687990770207632,
    "J1909-3744_hf_noise_log10_A": 1.374872723983349,
    "J1909-3744_red_noise_gamma": 1.116654026830996,
    "J1909-3744_red_noise_log10_A": 1.2640671350225112,
    "n_earth": 0.40971598723220015,
    "nmodel": 0.2886496410476049
}