{
    "J1902-5105_UWL_sbA_efac": 1.1491032435914434,
    "J1902-5105_UWL_sbA_log10_tnequad": -7.640967277834498,
    "J1902-5105_UWL_sbB_efac": 0.8847716134422011,
    "J1902-5105_UWL_sbB_log10_tnequad": -8.224334890860591,
    "J1902-5105_UWL_sbC_efac": 1.047314317275118,
    "J1902-5105_UWL_sbC_log10_tnequad": -8.085339571723562,
    "J1902-5105_UWL_sbD_efac": 0.9652637868293411,
    "J1902-5105_UWL_sbD_log10_tnequad": -8.070751022553319,
    "J1902-5105_UWL_sbE_efac": 1.0253398051798495,
    "J1902-5105_UWL_sbE_log10_tnequad": -8.07464094650932,
    "J1902-5105_UWL_sbF_efac": 1.2299855669074755,
    "J1902-5105_UWL_sbF_log10_tnequad": -7.688850385831591,
    "J1902-5105_basis_ecorr_20CM_uwl_log10_ecorr": -8.072703817488295,
    "J1902-5105_basis_ecorr_40CM_uwl_log10_ecorr": -8.022499873188227,
    "J1902-5105_basis_ecorr_all_uwl_log10_ecorr": -8.139996808804904,
    "J1902-5105_dm_gp_gamma": 1.7838744500157664,
    "J1902-5105_dm_gp_log10_A": -13.382677719864388,
    "J1902-5105_gp_sw_gamma": 0.12797545647887235,
    "J1902-5105_gp_sw_log10_A": -7.5555271694544075,
    "J1902-5105_red_noise_gamma": 3.4284228283175002,
    "J1902-5105_red_noise_log10_A": -16.086098769151118,
    "n_earth": 6.3664635761772566,
    "nmodel": 5.169706734721514e-05
}