{
    "J1933-6211_UWL_sbA_efac": 0.9763457039177776,
    "J1933-6211_UWL_sbA_log10_tnequad": -9.37359226338405,
    "J1933-6211_UWL_sbB_efac": 1.0396728739817713,
    "J1933-6211_UWL_sbB_log10_tnequad": -9.306746791490848,
    "J1933-6211_UWL_sbC_efac": 0.9943703508882623,
    "J1933-6211_UWL_sbC_log10_tnequad": -9.401342662796642,
    "J1933-6211_UWL_sbD_efac": 0.9737158114323688,
    "J1933-6211_UWL_sbD_log10_tnequad": -9.426331742285441,
    "J1933-6211_UWL_sbE_efac": 0.9536626370700606,
    "J1933-6211_UWL_sbE_log10_tnequad": -9.290933841100774,
    "J1933-6211_UWL_sbF_efac": 0.9727825482530157,
    "J1933-6211_UWL_sbF_log10_tnequad": -9.446476234435494,
    "J1933-6211_UWL_sbG_efac": 0.8177259620017083,
    "J1933-6211_UWL_sbG_log10_tnequad": -9.343775782274323,
    "J1933-6211_UWL_sbH_efac": 0.939801146873978,
    "J1933-6211_UWL_sbH_log10_tnequad": -9.249824188751845,
    "J1933-6211_basis_ecorr_10CM_uwl_log10_ecorr": -9.382394429531896,
    "J1933-6211_basis_ecorr_20CM_uwl_log10_ecorr": -9.246895051168057,
    "J1933-6211_basis_ecorr_40CM_uwl_log10_ecorr": -9.355265341283738,
    "J1933-6211_basis_ecorr_all_uwl_log10_ecorr": -6.772669722453851,
    "J1933-6211_dm_gp_gamma": 1.061028363273707,
    "J1933-6211_dm_gp_log10_A": -19.005274256297596,
    "J1933-6211_gp_sw_gamma": -2.256211872189353,
    "J1933-6211_gp_sw_log10_A": -9.382937366268527,
    "J1933-6211_red_noise_gamma": 1.056931736905351,
    "J1933-6211_red_noise_log10_A": -18.82524495058014,
    "n_earth": 1.9768499136208035,
    "nmodel": -0.3400083222754352
}