{
    "J1939+2134_CASPSR_40CM_efac": 1.339505259431885,
    "J1939+2134_CASPSR_40CM_log10_tnequad": -8.51456944889898,
    "J1939+2134_CPSR2_20CM_efac": 1.0334510794697378,
    "J1939+2134_CPSR2_20CM_log10_tnequad": -7.162510353086892,
    "J1939+2134_CPSR2_50CM_efac": 1.7979386154454655,
    "J1939+2134_CPSR2_50CM_log10_tnequad": -8.651979411062277,
    "J1939+2134_PDFB_10CM_efac": 0.9867551623055534,
    "J1939+2134_PDFB_10CM_log10_tnequad": -8.564793284645651,
    "J1939+2134_PDFB_20CM_efac": 0.3419417244550807,
    "J1939+2134_PDFB_20CM_log10_tnequad": -8.202332864342651,
    "J1939+2134_UWL_sbA_efac": 2.399736701867379,
    "J1939+2134_UWL_sbA_log10_tnequad": -8.021554330128836,
    "J1939+2134_UWL_sbB_efac": 1.0204463841266391,
    "J1939+2134_UWL_sbB_log10_tnequad": -6.990316408414367,
    "J1939+2134_UWL_sbC_efac": 2.046502282997695,
    "J1939+2134_UWL_sbC_log10_tnequad": -8.647673915522965,
    "J1939+2134_UWL_sbD_efac": 1.6216220838987694,
    "J1939+2134_UWL_sbD_log10_tnequad": -7.625300252345112,
    "J1939+2134_UWL_sbE_efac": 1.3917103789938032,
    "J1939+2134_UWL_sbE_log10_tnequad": -8.366802091807553,
    "J1939+2134_UWL_sbF_efac": 0.770458601882378,
    "J1939+2134_UWL_sbF_log10_tnequad": -7.045859168790112,
    "J1939+2134_UWL_sbG_efac": 1.1248574557888462,
    "J1939+2134_UWL_sbG_log10_tnequad": -8.5231370383178,
    "J1939+2134_UWL_sbH_efac": 1.2682790812200841,
    "J1939+2134_UWL_sbH_log10_tnequad": -8.51026262058354,
    "J1939+2134_band_noise_low_gamma": 2.2048609924513145,
    "J1939+2134_band_noise_low_log10_A": -16.33787278750825,
    "J1939+2134_basis_ecorr_10CM_log10_ecorr": -8.682074010020814,
    "J1939+2134_basis_ecorr_10CM_uwl_log10_ecorr": -8.022356872603044,
    "J1939+2134_basis_ecorr_20CM_log10_ecorr": -7.274309516411705,
    "J1939+2134_basis_ecorr_20CM_uwl_log10_ecorr": -8.418910343411042,
    "J1939+2134_basis_ecorr_40CM_log10_ecorr": -6.336844378331604,
    "J1939+2134_basis_ecorr_40CM_uwl_log10_ecorr": -6.943095289575,
    "J1939+2134_basis_ecorr_all_dr2_log10_ecorr": -8.256651823483102,
    "J1939+2134_basis_ecorr_all_uwl_log10_ecorr": -8.349304746729889,
    "J1939+2134_chrom_gp_gamma": 1.243144782094582,
    "J1939+2134_chrom_gp_log10_A": -13.861040578506023,
    "J1939+2134_dm_gp_gamma": 2.7950093612475015,
    "J1939+2134_dm_gp_log10_A": -12.90732023685456,
    "J1939+2134_gp_sw_gamma": 0.9540571022939854,
    "J1939+2134_gp_sw_log10_A": -7.991721787738412,
    "J1939+2134_red_noise_gamma": 6.1754872636798686,
    "J1939+2134_red_noise_log10_A": -14.59621045736336,
    "n_earth": 7.3110654957414685,
    "nmodel": -0.0001270663223895685
}