{
    "J1939+2134_CASPSR_40CM_efac": 0.20569231503414906,
    "J1939+2134_CASPSR_40CM_log10_tnequad": 0.8662968769988117,
    "J1939+2134_CPSR2_20CM_efac": 0.08754305238597589,
    "J1939+2134_CPSR2_20CM_log10_tnequad": 0.2637732292604871,
    "J1939+2134_CPSR2_50CM_efac": 0.10777023235812098,
    "J1939+2134_CPSR2_50CM_log10_tnequad": 0.7913210773532258,
    "J1939+2134_PDFB_10CM_efac": 0.037358322099612214,
    "J1939+2134_PDFB_10CM_log10_tnequad": 0.8358425284507943,
    "J1939+2134_PDFB_20CM_efac": 0.10413273353213957,
    "J1939+2134_PDFB_20CM_log10_tnequad": 0.998374562241899,
    "J1939+2134_UWL_sbA_efac": 0.48419355378638795,
    "J1939+2134_UWL_sbA_log10_tnequad": 1.0453860174667249,
    "J1939+2134_UWL_sbB_efac": 0.3965171777467128,
    "J1939+2134_UWL_sbB_log10_tnequad": 0.2880471855412694,
    "J1939+2134_UWL_sbC_efac": 0.23298443905901225,
    "J1939+2134_UWL_sbC_log10_tnequad": 0.7963186650002075,
    "J1939+2134_UWL_sbD_efac": 0.46408813779328784,
    "J1939+2134_UWL_sbD_log10_tnequad": 0.9241801877456601,
    "J1939+2134_UWL_sbE_efac": 0.20010066184019887,
    "J1939+2134_UWL_sbE_log10_tnequad": 0.8730979989023614,
    "J1939+2134_UWL_sbF_efac": 0.297047144723553,
    "J1939+2134_UWL_sbF_log10_tnequad": 0.34866209103149426,
    "J1939+2134_UWL_sbG_efac": 0.1601954083247408,
    "J1939+2134_UWL_sbG_log10_tnequad": 0.856076008986978,
    "J1939+2134_UWL_sbH_efac": 0.1917323513506504,
    "J1939+2134_UWL_sbH_log10_tnequad": 0.8793744028822782,
    "J1939+2134_band_noise_low_gamma": 1.9542913851988883,
    "J1939+2134_band_noise_low_log10_A": 2.0935116562300347,
    "J1939+2134_basis_ecorr_10CM_log10_ecorr": 0.7756077585864849,
    "J1939+2134_basis_ecorr_10CM_uwl_log10_ecorr": 0.9486488232861773,
    "J1939+2134_basis_ecorr_20CM_log10_ecorr": 0.7389284714637593,
    "J1939+2134_basis_ecorr_20CM_uwl_log10_ecorr": 0.8517050087102128,
    "J1939+2134_basis_ecorr_40CM_log10_ecorr": 0.05356826488298419,
    "J1939+2134_basis_ecorr_40CM_uwl_log10_ecorr": 0.8865894466006029,
    "J1939+2134_basis_ecorr_all_dr2_log10_ecorr": 0.8907260383905429,
    "J1939+2134_basis_ecorr_all_uwl_log10_ecorr": 0.8827032716880604,
    "J1939+2134_chrom_gp_gamma": 0.5293035523140519,
    "J1939+2134_chrom_gp_log10_A": 0.10340935751132839,
    "J1939+2134_dm_gp_gamma": 0.17948554848781714,
    "J1939+2134_dm_gp_log10_A": 0.04061625146560748,
    "J1939+2134_gp_sw_gamma": 2.2479888493998503,
    "J1939+2134_gp_sw_log10_A": 1.2103679009541568,
    "J1939+2134_red_noise_gamma": 0.5884059577320773,
    "J1939+2134_red_noise_log10_A": 0.26766594228373086,
    "n_earth": 4.881269910065259,
    "nmodel": 0.28867642436870916
}