{
    "J1933-6211_UWL_sbA_efac": 0.12295700936731516,
    "J1933-6211_UWL_sbA_log10_tnequad": 1.1482165232092725,
    "J1933-6211_UWL_sbB_efac": 0.0841779598036486,
    "J1933-6211_UWL_sbB_log10_tnequad": 1.1943879368308898,
    "J1933-6211_UWL_sbC_efac": 0.08330041920219192,
    "J1933-6211_UWL_sbC_log10_tnequad": 1.089920444477195,
    "J1933-6211_UWL_sbD_efac": 0.06736816418736744,
    "J1933-6211_UWL_sbD_log10_tnequad": 1.050374618846618,
    "J1933-6211_UWL_sbE_efac": 0.06860774985602337,
    "J1933-6211_UWL_sbE_log10_tnequad": 1.2258780088945476,
    "J1933-6211_UWL_sbF_efac": 0.06257801987418136,
    "J1933-6211_UWL_sbF_log10_tnequad": 1.0161349049430357,
    "J1933-6211_UWL_sbG_efac": 0.07535658031010996,
    "J1933-6211_UWL_sbG_log10_tnequad": 1.1828533808304864,
    "J1933-6211_UWL_sbH_efac": 0.10215350460951361,
    "J1933-6211_UWL_sbH_log10_tnequad": 1.3073119382139569,
    "J1933-6211_basis_ecorr_10CM_uwl_log10_ecorr": 1.1203870421746727,
    "J1933-6211_basis_ecorr_20CM_uwl_log10_ecorr": 1.2199222512608168,
    "J1933-6211_basis_ecorr_40CM_uwl_log10_ecorr": 1.1508887907443488,
    "J1933-6211_basis_ecorr_all_uwl_log10_ecorr": 0.8427264928804983,
    "J1933-6211_dm_gp_gamma": 2.0032339684454117,
    "J1933-6211_dm_gp_log10_A": 1.8285311405403526,
    "J1933-6211_gp_sw_gamma": 2.223293222246678,
    "J1933-6211_gp_sw_log10_A": 1.208059425633369,
    "J1933-6211_red_noise_gamma": 2.0127438411326914,
    "J1933-6211_red_noise_log10_A": 2.11441810253983,
    "n_earth": 5.115231140043213,
    "nmodel": 0.2886578749653642
}