{
    "J1933-6211_UWL_sbA_efac": 1.2143225593029838,
    "J1933-6211_UWL_sbA_log10_tnequad": -6.696722270909907,
    "J1933-6211_UWL_sbB_efac": 1.2046640687911947,
    "J1933-6211_UWL_sbB_log10_tnequad": -6.462890824430598,
    "J1933-6211_UWL_sbC_efac": 1.1581341851385571,
    "J1933-6211_UWL_sbC_log10_tnequad": -6.87440139778297,
    "J1933-6211_UWL_sbD_efac": 1.106821286655467,
    "J1933-6211_UWL_sbD_log10_tnequad": -6.980544861684606,
    "J1933-6211_UWL_sbE_efac": 1.087252941991874,
    "J1933-6211_UWL_sbE_log10_tnequad": -6.363187836652041,
    "J1933-6211_UWL_sbF_efac": 1.0965985990709886,
    "J1933-6211_UWL_sbF_log10_tnequad": -7.08653074803423,
    "J1933-6211_UWL_sbG_efac": 0.9648267305780538,
    "J1933-6211_UWL_sbG_log10_tnequad": -6.558668897743206,
    "J1933-6211_UWL_sbH_efac": 1.1158288076479486,
    "J1933-6211_UWL_sbH_log10_tnequad": -6.128616476607289,
    "J1933-6211_basis_ecorr_10CM_uwl_log10_ecorr": -6.757732150628716,
    "J1933-6211_basis_ecorr_20CM_uwl_log10_ecorr": -6.339087956073453,
    "J1933-6211_basis_ecorr_40CM_uwl_log10_ecorr": -6.632297323348877,
    "J1933-6211_basis_ecorr_all_uwl_log10_ecorr": -6.170245118369074,
    "J1933-6211_dm_gp_gamma": 5.762087996708416,
    "J1933-6211_dm_gp_log10_A": -14.76510687244431,
    "J1933-6211_gp_sw_gamma": 2.894372638968915,
    "J1933-6211_gp_sw_log10_A": -6.610798268528496,
    "J1933-6211_red_noise_gamma": 5.790002697492726,
    "J1933-6211_red_noise_log10_A": -13.880174696477592,
    "n_earth": 13.238155933030912,
    "nmodel": 0.34004983285684176
}