{
    "J1933-6211_UWL_sbA_efac": 1.095348056642268,
    "J1933-6211_UWL_sbA_log10_tnequad": -8.027705272218956,
    "J1933-6211_UWL_sbB_efac": 1.1221618175368082,
    "J1933-6211_UWL_sbB_log10_tnequad": -7.872236461514059,
    "J1933-6211_UWL_sbC_efac": 1.076303866308868,
    "J1933-6211_UWL_sbC_log10_tnequad": -8.129122258185923,
    "J1933-6211_UWL_sbD_efac": 1.0403351557663052,
    "J1933-6211_UWL_sbD_log10_tnequad": -8.197593086562646,
    "J1933-6211_UWL_sbE_efac": 1.0201784627083559,
    "J1933-6211_UWL_sbE_log10_tnequad": -7.822072564399554,
    "J1933-6211_UWL_sbF_efac": 1.034674811765259,
    "J1933-6211_UWL_sbF_log10_tnequad": -8.259918254215862,
    "J1933-6211_UWL_sbG_efac": 0.8912131053758581,
    "J1933-6211_UWL_sbG_log10_tnequad": -7.949605246491613,
    "J1933-6211_UWL_sbH_efac": 1.0239011264575366,
    "J1933-6211_UWL_sbH_log10_tnequad": -7.689974290989799,
    "J1933-6211_basis_ecorr_10CM_uwl_log10_ecorr": -8.066683042084076,
    "J1933-6211_basis_ecorr_20CM_uwl_log10_ecorr": -7.75290937044103,
    "J1933-6211_basis_ecorr_40CM_uwl_log10_ecorr": -7.991746907684366,
    "J1933-6211_basis_ecorr_all_uwl_log10_ecorr": -6.607825366650512,
    "J1933-6211_dm_gp_gamma": 3.3872575136924166,
    "J1933-6211_dm_gp_log10_A": -16.870460227786946,
    "J1933-6211_gp_sw_gamma": 0.3752898771070716,
    "J1933-6211_gp_sw_log10_A": -8.005593281840767,
    "J1933-6211_red_noise_gamma": 3.405073360810363,
    "J1933-6211_red_noise_log10_A": -16.3309933354162,
    "n_earth": 7.422637820325363,
    "nmodel": -4.492357218580995e-05
}