{
    "J1939+2134_CASPSR_40CM_efac": 1.1689764881117641,
    "J1939+2134_CASPSR_40CM_log10_tnequad": -9.515300873177276,
    "J1939+2134_CPSR2_20CM_efac": 0.9495131232339084,
    "J1939+2134_CPSR2_20CM_log10_tnequad": -7.278694069641984,
    "J1939+2134_CPSR2_50CM_efac": 1.6969257773836333,
    "J1939+2134_CPSR2_50CM_log10_tnequad": -9.562382896804483,
    "J1939+2134_PDFB_10CM_efac": 0.9509200102260461,
    "J1939+2134_PDFB_10CM_log10_tnequad": -9.531299450696304,
    "J1939+2134_PDFB_20CM_efac": 0.2602585890613214,
    "J1939+2134_PDFB_20CM_log10_tnequad": -9.410842137110853,
    "J1939+2134_UWL_sbA_efac": 1.9832817870314874,
    "J1939+2134_UWL_sbA_log10_tnequad": -9.348806224359453,
    "J1939+2134_UWL_sbB_efac": 0.673964335889913,
    "J1939+2134_UWL_sbB_log10_tnequad": -7.109467265630966,
    "J1939+2134_UWL_sbC_efac": 1.8368090485782755,
    "J1939+2134_UWL_sbC_log10_tnequad": -9.55804556864058,
    "J1939+2134_UWL_sbD_efac": 1.041685467114841,
    "J1939+2134_UWL_sbD_log10_tnequad": -9.191600491670794,
    "J1939+2134_UWL_sbE_efac": 1.2054662309494029,
    "J1939+2134_UWL_sbE_log10_tnequad": -9.465672649021032,
    "J1939+2134_UWL_sbF_efac": 0.5366360170943169,
    "J1939+2134_UWL_sbF_log10_tnequad": -7.156155497432491,
    "J1939+2134_UWL_sbG_efac": 0.9810580884001193,
    "J1939+2134_UWL_sbG_log10_tnequad": -9.519995933394338,
    "J1939+2134_UWL_sbH_efac": 1.1005976037054217,
    "J1939+2134_UWL_sbH_log10_tnequad": -9.516869564443407,
    "J1939+2134_band_noise_low_gamma": 0.6636048063639732,
    "J1939+2134_band_noise_low_log10_A": -18.802571025759423,
    "J1939+2134_basis_ecorr_10CM_log10_ecorr": -9.576180567918794,
    "J1939+2134_basis_ecorr_10CM_uwl_log10_ecorr": -9.358866321464587,
    "J1939+2134_basis_ecorr_20CM_log10_ecorr": -8.314012455319487,
    "J1939+2134_basis_ecorr_20CM_uwl_log10_ecorr": -9.4891786964096,
    "J1939+2134_basis_ecorr_40CM_log10_ecorr": -6.389508213986891,
    "J1939+2134_basis_ecorr_40CM_uwl_log10_ecorr": -8.356792631150457,
    "J1939+2134_basis_ecorr_all_dr2_log10_ecorr": -9.441421330833764,
    "J1939+2134_basis_ecorr_all_uwl_log10_ecorr": -9.469197646610752,
    "J1939+2134_chrom_gp_gamma": 0.7056378742314097,
    "J1939+2134_chrom_gp_log10_A": -13.964907666284049,
    "J1939+2134_dm_gp_gamma": 2.622806184927893,
    "J1939+2134_dm_gp_log10_A": -12.947254895520175,
    "J1939+2134_gp_sw_gamma": -2.1321804984224606,
    "J1939+2134_gp_sw_log10_A": -9.354796181849851,
    "J1939+2134_red_noise_gamma": 5.4757958114154075,
    "J1939+2134_red_noise_log10_A": -14.849715327885411,
    "n_earth": 2.5666095915713565,
    "nmodel": -0.3400236213577506
}