{
    "J1933-6211_UWL_sbA_efac": 1.0860239943852508,
    "J1933-6211_UWL_sbA_log10_tnequad": -8.032881899263094,
    "J1933-6211_UWL_sbB_efac": 1.1187871341925915,
    "J1933-6211_UWL_sbB_log10_tnequad": -7.827832235867321,
    "J1933-6211_UWL_sbC_efac": 1.071510396373235,
    "J1933-6211_UWL_sbC_log10_tnequad": -8.138490079310904,
    "J1933-6211_UWL_sbD_efac": 1.0372045347260055,
    "J1933-6211_UWL_sbD_log10_tnequad": -8.20699252518248,
    "J1933-6211_UWL_sbE_efac": 1.018527166408429,
    "J1933-6211_UWL_sbE_log10_tnequad": -7.783508787833517,
    "J1933-6211_UWL_sbF_efac": 1.031784653604689,
    "J1933-6211_UWL_sbF_log10_tnequad": -8.271344832922997,
    "J1933-6211_UWL_sbG_efac": 0.887722078565054,
    "J1933-6211_UWL_sbG_log10_tnequad": -7.945928920273662,
    "J1933-6211_UWL_sbH_efac": 1.0280888177036323,
    "J1933-6211_UWL_sbH_log10_tnequad": -7.660851250979446,
    "J1933-6211_basis_ecorr_10CM_uwl_log10_ecorr": -8.069228848931171,
    "J1933-6211_basis_ecorr_20CM_uwl_log10_ecorr": -7.649258214261951,
    "J1933-6211_basis_ecorr_40CM_uwl_log10_ecorr": -7.980885313959474,
    "J1933-6211_basis_ecorr_all_uwl_log10_ecorr": -6.297259134603415,
    "J1933-6211_dm_gp_gamma": 3.327140578329332,
    "J1933-6211_dm_gp_log10_A": -16.890562694447226,
    "J1933-6211_gp_sw_gamma": 0.537929999601378,
    "J1933-6211_gp_sw_log10_A": -8.06688555105008,
    "J1933-6211_red_noise_gamma": 3.357716253732631,
    "J1933-6211_red_noise_log10_A": -16.32041348099247,
    "n_earth": 6.592347076111956,
    "nmodel": -0.00014278389975819206
}