{
    "J1939+2134_CASPSR_40CM_efac": 1.5356582939592425,
    "J1939+2134_CASPSR_40CM_log10_tnequad": -7.507693111862477,
    "J1939+2134_CPSR2_20CM_efac": 1.1211819777925933,
    "J1939+2134_CPSR2_20CM_log10_tnequad": -7.079356820344122,
    "J1939+2134_CPSR2_50CM_efac": 1.9065388080778696,
    "J1939+2134_CPSR2_50CM_log10_tnequad": -7.730700544747845,
    "J1939+2134_PDFB_10CM_efac": 1.0241449005285985,
    "J1939+2134_PDFB_10CM_log10_tnequad": -7.591915829351112,
    "J1939+2134_PDFB_20CM_efac": 0.43285600659042883,
    "J1939+2134_PDFB_20CM_log10_tnequad": -7.030540165098797,
    "J1939+2134_UWL_sbA_efac": 2.789440694076697,
    "J1939+2134_UWL_sbA_log10_tnequad": -6.864504565436523,
    "J1939+2134_UWL_sbB_efac": 1.4042363419940553,
    "J1939+2134_UWL_sbB_log10_tnequad": -6.892919146157919,
    "J1939+2134_UWL_sbC_efac": 2.2918188280524605,
    "J1939+2134_UWL_sbC_log10_tnequad": -7.718398708743399,
    "J1939+2134_UWL_sbD_efac": 1.9660171733687983,
    "J1939+2134_UWL_sbD_log10_tnequad": -7.113168339611095,
    "J1939+2134_UWL_sbE_efac": 1.5695041935621608,
    "J1939+2134_UWL_sbE_log10_tnequad": -7.390775191326665,
    "J1939+2134_UWL_sbF_efac": 1.0804290368824856,
    "J1939+2134_UWL_sbF_log10_tnequad": -6.966935864205182,
    "J1939+2134_UWL_sbG_efac": 1.288761376238148,
    "J1939+2134_UWL_sbG_log10_tnequad": -7.524434860857414,
    "J1939+2134_UWL_sbH_efac": 1.4653253946145348,
    "J1939+2134_UWL_sbH_log10_tnequad": -7.475038481266466,
    "J1939+2134_band_noise_low_gamma": 5.076180617729813,
    "J1939+2134_band_noise_low_log10_A": -13.732132853950104,
    "J1939+2134_basis_ecorr_10CM_log10_ecorr": -7.781905907669644,
    "J1939+2134_basis_ecorr_10CM_uwl_log10_ecorr": -7.151695415885672,
    "J1939+2134_basis_ecorr_20CM_log10_ecorr": -7.139486145460832,
    "J1939+2134_basis_ecorr_20CM_uwl_log10_ecorr": -7.487155183249126,
    "J1939+2134_basis_ecorr_40CM_log10_ecorr": -6.283264545670459,
    "J1939+2134_basis_ecorr_40CM_uwl_log10_ecorr": -6.746477469731397,
    "J1939+2134_basis_ecorr_all_dr2_log10_ecorr": -7.32465472603791,
    "J1939+2134_basis_ecorr_all_uwl_log10_ecorr": -7.395809123271184,
    "J1939+2134_chrom_gp_gamma": 1.7746726730928262,
    "J1939+2134_chrom_gp_log10_A": -13.76188542365714,
    "J1939+2134_dm_gp_gamma": 2.978574603842743,
    "J1939+2134_dm_gp_log10_A": -12.868017567323289,
    "J1939+2134_gp_sw_gamma": 3.0263996633800136,
    "J1939+2134_gp_sw_log10_A": -6.517876021828283,
    "J1939+2134_red_noise_gamma": 6.729291445040167,
    "J1939+2134_red_noise_log10_A": -14.293042142267925,
    "n_earth": 13.238396959475377,
    "nmodel": 0.3399889970480696
}