{
    "J1939+2134_CASPSR_40CM_efac": 1.3471066910218923,
    "J1939+2134_CASPSR_40CM_log10_tnequad": -8.50570621937646,
    "J1939+2134_CPSR2_20CM_efac": 1.0355875211383496,
    "J1939+2134_CPSR2_20CM_log10_tnequad": -7.20764635586739,
    "J1939+2134_CPSR2_50CM_efac": 1.801332995279145,
    "J1939+2134_CPSR2_50CM_log10_tnequad": -8.64119181001623,
    "J1939+2134_PDFB_10CM_efac": 0.9874033221293613,
    "J1939+2134_PDFB_10CM_log10_tnequad": -8.557392834815191,
    "J1939+2134_PDFB_20CM_efac": 0.3416958086855135,
    "J1939+2134_PDFB_20CM_log10_tnequad": -8.223313976761618,
    "J1939+2134_UWL_sbA_efac": 2.3657624199173224,
    "J1939+2134_UWL_sbA_log10_tnequad": -8.085069786925308,
    "J1939+2134_UWL_sbB_efac": 1.0433672529944453,
    "J1939+2134_UWL_sbB_log10_tnequad": -7.033837193839177,
    "J1939+2134_UWL_sbC_efac": 2.0641028237317998,
    "J1939+2134_UWL_sbC_log10_tnequad": -8.634143837937385,
    "J1939+2134_UWL_sbD_efac": 1.5415246284779311,
    "J1939+2134_UWL_sbD_log10_tnequad": -7.989641092144419,
    "J1939+2134_UWL_sbE_efac": 1.3839142179771442,
    "J1939+2134_UWL_sbE_log10_tnequad": -8.413131999308582,
    "J1939+2134_UWL_sbF_efac": 0.8097315957260455,
    "J1939+2134_UWL_sbF_log10_tnequad": -7.114077884139363,
    "J1939+2134_UWL_sbG_efac": 1.1347123190635084,
    "J1939+2134_UWL_sbG_log10_tnequad": -8.518236485653594,
    "J1939+2134_UWL_sbH_efac": 1.2818270956502333,
    "J1939+2134_UWL_sbH_log10_tnequad": -8.494523054653836,
    "J1939+2134_band_noise_low_gamma": 2.6753675328403967,
    "J1939+2134_band_noise_low_log10_A": -16.304326448181836,
    "J1939+2134_basis_ecorr_10CM_log10_ecorr": -8.67246062763883,
    "J1939+2134_basis_ecorr_10CM_uwl_log10_ecorr": -8.178185034923825,
    "J1939+2134_basis_ecorr_20CM_log10_ecorr": -7.6037279378839875,
    "J1939+2134_basis_ecorr_20CM_uwl_log10_ecorr": -8.464898198232369,
    "J1939+2134_basis_ecorr_40CM_log10_ecorr": -6.336346991466222,
    "J1939+2134_basis_ecorr_40CM_uwl_log10_ecorr": -7.350969954423456,
    "J1939+2134_basis_ecorr_all_dr2_log10_ecorr": -8.34442727792371,
    "J1939+2134_basis_ecorr_all_uwl_log10_ecorr": -8.402714532351377,
    "J1939+2134_chrom_gp_gamma": 1.2467152477230123,
    "J1939+2134_chrom_gp_log10_A": -13.863608893020315,
    "J1939+2134_dm_gp_gamma": 2.800800503144153,
    "J1939+2134_dm_gp_log10_A": -12.907793069292886,
    "J1939+2134_gp_sw_gamma": 0.6011619381743908,
    "J1939+2134_gp_sw_log10_A": -7.954206417506822,
    "J1939+2134_red_noise_gamma": 6.10240777633394,
    "J1939+2134_red_noise_log10_A": -14.573374032189015,
    "n_earth": 7.840882244122866,
    "nmodel": -5.243767527410686e-05
}