{
    "J2124-3358_CASPSR_40CM_efac": 0.08906433055407999,
    "J2124-3358_CASPSR_40CM_log10_tnequad": 1.1459767697397987,
    "J2124-3358_CPSR2_20CM_efac": 0.10895125582532711,
    "J2124-3358_CPSR2_20CM_log10_tnequad": 0.43006267488170863,
    "J2124-3358_CPSR2_50CM_efac": 0.06369901711142599,
    "J2124-3358_CPSR2_50CM_log10_tnequad": 1.1656111429665315,
    "J2124-3358_PDFB1_1433_efac": 0.1419617184309685,
    "J2124-3358_PDFB1_1433_log10_tnequad": 1.262683040367733,
    "J2124-3358_PDFB1_20CM_efac": 0.08236473767444888,
    "J2124-3358_PDFB1_20CM_log10_tnequad": 1.1648318148622825,
    "J2124-3358_PDFB1_early_20CM_efac": 0.08616363931348765,
    "J2124-3358_PDFB1_early_20CM_log10_tnequad": 1.2564224571049838,
    "J2124-3358_PDFB_10CM_efac": 0.3418523700766181,
    "J2124-3358_PDFB_10CM_log10_tnequad": 1.4983891318702087,
    "J2124-3358_PDFB_20CM_efac": 0.024767576244567456,
    "J2124-3358_PDFB_20CM_log10_tnequad": 1.0224432825495773,
    "J2124-3358_PDFB_40CM_efac": 0.042904573572042026,
    "J2124-3358_PDFB_40CM_log10_tnequad": 1.0753385843881729,
    "J2124-3358_UWL_PDFB4_20CM_efac": 0.11228424326824227,
    "J2124-3358_UWL_PDFB4_20CM_log10_tnequad": 1.2099310350655894,
    "J2124-3358_UWL_sbA_efac": 0.12986289937102807,
    "J2124-3358_UWL_sbA_log10_tnequad": 1.218399399893097,
    "J2124-3358_UWL_sbB_efac": 0.08629889752242408,
    "J2124-3358_UWL_sbB_log10_tnequad": 1.04158133787467,
    "J2124-3358_UWL_sbC_efac": 0.07875833720546863,
    "J2124-3358_UWL_sbC_log10_tnequad": 1.113638183887635,
    "J2124-3358_UWL_sbD_efac": 0.08243999960681372,
    "J2124-3358_UWL_sbD_log10_tnequad": 1.05840737332583,
    "J2124-3358_UWL_sbE_efac": 0.07581005509214266,
    "J2124-3358_UWL_sbE_log10_tnequad": 1.1004205070556332,
    "J2124-3358_UWL_sbF_efac": 0.05632189618209865,
    "J2124-3358_UWL_sbF_log10_tnequad": 1.2705748137277515,
    "J2124-3358_UWL_sbG_efac": 0.08239134775750545,
    "J2124-3358_UWL_sbG_log10_tnequad": 1.2470678311670265,
    "J2124-3358_UWL_sbH_efac": 0.12035048536146445,
    "J2124-3358_UWL_sbH_log10_tnequad": 1.3586429951905006,
    "J2124-3358_basis_ecorr_10CM_log10_ecorr": 1.407458748764996,
    "J2124-3358_basis_ecorr_10CM_uwl_log10_ecorr": 1.2930561268291108,
    "J2124-3358_basis_ecorr_20CM_log10_ecorr": 1.033452152690947,
    "J2124-3358_basis_ecorr_20CM_uwl_log10_ecorr": 1.1730626546484104,
    "J2124-3358_basis_ecorr_40CM_log10_ecorr": 1.0923344797441037,
    "J2124-3358_basis_ecorr_40CM_uwl_log10_ecorr": 1.020155148280692,
    "J2124-3358_basis_ecorr_all_dr2_log10_ecorr": 1.0185823552089215,
    "J2124-3358_basis_ecorr_all_uwl_log10_ecorr": 1.0422676683364898,
    "J2124-3358_dm_gp_gamma": 1.962680185250005,
    "J2124-3358_dm_gp_log10_A": 1.675746914010507,
    "J2124-3358_gp_sw_gamma": 2.162053098415171,
    "J2124-3358_gp_sw_log10_A": 0.9525055563074206,
    "J2124-3358_red_noise_gamma": 1.5955475967654822,
    "J2124-3358_red_noise_log10_A": 1.1004738172239248,
    "n_earth": 2.041377069269216,
    "nmodel": 0.28864089279553307
}