{
    "J2129-5721_CASPSR_40CM_efac": 1.0131839641943838,
    "J2129-5721_CASPSR_40CM_log10_tnequad": -9.429016031399975,
    "J2129-5721_CPSR2_50CM_efac": 1.0201565216733612,
    "J2129-5721_CPSR2_50CM_log10_tnequad": -9.362267438963565,
    "J2129-5721_PDFB1_20CM_efac": 0.9929255795176893,
    "J2129-5721_PDFB1_20CM_log10_tnequad": -9.46000837480616,
    "J2129-5721_PDFB1_early_20CM_efac": 0.8107881322801227,
    "J2129-5721_PDFB1_early_20CM_log10_tnequad": -9.113691471689885,
    "J2129-5721_PDFB_20CM_efac": 1.00858344988346,
    "J2129-5721_PDFB_20CM_log10_tnequad": -9.397781337920229,
    "J2129-5721_PDFB_40CM_efac": 0.9275251422970365,
    "J2129-5721_PDFB_40CM_log10_tnequad": -9.29715898804753,
    "J2129-5721_UWL_CASPSR_40CM_efac": 1.0563406520744887,
    "J2129-5721_UWL_CASPSR_40CM_log10_tnequad": -9.247475869829024,
    "J2129-5721_UWL_PDFB4_20CM_efac": 1.1421225226532625,
    "J2129-5721_UWL_PDFB4_20CM_log10_tnequad": -9.368232617097814,
    "J2129-5721_UWL_sbA_efac": 0.9822135664586411,
    "J2129-5721_UWL_sbA_log10_tnequad": -9.40597349024962,
    "J2129-5721_UWL_sbB_efac": 1.1724686528325217,
    "J2129-5721_UWL_sbB_log10_tnequad": -9.406087785393416,
    "J2129-5721_UWL_sbC_efac": 1.1147095897730157,
    "J2129-5721_UWL_sbC_log10_tnequad": -9.387493846366501,
    "J2129-5721_UWL_sbD_efac": 1.2637161894958404,
    "J2129-5721_UWL_sbD_log10_tnequad": -9.414268579984425,
    "J2129-5721_UWL_sbE_efac": 0.9594638116408015,
    "J2129-5721_UWL_sbE_log10_tnequad": -9.467686130690815,
    "J2129-5721_UWL_sbF_efac": 0.9625303209437763,
    "J2129-5721_UWL_sbF_log10_tnequad": -9.41703775996448,
    "J2129-5721_UWL_sbG_efac": 0.8378294515165765,
    "J2129-5721_UWL_sbG_log10_tnequad": -9.414997371266953,
    "J2129-5721_basis_ecorr_10CM_uwl_log10_ecorr": -9.421691208220418,
    "J2129-5721_basis_ecorr_20CM_log10_ecorr": -9.096446772991472,
    "J2129-5721_basis_ecorr_20CM_uwl_log10_ecorr": -9.45118344094536,
    "J2129-5721_basis_ecorr_40CM_log10_ecorr": -9.379568450290066,
    "J2129-5721_basis_ecorr_40CM_uwl_log10_ecorr": -9.375548481449474,
    "J2129-5721_basis_ecorr_all_dr2_log10_ecorr": -8.880314163910846,
    "J2129-5721_basis_ecorr_all_uwl_log10_ecorr": -8.708314964664737,
    "J2129-5721_dm_gp_gamma": 2.6792135412670937,
    "J2129-5721_dm_gp_log10_A": -13.814555918781135,
    "J2129-5721_gp_sw_gamma": -2.4760071715337277,
    "J2129-5721_gp_sw_log10_A": -9.51355350939844,
    "J2129-5721_red_noise_gamma": 1.1346272771901535,
    "J2129-5721_red_noise_log10_A": -18.907137771220906,
    "n_earth": 1.7781983879697947,
    "nmodel": -0.3401576998172795
}