{
    "J2129-5721_CASPSR_40CM_efac": 0.0711734690896046,
    "J2129-5721_CASPSR_40CM_log10_tnequad": 1.0295486009020094,
    "J2129-5721_CPSR2_50CM_efac": 0.06807911181114731,
    "J2129-5721_CPSR2_50CM_log10_tnequad": 1.151426523962854,
    "J2129-5721_PDFB1_20CM_efac": 0.09189942250235245,
    "J2129-5721_PDFB1_20CM_log10_tnequad": 0.9953282071587445,
    "J2129-5721_PDFB1_early_20CM_efac": 0.1267740438057251,
    "J2129-5721_PDFB1_early_20CM_log10_tnequad": 1.2954992702166876,
    "J2129-5721_PDFB_20CM_efac": 0.02907643974244826,
    "J2129-5721_PDFB_20CM_log10_tnequad": 1.053656286113126,
    "J2129-5721_PDFB_40CM_efac": 0.04246093638841095,
    "J2129-5721_PDFB_40CM_log10_tnequad": 1.1977835419693492,
    "J2129-5721_UWL_CASPSR_40CM_efac": 0.2469573355752273,
    "J2129-5721_UWL_CASPSR_40CM_log10_tnequad": 1.337230061772367,
    "J2129-5721_UWL_PDFB4_20CM_efac": 0.11473495658482412,
    "J2129-5721_UWL_PDFB4_20CM_log10_tnequad": 1.128214160536836,
    "J2129-5721_UWL_sbA_efac": 0.06733827263423166,
    "J2129-5721_UWL_sbA_log10_tnequad": 1.0904171019413564,
    "J2129-5721_UWL_sbB_efac": 0.056391688584302296,
    "J2129-5721_UWL_sbB_log10_tnequad": 1.0492798822821598,
    "J2129-5721_UWL_sbC_efac": 0.06349464560066369,
    "J2129-5721_UWL_sbC_log10_tnequad": 1.1024475391552369,
    "J2129-5721_UWL_sbD_efac": 0.061685542561502014,
    "J2129-5721_UWL_sbD_log10_tnequad": 1.0455405982850612,
    "J2129-5721_UWL_sbE_efac": 0.06232912449289233,
    "J2129-5721_UWL_sbE_log10_tnequad": 0.9746169188653276,
    "J2129-5721_UWL_sbF_efac": 0.06092898736505314,
    "J2129-5721_UWL_sbF_log10_tnequad": 1.0595459485763212,
    "J2129-5721_UWL_sbG_efac": 0.11847451368217568,
    "J2129-5721_UWL_sbG_log10_tnequad": 1.0889289934536888,
    "J2129-5721_basis_ecorr_10CM_uwl_log10_ecorr": 1.066112687462596,
    "J2129-5721_basis_ecorr_20CM_log10_ecorr": 1.1546996915601082,
    "J2129-5721_basis_ecorr_20CM_uwl_log10_ecorr": 1.004172752295786,
    "J2129-5721_basis_ecorr_40CM_log10_ecorr": 1.0992696196029608,
    "J2129-5721_basis_ecorr_40CM_uwl_log10_ecorr": 1.0975835085614658,
    "J2129-5721_basis_ecorr_all_dr2_log10_ecorr": 1.1189948051102332,
    "J2129-5721_basis_ecorr_all_uwl_log10_ecorr": 1.112784020325801,
    "J2129-5721_dm_gp_gamma": 0.45497538562234036,
    "J2129-5721_dm_gp_log10_A": 0.1434444602300141,
    "J2129-5721_gp_sw_gamma": 2.173317291451927,
    "J2129-5721_gp_sw_log10_A": 0.9383682906391184,
    "J2129-5721_red_noise_gamma": 1.988296237682744,
    "J2129-5721_red_noise_log10_A": 1.826493970217194,
    "n_earth": 2.9270699939067573,
    "nmodel": 0.288784992346974
}