{
    "J2124-3358_CASPSR_40CM_efac": 1.2443647662407438,
    "J2124-3358_CASPSR_40CM_log10_tnequad": -6.699937160485129,
    "J2124-3358_CPSR2_20CM_efac": 1.62734371376329,
    "J2124-3358_CPSR2_20CM_log10_tnequad": -5.254205600701673,
    "J2124-3358_CPSR2_50CM_efac": 1.2186305565000326,
    "J2124-3358_CPSR2_50CM_log10_tnequad": -6.631876982074336,
    "J2124-3358_PDFB1_1433_efac": 1.0447836281085097,
    "J2124-3358_PDFB1_1433_log10_tnequad": -6.340883475960901,
    "J2124-3358_PDFB1_20CM_efac": 1.4440206884874969,
    "J2124-3358_PDFB1_20CM_log10_tnequad": -6.64430503749739,
    "J2124-3358_PDFB1_early_20CM_efac": 1.1272639066462777,
    "J2124-3358_PDFB1_early_20CM_log10_tnequad": -6.328468389465722,
    "J2124-3358_PDFB_10CM_efac": 1.6294317781449434,
    "J2124-3358_PDFB_10CM_log10_tnequad": -5.556866361764498,
    "J2124-3358_PDFB_20CM_efac": 1.156497038593208,
    "J2124-3358_PDFB_20CM_log10_tnequad": -7.0597189516633,
    "J2124-3358_PDFB_40CM_efac": 0.9952441388834521,
    "J2124-3358_PDFB_40CM_log10_tnequad": -6.902813922110656,
    "J2124-3358_UWL_PDFB4_20CM_efac": 1.3057177154242285,
    "J2124-3358_UWL_PDFB4_20CM_log10_tnequad": -6.487528432947734,
    "J2124-3358_UWL_sbA_efac": 1.5835404714230361,
    "J2124-3358_UWL_sbA_log10_tnequad": -6.490485144566963,
    "J2124-3358_UWL_sbB_efac": 1.351035640873714,
    "J2124-3358_UWL_sbB_log10_tnequad": -7.000032562344601,
    "J2124-3358_UWL_sbC_efac": 1.2111212968510519,
    "J2124-3358_UWL_sbC_log10_tnequad": -6.77542866880276,
    "J2124-3358_UWL_sbD_efac": 1.621443593391372,
    "J2124-3358_UWL_sbD_log10_tnequad": -6.959403757780999,
    "J2124-3358_UWL_sbE_efac": 1.4484956831673066,
    "J2124-3358_UWL_sbE_log10_tnequad": -6.827486004101679,
    "J2124-3358_UWL_sbF_efac": 1.1218943532030705,
    "J2124-3358_UWL_sbF_log10_tnequad": -6.247489696434209,
    "J2124-3358_UWL_sbG_efac": 1.2235724382100317,
    "J2124-3358_UWL_sbG_log10_tnequad": -6.390157061683542,
    "J2124-3358_UWL_sbH_efac": 1.1404227711689805,
    "J2124-3358_UWL_sbH_log10_tnequad": -6.063218676469482,
    "J2124-3358_basis_ecorr_10CM_log10_ecorr": -5.920255404872425,
    "J2124-3358_basis_ecorr_10CM_uwl_log10_ecorr": -6.221014892054021,
    "J2124-3358_basis_ecorr_20CM_log10_ecorr": -7.020604682398713,
    "J2124-3358_basis_ecorr_20CM_uwl_log10_ecorr": -6.546579584582913,
    "J2124-3358_basis_ecorr_40CM_log10_ecorr": -6.852997505248325,
    "J2124-3358_basis_ecorr_40CM_uwl_log10_ecorr": -7.077836557227433,
    "J2124-3358_basis_ecorr_all_dr2_log10_ecorr": -7.067821288513033,
    "J2124-3358_basis_ecorr_all_uwl_log10_ecorr": -7.009870730989327,
    "J2124-3358_dm_gp_gamma": 5.4734665921826,
    "J2124-3358_dm_gp_log10_A": -15.35713032496183,
    "J2124-3358_gp_sw_gamma": 2.465283386487835,
    "J2124-3358_gp_sw_log10_A": -7.361858039342105,
    "J2124-3358_red_noise_gamma": 6.271114258527088,
    "J2124-3358_red_noise_log10_A": -13.972203970523548,
    "n_earth": 8.030895757182304,
    "nmodel": 0.33997268189476715
}