{
    "J2129-5721_CASPSR_40CM_efac": 1.1535024335804742,
    "J2129-5721_CASPSR_40CM_log10_tnequad": -7.0377206351185615,
    "J2129-5721_CPSR2_50CM_efac": 1.152401380679215,
    "J2129-5721_CPSR2_50CM_log10_tnequad": -6.6742374525727755,
    "J2129-5721_PDFB1_20CM_efac": 1.1729815303632412,
    "J2129-5721_PDFB1_20CM_log10_tnequad": -7.150516132282,
    "J2129-5721_PDFB1_early_20CM_efac": 1.0533602119444225,
    "J2129-5721_PDFB1_early_20CM_log10_tnequad": -6.095164136244292,
    "J2129-5721_PDFB_20CM_efac": 1.066409080754948,
    "J2129-5721_PDFB_20CM_log10_tnequad": -6.8975217114645835,
    "J2129-5721_PDFB_40CM_efac": 1.0074803623445092,
    "J2129-5721_PDFB_40CM_log10_tnequad": -6.43599574798723,
    "J2129-5721_UWL_CASPSR_40CM_efac": 1.4781610991744545,
    "J2129-5721_UWL_CASPSR_40CM_log10_tnequad": -6.086248404354476,
    "J2129-5721_UWL_PDFB4_20CM_efac": 1.3666196339024566,
    "J2129-5721_UWL_PDFB4_20CM_log10_tnequad": -6.727835271863773,
    "J2129-5721_UWL_sbA_efac": 1.1146670133698653,
    "J2129-5721_UWL_sbA_log10_tnequad": -6.86535323460897,
    "J2129-5721_UWL_sbB_efac": 1.2843529062135255,
    "J2129-5721_UWL_sbB_log10_tnequad": -6.93930064734239,
    "J2129-5721_UWL_sbC_efac": 1.2403539157586267,
    "J2129-5721_UWL_sbC_log10_tnequad": -6.8075302400238185,
    "J2129-5721_UWL_sbD_efac": 1.3858080581482461,
    "J2129-5721_UWL_sbD_log10_tnequad": -6.958104915336014,
    "J2129-5721_UWL_sbE_efac": 1.0824879468035868,
    "J2129-5721_UWL_sbE_log10_tnequad": -7.217059947744598,
    "J2129-5721_UWL_sbF_efac": 1.0826905080764904,
    "J2129-5721_UWL_sbF_log10_tnequad": -6.948509264714918,
    "J2129-5721_UWL_sbG_efac": 1.0673813554087093,
    "J2129-5721_UWL_sbG_log10_tnequad": -6.890041276474516,
    "J2129-5721_basis_ecorr_10CM_uwl_log10_ecorr": -6.9527095168459905,
    "J2129-5721_basis_ecorr_20CM_log10_ecorr": -6.4766165284980755,
    "J2129-5721_basis_ecorr_20CM_uwl_log10_ecorr": -7.108928919418764,
    "J2129-5721_basis_ecorr_40CM_log10_ecorr": -6.7718629081698545,
    "J2129-5721_basis_ecorr_40CM_uwl_log10_ecorr": -6.7757934360173095,
    "J2129-5721_basis_ecorr_all_dr2_log10_ecorr": -6.456224412762446,
    "J2129-5721_basis_ecorr_all_uwl_log10_ecorr": -6.357958258964237,
    "J2129-5721_dm_gp_gamma": 3.5574647248878053,
    "J2129-5721_dm_gp_log10_A": -13.541680944100568,
    "J2129-5721_gp_sw_gamma": 2.522250535562168,
    "J2129-5721_gp_sw_log10_A": -7.394767249132405,
    "J2129-5721_red_noise_gamma": 5.791465695781043,
    "J2129-5721_red_noise_log10_A": -14.70590943934258,
    "n_earth": 7.860582511001303,
    "nmodel": 0.3403509651767394
}