{
    "J2129-5721_CASPSR_40CM_efac": 1.080320584992904,
    "J2129-5721_CASPSR_40CM_log10_tnequad": -8.22926353470677,
    "J2129-5721_CPSR2_50CM_efac": 1.0841518020771899,
    "J2129-5721_CPSR2_50CM_log10_tnequad": -8.017905185516993,
    "J2129-5721_PDFB1_20CM_efac": 1.0773644648563476,
    "J2129-5721_PDFB1_20CM_log10_tnequad": -8.313583411143563,
    "J2129-5721_PDFB1_early_20CM_efac": 0.9307762853703886,
    "J2129-5721_PDFB1_early_20CM_log10_tnequad": -7.241716004732521,
    "J2129-5721_PDFB_20CM_efac": 1.0370263783222726,
    "J2129-5721_PDFB_20CM_log10_tnequad": -8.122203248708189,
    "J2129-5721_PDFB_40CM_efac": 0.968147303836972,
    "J2129-5721_PDFB_40CM_log10_tnequad": -7.82793927670221,
    "J2129-5721_UWL_CASPSR_40CM_efac": 1.2495687457329356,
    "J2129-5721_UWL_CASPSR_40CM_log10_tnequad": -7.664804188290522,
    "J2129-5721_UWL_PDFB4_20CM_efac": 1.247147426223496,
    "J2129-5721_UWL_PDFB4_20CM_log10_tnequad": -8.04517352437486,
    "J2129-5721_UWL_sbA_efac": 1.0453179261861245,
    "J2129-5721_UWL_sbA_log10_tnequad": -8.136819459079705,
    "J2129-5721_UWL_sbB_efac": 1.22667807415969,
    "J2129-5721_UWL_sbB_log10_tnequad": -8.163335139122662,
    "J2129-5721_UWL_sbC_efac": 1.1752205154451683,
    "J2129-5721_UWL_sbC_log10_tnequad": -8.09606320685391,
    "J2129-5721_UWL_sbD_efac": 1.3231806035778744,
    "J2129-5721_UWL_sbD_log10_tnequad": -8.183766101034522,
    "J2129-5721_UWL_sbE_efac": 1.0182068620536924,
    "J2129-5721_UWL_sbE_log10_tnequad": -8.350714433186166,
    "J2129-5721_UWL_sbF_efac": 1.0201253924185187,
    "J2129-5721_UWL_sbF_log10_tnequad": -8.189432043895842,
    "J2129-5721_UWL_sbG_efac": 0.9417037967542324,
    "J2129-5721_UWL_sbG_log10_tnequad": -8.16406526164161,
    "J2129-5721_basis_ecorr_10CM_uwl_log10_ecorr": -8.192262545481485,
    "J2129-5721_basis_ecorr_20CM_log10_ecorr": -7.20180548363856,
    "J2129-5721_basis_ecorr_20CM_uwl_log10_ecorr": -8.283892214074935,
    "J2129-5721_basis_ecorr_40CM_log10_ecorr": -8.06819711368546,
    "J2129-5721_basis_ecorr_40CM_uwl_log10_ecorr": -8.058461274058661,
    "J2129-5721_basis_ecorr_all_dr2_log10_ecorr": -6.77555299960249,
    "J2129-5721_basis_ecorr_all_uwl_log10_ecorr": -6.642305671857823,
    "J2129-5721_dm_gp_gamma": 3.0772819443060353,
    "J2129-5721_dm_gp_log10_A": -13.664780005078551,
    "J2129-5721_gp_sw_gamma": 0.12754905188007992,
    "J2129-5721_gp_sw_log10_A": -8.480088337661035,
    "J2129-5721_red_noise_gamma": 3.4275585035483385,
    "J2129-5721_red_noise_log10_A": -16.59187659561826,
    "n_earth": 4.554695157152061,
    "nmodel": 0.00024475278325802874
}