{
    "J2124-3358_CASPSR_40CM_efac": 1.1516029131905117,
    "J2124-3358_CASPSR_40CM_log10_tnequad": -8.038960217245751,
    "J2124-3358_CPSR2_20CM_efac": 1.520591569174145,
    "J2124-3358_CPSR2_20CM_log10_tnequad": -5.336581466440815,
    "J2124-3358_CPSR2_50CM_efac": 1.1530609646604832,
    "J2124-3358_CPSR2_50CM_log10_tnequad": -7.992322156334648,
    "J2124-3358_PDFB1_1433_efac": 0.9190730949278737,
    "J2124-3358_PDFB1_1433_log10_tnequad": -7.8304865601257525,
    "J2124-3358_PDFB1_20CM_efac": 1.3592245199965785,
    "J2124-3358_PDFB1_20CM_log10_tnequad": -8.00167857403351,
    "J2124-3358_PDFB1_early_20CM_efac": 1.0427774633459328,
    "J2124-3358_PDFB1_early_20CM_log10_tnequad": -7.798388181168946,
    "J2124-3358_PDFB_10CM_efac": 1.3142231326522495,
    "J2124-3358_PDFB_10CM_log10_tnequad": -7.335279711119142,
    "J2124-3358_PDFB_20CM_efac": 1.1315313739009314,
    "J2124-3358_PDFB_20CM_log10_tnequad": -8.255183609646947,
    "J2124-3358_PDFB_40CM_efac": 0.9513870917187282,
    "J2124-3358_PDFB_40CM_log10_tnequad": -8.152468300191796,
    "J2124-3358_UWL_PDFB4_20CM_efac": 1.1895059557418386,
    "J2124-3358_UWL_PDFB4_20CM_log10_tnequad": -7.899218024301742,
    "J2124-3358_UWL_sbA_efac": 1.447497286430172,
    "J2124-3358_UWL_sbA_log10_tnequad": -7.916667228881149,
    "J2124-3358_UWL_sbB_efac": 1.2614167010528552,
    "J2124-3358_UWL_sbB_log10_tnequad": -8.209413560038204,
    "J2124-3358_UWL_sbC_efac": 1.1295916692212042,
    "J2124-3358_UWL_sbC_log10_tnequad": -8.077104439704542,
    "J2124-3358_UWL_sbD_efac": 1.5365831082175037,
    "J2124-3358_UWL_sbD_log10_tnequad": -8.193818354825432,
    "J2124-3358_UWL_sbE_efac": 1.370180445625647,
    "J2124-3358_UWL_sbE_log10_tnequad": -8.10433486095452,
    "J2124-3358_UWL_sbF_efac": 1.068283202754421,
    "J2124-3358_UWL_sbF_log10_tnequad": -7.739515881435107,
    "J2124-3358_UWL_sbG_efac": 1.1389095952475956,
    "J2124-3358_UWL_sbG_log10_tnequad": -7.842152507957959,
    "J2124-3358_UWL_sbH_efac": 1.033083489665078,
    "J2124-3358_UWL_sbH_log10_tnequad": -7.647066571592453,
    "J2124-3358_basis_ecorr_10CM_log10_ecorr": -7.564863798517012,
    "J2124-3358_basis_ecorr_10CM_uwl_log10_ecorr": -7.742132812686795,
    "J2124-3358_basis_ecorr_20CM_log10_ecorr": -8.226231585036375,
    "J2124-3358_basis_ecorr_20CM_uwl_log10_ecorr": -7.905333461160612,
    "J2124-3358_basis_ecorr_40CM_log10_ecorr": -8.130373062025813,
    "J2124-3358_basis_ecorr_40CM_uwl_log10_ecorr": -8.261527519064437,
    "J2124-3358_basis_ecorr_all_dr2_log10_ecorr": -8.25962892310265,
    "J2124-3358_basis_ecorr_all_uwl_log10_ecorr": -8.223707546910374,
    "J2124-3358_dm_gp_gamma": 2.9717190038465673,
    "J2124-3358_dm_gp_log10_A": -17.34187017580266,
    "J2124-3358_gp_sw_gamma": 0.07400848871521995,
    "J2124-3358_gp_sw_log10_A": -8.469319440928839,
    "J2124-3358_red_noise_gamma": 4.730067024817725,
    "J2124-3358_red_noise_log10_A": -14.933578127881422,
    "n_earth": 5.988131354567708,
    "nmodel": 8.949585611633948e-05
}