{
    "J2124-3358_CASPSR_40CM_efac": 1.0690400620335772,
    "J2124-3358_CASPSR_40CM_log10_tnequad": -9.368122140110248,
    "J2124-3358_CPSR2_20CM_efac": 1.4151561061287867,
    "J2124-3358_CPSR2_20CM_log10_tnequad": -5.452706218461983,
    "J2124-3358_CPSR2_50CM_efac": 1.092512470352788,
    "J2124-3358_CPSR2_50CM_log10_tnequad": -9.343584651801722,
    "J2124-3358_PDFB1_1433_efac": 0.8051731117244109,
    "J2124-3358_PDFB1_1433_log10_tnequad": -9.298918390374041,
    "J2124-3358_PDFB1_20CM_efac": 1.2813488092019647,
    "J2124-3358_PDFB1_20CM_log10_tnequad": -9.354402259841272,
    "J2124-3358_PDFB1_early_20CM_efac": 0.9641440542618374,
    "J2124-3358_PDFB1_early_20CM_log10_tnequad": -9.287489111556992,
    "J2124-3358_PDFB_10CM_efac": 1.0588716699367473,
    "J2124-3358_PDFB_10CM_log10_tnequad": -9.143678617094805,
    "J2124-3358_PDFB_20CM_efac": 1.1072670265870124,
    "J2124-3358_PDFB_20CM_log10_tnequad": -9.43237936094059,
    "J2124-3358_PDFB_40CM_efac": 0.9103499534968139,
    "J2124-3358_PDFB_40CM_log10_tnequad": -9.40216644885594,
    "J2124-3358_UWL_PDFB4_20CM_efac": 1.0873992725862924,
    "J2124-3358_UWL_PDFB4_20CM_log10_tnequad": -9.319021916406177,
    "J2124-3358_UWL_sbA_efac": 1.328908323657289,
    "J2124-3358_UWL_sbA_log10_tnequad": -9.3307523191766,
    "J2124-3358_UWL_sbB_efac": 1.1810897664988635,
    "J2124-3358_UWL_sbB_log10_tnequad": -9.416397774653374,
    "J2124-3358_UWL_sbC_efac": 1.0561560643368018,
    "J2124-3358_UWL_sbC_log10_tnequad": -9.372627507846405,
    "J2124-3358_UWL_sbD_efac": 1.4583017335190733,
    "J2124-3358_UWL_sbD_log10_tnequad": -9.421868144009627,
    "J2124-3358_UWL_sbE_efac": 1.2985825300324314,
    "J2124-3358_UWL_sbE_log10_tnequad": -9.383272068373358,
    "J2124-3358_UWL_sbF_efac": 1.0151198892399964,
    "J2124-3358_UWL_sbF_log10_tnequad": -9.266477061174761,
    "J2124-3358_UWL_sbG_efac": 1.0621194624328314,
    "J2124-3358_UWL_sbG_log10_tnequad": -9.290636657993637,
    "J2124-3358_UWL_sbH_efac": 0.9345949360669326,
    "J2124-3358_UWL_sbH_log10_tnequad": -9.24308841626295,
    "J2124-3358_basis_ecorr_10CM_log10_ecorr": -9.220093581514893,
    "J2124-3358_basis_ecorr_10CM_uwl_log10_ecorr": -9.279207944632427,
    "J2124-3358_basis_ecorr_20CM_log10_ecorr": -9.433052411964194,
    "J2124-3358_basis_ecorr_20CM_uwl_log10_ecorr": -9.332102277087246,
    "J2124-3358_basis_ecorr_40CM_log10_ecorr": -9.403609414871681,
    "J2124-3358_basis_ecorr_40CM_uwl_log10_ecorr": -9.441552452495403,
    "J2124-3358_basis_ecorr_all_dr2_log10_ecorr": -9.442397808747177,
    "J2124-3358_basis_ecorr_all_uwl_log10_ecorr": -9.429581996132782,
    "J2124-3358_dm_gp_gamma": 0.9190467412172341,
    "J2124-3358_dm_gp_log10_A": -19.148891946749018,
    "J2124-3358_gp_sw_gamma": -2.500430717821821,
    "J2124-3358_gp_sw_log10_A": -9.510548375674121,
    "J2124-3358_red_noise_gamma": 2.8773492800389366,
    "J2124-3358_red_noise_log10_A": -15.865431528498823,
    "n_earth": 3.953675657851851,
    "nmodel": -0.3398677899769231
}