{
    "J2124-3358_CASPSR_40CM_efac": 1.156685467133011,
    "J2124-3358_CASPSR_40CM_log10_tnequad": -8.027863203372867,
    "J2124-3358_CPSR2_20CM_efac": 1.5214823114796199,
    "J2124-3358_CPSR2_20CM_log10_tnequad": -5.4068614696293436,
    "J2124-3358_CPSR2_50CM_efac": 1.155628809340915,
    "J2124-3358_CPSR2_50CM_log10_tnequad": -7.982854267112391,
    "J2124-3358_PDFB1_1433_efac": 0.9187502855614859,
    "J2124-3358_PDFB1_1433_log10_tnequad": -7.819508658907724,
    "J2124-3358_PDFB1_20CM_efac": 1.3628741404755271,
    "J2124-3358_PDFB1_20CM_log10_tnequad": -7.99311368112636,
    "J2124-3358_PDFB1_early_20CM_efac": 1.0448297867142924,
    "J2124-3358_PDFB1_early_20CM_log10_tnequad": -7.805699364304263,
    "J2124-3358_PDFB_10CM_efac": 1.3315747593729188,
    "J2124-3358_PDFB_10CM_log10_tnequad": -7.359891417513129,
    "J2124-3358_PDFB_20CM_efac": 1.1319110778115595,
    "J2124-3358_PDFB_20CM_log10_tnequad": -8.242827475284196,
    "J2124-3358_PDFB_40CM_efac": 0.9528872297362453,
    "J2124-3358_PDFB_40CM_log10_tnequad": -8.145556334218073,
    "J2124-3358_UWL_PDFB4_20CM_efac": 1.19670216250827,
    "J2124-3358_UWL_PDFB4_20CM_log10_tnequad": -7.899385484264879,
    "J2124-3358_UWL_sbA_efac": 1.45603233621113,
    "J2124-3358_UWL_sbA_log10_tnequad": -7.905482570083425,
    "J2124-3358_UWL_sbB_efac": 1.2661382694732692,
    "J2124-3358_UWL_sbB_log10_tnequad": -8.201655730221326,
    "J2124-3358_UWL_sbC_efac": 1.1337719703090787,
    "J2124-3358_UWL_sbC_log10_tnequad": -8.069620179967501,
    "J2124-3358_UWL_sbD_efac": 1.5399946981046626,
    "J2124-3358_UWL_sbD_log10_tnequad": -8.183688621635316,
    "J2124-3358_UWL_sbE_efac": 1.373529538335975,
    "J2124-3358_UWL_sbE_log10_tnequad": -8.097612651423868,
    "J2124-3358_UWL_sbF_efac": 1.0678454735826477,
    "J2124-3358_UWL_sbF_log10_tnequad": -7.758996443147729,
    "J2124-3358_UWL_sbG_efac": 1.1428029399426745,
    "J2124-3358_UWL_sbG_log10_tnequad": -7.83390195087971,
    "J2124-3358_UWL_sbH_efac": 1.0334414988354812,
    "J2124-3358_UWL_sbH_log10_tnequad": -7.646691322737445,
    "J2124-3358_basis_ecorr_10CM_log10_ecorr": -7.565888539500916,
    "J2124-3358_basis_ecorr_10CM_uwl_log10_ecorr": -7.7499317533564245,
    "J2124-3358_basis_ecorr_20CM_log10_ecorr": -8.22086759755262,
    "J2124-3358_basis_ecorr_20CM_uwl_log10_ecorr": -7.932606063035742,
    "J2124-3358_basis_ecorr_40CM_log10_ecorr": -8.12324392687204,
    "J2124-3358_basis_ecorr_40CM_uwl_log10_ecorr": -8.251310874375548,
    "J2124-3358_basis_ecorr_all_dr2_log10_ecorr": -8.250646711440746,
    "J2124-3358_basis_ecorr_all_uwl_log10_ecorr": -8.212520823438044,
    "J2124-3358_dm_gp_gamma": 3.1370867495293417,
    "J2124-3358_dm_gp_log10_A": -17.251024813456162,
    "J2124-3358_gp_sw_gamma": 0.017662002610284812,
    "J2124-3358_gp_sw_log10_A": -8.426154536729596,
    "J2124-3358_red_noise_gamma": 4.554080876780385,
    "J2124-3358_red_noise_log10_A": -15.006334473400612,
    "n_earth": 5.997431563923964,
    "nmodel": 8.446723847368548e-05
}