{
    "J2129-5721_CASPSR_40CM_efac": 1.0833533323028652,
    "J2129-5721_CASPSR_40CM_log10_tnequad": -8.224660919232269,
    "J2129-5721_CPSR2_50CM_efac": 1.0859609658637357,
    "J2129-5721_CPSR2_50CM_log10_tnequad": -8.013052855157621,
    "J2129-5721_PDFB1_20CM_efac": 1.08319648157812,
    "J2129-5721_PDFB1_20CM_log10_tnequad": -8.300245349742067,
    "J2129-5721_PDFB1_early_20CM_efac": 0.9323042803873884,
    "J2129-5721_PDFB1_early_20CM_log10_tnequad": -7.482284185117465,
    "J2129-5721_PDFB_20CM_efac": 1.03755681156246,
    "J2129-5721_PDFB_20CM_log10_tnequad": -8.144181690422657,
    "J2129-5721_PDFB_40CM_efac": 0.966941803066854,
    "J2129-5721_PDFB_40CM_log10_tnequad": -7.864258295969233,
    "J2129-5721_UWL_CASPSR_40CM_efac": 1.2585324711260275,
    "J2129-5721_UWL_CASPSR_40CM_log10_tnequad": -7.670255555641859,
    "J2129-5721_UWL_PDFB4_20CM_efac": 1.254565176429085,
    "J2129-5721_UWL_PDFB4_20CM_log10_tnequad": -8.044165480240627,
    "J2129-5721_UWL_sbA_efac": 1.0484337821857956,
    "J2129-5721_UWL_sbA_log10_tnequad": -8.12953975012413,
    "J2129-5721_UWL_sbB_efac": 1.2284205301340747,
    "J2129-5721_UWL_sbB_log10_tnequad": -8.169211772409865,
    "J2129-5721_UWL_sbC_efac": 1.1774989586291877,
    "J2129-5721_UWL_sbC_log10_tnequad": -8.09369102972383,
    "J2129-5721_UWL_sbD_efac": 1.3247164921940773,
    "J2129-5721_UWL_sbD_log10_tnequad": -8.183919300645071,
    "J2129-5721_UWL_sbE_efac": 1.0210679373932359,
    "J2129-5721_UWL_sbE_log10_tnequad": -8.335205978129107,
    "J2129-5721_UWL_sbF_efac": 1.0226173347112566,
    "J2129-5721_UWL_sbF_log10_tnequad": -8.178077994685575,
    "J2129-5721_UWL_sbG_efac": 0.9529468247648448,
    "J2129-5721_UWL_sbG_log10_tnequad": -8.146607801677922,
    "J2129-5721_basis_ecorr_10CM_uwl_log10_ecorr": -8.178444540785485,
    "J2129-5721_basis_ecorr_20CM_log10_ecorr": -7.600953749935831,
    "J2129-5721_basis_ecorr_20CM_uwl_log10_ecorr": -8.274776297692414,
    "J2129-5721_basis_ecorr_40CM_log10_ecorr": -8.07722601542395,
    "J2129-5721_basis_ecorr_40CM_uwl_log10_ecorr": -8.073363838252,
    "J2129-5721_basis_ecorr_all_dr2_log10_ecorr": -7.395767368573077,
    "J2129-5721_basis_ecorr_all_uwl_log10_ecorr": -7.24264462760506,
    "J2129-5721_dm_gp_gamma": 3.119955720439753,
    "J2129-5721_dm_gp_log10_A": -13.679028930426876,
    "J2129-5721_gp_sw_gamma": 0.0598610444044653,
    "J2129-5721_gp_sw_log10_A": -8.442237055801096,
    "J2129-5721_red_noise_gamma": 3.4533701269857593,
    "J2129-5721_red_noise_log10_A": -16.720429170573176,
    "n_earth": 4.850712856580249,
    "nmodel": 0.00012037961773705455
}