{
    "J2145-0750_CASPSR_40CM_efac": 1.3396317460816762,
    "J2145-0750_CASPSR_40CM_log10_tnequad": -6.934150478977894,
    "J2145-0750_CPSR2_20CM_efac": 1.3322923898685957,
    "J2145-0750_CPSR2_20CM_log10_tnequad": -5.528527173701225,
    "J2145-0750_CPSR2_50CM_efac": 1.2710125365868643,
    "J2145-0750_CPSR2_50CM_log10_tnequad": -6.488451816667892,
    "J2145-0750_PDFB1_10CM_efac": 1.1015151101992484,
    "J2145-0750_PDFB1_10CM_log10_tnequad": -6.406628367871054,
    "J2145-0750_PDFB1_1433_efac": 1.3360339163121473,
    "J2145-0750_PDFB1_1433_log10_tnequad": -6.430706859261152,
    "J2145-0750_PDFB1_20CM_efac": 1.1259995598181374,
    "J2145-0750_PDFB1_20CM_log10_tnequad": -6.595309897013886,
    "J2145-0750_PDFB1_early_10CM_efac": 1.0508427795572224,
    "J2145-0750_PDFB1_early_10CM_log10_tnequad": -5.424125682486536,
    "J2145-0750_PDFB1_early_20CM_efac": 1.089766818384447,
    "J2145-0750_PDFB1_early_20CM_log10_tnequad": -6.853669613593919,
    "J2145-0750_PDFB_10CM_efac": 1.0545080583269175,
    "J2145-0750_PDFB_10CM_log10_tnequad": -7.059159816392311,
    "J2145-0750_PDFB_20CM_efac": 1.101737845029451,
    "J2145-0750_PDFB_20CM_log10_tnequad": -7.438646096856715,
    "J2145-0750_PDFB_40CM_efac": 1.0447990488949406,
    "J2145-0750_PDFB_40CM_log10_tnequad": -7.2837092371503465,
    "J2145-0750_UWL_PDFB4_20CM_efac": 1.5017291944759015,
    "J2145-0750_UWL_PDFB4_20CM_log10_tnequad": -6.866164442833633,
    "J2145-0750_UWL_sbA_efac": 1.3618158532567555,
    "J2145-0750_UWL_sbA_log10_tnequad": -6.99869001375694,
    "J2145-0750_UWL_sbB_efac": 1.1973256129272096,
    "J2145-0750_UWL_sbB_log10_tnequad": -7.352485538746149,
    "J2145-0750_UWL_sbC_efac": 1.1003843982460721,
    "J2145-0750_UWL_sbC_log10_tnequad": -7.3519998366881145,
    "J2145-0750_UWL_sbD_efac": 1.106625514727694,
    "J2145-0750_UWL_sbD_log10_tnequad": -7.111557919461295,
    "J2145-0750_UWL_sbE_efac": 1.150920759989265,
    "J2145-0750_UWL_sbE_log10_tnequad": -7.237029453183159,
    "J2145-0750_UWL_sbF_efac": 1.0463831167707651,
    "J2145-0750_UWL_sbF_log10_tnequad": -7.315644711380374,
    "J2145-0750_UWL_sbG_efac": 1.1970599088927267,
    "J2145-0750_UWL_sbG_log10_tnequad": -7.11035078634918,
    "J2145-0750_UWL_sbH_efac": 1.065753082173062,
    "J2145-0750_UWL_sbH_log10_tnequad": -7.096371857854945,
    "J2145-0750_WBCORR_10CM_efac": 1.2295730046155045,
    "J2145-0750_WBCORR_10CM_log10_tnequad": -6.638464216182963,
    "J2145-0750_basis_ecorr_10CM_log10_ecorr": -7.049518451670049,
    "J2145-0750_basis_ecorr_10CM_uwl_log10_ecorr": -7.286368439799345,
    "J2145-0750_basis_ecorr_20CM_log10_ecorr": -6.432917730534301,
    "J2145-0750_basis_ecorr_20CM_uwl_log10_ecorr": -7.252878453648885,
    "J2145-0750_basis_ecorr_40CM_log10_ecorr": -6.364289402415025,
    "J2145-0750_basis_ecorr_40CM_uwl_log10_ecorr": -7.360704616814093,
    "J2145-0750_basis_ecorr_all_dr2_log10_ecorr": -6.3625887171800235,
    "J2145-0750_basis_ecorr_all_uwl_log10_ecorr": -6.471714552866415,
    "J2145-0750_dm_gp_gamma": 2.3516101420474302,
    "J2145-0750_dm_gp_log10_A": -13.439025535156931,
    "J2145-0750_dmexp_1_idx": 0.1691941127767019,
    "J2145-0750_dmexp_1_log10_Amp": -5.3584822893182205,
    "J2145-0750_dmexp_1_log10_tau": 2.0610747620711063,
    "J2145-0750_dmexp_1_t0": 56329.119194861996,
    "J2145-0750_gp_sw_gamma": 0.7348254232419702,
    "J2145-0750_gp_sw_log10_A": -6.421133622214132,
    "J2145-0750_red_noise_gamma": 5.88463601525047,
    "J2145-0750_red_noise_log10_A": -13.772960919753128,
    "n_earth": 6.588355523175509,
    "nmodel": 0.3402944886030564
}