{
    "J2145-0750_CASPSR_40CM_efac": 1.170835879070707,
    "J2145-0750_CASPSR_40CM_log10_tnequad": -9.368172845768397,
    "J2145-0750_CPSR2_20CM_efac": 1.1657734862847249,
    "J2145-0750_CPSR2_20CM_log10_tnequad": -5.635578520406422,
    "J2145-0750_CPSR2_50CM_efac": 1.1627683649344978,
    "J2145-0750_CPSR2_50CM_log10_tnequad": -9.272490764594929,
    "J2145-0750_PDFB1_10CM_efac": 0.938074248681348,
    "J2145-0750_PDFB1_10CM_log10_tnequad": -9.289408482997349,
    "J2145-0750_PDFB1_1433_efac": 1.0412989144937204,
    "J2145-0750_PDFB1_1433_log10_tnequad": -9.243476573044065,
    "J2145-0750_PDFB1_20CM_efac": 1.0000083768890524,
    "J2145-0750_PDFB1_20CM_log10_tnequad": -9.310918036703441,
    "J2145-0750_PDFB1_early_10CM_efac": 0.6808955563794886,
    "J2145-0750_PDFB1_early_10CM_log10_tnequad": -8.87048214867758,
    "J2145-0750_PDFB1_early_20CM_efac": 0.9385185994993488,
    "J2145-0750_PDFB1_early_20CM_log10_tnequad": -9.390443699392575,
    "J2145-0750_PDFB_10CM_efac": 1.0052343494570977,
    "J2145-0750_PDFB_10CM_log10_tnequad": -9.390274481512257,
    "J2145-0750_PDFB_20CM_efac": 1.0547558288473662,
    "J2145-0750_PDFB_20CM_log10_tnequad": -9.50997666059975,
    "J2145-0750_PDFB_40CM_efac": 0.9765025984981476,
    "J2145-0750_PDFB_40CM_log10_tnequad": -9.443155971868514,
    "J2145-0750_UWL_PDFB4_20CM_efac": 1.2545606877119606,
    "J2145-0750_UWL_PDFB4_20CM_log10_tnequad": -9.40551015555007,
    "J2145-0750_UWL_sbA_efac": 1.2103712353670624,
    "J2145-0750_UWL_sbA_log10_tnequad": -9.393227728999928,
    "J2145-0750_UWL_sbB_efac": 1.0810301211538442,
    "J2145-0750_UWL_sbB_log10_tnequad": -9.447435173979388,
    "J2145-0750_UWL_sbC_efac": 0.9926105186999713,
    "J2145-0750_UWL_sbC_log10_tnequad": -9.4488602757543,
    "J2145-0750_UWL_sbD_efac": 0.9928004951230457,
    "J2145-0750_UWL_sbD_log10_tnequad": -9.422312393203821,
    "J2145-0750_UWL_sbE_efac": 1.0358903854586923,
    "J2145-0750_UWL_sbE_log10_tnequad": -9.445362318621822,
    "J2145-0750_UWL_sbF_efac": 0.9517488843018554,
    "J2145-0750_UWL_sbF_log10_tnequad": -9.463134721927146,
    "J2145-0750_UWL_sbG_efac": 1.0802480341987197,
    "J2145-0750_UWL_sbG_log10_tnequad": -9.43741288765803,
    "J2145-0750_UWL_sbH_efac": 0.9717175742607181,
    "J2145-0750_UWL_sbH_log10_tnequad": -9.429316426147773,
    "J2145-0750_WBCORR_10CM_efac": 1.0679672708137578,
    "J2145-0750_WBCORR_10CM_log10_tnequad": -9.31233431980624,
    "J2145-0750_basis_ecorr_10CM_log10_ecorr": -9.442636968653977,
    "J2145-0750_basis_ecorr_10CM_uwl_log10_ecorr": -9.478041539130638,
    "J2145-0750_basis_ecorr_20CM_log10_ecorr": -9.233037456910868,
    "J2145-0750_basis_ecorr_20CM_uwl_log10_ecorr": -9.466658980952174,
    "J2145-0750_basis_ecorr_40CM_log10_ecorr": -9.231451010441747,
    "J2145-0750_basis_ecorr_40CM_uwl_log10_ecorr": -9.50533760098495,
    "J2145-0750_basis_ecorr_all_dr2_log10_ecorr": -7.247202447012311,
    "J2145-0750_basis_ecorr_all_uwl_log10_ecorr": -6.676810865756795,
    "J2145-0750_dm_gp_gamma": 1.4939485435376403,
    "J2145-0750_dm_gp_log10_A": -13.712270450212545,
    "J2145-0750_dmexp_1_idx": -0.2883766142145327,
    "J2145-0750_dmexp_1_log10_Amp": -5.483741441824504,
    "J2145-0750_dmexp_1_log10_tau": 1.8267926394666916,
    "J2145-0750_dmexp_1_t0": 56320.34722591133,
    "J2145-0750_gp_sw_gamma": -2.450120886238623,
    "J2145-0750_gp_sw_log10_A": -7.452924921513215,
    "J2145-0750_red_noise_gamma": 2.6243838328503957,
    "J2145-0750_red_noise_log10_A": -15.401828114652279,
    "n_earth": 5.123074676253835,
    "nmodel": -0.34035642876317446
}