{
    "J2145-0750_CASPSR_40CM_efac": 1.2553528582792566,
    "J2145-0750_CASPSR_40CM_log10_tnequad": -8.150378876073697,
    "J2145-0750_CPSR2_20CM_efac": 1.2481828390850391,
    "J2145-0750_CPSR2_20CM_log10_tnequad": -5.582445230057693,
    "J2145-0750_CPSR2_50CM_efac": 1.216599847134226,
    "J2145-0750_CPSR2_50CM_log10_tnequad": -7.882703107312842,
    "J2145-0750_PDFB1_10CM_efac": 1.0187928750676483,
    "J2145-0750_PDFB1_10CM_log10_tnequad": -7.8412250323481505,
    "J2145-0750_PDFB1_1433_efac": 1.1892384281613286,
    "J2145-0750_PDFB1_1433_log10_tnequad": -7.827473913096326,
    "J2145-0750_PDFB1_20CM_efac": 1.0623750252760116,
    "J2145-0750_PDFB1_20CM_log10_tnequad": -7.954122568093437,
    "J2145-0750_PDFB1_early_10CM_efac": 0.8822758807557317,
    "J2145-0750_PDFB1_early_10CM_log10_tnequad": -6.943628463490506,
    "J2145-0750_PDFB1_early_20CM_efac": 1.0151422129967091,
    "J2145-0750_PDFB1_early_20CM_log10_tnequad": -8.118039570244575,
    "J2145-0750_PDFB_10CM_efac": 1.0300748624244187,
    "J2145-0750_PDFB_10CM_log10_tnequad": -8.210700969424645,
    "J2145-0750_PDFB_20CM_efac": 1.078087573785243,
    "J2145-0750_PDFB_20CM_log10_tnequad": -8.471667362495028,
    "J2145-0750_PDFB_40CM_efac": 1.010377064309527,
    "J2145-0750_PDFB_40CM_log10_tnequad": -8.353251983463808,
    "J2145-0750_UWL_PDFB4_20CM_efac": 1.3773764230849308,
    "J2145-0750_UWL_PDFB4_20CM_log10_tnequad": -8.145151749374438,
    "J2145-0750_UWL_sbA_efac": 1.285086575433768,
    "J2145-0750_UWL_sbA_log10_tnequad": -8.189784302188247,
    "J2145-0750_UWL_sbB_efac": 1.1390215115213849,
    "J2145-0750_UWL_sbB_log10_tnequad": -8.392649148326312,
    "J2145-0750_UWL_sbC_efac": 1.0461893584810247,
    "J2145-0750_UWL_sbC_log10_tnequad": -8.383310388047637,
    "J2145-0750_UWL_sbD_efac": 1.0487155475097654,
    "J2145-0750_UWL_sbD_log10_tnequad": -8.259854133278802,
    "J2145-0750_UWL_sbE_efac": 1.0923720796845118,
    "J2145-0750_UWL_sbE_log10_tnequad": -8.337015196591263,
    "J2145-0750_UWL_sbF_efac": 0.9989778944897816,
    "J2145-0750_UWL_sbF_log10_tnequad": -8.379756081662931,
    "J2145-0750_UWL_sbG_efac": 1.1387803272670254,
    "J2145-0750_UWL_sbG_log10_tnequad": -8.266341726436563,
    "J2145-0750_UWL_sbH_efac": 1.019232546998709,
    "J2145-0750_UWL_sbH_log10_tnequad": -8.264697584548665,
    "J2145-0750_WBCORR_10CM_efac": 1.1491001786761141,
    "J2145-0750_WBCORR_10CM_log10_tnequad": -7.973083221147155,
    "J2145-0750_basis_ecorr_10CM_log10_ecorr": -8.238881600395091,
    "J2145-0750_basis_ecorr_10CM_uwl_log10_ecorr": -8.372954091342363,
    "J2145-0750_basis_ecorr_20CM_log10_ecorr": -7.769073694160521,
    "J2145-0750_basis_ecorr_20CM_uwl_log10_ecorr": -8.361343729575522,
    "J2145-0750_basis_ecorr_40CM_log10_ecorr": -7.745971918000843,
    "J2145-0750_basis_ecorr_40CM_uwl_log10_ecorr": -8.428078838778081,
    "J2145-0750_basis_ecorr_all_dr2_log10_ecorr": -6.788320759531128,
    "J2145-0750_basis_ecorr_all_uwl_log10_ecorr": -6.585480586694053,
    "J2145-0750_dm_gp_gamma": 1.9490963751546457,
    "J2145-0750_dm_gp_log10_A": -13.589797717889567,
    "J2145-0750_dmexp_1_idx": -0.059397801069014565,
    "J2145-0750_dmexp_1_log10_Amp": -5.421147592503178,
    "J2145-0750_dmexp_1_log10_tau": 1.944053371689316,
    "J2145-0750_dmexp_1_t0": 56324.693559810206,
    "J2145-0750_gp_sw_gamma": -0.6225722754259057,
    "J2145-0750_gp_sw_log10_A": -6.896771661560304,
    "J2145-0750_red_noise_gamma": 4.220379838667672,
    "J2145-0750_red_noise_log10_A": -14.595308002998621,
    "n_earth": 5.8542085607953345,
    "nmodel": -5.6733947899046704e-05
}