{
    "J2145-0750_CASPSR_40CM_efac": 1.2521295931975558,
    "J2145-0750_CASPSR_40CM_log10_tnequad": -8.155980331716535,
    "J2145-0750_CPSR2_20CM_efac": 1.245624709288185,
    "J2145-0750_CPSR2_20CM_log10_tnequad": -5.57968590399286,
    "J2145-0750_CPSR2_50CM_efac": 1.2139368054678044,
    "J2145-0750_CPSR2_50CM_log10_tnequad": -7.8677499411610325,
    "J2145-0750_PDFB1_10CM_efac": 1.0129859918332869,
    "J2145-0750_PDFB1_10CM_log10_tnequad": -7.849785263721265,
    "J2145-0750_PDFB1_1433_efac": 1.1797039469212305,
    "J2145-0750_PDFB1_1433_log10_tnequad": -7.7896178846443656,
    "J2145-0750_PDFB1_20CM_efac": 1.0619381689529048,
    "J2145-0750_PDFB1_20CM_log10_tnequad": -7.93610679977177,
    "J2145-0750_PDFB1_early_10CM_efac": 0.9329406938788031,
    "J2145-0750_PDFB1_early_10CM_log10_tnequad": -6.51264739249681,
    "J2145-0750_PDFB1_early_20CM_efac": 1.0110808525223791,
    "J2145-0750_PDFB1_early_20CM_log10_tnequad": -8.123747046848461,
    "J2145-0750_PDFB_10CM_efac": 1.0292329239521134,
    "J2145-0750_PDFB_10CM_log10_tnequad": -8.202000334635102,
    "J2145-0750_PDFB_20CM_efac": 1.0772642292940422,
    "J2145-0750_PDFB_20CM_log10_tnequad": -8.475932879428681,
    "J2145-0750_PDFB_40CM_efac": 1.0086109323901895,
    "J2145-0750_PDFB_40CM_log10_tnequad": -8.34937947145944,
    "J2145-0750_UWL_PDFB4_20CM_efac": 1.3691545702140238,
    "J2145-0750_UWL_PDFB4_20CM_log10_tnequad": -8.159959089948991,
    "J2145-0750_UWL_sbA_efac": 1.2803352273367015,
    "J2145-0750_UWL_sbA_log10_tnequad": -8.19430564529871,
    "J2145-0750_UWL_sbB_efac": 1.1355481832015173,
    "J2145-0750_UWL_sbB_log10_tnequad": -8.396195800712121,
    "J2145-0750_UWL_sbC_efac": 1.0434617714517678,
    "J2145-0750_UWL_sbC_log10_tnequad": -8.376749545348753,
    "J2145-0750_UWL_sbD_efac": 1.0445818963039266,
    "J2145-0750_UWL_sbD_log10_tnequad": -8.24584075841878,
    "J2145-0750_UWL_sbE_efac": 1.0894304068872855,
    "J2145-0750_UWL_sbE_log10_tnequad": -8.348172369709598,
    "J2145-0750_UWL_sbF_efac": 0.9981721824266252,
    "J2145-0750_UWL_sbF_log10_tnequad": -8.385796594873565,
    "J2145-0750_UWL_sbG_efac": 1.136032570946828,
    "J2145-0750_UWL_sbG_log10_tnequad": -8.28358336129506,
    "J2145-0750_UWL_sbH_efac": 1.0182768125541135,
    "J2145-0750_UWL_sbH_log10_tnequad": -8.281468768692616,
    "J2145-0750_WBCORR_10CM_efac": 1.1413631428258115,
    "J2145-0750_WBCORR_10CM_log10_tnequad": -7.998054148556695,
    "J2145-0750_basis_ecorr_10CM_log10_ecorr": -8.247385803320766,
    "J2145-0750_basis_ecorr_10CM_uwl_log10_ecorr": -8.376612838044682,
    "J2145-0750_basis_ecorr_20CM_log10_ecorr": -7.617557072051167,
    "J2145-0750_basis_ecorr_20CM_uwl_log10_ecorr": -8.369844675335601,
    "J2145-0750_basis_ecorr_40CM_log10_ecorr": -7.625711499099132,
    "J2145-0750_basis_ecorr_40CM_uwl_log10_ecorr": -8.445956476077688,
    "J2145-0750_basis_ecorr_all_dr2_log10_ecorr": -6.422590291622997,
    "J2145-0750_basis_ecorr_all_uwl_log10_ecorr": -6.566618114845415,
    "J2145-0750_dm_gp_gamma": 1.842915946087264,
    "J2145-0750_dm_gp_log10_A": -13.539568005950319,
    "J2145-0750_dmexp_1_idx": -0.061648148346013384,
    "J2145-0750_dmexp_1_log10_Amp": -5.420175497006095,
    "J2145-0750_dmexp_1_log10_tau": 1.9454351969458639,
    "J2145-0750_dmexp_1_t0": 56324.720637365295,
    "J2145-0750_gp_sw_gamma": -0.6123333952787965,
    "J2145-0750_gp_sw_log10_A": -6.7809359667455125,
    "J2145-0750_red_noise_gamma": 4.230090663425655,
    "J2145-0750_red_noise_log10_A": -14.53286959122549,
    "n_earth": 5.844830760764623,
    "nmodel": 4.914263704081101e-06
}