{
    "J2145-0750_CASPSR_40CM_efac": 0.08659682000795867,
    "J2145-0750_CASPSR_40CM_log10_tnequad": 1.0533567825936427,
    "J2145-0750_CPSR2_20CM_efac": 0.0871153784300157,
    "J2145-0750_CPSR2_20CM_log10_tnequad": 0.05454770496817829,
    "J2145-0750_CPSR2_50CM_efac": 0.05585651755840282,
    "J2145-0750_CPSR2_50CM_log10_tnequad": 1.180978954330418,
    "J2145-0750_PDFB1_10CM_efac": 0.08508767048244421,
    "J2145-0750_PDFB1_10CM_log10_tnequad": 1.2406267645846005,
    "J2145-0750_PDFB1_1433_efac": 0.15399934654949726,
    "J2145-0750_PDFB1_1433_log10_tnequad": 1.1937250556860435,
    "J2145-0750_PDFB1_20CM_efac": 0.06545668610782979,
    "J2145-0750_PDFB1_20CM_log10_tnequad": 1.1462590398036865,
    "J2145-0750_PDFB1_early_10CM_efac": 0.20659281756996103,
    "J2145-0750_PDFB1_early_10CM_log10_tnequad": 1.503187509063946,
    "J2145-0750_PDFB1_early_20CM_efac": 0.07814398741499018,
    "J2145-0750_PDFB1_early_20CM_log10_tnequad": 1.0886367544701812,
    "J2145-0750_PDFB_10CM_efac": 0.025067870710352852,
    "J2145-0750_PDFB_10CM_log10_tnequad": 1.0058503497837594,
    "J2145-0750_PDFB_20CM_efac": 0.023706961800284556,
    "J2145-0750_PDFB_20CM_log10_tnequad": 0.8819472434620113,
    "J2145-0750_PDFB_40CM_efac": 0.034777280906944284,
    "J2145-0750_PDFB_40CM_log10_tnequad": 0.9341628328937306,
    "J2145-0750_UWL_PDFB4_20CM_efac": 0.12666648934536712,
    "J2145-0750_UWL_PDFB4_20CM_log10_tnequad": 1.0792654803778239,
    "J2145-0750_UWL_sbA_efac": 0.07664588566519608,
    "J2145-0750_UWL_sbA_log10_tnequad": 1.0364755891413415,
    "J2145-0750_UWL_sbB_efac": 0.059858688716249275,
    "J2145-0750_UWL_sbB_log10_tnequad": 0.9110539748722016,
    "J2145-0750_UWL_sbC_efac": 0.05493958367106549,
    "J2145-0750_UWL_sbC_log10_tnequad": 0.9124624566258627,
    "J2145-0750_UWL_sbD_efac": 0.058443946661833425,
    "J2145-0750_UWL_sbD_log10_tnequad": 0.981281029357713,
    "J2145-0750_UWL_sbE_efac": 0.05821901425533646,
    "J2145-0750_UWL_sbE_log10_tnequad": 0.9533915036804014,
    "J2145-0750_UWL_sbF_efac": 0.04662320264859837,
    "J2145-0750_UWL_sbF_log10_tnequad": 0.9289506319491976,
    "J2145-0750_UWL_sbG_efac": 0.05855053925756954,
    "J2145-0750_UWL_sbG_log10_tnequad": 1.0056172210400172,
    "J2145-0750_UWL_sbH_efac": 0.047694867057722176,
    "J2145-0750_UWL_sbH_log10_tnequad": 1.0084609450902087,
    "J2145-0750_WBCORR_10CM_efac": 0.08366037625938254,
    "J2145-0750_WBCORR_10CM_log10_tnequad": 1.1591009392554112,
    "J2145-0750_basis_ecorr_10CM_log10_ecorr": 1.0254697878680623,
    "J2145-0750_basis_ecorr_10CM_uwl_log10_ecorr": 0.9443026053054399,
    "J2145-0750_basis_ecorr_20CM_log10_ecorr": 1.178052474595967,
    "J2145-0750_basis_ecorr_20CM_uwl_log10_ecorr": 0.9487706868319218,
    "J2145-0750_basis_ecorr_40CM_log10_ecorr": 1.2086843514529253,
    "J2145-0750_basis_ecorr_40CM_uwl_log10_ecorr": 0.9237613284031589,
    "J2145-0750_basis_ecorr_all_dr2_log10_ecorr": 0.859193832379879,
    "J2145-0750_basis_ecorr_all_uwl_log10_ecorr": 0.18974668213083676,
    "J2145-0750_dm_gp_gamma": 0.5656507819871974,
    "J2145-0750_dm_gp_log10_A": 0.2151826414722129,
    "J2145-0750_dmexp_1_idx": 0.2325415452723412,
    "J2145-0750_dmexp_1_log10_Amp": 0.06432564942179222,
    "J2145-0750_dmexp_1_log10_tau": 0.12109667246570555,
    "J2145-0750_dmexp_1_t0": 3.7842700143723724,
    "J2145-0750_gp_sw_gamma": 1.7603502960188122,
    "J2145-0750_gp_sw_log10_A": 0.4903190119609245,
    "J2145-0750_red_noise_gamma": 1.4864053383747817,
    "J2145-0750_red_noise_log10_A": 0.7991736469543687,
    "n_earth": 0.756133666905586,
    "nmodel": 0.2887964090089489
}