{
    "J2241-5236_CASPSR_40CM_efac": 1.1819453594297487,
    "J2241-5236_CASPSR_40CM_log10_tnequad": -7.701390157150893,
    "J2241-5236_PDFB_10CM_efac": 1.0773741880873458,
    "J2241-5236_PDFB_10CM_log10_tnequad": -6.916985206341134,
    "J2241-5236_PDFB_20CM_efac": 1.0772153172163494,
    "J2241-5236_PDFB_20CM_log10_tnequad": -7.580971027498364,
    "J2241-5236_PDFB_40CM_efac": 0.9479404499315665,
    "J2241-5236_PDFB_40CM_log10_tnequad": -7.852242470550295,
    "J2241-5236_UWL_CASPSR_40CM_efac": 1.7674960887791358,
    "J2241-5236_UWL_CASPSR_40CM_log10_tnequad": -6.9773450708683615,
    "J2241-5236_UWL_PDFB4_20CM_efac": 1.131365612148805,
    "J2241-5236_UWL_PDFB4_20CM_log10_tnequad": -7.1474506531115996,
    "J2241-5236_UWL_sbA_efac": 0.9831641232191309,
    "J2241-5236_UWL_sbA_log10_tnequad": -6.701569740635756,
    "J2241-5236_UWL_sbB_efac": 1.1173631092929504,
    "J2241-5236_UWL_sbB_log10_tnequad": -6.97103003237627,
    "J2241-5236_UWL_sbC_efac": 1.1633496080404384,
    "J2241-5236_UWL_sbC_log10_tnequad": -7.381813247694728,
    "J2241-5236_UWL_sbD_efac": 1.153513681106032,
    "J2241-5236_UWL_sbD_log10_tnequad": -6.957837645761207,
    "J2241-5236_UWL_sbE_efac": 1.0921487096888232,
    "J2241-5236_UWL_sbE_log10_tnequad": -7.706382394962678,
    "J2241-5236_UWL_sbF_efac": 1.0513249128405684,
    "J2241-5236_UWL_sbF_log10_tnequad": -7.658663432440451,
    "J2241-5236_UWL_sbG_efac": 1.0305986561185672,
    "J2241-5236_UWL_sbG_log10_tnequad": -6.911242114261756,
    "J2241-5236_UWL_sbH_efac": 1.107250688970154,
    "J2241-5236_UWL_sbH_log10_tnequad": -6.579605731613581,
    "J2241-5236_basis_ecorr_10CM_log10_ecorr": -7.412356424032545,
    "J2241-5236_basis_ecorr_10CM_uwl_log10_ecorr": -6.795397277742992,
    "J2241-5236_basis_ecorr_20CM_log10_ecorr": -7.226293757976504,
    "J2241-5236_basis_ecorr_20CM_uwl_log10_ecorr": -7.1966261622204,
    "J2241-5236_basis_ecorr_40CM_log10_ecorr": -6.801819844730553,
    "J2241-5236_basis_ecorr_40CM_uwl_log10_ecorr": -6.892520292053506,
    "J2241-5236_basis_ecorr_all_dr2_log10_ecorr": -7.219045143917723,
    "J2241-5236_basis_ecorr_all_uwl_log10_ecorr": -7.1861388861783,
    "J2241-5236_dm_gp_gamma": 3.127673284101101,
    "J2241-5236_dm_gp_log10_A": -13.9302288957228,
    "J2241-5236_gp_sw_gamma": 2.657776563311172,
    "J2241-5236_gp_sw_log10_A": -7.443966138088051,
    "J2241-5236_hf_noise_gamma": 4.888797317307062,
    "J2241-5236_hf_noise_log10_A": -14.115986762111016,
    "J2241-5236_red_noise_gamma": 4.624123044825289,
    "J2241-5236_red_noise_log10_A": -14.010412201280165,
    "n_earth": 5.141530209810659,
    "nmodel": 0.3401209398385539
}