{
    "J2241-5236_CASPSR_40CM_efac": 1.0961891458797375,
    "J2241-5236_CASPSR_40CM_log10_tnequad": -8.62786424837375,
    "J2241-5236_PDFB_10CM_efac": 1.0492925602562158,
    "J2241-5236_PDFB_10CM_log10_tnequad": -8.16324688805463,
    "J2241-5236_PDFB_20CM_efac": 1.0567655984355129,
    "J2241-5236_PDFB_20CM_log10_tnequad": -8.436464334407802,
    "J2241-5236_PDFB_40CM_efac": 0.9086889166268339,
    "J2241-5236_PDFB_40CM_log10_tnequad": -8.724903275430261,
    "J2241-5236_UWL_CASPSR_40CM_efac": 1.52437902343284,
    "J2241-5236_UWL_CASPSR_40CM_log10_tnequad": -8.327434871260941,
    "J2241-5236_UWL_PDFB4_20CM_efac": 1.072553682582075,
    "J2241-5236_UWL_PDFB4_20CM_log10_tnequad": -8.20655674527281,
    "J2241-5236_UWL_sbA_efac": 0.8970499415075674,
    "J2241-5236_UWL_sbA_log10_tnequad": -6.793693709476751,
    "J2241-5236_UWL_sbB_efac": 1.0629496699533516,
    "J2241-5236_UWL_sbB_log10_tnequad": -7.036559327881557,
    "J2241-5236_UWL_sbC_efac": 1.1126709590855146,
    "J2241-5236_UWL_sbC_log10_tnequad": -8.057464160324077,
    "J2241-5236_UWL_sbD_efac": 1.1040562097039786,
    "J2241-5236_UWL_sbD_log10_tnequad": -7.012624427632419,
    "J2241-5236_UWL_sbE_efac": 1.0496038449136251,
    "J2241-5236_UWL_sbE_log10_tnequad": -8.626412037906906,
    "J2241-5236_UWL_sbF_efac": 1.0200276348169237,
    "J2241-5236_UWL_sbF_log10_tnequad": -8.613878010120189,
    "J2241-5236_UWL_sbG_efac": 0.9919940423650403,
    "J2241-5236_UWL_sbG_log10_tnequad": -8.117958395581136,
    "J2241-5236_UWL_sbH_efac": 1.065903903711323,
    "J2241-5236_UWL_sbH_log10_tnequad": -7.6533925143732695,
    "J2241-5236_basis_ecorr_10CM_log10_ecorr": -8.475340164972785,
    "J2241-5236_basis_ecorr_10CM_uwl_log10_ecorr": -7.387612519723601,
    "J2241-5236_basis_ecorr_20CM_log10_ecorr": -7.482996177212693,
    "J2241-5236_basis_ecorr_20CM_uwl_log10_ecorr": -7.625194650961714,
    "J2241-5236_basis_ecorr_40CM_log10_ecorr": -6.883191389945862,
    "J2241-5236_basis_ecorr_40CM_uwl_log10_ecorr": -6.968758507284267,
    "J2241-5236_basis_ecorr_all_dr2_log10_ecorr": -7.432934428871715,
    "J2241-5236_basis_ecorr_all_uwl_log10_ecorr": -7.326301018327189,
    "J2241-5236_dm_gp_gamma": 2.688456339248183,
    "J2241-5236_dm_gp_log10_A": -14.00811459756007,
    "J2241-5236_gp_sw_gamma": 0.46661155815452826,
    "J2241-5236_gp_sw_log10_A": -8.539579182261752,
    "J2241-5236_hf_noise_gamma": 3.1291218638956964,
    "J2241-5236_hf_noise_log10_A": -14.953776417725003,
    "J2241-5236_red_noise_gamma": 2.9500580946605375,
    "J2241-5236_red_noise_log10_A": -14.476968121056974,
    "n_earth": 4.257601775013275,
    "nmodel": -9.000901697264752e-05
}