{
    "J2241-5236_CASPSR_40CM_efac": 1.1004500950824057,
    "J2241-5236_CASPSR_40CM_log10_tnequad": -8.622197876145936,
    "J2241-5236_PDFB_10CM_efac": 1.048176886767848,
    "J2241-5236_PDFB_10CM_log10_tnequad": -8.162702083159095,
    "J2241-5236_PDFB_20CM_efac": 1.0569436195630737,
    "J2241-5236_PDFB_20CM_log10_tnequad": -8.505284142510096,
    "J2241-5236_PDFB_40CM_efac": 0.9099480493254908,
    "J2241-5236_PDFB_40CM_log10_tnequad": -8.715120685177848,
    "J2241-5236_UWL_CASPSR_40CM_efac": 1.5191915600709693,
    "J2241-5236_UWL_CASPSR_40CM_log10_tnequad": -8.255611076145577,
    "J2241-5236_UWL_PDFB4_20CM_efac": 1.073031026810051,
    "J2241-5236_UWL_PDFB4_20CM_log10_tnequad": -8.259818024741815,
    "J2241-5236_UWL_sbA_efac": 0.8992539353551374,
    "J2241-5236_UWL_sbA_log10_tnequad": -6.804765149023465,
    "J2241-5236_UWL_sbB_efac": 1.0648026726635529,
    "J2241-5236_UWL_sbB_log10_tnequad": -7.040423358433494,
    "J2241-5236_UWL_sbC_efac": 1.1140168776800454,
    "J2241-5236_UWL_sbC_log10_tnequad": -8.270793694977195,
    "J2241-5236_UWL_sbD_efac": 1.105584497838535,
    "J2241-5236_UWL_sbD_log10_tnequad": -7.013899220353219,
    "J2241-5236_UWL_sbE_efac": 1.0507469608386584,
    "J2241-5236_UWL_sbE_log10_tnequad": -8.624042795194583,
    "J2241-5236_UWL_sbF_efac": 1.0206658487368736,
    "J2241-5236_UWL_sbF_log10_tnequad": -8.603768740896555,
    "J2241-5236_UWL_sbG_efac": 0.9910860374854741,
    "J2241-5236_UWL_sbG_log10_tnequad": -8.146227156998997,
    "J2241-5236_UWL_sbH_efac": 1.060696145137234,
    "J2241-5236_UWL_sbH_log10_tnequad": -7.825276611645503,
    "J2241-5236_basis_ecorr_10CM_log10_ecorr": -8.457349029598797,
    "J2241-5236_basis_ecorr_10CM_uwl_log10_ecorr": -7.790075151096624,
    "J2241-5236_basis_ecorr_20CM_log10_ecorr": -7.980467105046237,
    "J2241-5236_basis_ecorr_20CM_uwl_log10_ecorr": -8.023329242239713,
    "J2241-5236_basis_ecorr_40CM_log10_ecorr": -6.916783603922631,
    "J2241-5236_basis_ecorr_40CM_uwl_log10_ecorr": -6.973296524567683,
    "J2241-5236_basis_ecorr_all_dr2_log10_ecorr": -7.937556071515112,
    "J2241-5236_basis_ecorr_all_uwl_log10_ecorr": -7.731639144879994,
    "J2241-5236_dm_gp_gamma": 2.73831982985381,
    "J2241-5236_dm_gp_log10_A": -14.018836149118185,
    "J2241-5236_gp_sw_gamma": 0.30339271467162565,
    "J2241-5236_gp_sw_log10_A": -8.490241335144367,
    "J2241-5236_hf_noise_gamma": 3.245979017594139,
    "J2241-5236_hf_noise_log10_A": -15.886332775082941,
    "J2241-5236_red_noise_gamma": 3.105311865163655,
    "J2241-5236_red_noise_log10_A": -15.534419467279944,
    "n_earth": 4.256135126598175,
    "nmodel": -9.678532056881389e-05
}