{
    "J2241-5236_CASPSR_40CM_efac": 1.0188471739104248,
    "J2241-5236_CASPSR_40CM_log10_tnequad": -9.554145278086203,
    "J2241-5236_PDFB_10CM_efac": 1.020420339796679,
    "J2241-5236_PDFB_10CM_log10_tnequad": -9.40633583740361,
    "J2241-5236_PDFB_20CM_efac": 1.0366978061998275,
    "J2241-5236_PDFB_20CM_log10_tnequad": -9.493372160812253,
    "J2241-5236_PDFB_40CM_efac": 0.8720815306133689,
    "J2241-5236_PDFB_40CM_log10_tnequad": -9.590518684496843,
    "J2241-5236_UWL_CASPSR_40CM_efac": 1.291594201604847,
    "J2241-5236_UWL_CASPSR_40CM_log10_tnequad": -9.45656380005468,
    "J2241-5236_UWL_PDFB4_20CM_efac": 1.0149251208563577,
    "J2241-5236_UWL_PDFB4_20CM_log10_tnequad": -9.420600767245132,
    "J2241-5236_UWL_sbA_efac": 0.8151460283425035,
    "J2241-5236_UWL_sbA_log10_tnequad": -6.905778988203075,
    "J2241-5236_UWL_sbB_efac": 1.012316864995639,
    "J2241-5236_UWL_sbB_log10_tnequad": -7.109099237160827,
    "J2241-5236_UWL_sbC_efac": 1.0646390928983822,
    "J2241-5236_UWL_sbC_log10_tnequad": -9.36944624142297,
    "J2241-5236_UWL_sbD_efac": 1.057680014606546,
    "J2241-5236_UWL_sbD_log10_tnequad": -7.069956720990219,
    "J2241-5236_UWL_sbE_efac": 1.0094977940898988,
    "J2241-5236_UWL_sbE_log10_tnequad": -9.550778863257882,
    "J2241-5236_UWL_sbF_efac": 0.9899645689646759,
    "J2241-5236_UWL_sbF_log10_tnequad": -9.548935154348781,
    "J2241-5236_UWL_sbG_efac": 0.9524046663802628,
    "J2241-5236_UWL_sbG_log10_tnequad": -9.39486224655139,
    "J2241-5236_UWL_sbH_efac": 1.0149485410139265,
    "J2241-5236_UWL_sbH_log10_tnequad": -9.236034561512357,
    "J2241-5236_basis_ecorr_10CM_log10_ecorr": -9.505052577445388,
    "J2241-5236_basis_ecorr_10CM_uwl_log10_ecorr": -9.14326769808138,
    "J2241-5236_basis_ecorr_20CM_log10_ecorr": -9.159000734692759,
    "J2241-5236_basis_ecorr_20CM_uwl_log10_ecorr": -9.207173395524022,
    "J2241-5236_basis_ecorr_40CM_log10_ecorr": -6.9903628056480125,
    "J2241-5236_basis_ecorr_40CM_uwl_log10_ecorr": -7.053326148596145,
    "J2241-5236_basis_ecorr_all_dr2_log10_ecorr": -9.093546002368457,
    "J2241-5236_basis_ecorr_all_uwl_log10_ecorr": -8.69052616383885,
    "J2241-5236_dm_gp_gamma": 2.3424448861834266,
    "J2241-5236_dm_gp_log10_A": -14.105218552702748,
    "J2241-5236_gp_sw_gamma": -2.1760612121645386,
    "J2241-5236_gp_sw_log10_A": -9.531535810910759,
    "J2241-5236_hf_noise_gamma": 1.7269721750413463,
    "J2241-5236_hf_noise_log10_A": -18.409884745093933,
    "J2241-5236_red_noise_gamma": 1.6858583509923009,
    "J2241-5236_red_noise_log10_A": -18.030334964983954,
    "n_earth": 3.370032148320454,
    "nmodel": -0.3401495424485509
}