{
    "J2241-5236_CASPSR_40CM_efac": 0.08254938272875266,
    "J2241-5236_CASPSR_40CM_log10_tnequad": 0.7987382697352815,
    "J2241-5236_PDFB_10CM_efac": 0.031341183997475874,
    "J2241-5236_PDFB_10CM_log10_tnequad": 1.0567627121229368,
    "J2241-5236_PDFB_20CM_efac": 0.02045576652652558,
    "J2241-5236_PDFB_20CM_log10_tnequad": 0.8091286768442479,
    "J2241-5236_PDFB_40CM_efac": 0.038365746556862326,
    "J2241-5236_PDFB_40CM_log10_tnequad": 0.7530285402953811,
    "J2241-5236_UWL_CASPSR_40CM_efac": 0.2763232065663986,
    "J2241-5236_UWL_CASPSR_40CM_log10_tnequad": 1.0614901398561567,
    "J2241-5236_UWL_PDFB4_20CM_efac": 0.05993237224242117,
    "J2241-5236_UWL_PDFB4_20CM_log10_tnequad": 0.9590570060215023,
    "J2241-5236_UWL_sbA_efac": 0.08493693335750059,
    "J2241-5236_UWL_sbA_log10_tnequad": 0.11631058767478832,
    "J2241-5236_UWL_sbB_efac": 0.05321366689358805,
    "J2241-5236_UWL_sbB_log10_tnequad": 0.07138987789449536,
    "J2241-5236_UWL_sbC_efac": 0.0496592828799121,
    "J2241-5236_UWL_sbC_log10_tnequad": 0.8627421390227443,
    "J2241-5236_UWL_sbD_efac": 0.04846940067799567,
    "J2241-5236_UWL_sbD_log10_tnequad": 0.05639266467045239,
    "J2241-5236_UWL_sbE_efac": 0.04150038602209276,
    "J2241-5236_UWL_sbE_log10_tnequad": 0.7923945604363244,
    "J2241-5236_UWL_sbF_efac": 0.03092415162817553,
    "J2241-5236_UWL_sbF_log10_tnequad": 0.8140653275522223,
    "J2241-5236_UWL_sbG_efac": 0.041087469194800205,
    "J2241-5236_UWL_sbG_log10_tnequad": 1.044913897566406,
    "J2241-5236_UWL_sbH_efac": 0.050316124900458684,
    "J2241-5236_UWL_sbH_log10_tnequad": 1.1307629917600373,
    "J2241-5236_basis_ecorr_10CM_log10_ecorr": 0.9020869658664958,
    "J2241-5236_basis_ecorr_10CM_uwl_log10_ecorr": 1.0392268783893543,
    "J2241-5236_basis_ecorr_20CM_log10_ecorr": 0.8870310532204638,
    "J2241-5236_basis_ecorr_20CM_uwl_log10_ecorr": 0.9010509385332252,
    "J2241-5236_basis_ecorr_40CM_log10_ecorr": 0.2353023237627993,
    "J2241-5236_basis_ecorr_40CM_uwl_log10_ecorr": 0.08303187676522157,
    "J2241-5236_basis_ecorr_all_dr2_log10_ecorr": 0.8735987132472545,
    "J2241-5236_basis_ecorr_all_uwl_log10_ecorr": 0.7944575371456633,
    "J2241-5236_dm_gp_gamma": 0.42156763468681996,
    "J2241-5236_dm_gp_log10_A": 0.09535439230287246,
    "J2241-5236_gp_sw_gamma": 2.12599002518819,
    "J2241-5236_gp_sw_log10_A": 0.9162263036405907,
    "J2241-5236_hf_noise_gamma": 1.5795148169923785,
    "J2241-5236_hf_noise_log10_A": 1.9244053487867592,
    "J2241-5236_red_noise_gamma": 1.5080448095124437,
    "J2241-5236_red_noise_log10_A": 1.8766156646349106,
    "n_earth": 0.8950245681264271,
    "nmodel": 0.28877153118712917
}