{"J0030+0451": [0.987617457111997, 0.1320265794485945, 0.08473925139353555], "J0125-2327": [0.8549905758440977, 0.3325645998507696, -0.39798480139808834], "J0437-4715": [0.23974587614894724, 0.6350176379469862, -0.7343531264764956], "J0613-0200": [-0.05984840715281423, 0.997589182985303, -0.035128195968290366], "J0614-3329": [-0.051534833324363816, 0.8323075837887502, -0.5519132603244487], "J0711-6830": [-0.11304163292367553, 0.34840821309511716, -0.930501642273573], "J0900-3144": [-0.6032613551568738, 0.599417228277495, -0.5260938355639776], "J1017-7156": [-0.2796554059797246, 0.13360568473014361, -0.9507588416176338], "J1022+1001": [-0.8977647117490801, 0.4045706879387229, 0.17418691339730308], "J1024-0719": [-0.9072267858887006, 0.4008701149769351, -0.1274468904463204], "J1045-4509": [-0.668472016392744, 0.224198416474189, -0.7091404891488604], "J1125-6014": [-0.4909623947423915, 0.07354910681802727, -0.8680705362095217], "J1446-4701": [-0.5093812564237178, -0.45302614551376147, -0.7316406543414185], "J1545-4550": [-0.38466016295428374, -0.5807858414311385, -0.7174429353120068], "J1600-3053": [-0.42623766742685276, -0.7447429234977719, -0.5134972529298549], "J1603-7202": [-0.1499496714595433, -0.2693912476855866, -0.9512851579308793], "J1643-1224": [-0.31941954011688806, -0.9228978494638941, -0.21501329458067298], "J1713+0747": [-0.1982652014658461, -0.9707221995688268, 0.135607231193496], "J1730-2304": [-0.11864523425056647, -0.9123077568992781, -0.391941150035354], "J1744-1134": [-0.06624590844045776, -0.97739637375141, -0.20076804574556326], "J1832-0836": [0.13956707995546686, -0.9788162154481628, -0.14979935436589878], "J1857+0943": [0.2451458823089034, -0.9546677132145653, 0.16885808755479156], "J1902-5105": [0.16794395141290616, -0.6051002986548301, -0.7782341920987891], "J1909-3744": [0.23711604892719898, -0.7544395136974621, -0.6120432987241108], "J1933-6211": [0.18513547260457405, -0.4281291725678311, -0.8845508851275122], "J1939+2134": [0.3916720194978214, -0.8433738420481623, 0.3678499581234442], "J2124-3358": [0.6461018585018835, -0.5198005587224869, -0.5588915526219757], "J2129-5721": [0.42708190696900067, -0.32955221278132524, -0.8420192300598923], "J2145-0750": [0.8257148391153001, -0.547352945634706, -0.13638092744150362], "J2241-5236": [0.5721407401191952, -0.2034470294468908, -0.7945214155106806]}
