{
    "J0030+0451_UWL_sbA_efac": 1.584353176435484,
    "J0030+0451_UWL_sbA_log10_tnequad": -5.458482102931391,
    "J0030+0451_UWL_sbB_efac": 1.5367935023615604,
    "J0030+0451_UWL_sbB_log10_tnequad": -5.841150744958751,
    "J0030+0451_UWL_sbC_efac": 1.4958766943224249,
    "J0030+0451_UWL_sbC_log10_tnequad": -5.770317377553921,
    "J0030+0451_UWL_sbD_efac": 1.3819016452558304,
    "J0030+0451_UWL_sbD_log10_tnequad": -5.9113943167074705,
    "J0030+0451_UWL_sbE_efac": 1.2323609507648783,
    "J0030+0451_UWL_sbE_log10_tnequad": -5.737267329034411,
    "J0030+0451_UWL_sbF_efac": 1.1841753724094213,
    "J0030+0451_UWL_sbF_log10_tnequad": -5.734254369872895,
    "J0030+0451_UWL_sbG_efac": 1.5536803561455381,
    "J0030+0451_UWL_sbG_log10_tnequad": -5.250155068629689,
    "J0030+0451_UWL_sbH_efac": 1.416593129024765,
    "J0030+0451_UWL_sbH_log10_tnequad": -5.345340320939597,
    "J0030+0451_basis_ecorr_10CM_uwl_log10_ecorr": -5.43267496064671,
    "J0030+0451_basis_ecorr_20CM_uwl_log10_ecorr": -6.164525927530447,
    "J0030+0451_basis_ecorr_40CM_uwl_log10_ecorr": -5.894599939708932,
    "J0030+0451_basis_ecorr_all_uwl_log10_ecorr": -6.274299856537494,
    "J0030+0451_dm_gp_gamma": 6.988532830866344,
    "J0030+0451_dm_gp_log10_A": -13.023925252088544,
    "J0030+0451_gp_sw_gamma": 3.9885051218169165,
    "J0030+0451_gp_sw_log10_A": -5.535364881866158,
    "J0030+0451_red_noise_gamma": 6.9886305630067485,
    "J0030+0451_red_noise_log10_A": -11.964390735652032,
    "n_earth": 17.177759812608254,
    "nmodel": 0.49847539977202554
}