{
    "J0030+0451_UWL_sbA_efac": 0.6029952540821671,
    "J0030+0451_UWL_sbA_log10_tnequad": -9.990003511434457,
    "J0030+0451_UWL_sbB_efac": 0.8985993225412213,
    "J0030+0451_UWL_sbB_log10_tnequad": -9.994217017348486,
    "J0030+0451_UWL_sbC_efac": 0.8772796206442436,
    "J0030+0451_UWL_sbC_log10_tnequad": -9.994266025218083,
    "J0030+0451_UWL_sbD_efac": 0.8772150106201475,
    "J0030+0451_UWL_sbD_log10_tnequad": -9.994052272315685,
    "J0030+0451_UWL_sbE_efac": 0.7561149463028353,
    "J0030+0451_UWL_sbE_log10_tnequad": -9.992979203260191,
    "J0030+0451_UWL_sbF_efac": 0.7348366363709553,
    "J0030+0451_UWL_sbF_log10_tnequad": -9.993689545822233,
    "J0030+0451_UWL_sbG_efac": 0.02025011619189785,
    "J0030+0451_UWL_sbG_log10_tnequad": -9.992579187116807,
    "J0030+0451_UWL_sbH_efac": 0.022657744694019478,
    "J0030+0451_UWL_sbH_log10_tnequad": -9.992516567132897,
    "J0030+0451_basis_ecorr_10CM_uwl_log10_ecorr": -9.992258082749528,
    "J0030+0451_basis_ecorr_20CM_uwl_log10_ecorr": -9.99480494669673,
    "J0030+0451_basis_ecorr_40CM_uwl_log10_ecorr": -9.99416799654494,
    "J0030+0451_basis_ecorr_all_uwl_log10_ecorr": -9.994916547062305,
    "J0030+0451_dm_gp_gamma": 0.010809349073802819,
    "J0030+0451_dm_gp_log10_A": -19.99025120757044,
    "J0030+0451_gp_sw_gamma": -3.9730216377402936,
    "J0030+0451_gp_sw_log10_A": -9.994777262912912,
    "J0030+0451_red_noise_gamma": 0.010133325763227513,
    "J0030+0451_red_noise_log10_A": -19.988958187728894,
    "n_earth": 0.01637374525401203,
    "nmodel": -0.49852143585020625
}