{
    "J0030+0451_UWL_sbA_efac": 1.5666231966180575,
    "J0030+0451_UWL_sbA_log10_tnequad": -5.464300058953127,
    "J0030+0451_UWL_sbB_efac": 1.5397282414705573,
    "J0030+0451_UWL_sbB_log10_tnequad": -5.8546982197895145,
    "J0030+0451_UWL_sbC_efac": 1.5208771345238228,
    "J0030+0451_UWL_sbC_log10_tnequad": -5.748128140158237,
    "J0030+0451_UWL_sbD_efac": 1.3817609050840278,
    "J0030+0451_UWL_sbD_log10_tnequad": -5.885307528370622,
    "J0030+0451_UWL_sbE_efac": 1.2331231612781597,
    "J0030+0451_UWL_sbE_log10_tnequad": -5.74574469978686,
    "J0030+0451_UWL_sbF_efac": 1.1840649751197487,
    "J0030+0451_UWL_sbF_log10_tnequad": -5.741206270702158,
    "J0030+0451_UWL_sbG_efac": 1.571538895223494,
    "J0030+0451_UWL_sbG_log10_tnequad": -5.242603757244966,
    "J0030+0451_UWL_sbH_efac": 1.4327475841356185,
    "J0030+0451_UWL_sbH_log10_tnequad": -5.346371331937066,
    "J0030+0451_basis_ecorr_10CM_uwl_log10_ecorr": -5.42218651451112,
    "J0030+0451_basis_ecorr_20CM_uwl_log10_ecorr": -6.198484317323547,
    "J0030+0451_basis_ecorr_40CM_uwl_log10_ecorr": -5.89882296374247,
    "J0030+0451_basis_ecorr_all_uwl_log10_ecorr": -6.2318283865092665,
    "J0030+0451_dm_gp_gamma": 6.988735351981113,
    "J0030+0451_dm_gp_log10_A": -12.999148240384017,
    "J0030+0451_red_noise_gamma": 6.988323671546674,
    "J0030+0451_red_noise_log10_A": -11.95007884482841,
    "nmodel": 0.49850851144932873
}