{
    "J0030+0451_UWL_sbA_efac": 0.6099697571792697,
    "J0030+0451_UWL_sbA_log10_tnequad": -9.990457307226434,
    "J0030+0451_UWL_sbB_efac": 0.8969051618163382,
    "J0030+0451_UWL_sbB_log10_tnequad": -9.993773667312341,
    "J0030+0451_UWL_sbC_efac": 0.8736689992383317,
    "J0030+0451_UWL_sbC_log10_tnequad": -9.994100043342169,
    "J0030+0451_UWL_sbD_efac": 0.8725363952838154,
    "J0030+0451_UWL_sbD_log10_tnequad": -9.994098461023327,
    "J0030+0451_UWL_sbE_efac": 0.7588550344435073,
    "J0030+0451_UWL_sbE_log10_tnequad": -9.99360404191072,
    "J0030+0451_UWL_sbF_efac": 0.7326541238864972,
    "J0030+0451_UWL_sbF_log10_tnequad": -9.993912588349351,
    "J0030+0451_UWL_sbG_efac": 0.02139088389358779,
    "J0030+0451_UWL_sbG_log10_tnequad": -9.991922237068929,
    "J0030+0451_UWL_sbH_efac": 0.023379669718159315,
    "J0030+0451_UWL_sbH_log10_tnequad": -9.993026785058353,
    "J0030+0451_basis_ecorr_10CM_uwl_log10_ecorr": -9.991898082685475,
    "J0030+0451_basis_ecorr_20CM_uwl_log10_ecorr": -9.994852858797893,
    "J0030+0451_basis_ecorr_40CM_uwl_log10_ecorr": -9.99403777819478,
    "J0030+0451_basis_ecorr_all_uwl_log10_ecorr": -9.994981517657207,
    "J0030+0451_dm_gp_gamma": 0.010961175727917008,
    "J0030+0451_dm_gp_log10_A": -19.989843590672017,
    "J0030+0451_gp_sw_gamma": -3.9826897615868924,
    "J0030+0451_gp_sw_log10_A": -9.994750107307524,
    "J0030+0451_red_noise_gamma": 0.010005274735334878,
    "J0030+0451_red_noise_log10_A": -19.988652544500837,
    "n_earth": 0.0160823270392072,
    "nmodel": -0.49850342209697707
}