{
    "J0030+0451_UWL_sbA_efac": 0.6073390484976465,
    "J0030+0451_UWL_sbA_log10_tnequad": -9.990776736989815,
    "J0030+0451_UWL_sbB_efac": 0.9080968444133527,
    "J0030+0451_UWL_sbB_log10_tnequad": -9.993683105478095,
    "J0030+0451_UWL_sbC_efac": 0.8863500968456137,
    "J0030+0451_UWL_sbC_log10_tnequad": -9.993660208588356,
    "J0030+0451_UWL_sbD_efac": 0.8699774869081702,
    "J0030+0451_UWL_sbD_log10_tnequad": -9.993682093032117,
    "J0030+0451_UWL_sbE_efac": 0.769533235567876,
    "J0030+0451_UWL_sbE_log10_tnequad": -9.993956499917292,
    "J0030+0451_UWL_sbF_efac": 0.753880239833759,
    "J0030+0451_UWL_sbF_log10_tnequad": -9.993810718931586,
    "J0030+0451_UWL_sbG_efac": 0.02025928969661293,
    "J0030+0451_UWL_sbG_log10_tnequad": -9.991287870114284,
    "J0030+0451_UWL_sbH_efac": 0.023123992070504105,
    "J0030+0451_UWL_sbH_log10_tnequad": -9.993011864083554,
    "J0030+0451_basis_ecorr_10CM_uwl_log10_ecorr": -9.991602896433808,
    "J0030+0451_basis_ecorr_20CM_uwl_log10_ecorr": -9.995194298754758,
    "J0030+0451_basis_ecorr_40CM_uwl_log10_ecorr": -9.994364735028801,
    "J0030+0451_basis_ecorr_all_uwl_log10_ecorr": -9.99483261226813,
    "J0030+0451_dm_gp_gamma": 0.00958120815502909,
    "J0030+0451_dm_gp_log10_A": -19.990146122726976,
    "J0030+0451_red_noise_gamma": 0.010285926399542594,
    "J0030+0451_red_noise_log10_A": -19.989105628276608,
    "nmodel": -0.49850165914376543
}