{
    "J0030+0451_UWL_sbA_efac": 1.579542335569007,
    "J0030+0451_UWL_sbA_log10_tnequad": -5.4533370324242245,
    "J0030+0451_UWL_sbB_efac": 1.5307781042845128,
    "J0030+0451_UWL_sbB_log10_tnequad": -5.842692417891881,
    "J0030+0451_UWL_sbC_efac": 1.4917717164297142,
    "J0030+0451_UWL_sbC_log10_tnequad": -5.759565341635779,
    "J0030+0451_UWL_sbD_efac": 1.375125642242755,
    "J0030+0451_UWL_sbD_log10_tnequad": -5.9161856751421755,
    "J0030+0451_UWL_sbE_efac": 1.2312685104692314,
    "J0030+0451_UWL_sbE_log10_tnequad": -5.736447464079977,
    "J0030+0451_UWL_sbF_efac": 1.1817138907949913,
    "J0030+0451_UWL_sbF_log10_tnequad": -5.7285984782809125,
    "J0030+0451_UWL_sbG_efac": 1.548377365235555,
    "J0030+0451_UWL_sbG_log10_tnequad": -5.245475271949917,
    "J0030+0451_UWL_sbH_efac": 1.4206771879030906,
    "J0030+0451_UWL_sbH_log10_tnequad": -5.348759194669399,
    "J0030+0451_basis_ecorr_10CM_uwl_log10_ecorr": -5.433674805978138,
    "J0030+0451_basis_ecorr_20CM_uwl_log10_ecorr": -6.164314405373741,
    "J0030+0451_basis_ecorr_40CM_uwl_log10_ecorr": -5.883681741411773,
    "J0030+0451_basis_ecorr_all_uwl_log10_ecorr": -6.267846228861359,
    "J0030+0451_dm_gp_gamma": 6.988518321454933,
    "J0030+0451_dm_gp_log10_A": -13.03521284151533,
    "J0030+0451_gp_sw_gamma": 3.9808487509100914,
    "J0030+0451_gp_sw_log10_A": -5.5989210397330496,
    "J0030+0451_red_noise_gamma": 6.988508900186982,
    "J0030+0451_red_noise_log10_A": -11.966844116290783,
    "n_earth": 15.435873899009549,
    "nmodel": 0.49848661108258335
}