{
    "J0125-2327_UWL_sbA_efac": 0.9501840564917621,
    "J0125-2327_UWL_sbA_log10_tnequad": -9.994647017537467,
    "J0125-2327_UWL_sbB_efac": 0.838967651225185,
    "J0125-2327_UWL_sbB_log10_tnequad": -9.314193836368418,
    "J0125-2327_UWL_sbC_efac": 0.9363933341908555,
    "J0125-2327_UWL_sbC_log10_tnequad": -9.99315629636907,
    "J0125-2327_UWL_sbD_efac": 0.9470054827601964,
    "J0125-2327_UWL_sbD_log10_tnequad": -9.987408863763108,
    "J0125-2327_UWL_sbE_efac": 0.8799474882485097,
    "J0125-2327_UWL_sbE_log10_tnequad": -9.992439200675387,
    "J0125-2327_UWL_sbF_efac": 0.8884654196812523,
    "J0125-2327_UWL_sbF_log10_tnequad": -9.995698179467292,
    "J0125-2327_UWL_sbG_efac": 0.7980579610185263,
    "J0125-2327_UWL_sbG_log10_tnequad": -9.995205467865286,
    "J0125-2327_UWL_sbH_efac": 0.9052158348157816,
    "J0125-2327_UWL_sbH_log10_tnequad": -9.99515986189495,
    "J0125-2327_basis_ecorr_10CM_uwl_log10_ecorr": -9.993860967791164,
    "J0125-2327_basis_ecorr_20CM_uwl_log10_ecorr": -9.994400403698315,
    "J0125-2327_basis_ecorr_40CM_uwl_log10_ecorr": -9.994266868250467,
    "J0125-2327_basis_ecorr_all_uwl_log10_ecorr": -6.964392008192073,
    "J0125-2327_dm_gp_gamma": 1.0894286813048728,
    "J0125-2327_dm_gp_log10_A": -14.133238392877725,
    "J0125-2327_red_noise_gamma": 0.010047558666555366,
    "J0125-2327_red_noise_log10_A": -19.991412351806037,
    "nmodel": -0.4984771343025507
}