{
    "J0125-2327_UWL_sbA_efac": 1.2655232814512456,
    "J0125-2327_UWL_sbA_log10_tnequad": -6.130153454860531,
    "J0125-2327_UWL_sbB_efac": 1.1806889050928082,
    "J0125-2327_UWL_sbB_log10_tnequad": -5.960995073805553,
    "J0125-2327_UWL_sbC_efac": 1.2207325711073227,
    "J0125-2327_UWL_sbC_log10_tnequad": -6.209574515792425,
    "J0125-2327_UWL_sbD_efac": 1.3422627001328082,
    "J0125-2327_UWL_sbD_log10_tnequad": -6.245664004390385,
    "J0125-2327_UWL_sbE_efac": 1.2054887293306824,
    "J0125-2327_UWL_sbE_log10_tnequad": -6.398332300846563,
    "J0125-2327_UWL_sbF_efac": 1.1282912606259001,
    "J0125-2327_UWL_sbF_log10_tnequad": -6.7287422350973785,
    "J0125-2327_UWL_sbG_efac": 1.054038482006465,
    "J0125-2327_UWL_sbG_log10_tnequad": -6.558968603137785,
    "J0125-2327_UWL_sbH_efac": 1.1607724043912822,
    "J0125-2327_UWL_sbH_log10_tnequad": -6.538965343557343,
    "J0125-2327_basis_ecorr_10CM_uwl_log10_ecorr": -6.666734409257561,
    "J0125-2327_basis_ecorr_20CM_uwl_log10_ecorr": -6.719945542415321,
    "J0125-2327_basis_ecorr_40CM_uwl_log10_ecorr": -6.352417518217715,
    "J0125-2327_basis_ecorr_all_uwl_log10_ecorr": -6.592866628533969,
    "J0125-2327_dm_gp_gamma": 6.855814738146739,
    "J0125-2327_dm_gp_log10_A": -12.948041491078412,
    "J0125-2327_gp_sw_gamma": 3.9858563226979316,
    "J0125-2327_gp_sw_log10_A": 0.988837715976576,
    "J0125-2327_red_noise_gamma": 6.988059184869331,
    "J0125-2327_red_noise_log10_A": -12.913987320328335,
    "n_earth": 11.794553806421021,
    "nmodel": 0.49849636120136054
}