{
    "J0125-2327_UWL_sbA_efac": 0.95040761242602,
    "J0125-2327_UWL_sbA_log10_tnequad": -9.994943532920141,
    "J0125-2327_UWL_sbB_efac": 0.8408282990895981,
    "J0125-2327_UWL_sbB_log10_tnequad": -9.596835814989621,
    "J0125-2327_UWL_sbC_efac": 0.9353225551547107,
    "J0125-2327_UWL_sbC_log10_tnequad": -9.993003448780867,
    "J0125-2327_UWL_sbD_efac": 0.9484042585252412,
    "J0125-2327_UWL_sbD_log10_tnequad": -9.989881395602668,
    "J0125-2327_UWL_sbE_efac": 0.8819282066427828,
    "J0125-2327_UWL_sbE_log10_tnequad": -9.990655445632125,
    "J0125-2327_UWL_sbF_efac": 0.8899240581085138,
    "J0125-2327_UWL_sbF_log10_tnequad": -9.995639130824376,
    "J0125-2327_UWL_sbG_efac": 0.8016892149824333,
    "J0125-2327_UWL_sbG_log10_tnequad": -9.995060269973282,
    "J0125-2327_UWL_sbH_efac": 0.900044020806281,
    "J0125-2327_UWL_sbH_log10_tnequad": -9.993746261223109,
    "J0125-2327_basis_ecorr_10CM_uwl_log10_ecorr": -9.994518104257047,
    "J0125-2327_basis_ecorr_20CM_uwl_log10_ecorr": -9.994257519363337,
    "J0125-2327_basis_ecorr_40CM_uwl_log10_ecorr": -9.994776031772865,
    "J0125-2327_basis_ecorr_all_uwl_log10_ecorr": -6.966967017597776,
    "J0125-2327_dm_gp_gamma": 1.0761342515905747,
    "J0125-2327_dm_gp_log10_A": -15.641190935978177,
    "J0125-2327_gp_sw_gamma": -3.9819671155099177,
    "J0125-2327_gp_sw_log10_A": -9.994690653669144,
    "J0125-2327_red_noise_gamma": 0.009750584791173363,
    "J0125-2327_red_noise_log10_A": -19.991068986807758,
    "n_earth": 0.003756501478166139,
    "nmodel": -0.4985095791797083
}