{
    "J0125-2327_UWL_sbA_efac": 1.2686338130101549,
    "J0125-2327_UWL_sbA_log10_tnequad": -6.137292115707075,
    "J0125-2327_UWL_sbB_efac": 1.1778818037987873,
    "J0125-2327_UWL_sbB_log10_tnequad": -5.963646383852076,
    "J0125-2327_UWL_sbC_efac": 1.220142167831414,
    "J0125-2327_UWL_sbC_log10_tnequad": -6.203031430088329,
    "J0125-2327_UWL_sbD_efac": 1.3448685312715978,
    "J0125-2327_UWL_sbD_log10_tnequad": -6.247331305276281,
    "J0125-2327_UWL_sbE_efac": 1.2100203425277931,
    "J0125-2327_UWL_sbE_log10_tnequad": -6.3988476208978184,
    "J0125-2327_UWL_sbF_efac": 1.1277198104519237,
    "J0125-2327_UWL_sbF_log10_tnequad": -6.723124726689677,
    "J0125-2327_UWL_sbG_efac": 1.0563575790517747,
    "J0125-2327_UWL_sbG_log10_tnequad": -6.559830860774597,
    "J0125-2327_UWL_sbH_efac": 1.1623707575502547,
    "J0125-2327_UWL_sbH_log10_tnequad": -6.539066902874903,
    "J0125-2327_basis_ecorr_10CM_uwl_log10_ecorr": -6.666039904736486,
    "J0125-2327_basis_ecorr_20CM_uwl_log10_ecorr": -6.7177674583669,
    "J0125-2327_basis_ecorr_40CM_uwl_log10_ecorr": -6.346658457437321,
    "J0125-2327_basis_ecorr_all_uwl_log10_ecorr": -6.592131125337804,
    "J0125-2327_dm_gp_gamma": 6.890407377756096,
    "J0125-2327_dm_gp_log10_A": -12.99495654994503,
    "J0125-2327_red_noise_gamma": 6.9881971088175545,
    "J0125-2327_red_noise_log10_A": -12.914845627278343,
    "nmodel": 0.49847036735682415
}