{
    "J0125-2327_UWL_sbA_efac": 1.2710753835454205,
    "J0125-2327_UWL_sbA_log10_tnequad": -6.138708408124198,
    "J0125-2327_UWL_sbB_efac": 1.183417950995935,
    "J0125-2327_UWL_sbB_log10_tnequad": -5.961000129974375,
    "J0125-2327_UWL_sbC_efac": 1.220047633150468,
    "J0125-2327_UWL_sbC_log10_tnequad": -6.209181389463852,
    "J0125-2327_UWL_sbD_efac": 1.3440665228127335,
    "J0125-2327_UWL_sbD_log10_tnequad": -6.249032214139578,
    "J0125-2327_UWL_sbE_efac": 1.2081401641785192,
    "J0125-2327_UWL_sbE_log10_tnequad": -6.399805261542885,
    "J0125-2327_UWL_sbF_efac": 1.1300127359268732,
    "J0125-2327_UWL_sbF_log10_tnequad": -6.72477943984264,
    "J0125-2327_UWL_sbG_efac": 1.054398331672308,
    "J0125-2327_UWL_sbG_log10_tnequad": -6.568306172979882,
    "J0125-2327_UWL_sbH_efac": 1.1628939060784855,
    "J0125-2327_UWL_sbH_log10_tnequad": -6.537146730644431,
    "J0125-2327_basis_ecorr_10CM_uwl_log10_ecorr": -6.663783432269387,
    "J0125-2327_basis_ecorr_20CM_uwl_log10_ecorr": -6.7218211124022105,
    "J0125-2327_basis_ecorr_40CM_uwl_log10_ecorr": -6.350738110670568,
    "J0125-2327_basis_ecorr_all_uwl_log10_ecorr": -6.592465161501555,
    "J0125-2327_dm_gp_gamma": 6.870953325001946,
    "J0125-2327_dm_gp_log10_A": -12.943226963905898,
    "J0125-2327_gp_sw_gamma": 3.9881833663997597,
    "J0125-2327_gp_sw_log10_A": -5.505414827122704,
    "J0125-2327_red_noise_gamma": 6.987292412329491,
    "J0125-2327_red_noise_log10_A": -12.908126226665875,
    "n_earth": 11.732105883460756,
    "nmodel": 0.49851049656607876
}