{
    "J0125-2327_UWL_sbA_efac": 0.9495902430311868,
    "J0125-2327_UWL_sbA_log10_tnequad": -9.99511770801641,
    "J0125-2327_UWL_sbB_efac": 0.8376614328731028,
    "J0125-2327_UWL_sbB_log10_tnequad": -9.359705899871388,
    "J0125-2327_UWL_sbC_efac": 0.9367850293987247,
    "J0125-2327_UWL_sbC_log10_tnequad": -9.993246856815178,
    "J0125-2327_UWL_sbD_efac": 0.9452638376724051,
    "J0125-2327_UWL_sbD_log10_tnequad": -9.988140302355319,
    "J0125-2327_UWL_sbE_efac": 0.8828784929273225,
    "J0125-2327_UWL_sbE_log10_tnequad": -9.991868552582197,
    "J0125-2327_UWL_sbF_efac": 0.8925616489065944,
    "J0125-2327_UWL_sbF_log10_tnequad": -9.994650637164426,
    "J0125-2327_UWL_sbG_efac": 0.8013569861962505,
    "J0125-2327_UWL_sbG_log10_tnequad": -9.995490428325963,
    "J0125-2327_UWL_sbH_efac": 0.9018742426231336,
    "J0125-2327_UWL_sbH_log10_tnequad": -9.994751369712269,
    "J0125-2327_basis_ecorr_10CM_uwl_log10_ecorr": -9.994348430669394,
    "J0125-2327_basis_ecorr_20CM_uwl_log10_ecorr": -9.994416338474624,
    "J0125-2327_basis_ecorr_40CM_uwl_log10_ecorr": -9.994224808494575,
    "J0125-2327_basis_ecorr_all_uwl_log10_ecorr": -6.965774526259092,
    "J0125-2327_dm_gp_gamma": 1.0803164826545535,
    "J0125-2327_dm_gp_log10_A": -16.01136044635896,
    "J0125-2327_gp_sw_gamma": -3.9770074639442066,
    "J0125-2327_gp_sw_log10_A": -9.994548512201845,
    "J0125-2327_red_noise_gamma": 0.01016905533734902,
    "J0125-2327_red_noise_log10_A": -19.99028358385966,
    "n_earth": 0.0032982618778423334,
    "nmodel": -0.4985278001845064
}