{
    "J0437-4715_CASPSR_40CM_efac": 0.06460314491671539,
    "J0437-4715_CASPSR_40CM_log10_tnequad": -9.968191934866171,
    "J0437-4715_PDFB_10CM_efac": 0.0446114533073098,
    "J0437-4715_PDFB_10CM_log10_tnequad": -9.969215011402646,
    "J0437-4715_PDFB_20CM_efac": 0.4392778457279638,
    "J0437-4715_PDFB_20CM_log10_tnequad": -9.930019681217221,
    "J0437-4715_PDFB_40CM_efac": 0.3217583887335041,
    "J0437-4715_PDFB_40CM_log10_tnequad": -9.997655591721035,
    "J0437-4715_UWL_CASPSR_40CM_efac": 0.2014351941892041,
    "J0437-4715_UWL_CASPSR_40CM_log10_tnequad": -9.998867201609812,
    "J0437-4715_UWL_PDFB4_10CM_efac": 0.010279183195806452,
    "J0437-4715_UWL_PDFB4_10CM_log10_tnequad": -9.90128659988593,
    "J0437-4715_UWL_PDFB4_20CM_efac": 0.38541403335675656,
    "J0437-4715_UWL_PDFB4_20CM_log10_tnequad": -9.98443595840444,
    "J0437-4715_UWL_sbA_efac": 0.32734072987818014,
    "J0437-4715_UWL_sbA_log10_tnequad": -9.989451531507326,
    "J0437-4715_UWL_sbB_efac": 0.2886464330730643,
    "J0437-4715_UWL_sbB_log10_tnequad": -9.934323846522775,
    "J0437-4715_UWL_sbC_efac": 0.5453059073011002,
    "J0437-4715_UWL_sbC_log10_tnequad": -9.969459641365663,
    "J0437-4715_UWL_sbD_efac": 0.12413209618498247,
    "J0437-4715_UWL_sbD_log10_tnequad": -9.94559301555848,
    "J0437-4715_UWL_sbE_efac": 0.02554613916005909,
    "J0437-4715_UWL_sbE_log10_tnequad": -9.87053716491178,
    "J0437-4715_UWL_sbF_efac": 0.024023089071700348,
    "J0437-4715_UWL_sbF_log10_tnequad": -9.956780547279758,
    "J0437-4715_UWL_sbG_efac": 0.010552335321496924,
    "J0437-4715_UWL_sbG_log10_tnequad": -9.337981302044366,
    "J0437-4715_UWL_sbH_efac": 0.010488228499781553,
    "J0437-4715_UWL_sbH_log10_tnequad": -9.986660630650675,
    "J0437-4715_band_noise_high_high_gamma": 0.008517200543659178,
    "J0437-4715_band_noise_high_high_log10_A": -19.855251718100295,
    "J0437-4715_band_noise_low_gamma": 0.011761730454840448,
    "J0437-4715_band_noise_low_log10_A": -19.98988670271328,
    "J0437-4715_band_noise_mid_mid_gamma": 0.024040780303208133,
    "J0437-4715_band_noise_mid_mid_log10_A": -19.98371294814945,
    "J0437-4715_basis_ecorr_10CM_log10_ecorr": -9.980839085484382,
    "J0437-4715_basis_ecorr_10CM_uwl_log10_ecorr": -9.991653710368347,
    "J0437-4715_basis_ecorr_20CM_log10_ecorr": -9.630031356631642,
    "J0437-4715_basis_ecorr_20CM_uwl_log10_ecorr": -9.729369452550891,
    "J0437-4715_basis_ecorr_40CM_log10_ecorr": -9.99407772304621,
    "J0437-4715_basis_ecorr_40CM_uwl_log10_ecorr": -8.384494826894807,
    "J0437-4715_basis_ecorr_all_dr2_log10_ecorr": -9.968111576451902,
    "J0437-4715_basis_ecorr_all_uwl_log10_ecorr": -7.459366963664276,
    "J0437-4715_chrom_gp_gamma": 1.6973839748668564,
    "J0437-4715_chrom_gp_log10_A": -15.372247832574269,
    "J0437-4715_dm_gp_gamma": 2.1902466380803043,
    "J0437-4715_dm_gp_log10_A": -13.595001854820389,
    "J0437-4715_dmexp_1_idx": -0.10787773329913501,
    "J0437-4715_dmexp_1_log10_Amp": -6.534181215171251,
    "J0437-4715_dmexp_1_log10_tau": 0.9896615329596947,
    "J0437-4715_dmexp_1_t0": 57054.42292873622,
    "J0437-4715_dmexp_2_idx": -6.975098395395401,
    "J0437-4715_dmexp_2_log10_Amp": -9.97562199790043,
    "J0437-4715_dmexp_2_log10_tau": 0.03416168583290047,
    "J0437-4715_dmexp_2_t0": 54398.767354499636,
    "J0437-4715_group_noise_CASPSR_40CM_gamma": 1.1621652413899777,
    "J0437-4715_group_noise_CASPSR_40CM_log10_A": -15.769541571792596,
    "J0437-4715_group_noise_PDFB_20CM_gamma": 1.472876345811352,
    "J0437-4715_group_noise_PDFB_20CM_log10_A": -16.753883351755235,
    "J0437-4715_group_noise_UWL_PDFB4_20CM_gamma": 0.23288125993493305,
    "J0437-4715_group_noise_UWL_PDFB4_20CM_log10_A": -19.796195553969323,
    "J0437-4715_group_noise_UWL_sbA_gamma": 0.06099885904209856,
    "J0437-4715_group_noise_UWL_sbA_log10_A": -19.97498760554403,
    "J0437-4715_group_noise_UWL_sbG_gamma": 0.03152930691293883,
    "J0437-4715_group_noise_UWL_sbG_log10_A": -19.973775343847354,
    "J0437-4715_hf_noise_gamma": 0.001516017765200257,
    "J0437-4715_hf_noise_log10_A": -14.631699796821367,
    "J0437-4715_red_noise_gamma": 2.1465374060303435,
    "J0437-4715_red_noise_log10_A": -15.751479659213507,
    "nmodel": -0.4974884701721375
}