{
    "J0437-4715_CASPSR_40CM_efac": 1.1911682776767765,
    "J0437-4715_CASPSR_40CM_log10_tnequad": -6.656552046441214,
    "J0437-4715_PDFB_10CM_efac": 0.5073240918343052,
    "J0437-4715_PDFB_10CM_log10_tnequad": -7.311842644425375,
    "J0437-4715_PDFB_20CM_efac": 0.648899494690394,
    "J0437-4715_PDFB_20CM_log10_tnequad": -7.583093812134664,
    "J0437-4715_PDFB_40CM_efac": 0.7164495582228336,
    "J0437-4715_PDFB_40CM_log10_tnequad": -7.5184639592851665,
    "J0437-4715_UWL_CASPSR_40CM_efac": 2.7339010675987376,
    "J0437-4715_UWL_CASPSR_40CM_log10_tnequad": -6.327134796034433,
    "J0437-4715_UWL_PDFB4_10CM_efac": 2.7042606418741073,
    "J0437-4715_UWL_PDFB4_10CM_log10_tnequad": -7.096734922449868,
    "J0437-4715_UWL_PDFB4_20CM_efac": 1.9746421811812476,
    "J0437-4715_UWL_PDFB4_20CM_log10_tnequad": -7.119746882310085,
    "J0437-4715_UWL_sbA_efac": 1.7278960986102094,
    "J0437-4715_UWL_sbA_log10_tnequad": -6.511318981457127,
    "J0437-4715_UWL_sbB_efac": 1.036762027725636,
    "J0437-4715_UWL_sbB_log10_tnequad": -6.672229369559822,
    "J0437-4715_UWL_sbC_efac": 3.1589867347738165,
    "J0437-4715_UWL_sbC_log10_tnequad": -7.101691029351214,
    "J0437-4715_UWL_sbD_efac": 1.5508568807969927,
    "J0437-4715_UWL_sbD_log10_tnequad": -7.147935642936624,
    "J0437-4715_UWL_sbE_efac": 1.9211528485692873,
    "J0437-4715_UWL_sbE_log10_tnequad": -7.276096175387934,
    "J0437-4715_UWL_sbF_efac": 1.821363856421521,
    "J0437-4715_UWL_sbF_log10_tnequad": -7.651799035670602,
    "J0437-4715_UWL_sbG_efac": 1.3716056895536737,
    "J0437-4715_UWL_sbG_log10_tnequad": -7.3215219533243285,
    "J0437-4715_UWL_sbH_efac": 0.5263425606245641,
    "J0437-4715_UWL_sbH_log10_tnequad": -7.3551166865654425,
    "J0437-4715_band_noise_high_high_gamma": 6.9862223766688585,
    "J0437-4715_band_noise_high_high_log10_A": -14.452008119875922,
    "J0437-4715_band_noise_low_gamma": 6.952769497117854,
    "J0437-4715_band_noise_low_log10_A": -13.774532796340567,
    "J0437-4715_band_noise_mid_mid_gamma": 6.990534785208195,
    "J0437-4715_band_noise_mid_mid_log10_A": -14.192673057333915,
    "J0437-4715_basis_ecorr_10CM_log10_ecorr": -7.366971662166928,
    "J0437-4715_basis_ecorr_10CM_uwl_log10_ecorr": -7.440298783424936,
    "J0437-4715_basis_ecorr_20CM_log10_ecorr": -7.173627649315412,
    "J0437-4715_basis_ecorr_20CM_uwl_log10_ecorr": -7.411303953812441,
    "J0437-4715_basis_ecorr_40CM_log10_ecorr": -6.759153228682702,
    "J0437-4715_basis_ecorr_40CM_uwl_log10_ecorr": -7.020214089624007,
    "J0437-4715_basis_ecorr_all_dr2_log10_ecorr": -7.245698544815673,
    "J0437-4715_basis_ecorr_all_uwl_log10_ecorr": -7.237662343136642,
    "J0437-4715_chrom_gp_gamma": 5.207126247628966,
    "J0437-4715_chrom_gp_log10_A": -14.073312977769808,
    "J0437-4715_dm_gp_gamma": 2.829904705367725,
    "J0437-4715_dm_gp_log10_A": -13.363965056867377,
    "J0437-4715_dmexp_1_idx": 1.042256186566829,
    "J0437-4715_dmexp_1_log10_Amp": -5.542765157492271,
    "J0437-4715_dmexp_1_log10_tau": 3.1090986171003436,
    "J0437-4715_dmexp_1_t0": 57086.537995349216,
    "J0437-4715_dmexp_2_idx": 6.998298805484799,
    "J0437-4715_dmexp_2_log10_Amp": -2.241437461434786,
    "J0437-4715_dmexp_2_log10_tau": 3.999336234916374,
    "J0437-4715_dmexp_2_t0": 59529.84247252013,
    "J0437-4715_group_noise_CASPSR_40CM_gamma": 6.926244143357439,
    "J0437-4715_group_noise_CASPSR_40CM_log10_A": -13.22281139654724,
    "J0437-4715_group_noise_PDFB_20CM_gamma": 6.973585279411862,
    "J0437-4715_group_noise_PDFB_20CM_log10_A": -13.683901342407822,
    "J0437-4715_group_noise_UWL_PDFB4_20CM_gamma": 6.99458734136358,
    "J0437-4715_group_noise_UWL_PDFB4_20CM_log10_A": -13.61844047061332,
    "J0437-4715_group_noise_UWL_sbA_gamma": 6.988542941538503,
    "J0437-4715_group_noise_UWL_sbA_log10_A": -13.639564788117529,
    "J0437-4715_group_noise_UWL_sbG_gamma": 6.945168368645716,
    "J0437-4715_group_noise_UWL_sbG_log10_A": -14.370539376025212,
    "J0437-4715_hf_noise_gamma": 1.2837906786762698,
    "J0437-4715_hf_noise_log10_A": -14.071545787246354,
    "J0437-4715_red_noise_gamma": 6.583273174601607,
    "J0437-4715_red_noise_log10_A": -13.975923659526565,
    "nmodel": 0.49827989063496414
}