{
    "J0614-3329_UWL_sbA_efac": 0.34993971812358826,
    "J0614-3329_UWL_sbA_log10_tnequad": -9.993608777374881,
    "J0614-3329_UWL_sbB_efac": 0.7957642881840756,
    "J0614-3329_UWL_sbB_log10_tnequad": -9.99405124921719,
    "J0614-3329_UWL_sbC_efac": 0.8059577626491516,
    "J0614-3329_UWL_sbC_log10_tnequad": -9.994147808862897,
    "J0614-3329_UWL_sbD_efac": 0.8741772600920248,
    "J0614-3329_UWL_sbD_log10_tnequad": -9.994001390264765,
    "J0614-3329_UWL_sbE_efac": 0.7408447498236268,
    "J0614-3329_UWL_sbE_log10_tnequad": -9.994692298408365,
    "J0614-3329_UWL_sbF_efac": 0.7691428517879422,
    "J0614-3329_UWL_sbF_log10_tnequad": -9.994242714193561,
    "J0614-3329_UWL_sbG_efac": 0.2347221266367713,
    "J0614-3329_UWL_sbG_log10_tnequad": -9.994154035749604,
    "J0614-3329_UWL_sbH_efac": 0.13699929892596716,
    "J0614-3329_UWL_sbH_log10_tnequad": -9.993782145913453,
    "J0614-3329_basis_ecorr_10CM_uwl_log10_ecorr": -9.994279669547357,
    "J0614-3329_basis_ecorr_20CM_uwl_log10_ecorr": -9.994680204073187,
    "J0614-3329_basis_ecorr_40CM_uwl_log10_ecorr": -9.994071641101602,
    "J0614-3329_basis_ecorr_all_uwl_log10_ecorr": -9.957287815979566,
    "J0614-3329_dm_gp_gamma": 0.10546222444368733,
    "J0614-3329_dm_gp_log10_A": -19.89267168715687,
    "J0614-3329_gp_sw_gamma": -3.968506248295414,
    "J0614-3329_gp_sw_log10_A": -9.994176265318657,
    "J0614-3329_red_noise_gamma": 0.0088706810893604,
    "J0614-3329_red_noise_log10_A": -19.988828253473717,
    "n_earth": 0.038880526492372836,
    "nmodel": -0.4985016431169217
}