{
    "J0614-3329_UWL_sbA_efac": 1.0462411855721372,
    "J0614-3329_UWL_sbA_log10_tnequad": -5.67595301316055,
    "J0614-3329_UWL_sbB_efac": 1.2276655000330239,
    "J0614-3329_UWL_sbB_log10_tnequad": -5.875083898686835,
    "J0614-3329_UWL_sbC_efac": 1.4353996178518575,
    "J0614-3329_UWL_sbC_log10_tnequad": -5.7317659006651756,
    "J0614-3329_UWL_sbD_efac": 1.2539881978340226,
    "J0614-3329_UWL_sbD_log10_tnequad": -5.9802337190824835,
    "J0614-3329_UWL_sbE_efac": 1.2646891610164162,
    "J0614-3329_UWL_sbE_log10_tnequad": -5.796238019966766,
    "J0614-3329_UWL_sbF_efac": 1.2703913536982767,
    "J0614-3329_UWL_sbF_log10_tnequad": -5.941306027014945,
    "J0614-3329_UWL_sbG_efac": 1.6958655976581023,
    "J0614-3329_UWL_sbG_log10_tnequad": -5.677807551285536,
    "J0614-3329_UWL_sbH_efac": 1.686982639320949,
    "J0614-3329_UWL_sbH_log10_tnequad": -5.5912331654653755,
    "J0614-3329_basis_ecorr_10CM_uwl_log10_ecorr": -5.8423781318441215,
    "J0614-3329_basis_ecorr_20CM_uwl_log10_ecorr": -6.13492507741889,
    "J0614-3329_basis_ecorr_40CM_uwl_log10_ecorr": -5.94954245650752,
    "J0614-3329_basis_ecorr_all_uwl_log10_ecorr": -5.958765378972045,
    "J0614-3329_dm_gp_gamma": 6.994481999240202,
    "J0614-3329_dm_gp_log10_A": -12.760670122985983,
    "J0614-3329_gp_sw_gamma": 3.9848593346579593,
    "J0614-3329_gp_sw_log10_A": -5.169551565226989,
    "J0614-3329_red_noise_gamma": 6.9877816748830295,
    "J0614-3329_red_noise_log10_A": -12.046044864539951,
    "n_earth": 19.974761805118224,
    "nmodel": 0.4984834101975914
}