{
    "J0614-3329_UWL_sbA_efac": 0.36197032964693787,
    "J0614-3329_UWL_sbA_log10_tnequad": -9.993749554623715,
    "J0614-3329_UWL_sbB_efac": 0.796523653678254,
    "J0614-3329_UWL_sbB_log10_tnequad": -9.993850836255653,
    "J0614-3329_UWL_sbC_efac": 0.810043929975443,
    "J0614-3329_UWL_sbC_log10_tnequad": -9.993894751321193,
    "J0614-3329_UWL_sbD_efac": 0.8674082886899174,
    "J0614-3329_UWL_sbD_log10_tnequad": -9.994405347747962,
    "J0614-3329_UWL_sbE_efac": 0.7305482407984497,
    "J0614-3329_UWL_sbE_log10_tnequad": -9.994207055804083,
    "J0614-3329_UWL_sbF_efac": 0.7685886979972104,
    "J0614-3329_UWL_sbF_log10_tnequad": -9.994096351482032,
    "J0614-3329_UWL_sbG_efac": 0.21119029564785466,
    "J0614-3329_UWL_sbG_log10_tnequad": -9.993837282019474,
    "J0614-3329_UWL_sbH_efac": 0.1483152984938102,
    "J0614-3329_UWL_sbH_log10_tnequad": -9.994022991959888,
    "J0614-3329_basis_ecorr_10CM_uwl_log10_ecorr": -9.994512529692066,
    "J0614-3329_basis_ecorr_20CM_uwl_log10_ecorr": -9.994355794625227,
    "J0614-3329_basis_ecorr_40CM_uwl_log10_ecorr": -9.99347851933499,
    "J0614-3329_basis_ecorr_all_uwl_log10_ecorr": -9.954864238046538,
    "J0614-3329_dm_gp_gamma": 0.08825090150255471,
    "J0614-3329_dm_gp_log10_A": -19.92076964209128,
    "J0614-3329_gp_sw_gamma": -3.981091213838136,
    "J0614-3329_gp_sw_log10_A": -9.993838096293054,
    "J0614-3329_red_noise_gamma": 0.008867585691194418,
    "J0614-3329_red_noise_log10_A": -19.98901523607126,
    "n_earth": 0.03566130410362172,
    "nmodel": -0.49847320435424
}