{
    "J0613-0200_CASPSR_40CM_efac": 1.3034489148829274,
    "J0613-0200_CASPSR_40CM_log10_tnequad": -6.261661362394891,
    "J0613-0200_CPSR2_20CM_efac": 1.1995529428374887,
    "J0613-0200_CPSR2_20CM_log10_tnequad": -5.590798091988768,
    "J0613-0200_CPSR2_50CM_efac": 1.796501467067456,
    "J0613-0200_CPSR2_50CM_log10_tnequad": -5.9307359850084245,
    "J0613-0200_PDFB1_20CM_efac": 2.5117907576738134,
    "J0613-0200_PDFB1_20CM_log10_tnequad": -5.6398959905440185,
    "J0613-0200_PDFB1_early_20CM_efac": 2.045894925328633,
    "J0613-0200_PDFB1_early_20CM_log10_tnequad": -5.5167830976556305,
    "J0613-0200_PDFB_10CM_efac": 1.4416725855082084,
    "J0613-0200_PDFB_10CM_log10_tnequad": -5.579947794361869,
    "J0613-0200_PDFB_20CM_efac": 1.4329166539164224,
    "J0613-0200_PDFB_20CM_log10_tnequad": -5.994957723980919,
    "J0613-0200_PDFB_40CM_efac": 1.3472797457080525,
    "J0613-0200_PDFB_40CM_log10_tnequad": -5.599607696680826,
    "J0613-0200_UWL_CASPSR_40CM_efac": 2.793431974956162,
    "J0613-0200_UWL_CASPSR_40CM_log10_tnequad": -6.032078156381372,
    "J0613-0200_UWL_PDFB4_20CM_efac": 1.5821550416676906,
    "J0613-0200_UWL_PDFB4_20CM_log10_tnequad": -5.716571116795436,
    "J0613-0200_UWL_sbA_efac": 1.3739097765961472,
    "J0613-0200_UWL_sbA_log10_tnequad": -6.054069179311158,
    "J0613-0200_UWL_sbB_efac": 1.760643343023953,
    "J0613-0200_UWL_sbB_log10_tnequad": -6.370527423872791,
    "J0613-0200_UWL_sbC_efac": 1.3210269439780649,
    "J0613-0200_UWL_sbC_log10_tnequad": -6.054794023081778,
    "J0613-0200_UWL_sbD_efac": 1.7310290483702393,
    "J0613-0200_UWL_sbD_log10_tnequad": -6.343902954240628,
    "J0613-0200_UWL_sbE_efac": 1.5960541741635461,
    "J0613-0200_UWL_sbE_log10_tnequad": -5.920394897285336,
    "J0613-0200_UWL_sbF_efac": 1.3507469649165555,
    "J0613-0200_UWL_sbF_log10_tnequad": -6.161510590873246,
    "J0613-0200_UWL_sbG_efac": 2.16637735326049,
    "J0613-0200_UWL_sbG_log10_tnequad": -5.53336654840213,
    "J0613-0200_UWL_sbH_efac": 2.957348868446352,
    "J0613-0200_UWL_sbH_log10_tnequad": -5.4835569220722515,
    "J0613-0200_WBCORR_10CM_efac": 4.032145653528322,
    "J0613-0200_WBCORR_10CM_log10_tnequad": -5.005530360443747,
    "J0613-0200_band_noise_low_gamma": 6.982256593214792,
    "J0613-0200_band_noise_low_log10_A": -13.282342305033236,
    "J0613-0200_basis_ecorr_10CM_log10_ecorr": -5.813394800779154,
    "J0613-0200_basis_ecorr_10CM_uwl_log10_ecorr": -6.004543373772535,
    "J0613-0200_basis_ecorr_20CM_log10_ecorr": -6.372652416041547,
    "J0613-0200_basis_ecorr_20CM_uwl_log10_ecorr": -6.624151967873192,
    "J0613-0200_basis_ecorr_40CM_log10_ecorr": -6.405325201136034,
    "J0613-0200_basis_ecorr_40CM_uwl_log10_ecorr": -6.513704965353478,
    "J0613-0200_basis_ecorr_all_dr2_log10_ecorr": -6.502481978800868,
    "J0613-0200_basis_ecorr_all_uwl_log10_ecorr": -6.524437976907511,
    "J0613-0200_chrom_gp_gamma": 6.9948531491331085,
    "J0613-0200_chrom_gp_log10_A": -14.059231264928261,
    "J0613-0200_dm1yr_log10_Amp": -6.464743799059477,
    "J0613-0200_dm1yr_phase": 2.826496854373593,
    "J0613-0200_dm_gp_gamma": 3.7287716573755603,
    "J0613-0200_dm_gp_log10_A": -13.406548340366408,
    "J0613-0200_gp_sw_gamma": 3.9833059723324755,
    "J0613-0200_gp_sw_log10_A": -6.256215988126887,
    "J0613-0200_red_noise_gamma": 6.99661639848803,
    "J0613-0200_red_noise_log10_A": -13.836758430923155,
    "n_earth": 3.245985355678231,
    "nmodel": 0.4985956804013355
}