{
    "J0613-0200_CASPSR_40CM_efac": 1.2067979843852237,
    "J0613-0200_CASPSR_40CM_log10_tnequad": -6.490019531975965,
    "J0613-0200_CPSR2_20CM_efac": 1.1707208046630546,
    "J0613-0200_CPSR2_20CM_log10_tnequad": -5.877333372283291,
    "J0613-0200_CPSR2_50CM_efac": 1.1992587996954125,
    "J0613-0200_CPSR2_50CM_log10_tnequad": -6.407524837132957,
    "J0613-0200_PDFB1_20CM_efac": 1.2515402661272355,
    "J0613-0200_PDFB1_20CM_log10_tnequad": -6.07614938325229,
    "J0613-0200_PDFB1_early_20CM_efac": 1.68047719416526,
    "J0613-0200_PDFB1_early_20CM_log10_tnequad": -5.625294752014622,
    "J0613-0200_PDFB_10CM_efac": 1.1960434799013124,
    "J0613-0200_PDFB_10CM_log10_tnequad": -5.462375665817418,
    "J0613-0200_PDFB_20CM_efac": 1.1570225074995364,
    "J0613-0200_PDFB_20CM_log10_tnequad": -6.2592921323599615,
    "J0613-0200_PDFB_40CM_efac": 1.3342759423507697,
    "J0613-0200_PDFB_40CM_log10_tnequad": -5.626092657050399,
    "J0613-0200_UWL_CASPSR_40CM_efac": 1.5220345754204057,
    "J0613-0200_UWL_CASPSR_40CM_log10_tnequad": -6.055738281805463,
    "J0613-0200_UWL_PDFB4_20CM_efac": 1.4040924045536363,
    "J0613-0200_UWL_PDFB4_20CM_log10_tnequad": -5.671500097840584,
    "J0613-0200_UWL_sbA_efac": 1.3004307547377574,
    "J0613-0200_UWL_sbA_log10_tnequad": -6.369510240417254,
    "J0613-0200_UWL_sbB_efac": 1.2539140687686972,
    "J0613-0200_UWL_sbB_log10_tnequad": -6.453926198009115,
    "J0613-0200_UWL_sbC_efac": 1.1060318680476944,
    "J0613-0200_UWL_sbC_log10_tnequad": -6.366713100157716,
    "J0613-0200_UWL_sbD_efac": 1.181045789585708,
    "J0613-0200_UWL_sbD_log10_tnequad": -6.444903693671936,
    "J0613-0200_UWL_sbE_efac": 1.2972871661376002,
    "J0613-0200_UWL_sbE_log10_tnequad": -6.040564501898241,
    "J0613-0200_UWL_sbF_efac": 1.245898932005983,
    "J0613-0200_UWL_sbF_log10_tnequad": -6.186645864678105,
    "J0613-0200_UWL_sbG_efac": 1.2048076678274833,
    "J0613-0200_UWL_sbG_log10_tnequad": -5.608853639125818,
    "J0613-0200_UWL_sbH_efac": 1.347061397171132,
    "J0613-0200_UWL_sbH_log10_tnequad": -5.528104583149904,
    "J0613-0200_WBCORR_10CM_efac": 3.5497178728318968,
    "J0613-0200_WBCORR_10CM_log10_tnequad": -5.009801922659469,
    "J0613-0200_band_noise_low_gamma": 6.980819977255328,
    "J0613-0200_band_noise_low_log10_A": -13.242390283277006,
    "J0613-0200_basis_ecorr_10CM_log10_ecorr": -5.82985652739569,
    "J0613-0200_basis_ecorr_10CM_uwl_log10_ecorr": -5.983730815852221,
    "J0613-0200_basis_ecorr_20CM_log10_ecorr": -6.436009407850245,
    "J0613-0200_basis_ecorr_20CM_uwl_log10_ecorr": -6.633561502463449,
    "J0613-0200_basis_ecorr_40CM_log10_ecorr": -6.482453186029756,
    "J0613-0200_basis_ecorr_40CM_uwl_log10_ecorr": -6.5097174438878165,
    "J0613-0200_basis_ecorr_all_dr2_log10_ecorr": -6.498083471167349,
    "J0613-0200_basis_ecorr_all_uwl_log10_ecorr": -6.527186625281858,
    "J0613-0200_chrom_gp_gamma": 6.995602366276852,
    "J0613-0200_chrom_gp_log10_A": -14.056125721962532,
    "J0613-0200_dm1yr_log10_Amp": -6.473791645867198,
    "J0613-0200_dm1yr_phase": 2.8058044018263897,
    "J0613-0200_dm_gp_gamma": 3.9799586374727385,
    "J0613-0200_dm_gp_log10_A": -13.414157753077113,
    "J0613-0200_gp_sw_gamma": 3.9857700490067947,
    "J0613-0200_gp_sw_log10_A": -6.246155590162417,
    "J0613-0200_red_noise_gamma": 6.997236595742085,
    "J0613-0200_red_noise_log10_A": -13.76129978428727,
    "n_earth": 3.3266649755596838,
    "nmodel": 0.4986118761773948
}