{
    "J0613-0200_CASPSR_40CM_efac": 1.1903485712995445,
    "J0613-0200_CASPSR_40CM_log10_tnequad": -6.486117876154025,
    "J0613-0200_CPSR2_20CM_efac": 1.179200220811269,
    "J0613-0200_CPSR2_20CM_log10_tnequad": -5.903923602344003,
    "J0613-0200_CPSR2_50CM_efac": 1.1922923710354192,
    "J0613-0200_CPSR2_50CM_log10_tnequad": -6.392880801657599,
    "J0613-0200_PDFB1_20CM_efac": 1.2558835192217321,
    "J0613-0200_PDFB1_20CM_log10_tnequad": -6.087981293468754,
    "J0613-0200_PDFB1_early_20CM_efac": 1.7029608388712063,
    "J0613-0200_PDFB1_early_20CM_log10_tnequad": -5.659798737530747,
    "J0613-0200_PDFB_10CM_efac": 1.186195869512424,
    "J0613-0200_PDFB_10CM_log10_tnequad": -5.794123688289143,
    "J0613-0200_PDFB_20CM_efac": 1.1486618044083796,
    "J0613-0200_PDFB_20CM_log10_tnequad": -6.291309146573892,
    "J0613-0200_PDFB_40CM_efac": 1.3288560546765582,
    "J0613-0200_PDFB_40CM_log10_tnequad": -5.83623900911771,
    "J0613-0200_UWL_CASPSR_40CM_efac": 1.50813875477474,
    "J0613-0200_UWL_CASPSR_40CM_log10_tnequad": -6.051360467193135,
    "J0613-0200_UWL_PDFB4_20CM_efac": 1.4140883969541433,
    "J0613-0200_UWL_PDFB4_20CM_log10_tnequad": -5.962775077524451,
    "J0613-0200_UWL_sbA_efac": 1.3111721477192873,
    "J0613-0200_UWL_sbA_log10_tnequad": -6.360178892119809,
    "J0613-0200_UWL_sbB_efac": 1.2530373867223672,
    "J0613-0200_UWL_sbB_log10_tnequad": -6.5019422212320706,
    "J0613-0200_UWL_sbC_efac": 1.1066707182016668,
    "J0613-0200_UWL_sbC_log10_tnequad": -6.378729220579985,
    "J0613-0200_UWL_sbD_efac": 1.1766957919193062,
    "J0613-0200_UWL_sbD_log10_tnequad": -6.403006850352353,
    "J0613-0200_UWL_sbE_efac": 1.29134615061024,
    "J0613-0200_UWL_sbE_log10_tnequad": -6.03756935583988,
    "J0613-0200_UWL_sbF_efac": 1.236650368218158,
    "J0613-0200_UWL_sbF_log10_tnequad": -6.193144472623984,
    "J0613-0200_UWL_sbG_efac": 1.2193261683247387,
    "J0613-0200_UWL_sbG_log10_tnequad": -5.798738805253527,
    "J0613-0200_UWL_sbH_efac": 1.3305540576350967,
    "J0613-0200_UWL_sbH_log10_tnequad": -5.601779090526865,
    "J0613-0200_WBCORR_10CM_efac": 3.805455551091919,
    "J0613-0200_WBCORR_10CM_log10_tnequad": -5.014558207015548,
    "J0613-0200_band_noise_low_gamma": 6.981216492315422,
    "J0613-0200_band_noise_low_log10_A": -13.27687819224485,
    "J0613-0200_basis_ecorr_10CM_log10_ecorr": -5.820532855565837,
    "J0613-0200_basis_ecorr_10CM_uwl_log10_ecorr": -6.003461457920779,
    "J0613-0200_basis_ecorr_20CM_log10_ecorr": -6.429296823980313,
    "J0613-0200_basis_ecorr_20CM_uwl_log10_ecorr": -6.632568526363314,
    "J0613-0200_basis_ecorr_40CM_log10_ecorr": -6.480349604187837,
    "J0613-0200_basis_ecorr_40CM_uwl_log10_ecorr": -6.504304736630992,
    "J0613-0200_basis_ecorr_all_dr2_log10_ecorr": -6.502288438007561,
    "J0613-0200_basis_ecorr_all_uwl_log10_ecorr": -6.538108001408605,
    "J0613-0200_chrom_gp_gamma": 6.99611910148424,
    "J0613-0200_chrom_gp_log10_A": -14.053615079030063,
    "J0613-0200_dm1yr_log10_Amp": -6.475864057283446,
    "J0613-0200_dm1yr_phase": 2.809628080908179,
    "J0613-0200_dm_gp_gamma": 3.5695338572544526,
    "J0613-0200_dm_gp_log10_A": -13.413062924097929,
    "J0613-0200_red_noise_gamma": 6.997210007856136,
    "J0613-0200_red_noise_log10_A": -13.756524985037263,
    "nmodel": 0.49848329012280246
}