{
    "J0613-0200_CASPSR_40CM_efac": 0.27212769162351713,
    "J0613-0200_CASPSR_40CM_log10_tnequad": -9.993221188476774,
    "J0613-0200_CPSR2_20CM_efac": 0.5415465140186351,
    "J0613-0200_CPSR2_20CM_log10_tnequad": -9.994816671610371,
    "J0613-0200_CPSR2_50CM_efac": 0.35466398105614627,
    "J0613-0200_CPSR2_50CM_log10_tnequad": -9.993386655790568,
    "J0613-0200_PDFB1_20CM_efac": 0.19733404685572514,
    "J0613-0200_PDFB1_20CM_log10_tnequad": -9.986317211823764,
    "J0613-0200_PDFB1_early_20CM_efac": 0.013712433185549251,
    "J0613-0200_PDFB1_early_20CM_log10_tnequad": -9.989979985145277,
    "J0613-0200_PDFB_10CM_efac": 0.6089594894178817,
    "J0613-0200_PDFB_10CM_log10_tnequad": -9.99247659622946,
    "J0613-0200_PDFB_20CM_efac": 0.7569055551580797,
    "J0613-0200_PDFB_20CM_log10_tnequad": -9.992692928885567,
    "J0613-0200_PDFB_40CM_efac": 0.5672345955081767,
    "J0613-0200_PDFB_40CM_log10_tnequad": -9.988318354784166,
    "J0613-0200_UWL_CASPSR_40CM_efac": 0.015223784407072494,
    "J0613-0200_UWL_CASPSR_40CM_log10_tnequad": -9.984082689293343,
    "J0613-0200_UWL_PDFB4_20CM_efac": 0.46828725231339047,
    "J0613-0200_UWL_PDFB4_20CM_log10_tnequad": -9.994303710522363,
    "J0613-0200_UWL_sbA_efac": 0.3438842880084434,
    "J0613-0200_UWL_sbA_log10_tnequad": -9.993364426290604,
    "J0613-0200_UWL_sbB_efac": 0.7917280880815103,
    "J0613-0200_UWL_sbB_log10_tnequad": -9.9944060402794,
    "J0613-0200_UWL_sbC_efac": 0.45250818267524157,
    "J0613-0200_UWL_sbC_log10_tnequad": -9.996173781049043,
    "J0613-0200_UWL_sbD_efac": 0.8023011466224385,
    "J0613-0200_UWL_sbD_log10_tnequad": -9.986539912313678,
    "J0613-0200_UWL_sbE_efac": 0.5737581651318047,
    "J0613-0200_UWL_sbE_log10_tnequad": -9.997872662540821,
    "J0613-0200_UWL_sbF_efac": 0.8180244529917058,
    "J0613-0200_UWL_sbF_log10_tnequad": -9.99463271953103,
    "J0613-0200_UWL_sbG_efac": 0.2103789968570863,
    "J0613-0200_UWL_sbG_log10_tnequad": -9.996218839275947,
    "J0613-0200_UWL_sbH_efac": 0.017005346451970615,
    "J0613-0200_UWL_sbH_log10_tnequad": -9.979144845939006,
    "J0613-0200_WBCORR_10CM_efac": 0.11171742105600509,
    "J0613-0200_WBCORR_10CM_log10_tnequad": -9.982257065222518,
    "J0613-0200_band_noise_low_gamma": 0.006150822527147826,
    "J0613-0200_band_noise_low_log10_A": -19.9928172030988,
    "J0613-0200_basis_ecorr_10CM_log10_ecorr": -9.996026210885251,
    "J0613-0200_basis_ecorr_10CM_uwl_log10_ecorr": -9.99206366683966,
    "J0613-0200_basis_ecorr_20CM_log10_ecorr": -9.990098493416754,
    "J0613-0200_basis_ecorr_20CM_uwl_log10_ecorr": -9.992607483309694,
    "J0613-0200_basis_ecorr_40CM_log10_ecorr": -9.990282216725513,
    "J0613-0200_basis_ecorr_40CM_uwl_log10_ecorr": -9.98890649391324,
    "J0613-0200_basis_ecorr_all_dr2_log10_ecorr": -9.990796345833825,
    "J0613-0200_basis_ecorr_all_uwl_log10_ecorr": -9.97634358563157,
    "J0613-0200_chrom_gp_gamma": 1.8337217697635129,
    "J0613-0200_chrom_gp_log10_A": -17.387081937129416,
    "J0613-0200_dm1yr_log10_Amp": -6.85058867901468,
    "J0613-0200_dm1yr_phase": 1.9264139268387388,
    "J0613-0200_dm_gp_gamma": 1.4106076951156998,
    "J0613-0200_dm_gp_log10_A": -14.292628399018502,
    "J0613-0200_gp_sw_gamma": -3.974095155297629,
    "J0613-0200_gp_sw_log10_A": -9.991319520332977,
    "J0613-0200_red_noise_gamma": 3.0771584092222657,
    "J0613-0200_red_noise_log10_A": -16.427862800493745,
    "n_earth": 0.0019169126282646937,
    "nmodel": -0.4985356992093041
}