{
    "J0613-0200_CASPSR_40CM_efac": 0.7396377628225236,
    "J0613-0200_CASPSR_40CM_log10_tnequad": -9.995145734722577,
    "J0613-0200_CPSR2_20CM_efac": 0.8787724573270284,
    "J0613-0200_CPSR2_20CM_log10_tnequad": -9.994169069919343,
    "J0613-0200_CPSR2_50CM_efac": 0.9713686099616459,
    "J0613-0200_CPSR2_50CM_log10_tnequad": -9.9933574799694,
    "J0613-0200_PDFB1_20CM_efac": 0.8655653737552593,
    "J0613-0200_PDFB1_20CM_log10_tnequad": -9.995006479231963,
    "J0613-0200_PDFB1_early_20CM_efac": 0.6995822574695205,
    "J0613-0200_PDFB1_early_20CM_log10_tnequad": -9.993650780138072,
    "J0613-0200_PDFB_10CM_efac": 0.8928733937274623,
    "J0613-0200_PDFB_10CM_log10_tnequad": -9.993399160063948,
    "J0613-0200_PDFB_20CM_efac": 0.9948993628411242,
    "J0613-0200_PDFB_20CM_log10_tnequad": -9.993634258949289,
    "J0613-0200_PDFB_40CM_efac": 1.0060816360366431,
    "J0613-0200_PDFB_40CM_log10_tnequad": -9.990862759829824,
    "J0613-0200_UWL_CASPSR_40CM_efac": 0.04635675144970426,
    "J0613-0200_UWL_CASPSR_40CM_log10_tnequad": -9.991591134119213,
    "J0613-0200_UWL_PDFB4_20CM_efac": 0.8776131934071508,
    "J0613-0200_UWL_PDFB4_20CM_log10_tnequad": -9.994351060036362,
    "J0613-0200_UWL_sbA_efac": 0.8908841271962056,
    "J0613-0200_UWL_sbA_log10_tnequad": -9.99433400317196,
    "J0613-0200_UWL_sbB_efac": 0.9029565375917007,
    "J0613-0200_UWL_sbB_log10_tnequad": -9.995357067808033,
    "J0613-0200_UWL_sbC_efac": 0.8100767513093947,
    "J0613-0200_UWL_sbC_log10_tnequad": -9.994423011059363,
    "J0613-0200_UWL_sbD_efac": 0.8661546937621148,
    "J0613-0200_UWL_sbD_log10_tnequad": -9.994718147966612,
    "J0613-0200_UWL_sbE_efac": 0.8374387728745536,
    "J0613-0200_UWL_sbE_log10_tnequad": -9.991334927422988,
    "J0613-0200_UWL_sbF_efac": 0.9446214071557834,
    "J0613-0200_UWL_sbF_log10_tnequad": -9.994495474592073,
    "J0613-0200_UWL_sbG_efac": 0.7599164051610939,
    "J0613-0200_UWL_sbG_log10_tnequad": -9.991490743141041,
    "J0613-0200_UWL_sbH_efac": 0.5978912666736209,
    "J0613-0200_UWL_sbH_log10_tnequad": -9.904967823474358,
    "J0613-0200_WBCORR_10CM_efac": 0.28412331563101895,
    "J0613-0200_WBCORR_10CM_log10_tnequad": -9.992668068061905,
    "J0613-0200_band_noise_low_gamma": 0.007377489559580822,
    "J0613-0200_band_noise_low_log10_A": -19.991804922372996,
    "J0613-0200_basis_ecorr_10CM_log10_ecorr": -9.993714256499441,
    "J0613-0200_basis_ecorr_10CM_uwl_log10_ecorr": -9.994122936555206,
    "J0613-0200_basis_ecorr_20CM_log10_ecorr": -9.994767554814164,
    "J0613-0200_basis_ecorr_20CM_uwl_log10_ecorr": -9.99519776269888,
    "J0613-0200_basis_ecorr_40CM_log10_ecorr": -9.9947659733664,
    "J0613-0200_basis_ecorr_40CM_uwl_log10_ecorr": -9.991679858681264,
    "J0613-0200_basis_ecorr_all_dr2_log10_ecorr": -9.993758264845932,
    "J0613-0200_basis_ecorr_all_uwl_log10_ecorr": -9.983539524616027,
    "J0613-0200_chrom_gp_gamma": 1.7973693948439946,
    "J0613-0200_chrom_gp_log10_A": -17.32735581960602,
    "J0613-0200_dm1yr_log10_Amp": -6.844615012172403,
    "J0613-0200_dm1yr_phase": 2.0083684186384096,
    "J0613-0200_dm_gp_gamma": 1.4141417649611292,
    "J0613-0200_dm_gp_log10_A": -14.042574871710029,
    "J0613-0200_red_noise_gamma": 2.9073248498281874,
    "J0613-0200_red_noise_log10_A": -16.418204270698116,
    "nmodel": -0.49851537844484306
}