{
    "J0614-3329_UWL_sbA_efac": 0.3326213365318915,
    "J0614-3329_UWL_sbA_log10_tnequad": -9.99414508643619,
    "J0614-3329_UWL_sbB_efac": 0.7963016323090549,
    "J0614-3329_UWL_sbB_log10_tnequad": -9.994280252308771,
    "J0614-3329_UWL_sbC_efac": 0.8088713131329444,
    "J0614-3329_UWL_sbC_log10_tnequad": -9.993910244880793,
    "J0614-3329_UWL_sbD_efac": 0.8747446576875261,
    "J0614-3329_UWL_sbD_log10_tnequad": -9.994795530813983,
    "J0614-3329_UWL_sbE_efac": 0.7421459333718924,
    "J0614-3329_UWL_sbE_log10_tnequad": -9.994319680365304,
    "J0614-3329_UWL_sbF_efac": 0.7719386460083648,
    "J0614-3329_UWL_sbF_log10_tnequad": -9.994101837402493,
    "J0614-3329_UWL_sbG_efac": 0.21669721200135453,
    "J0614-3329_UWL_sbG_log10_tnequad": -9.993731675596251,
    "J0614-3329_UWL_sbH_efac": 0.08959606357981485,
    "J0614-3329_UWL_sbH_log10_tnequad": -9.993738467749509,
    "J0614-3329_basis_ecorr_10CM_uwl_log10_ecorr": -9.994188431217058,
    "J0614-3329_basis_ecorr_20CM_uwl_log10_ecorr": -9.994448792784821,
    "J0614-3329_basis_ecorr_40CM_uwl_log10_ecorr": -9.99392456546625,
    "J0614-3329_basis_ecorr_all_uwl_log10_ecorr": -9.954546525100296,
    "J0614-3329_dm_gp_gamma": 0.12832679074152598,
    "J0614-3329_dm_gp_log10_A": -19.858220589117284,
    "J0614-3329_red_noise_gamma": 0.008690497790329559,
    "J0614-3329_red_noise_log10_A": -19.989109888979744,
    "nmodel": -0.4985060414650585
}