{
    "J0613-0200_CASPSR_40CM_efac": 0.7390988976156951,
    "J0613-0200_CASPSR_40CM_log10_tnequad": -9.994787453502255,
    "J0613-0200_CPSR2_20CM_efac": 0.8655527054133036,
    "J0613-0200_CPSR2_20CM_log10_tnequad": -9.994207229139647,
    "J0613-0200_CPSR2_50CM_efac": 0.968932813287959,
    "J0613-0200_CPSR2_50CM_log10_tnequad": -9.996038112095729,
    "J0613-0200_PDFB1_20CM_efac": 0.8634536622061111,
    "J0613-0200_PDFB1_20CM_log10_tnequad": -9.99579242533393,
    "J0613-0200_PDFB1_early_20CM_efac": 0.656681152105792,
    "J0613-0200_PDFB1_early_20CM_log10_tnequad": -9.992722075199683,
    "J0613-0200_PDFB_10CM_efac": 0.24901093779353484,
    "J0613-0200_PDFB_10CM_log10_tnequad": -9.992791708859778,
    "J0613-0200_PDFB_20CM_efac": 0.9865945219524329,
    "J0613-0200_PDFB_20CM_log10_tnequad": -9.995715912287459,
    "J0613-0200_PDFB_40CM_efac": 0.6675536202686609,
    "J0613-0200_PDFB_40CM_log10_tnequad": -9.99449014605642,
    "J0613-0200_UWL_CASPSR_40CM_efac": 0.030554935984414777,
    "J0613-0200_UWL_CASPSR_40CM_log10_tnequad": -9.993274828722821,
    "J0613-0200_UWL_PDFB4_20CM_efac": 0.34665518318504684,
    "J0613-0200_UWL_PDFB4_20CM_log10_tnequad": -9.992994032383223,
    "J0613-0200_UWL_sbA_efac": 0.8912678908527547,
    "J0613-0200_UWL_sbA_log10_tnequad": -9.996993105486562,
    "J0613-0200_UWL_sbB_efac": 0.8725131164666163,
    "J0613-0200_UWL_sbB_log10_tnequad": -9.996134611366195,
    "J0613-0200_UWL_sbC_efac": 0.8033463910692807,
    "J0613-0200_UWL_sbC_log10_tnequad": -9.997435972838305,
    "J0613-0200_UWL_sbD_efac": 0.8888086647803556,
    "J0613-0200_UWL_sbD_log10_tnequad": -9.99662411219143,
    "J0613-0200_UWL_sbE_efac": 0.8507291160662765,
    "J0613-0200_UWL_sbE_log10_tnequad": -9.995232513703025,
    "J0613-0200_UWL_sbF_efac": 0.9499043690419692,
    "J0613-0200_UWL_sbF_log10_tnequad": -9.995423896818219,
    "J0613-0200_UWL_sbG_efac": 0.41172013391785495,
    "J0613-0200_UWL_sbG_log10_tnequad": -9.992854990723863,
    "J0613-0200_UWL_sbH_efac": 0.29055212893358895,
    "J0613-0200_UWL_sbH_log10_tnequad": -9.960025406803581,
    "J0613-0200_WBCORR_10CM_efac": 0.10330616686530945,
    "J0613-0200_WBCORR_10CM_log10_tnequad": -9.994302588827825,
    "J0613-0200_band_noise_low_gamma": 0.00850646228622461,
    "J0613-0200_band_noise_low_log10_A": -19.992672562851823,
    "J0613-0200_basis_ecorr_10CM_log10_ecorr": -9.993918614795371,
    "J0613-0200_basis_ecorr_10CM_uwl_log10_ecorr": -9.994306478886708,
    "J0613-0200_basis_ecorr_20CM_log10_ecorr": -9.99315097798505,
    "J0613-0200_basis_ecorr_20CM_uwl_log10_ecorr": -9.993872083267208,
    "J0613-0200_basis_ecorr_40CM_log10_ecorr": -9.99525360120094,
    "J0613-0200_basis_ecorr_40CM_uwl_log10_ecorr": -9.992997630781007,
    "J0613-0200_basis_ecorr_all_dr2_log10_ecorr": -9.992082815495118,
    "J0613-0200_basis_ecorr_all_uwl_log10_ecorr": -9.980246208779475,
    "J0613-0200_chrom_gp_gamma": 1.8160897462442702,
    "J0613-0200_chrom_gp_log10_A": -17.30953259097001,
    "J0613-0200_dm1yr_log10_Amp": -6.838907141580775,
    "J0613-0200_dm1yr_phase": 1.9303755376744927,
    "J0613-0200_dm_gp_gamma": 1.349144471621753,
    "J0613-0200_dm_gp_log10_A": -14.434593951021638,
    "J0613-0200_gp_sw_gamma": -3.97775575244547,
    "J0613-0200_gp_sw_log10_A": -9.994710967140128,
    "J0613-0200_red_noise_gamma": 2.960385906314654,
    "J0613-0200_red_noise_log10_A": -16.423260148337487,
    "n_earth": 0.0009892684256334375,
    "nmodel": -0.49847782138805896
}