{
    "J0614-3329_UWL_sbA_efac": 1.0515158914808445,
    "J0614-3329_UWL_sbA_log10_tnequad": -5.680198085100895,
    "J0614-3329_UWL_sbB_efac": 1.2334873745932473,
    "J0614-3329_UWL_sbB_log10_tnequad": -5.879793365941596,
    "J0614-3329_UWL_sbC_efac": 1.4329432483919105,
    "J0614-3329_UWL_sbC_log10_tnequad": -5.733210381219891,
    "J0614-3329_UWL_sbD_efac": 1.2528132696831709,
    "J0614-3329_UWL_sbD_log10_tnequad": -5.971330081561937,
    "J0614-3329_UWL_sbE_efac": 1.2663862245436184,
    "J0614-3329_UWL_sbE_log10_tnequad": -5.781202680231447,
    "J0614-3329_UWL_sbF_efac": 1.2740921121719826,
    "J0614-3329_UWL_sbF_log10_tnequad": -5.9432256595539865,
    "J0614-3329_UWL_sbG_efac": 1.7107833059916806,
    "J0614-3329_UWL_sbG_log10_tnequad": -5.669344157256677,
    "J0614-3329_UWL_sbH_efac": 1.6654504464007258,
    "J0614-3329_UWL_sbH_log10_tnequad": -5.5870166740220295,
    "J0614-3329_basis_ecorr_10CM_uwl_log10_ecorr": -5.851532840821894,
    "J0614-3329_basis_ecorr_20CM_uwl_log10_ecorr": -6.136186909254597,
    "J0614-3329_basis_ecorr_40CM_uwl_log10_ecorr": -5.948962432809586,
    "J0614-3329_basis_ecorr_all_uwl_log10_ecorr": -5.956522377163772,
    "J0614-3329_dm_gp_gamma": 6.994722485932634,
    "J0614-3329_dm_gp_log10_A": -12.75580358217003,
    "J0614-3329_gp_sw_gamma": 3.9910779067009674,
    "J0614-3329_gp_sw_log10_A": -5.116716548471049,
    "J0614-3329_red_noise_gamma": 6.987925809358506,
    "J0614-3329_red_noise_log10_A": -12.042401220375739,
    "n_earth": 19.974613535426656,
    "nmodel": 0.49849594900703886
}