{
    "J0614-3329_UWL_sbA_efac": 1.0577998413700562,
    "J0614-3329_UWL_sbA_log10_tnequad": -5.668786736871201,
    "J0614-3329_UWL_sbB_efac": 1.2348863481339862,
    "J0614-3329_UWL_sbB_log10_tnequad": -5.873031665879455,
    "J0614-3329_UWL_sbC_efac": 1.43812029628456,
    "J0614-3329_UWL_sbC_log10_tnequad": -5.7338246269070225,
    "J0614-3329_UWL_sbD_efac": 1.2527863812584958,
    "J0614-3329_UWL_sbD_log10_tnequad": -5.97364495399512,
    "J0614-3329_UWL_sbE_efac": 1.2589580467313832,
    "J0614-3329_UWL_sbE_log10_tnequad": -5.790961173244281,
    "J0614-3329_UWL_sbF_efac": 1.2708105412328368,
    "J0614-3329_UWL_sbF_log10_tnequad": -5.9422934865362445,
    "J0614-3329_UWL_sbG_efac": 1.7177530851088896,
    "J0614-3329_UWL_sbG_log10_tnequad": -5.673328519888281,
    "J0614-3329_UWL_sbH_efac": 1.6581606579104937,
    "J0614-3329_UWL_sbH_log10_tnequad": -5.574005084675444,
    "J0614-3329_basis_ecorr_10CM_uwl_log10_ecorr": -5.847299977921261,
    "J0614-3329_basis_ecorr_20CM_uwl_log10_ecorr": -6.143520616889595,
    "J0614-3329_basis_ecorr_40CM_uwl_log10_ecorr": -5.955947242213558,
    "J0614-3329_basis_ecorr_all_uwl_log10_ecorr": -5.957756056628655,
    "J0614-3329_dm_gp_gamma": 6.994997538735362,
    "J0614-3329_dm_gp_log10_A": -12.738077827061838,
    "J0614-3329_red_noise_gamma": 6.988157977620326,
    "J0614-3329_red_noise_log10_A": -12.055751364915961,
    "nmodel": 0.4984863702141567
}