{
    "J0711-6830_CASPSR_40CM_efac": 1.349277858286395,
    "J0711-6830_CASPSR_40CM_log10_tnequad": -5.99241501673128,
    "J0711-6830_CPSR2_20CM_efac": 1.7547758453863298,
    "J0711-6830_CPSR2_20CM_log10_tnequad": -5.3324086396426225,
    "J0711-6830_CPSR2_50CM_efac": 1.2683943619089586,
    "J0711-6830_CPSR2_50CM_log10_tnequad": -5.848046936085509,
    "J0711-6830_PDFB1_20CM_efac": 1.988250054389013,
    "J0711-6830_PDFB1_20CM_log10_tnequad": -6.230079929832948,
    "J0711-6830_PDFB1_early_20CM_efac": 2.504505529684089,
    "J0711-6830_PDFB1_early_20CM_log10_tnequad": -5.386701640089278,
    "J0711-6830_PDFB_10CM_efac": 1.1633262617804365,
    "J0711-6830_PDFB_10CM_log10_tnequad": -5.646268358465564,
    "J0711-6830_PDFB_20CM_efac": 1.1166122476146974,
    "J0711-6830_PDFB_20CM_log10_tnequad": -6.598717009351271,
    "J0711-6830_PDFB_40CM_efac": 1.2276715060117764,
    "J0711-6830_PDFB_40CM_log10_tnequad": -5.975325602476354,
    "J0711-6830_UWL_CASPSR_40CM_efac": 2.374714890121654,
    "J0711-6830_UWL_CASPSR_40CM_log10_tnequad": -5.515098882280895,
    "J0711-6830_UWL_PDFB4_20CM_efac": 1.8370876465287747,
    "J0711-6830_UWL_PDFB4_20CM_log10_tnequad": -6.365654198405838,
    "J0711-6830_UWL_sbA_efac": 1.4362230883803644,
    "J0711-6830_UWL_sbA_log10_tnequad": -6.024831618593811,
    "J0711-6830_UWL_sbB_efac": 1.40155999877562,
    "J0711-6830_UWL_sbB_log10_tnequad": -6.051403995968126,
    "J0711-6830_UWL_sbC_efac": 1.3451373357447043,
    "J0711-6830_UWL_sbC_log10_tnequad": -6.1528742690976745,
    "J0711-6830_UWL_sbD_efac": 1.266754036318131,
    "J0711-6830_UWL_sbD_log10_tnequad": -6.530588651674464,
    "J0711-6830_UWL_sbE_efac": 1.1974394946238112,
    "J0711-6830_UWL_sbE_log10_tnequad": -6.285715040675767,
    "J0711-6830_UWL_sbF_efac": 1.155337633397479,
    "J0711-6830_UWL_sbF_log10_tnequad": -6.2736561932044985,
    "J0711-6830_UWL_sbG_efac": 1.2539767850923191,
    "J0711-6830_UWL_sbG_log10_tnequad": -5.823104385752876,
    "J0711-6830_UWL_sbH_efac": 1.8960135708089592,
    "J0711-6830_UWL_sbH_log10_tnequad": -5.65147695483734,
    "J0711-6830_WBCORR_10CM_efac": 3.2560344145974445,
    "J0711-6830_WBCORR_10CM_log10_tnequad": -5.179976942918268,
    "J0711-6830_basis_ecorr_10CM_log10_ecorr": -5.787779383138278,
    "J0711-6830_basis_ecorr_10CM_uwl_log10_ecorr": -6.0524056637281864,
    "J0711-6830_basis_ecorr_20CM_log10_ecorr": -6.321056191305753,
    "J0711-6830_basis_ecorr_20CM_uwl_log10_ecorr": -6.426057935988841,
    "J0711-6830_basis_ecorr_40CM_log10_ecorr": -6.206432261779797,
    "J0711-6830_basis_ecorr_40CM_uwl_log10_ecorr": -6.178581527782431,
    "J0711-6830_basis_ecorr_all_dr2_log10_ecorr": -6.365096311520187,
    "J0711-6830_basis_ecorr_all_uwl_log10_ecorr": -6.379575370829379,
    "J0711-6830_dm_gp_gamma": 6.989982751634736,
    "J0711-6830_dm_gp_log10_A": -13.216607723982598,
    "J0711-6830_gp_sw_gamma": 3.9864304411728497,
    "J0711-6830_gp_sw_log10_A": -5.530244838317781,
    "J0711-6830_red_noise_gamma": 5.678013902654419,
    "J0711-6830_red_noise_log10_A": -12.832906904949839,
    "n_earth": 19.963971113346396,
    "nmodel": 0.49851176243488754
}