{
    "J0711-6830_CASPSR_40CM_efac": 1.2825478538139452,
    "J0711-6830_CASPSR_40CM_log10_tnequad": -5.9624898300871365,
    "J0711-6830_CPSR2_20CM_efac": 1.4661971503191413,
    "J0711-6830_CPSR2_20CM_log10_tnequad": -5.768581826377627,
    "J0711-6830_CPSR2_50CM_efac": 1.253544276013173,
    "J0711-6830_CPSR2_50CM_log10_tnequad": -5.805593489694757,
    "J0711-6830_PDFB1_20CM_efac": 1.3942123076944166,
    "J0711-6830_PDFB1_20CM_log10_tnequad": -6.302029937367267,
    "J0711-6830_PDFB1_early_20CM_efac": 1.463925058900343,
    "J0711-6830_PDFB1_early_20CM_log10_tnequad": -5.712427577795831,
    "J0711-6830_PDFB_10CM_efac": 1.157147562312875,
    "J0711-6830_PDFB_10CM_log10_tnequad": -5.713481293155007,
    "J0711-6830_PDFB_20CM_efac": 1.1123306092921024,
    "J0711-6830_PDFB_20CM_log10_tnequad": -6.580728462071778,
    "J0711-6830_PDFB_40CM_efac": 1.2081389699043552,
    "J0711-6830_PDFB_40CM_log10_tnequad": -6.004565985320327,
    "J0711-6830_UWL_CASPSR_40CM_efac": 1.7161869109316676,
    "J0711-6830_UWL_CASPSR_40CM_log10_tnequad": -5.466252354211086,
    "J0711-6830_UWL_PDFB4_20CM_efac": 1.3938758923461085,
    "J0711-6830_UWL_PDFB4_20CM_log10_tnequad": -6.324085268716929,
    "J0711-6830_UWL_sbA_efac": 1.440242806303792,
    "J0711-6830_UWL_sbA_log10_tnequad": -6.001960376310001,
    "J0711-6830_UWL_sbB_efac": 1.34610140864029,
    "J0711-6830_UWL_sbB_log10_tnequad": -6.022904144396184,
    "J0711-6830_UWL_sbC_efac": 1.2572219380285254,
    "J0711-6830_UWL_sbC_log10_tnequad": -6.165775165742729,
    "J0711-6830_UWL_sbD_efac": 1.2525262620904631,
    "J0711-6830_UWL_sbD_log10_tnequad": -6.596195410396096,
    "J0711-6830_UWL_sbE_efac": 1.1901562510977708,
    "J0711-6830_UWL_sbE_log10_tnequad": -6.330829920793733,
    "J0711-6830_UWL_sbF_efac": 1.1670158497289627,
    "J0711-6830_UWL_sbF_log10_tnequad": -6.325899556166825,
    "J0711-6830_UWL_sbG_efac": 1.2140242109066754,
    "J0711-6830_UWL_sbG_log10_tnequad": -5.929457573645959,
    "J0711-6830_UWL_sbH_efac": 1.2186237201915073,
    "J0711-6830_UWL_sbH_log10_tnequad": -5.684767727030241,
    "J0711-6830_WBCORR_10CM_efac": 1.4573089249865312,
    "J0711-6830_WBCORR_10CM_log10_tnequad": -5.21803058587632,
    "J0711-6830_basis_ecorr_10CM_log10_ecorr": -5.791098758099921,
    "J0711-6830_basis_ecorr_10CM_uwl_log10_ecorr": -6.034608594322431,
    "J0711-6830_basis_ecorr_20CM_log10_ecorr": -6.330647562997652,
    "J0711-6830_basis_ecorr_20CM_uwl_log10_ecorr": -6.444198260306362,
    "J0711-6830_basis_ecorr_40CM_log10_ecorr": -6.202082380547222,
    "J0711-6830_basis_ecorr_40CM_uwl_log10_ecorr": -6.182676939786793,
    "J0711-6830_basis_ecorr_all_dr2_log10_ecorr": -6.35129158451835,
    "J0711-6830_basis_ecorr_all_uwl_log10_ecorr": -6.396748738644631,
    "J0711-6830_dm_gp_gamma": 6.988252046566596,
    "J0711-6830_dm_gp_log10_A": -13.227346185021442,
    "J0711-6830_gp_sw_gamma": 3.98565370038513,
    "J0711-6830_gp_sw_log10_A": -5.529692458135682,
    "J0711-6830_red_noise_gamma": 5.46162368461328,
    "J0711-6830_red_noise_log10_A": -12.833407939363223,
    "n_earth": 19.971547470107758,
    "nmodel": 0.4983780507708239
}