{
    "J0711-6830_CASPSR_40CM_efac": 1.2968058930471,
    "J0711-6830_CASPSR_40CM_log10_tnequad": -5.9660447021573075,
    "J0711-6830_CPSR2_20CM_efac": 1.490217429914608,
    "J0711-6830_CPSR2_20CM_log10_tnequad": -5.789868238463201,
    "J0711-6830_CPSR2_50CM_efac": 1.2709806041843492,
    "J0711-6830_CPSR2_50CM_log10_tnequad": -5.805270964736952,
    "J0711-6830_PDFB1_20CM_efac": 1.3842817338458233,
    "J0711-6830_PDFB1_20CM_log10_tnequad": -6.303039910518515,
    "J0711-6830_PDFB1_early_20CM_efac": 1.462280752827063,
    "J0711-6830_PDFB1_early_20CM_log10_tnequad": -5.741234473997046,
    "J0711-6830_PDFB_10CM_efac": 1.1519859773311334,
    "J0711-6830_PDFB_10CM_log10_tnequad": -5.726685117795725,
    "J0711-6830_PDFB_20CM_efac": 1.1125483320555927,
    "J0711-6830_PDFB_20CM_log10_tnequad": -6.5859887727409,
    "J0711-6830_PDFB_40CM_efac": 1.2158909949475125,
    "J0711-6830_PDFB_40CM_log10_tnequad": -6.0027061649801485,
    "J0711-6830_UWL_CASPSR_40CM_efac": 1.7720370759429414,
    "J0711-6830_UWL_CASPSR_40CM_log10_tnequad": -5.47150815530945,
    "J0711-6830_UWL_PDFB4_20CM_efac": 1.4046411246546788,
    "J0711-6830_UWL_PDFB4_20CM_log10_tnequad": -6.340953422434545,
    "J0711-6830_UWL_sbA_efac": 1.4597530879894614,
    "J0711-6830_UWL_sbA_log10_tnequad": -6.014456378218906,
    "J0711-6830_UWL_sbB_efac": 1.3538975723824793,
    "J0711-6830_UWL_sbB_log10_tnequad": -6.050216596237853,
    "J0711-6830_UWL_sbC_efac": 1.249044321651812,
    "J0711-6830_UWL_sbC_log10_tnequad": -6.122633056630987,
    "J0711-6830_UWL_sbD_efac": 1.251492386322201,
    "J0711-6830_UWL_sbD_log10_tnequad": -6.568693554104965,
    "J0711-6830_UWL_sbE_efac": 1.1936520184556718,
    "J0711-6830_UWL_sbE_log10_tnequad": -6.297722436555086,
    "J0711-6830_UWL_sbF_efac": 1.1643140149696343,
    "J0711-6830_UWL_sbF_log10_tnequad": -6.3143663583930705,
    "J0711-6830_UWL_sbG_efac": 1.2096745441635177,
    "J0711-6830_UWL_sbG_log10_tnequad": -5.929667615818891,
    "J0711-6830_UWL_sbH_efac": 1.2286044276218013,
    "J0711-6830_UWL_sbH_log10_tnequad": -5.679863124013713,
    "J0711-6830_WBCORR_10CM_efac": 1.5060973899695016,
    "J0711-6830_WBCORR_10CM_log10_tnequad": -5.223952034698236,
    "J0711-6830_basis_ecorr_10CM_log10_ecorr": -5.783950883905844,
    "J0711-6830_basis_ecorr_10CM_uwl_log10_ecorr": -6.038463327000875,
    "J0711-6830_basis_ecorr_20CM_log10_ecorr": -6.3241109543093526,
    "J0711-6830_basis_ecorr_20CM_uwl_log10_ecorr": -6.446400312038551,
    "J0711-6830_basis_ecorr_40CM_log10_ecorr": -6.19589032029112,
    "J0711-6830_basis_ecorr_40CM_uwl_log10_ecorr": -6.1743023889751445,
    "J0711-6830_basis_ecorr_all_dr2_log10_ecorr": -6.357927287769266,
    "J0711-6830_basis_ecorr_all_uwl_log10_ecorr": -6.389158965614903,
    "J0711-6830_dm_gp_gamma": 6.980838463007263,
    "J0711-6830_dm_gp_log10_A": -13.216305770504706,
    "J0711-6830_red_noise_gamma": 5.67233977149887,
    "J0711-6830_red_noise_log10_A": -12.833505294121254,
    "nmodel": 0.49852584286147816
}