{
    "J0711-6830_CASPSR_40CM_efac": 0.9526098733772062,
    "J0711-6830_CASPSR_40CM_log10_tnequad": -9.99396485731282,
    "J0711-6830_CPSR2_20CM_efac": 1.0480179800640241,
    "J0711-6830_CPSR2_20CM_log10_tnequad": -9.993698764377774,
    "J0711-6830_CPSR2_50CM_efac": 0.9369863742973089,
    "J0711-6830_CPSR2_50CM_log10_tnequad": -9.994703670504848,
    "J0711-6830_PDFB1_20CM_efac": 0.9304885550575358,
    "J0711-6830_PDFB1_20CM_log10_tnequad": -9.995068966451246,
    "J0711-6830_PDFB1_early_20CM_efac": 0.7776653086796971,
    "J0711-6830_PDFB1_early_20CM_log10_tnequad": -9.994978513384904,
    "J0711-6830_PDFB_10CM_efac": 0.9265649315965923,
    "J0711-6830_PDFB_10CM_log10_tnequad": -9.993497357163239,
    "J0711-6830_PDFB_20CM_efac": 0.9723303580339764,
    "J0711-6830_PDFB_20CM_log10_tnequad": -9.994567798965694,
    "J0711-6830_PDFB_40CM_efac": 0.9745537054097548,
    "J0711-6830_PDFB_40CM_log10_tnequad": -9.993458463569805,
    "J0711-6830_UWL_CASPSR_40CM_efac": 0.852205311584695,
    "J0711-6830_UWL_CASPSR_40CM_log10_tnequad": -9.992503909704826,
    "J0711-6830_UWL_PDFB4_20CM_efac": 0.9818095100426693,
    "J0711-6830_UWL_PDFB4_20CM_log10_tnequad": -9.995082103744924,
    "J0711-6830_UWL_sbA_efac": 1.0899362108265567,
    "J0711-6830_UWL_sbA_log10_tnequad": -9.993866377014802,
    "J0711-6830_UWL_sbB_efac": 1.0759551883111287,
    "J0711-6830_UWL_sbB_log10_tnequad": -9.993079240802196,
    "J0711-6830_UWL_sbC_efac": 0.9904221436264291,
    "J0711-6830_UWL_sbC_log10_tnequad": -9.994619791810429,
    "J0711-6830_UWL_sbD_efac": 1.0248831812112116,
    "J0711-6830_UWL_sbD_log10_tnequad": -9.994808612166107,
    "J0711-6830_UWL_sbE_efac": 0.9101886111404143,
    "J0711-6830_UWL_sbE_log10_tnequad": -9.994775905070005,
    "J0711-6830_UWL_sbF_efac": 0.9372926908926099,
    "J0711-6830_UWL_sbF_log10_tnequad": -9.994796781747327,
    "J0711-6830_UWL_sbG_efac": 0.9004070431709601,
    "J0711-6830_UWL_sbG_log10_tnequad": -9.993608248169677,
    "J0711-6830_UWL_sbH_efac": 0.8654528111910925,
    "J0711-6830_UWL_sbH_log10_tnequad": -9.99102555317176,
    "J0711-6830_WBCORR_10CM_efac": 0.12109031176442853,
    "J0711-6830_WBCORR_10CM_log10_tnequad": -9.99020352509802,
    "J0711-6830_basis_ecorr_10CM_log10_ecorr": -9.99422048330412,
    "J0711-6830_basis_ecorr_10CM_uwl_log10_ecorr": -9.99371185923455,
    "J0711-6830_basis_ecorr_20CM_log10_ecorr": -9.99012190460171,
    "J0711-6830_basis_ecorr_20CM_uwl_log10_ecorr": -9.993256519456741,
    "J0711-6830_basis_ecorr_40CM_log10_ecorr": -9.993959159827323,
    "J0711-6830_basis_ecorr_40CM_uwl_log10_ecorr": -9.993215797942906,
    "J0711-6830_basis_ecorr_all_dr2_log10_ecorr": -9.99185592295595,
    "J0711-6830_basis_ecorr_all_uwl_log10_ecorr": -9.987222727922823,
    "J0711-6830_dm_gp_gamma": 1.415520571505118,
    "J0711-6830_dm_gp_log10_A": -16.521196976959594,
    "J0711-6830_red_noise_gamma": 0.009879108661814517,
    "J0711-6830_red_noise_log10_A": -18.90025372179975,
    "nmodel": -0.49849359438912166
}