{
    "J0711-6830_CASPSR_40CM_efac": 0.9692390183911731,
    "J0711-6830_CASPSR_40CM_log10_tnequad": -9.993756378961368,
    "J0711-6830_CPSR2_20CM_efac": 0.5625437435629331,
    "J0711-6830_CPSR2_20CM_log10_tnequad": -9.995717541295203,
    "J0711-6830_CPSR2_50CM_efac": 0.926013310732855,
    "J0711-6830_CPSR2_50CM_log10_tnequad": -9.99577760571221,
    "J0711-6830_PDFB1_20CM_efac": 0.8559128513256407,
    "J0711-6830_PDFB1_20CM_log10_tnequad": -9.996222499139483,
    "J0711-6830_PDFB1_early_20CM_efac": 0.47267906152258843,
    "J0711-6830_PDFB1_early_20CM_log10_tnequad": -9.994161806096693,
    "J0711-6830_PDFB_10CM_efac": 0.8531056529700283,
    "J0711-6830_PDFB_10CM_log10_tnequad": -9.992877645649244,
    "J0711-6830_PDFB_20CM_efac": 0.9722086263950085,
    "J0711-6830_PDFB_20CM_log10_tnequad": -9.99350142010251,
    "J0711-6830_PDFB_40CM_efac": 0.9592332038936937,
    "J0711-6830_PDFB_40CM_log10_tnequad": -9.993708937586645,
    "J0711-6830_UWL_CASPSR_40CM_efac": 0.9061411221086259,
    "J0711-6830_UWL_CASPSR_40CM_log10_tnequad": -9.990768543489091,
    "J0711-6830_UWL_PDFB4_20CM_efac": 0.9687096107873641,
    "J0711-6830_UWL_PDFB4_20CM_log10_tnequad": -9.99627151250347,
    "J0711-6830_UWL_sbA_efac": 1.0843008174245585,
    "J0711-6830_UWL_sbA_log10_tnequad": -9.989844198054271,
    "J0711-6830_UWL_sbB_efac": 1.0907610732584183,
    "J0711-6830_UWL_sbB_log10_tnequad": -9.995570182806592,
    "J0711-6830_UWL_sbC_efac": 0.9932562037314567,
    "J0711-6830_UWL_sbC_log10_tnequad": -9.99634989198752,
    "J0711-6830_UWL_sbD_efac": 1.0166845562842102,
    "J0711-6830_UWL_sbD_log10_tnequad": -9.993953520651075,
    "J0711-6830_UWL_sbE_efac": 0.8815430147989436,
    "J0711-6830_UWL_sbE_log10_tnequad": -9.991033162431126,
    "J0711-6830_UWL_sbF_efac": 0.9305198179452393,
    "J0711-6830_UWL_sbF_log10_tnequad": -9.990225859777118,
    "J0711-6830_UWL_sbG_efac": 0.868610790490118,
    "J0711-6830_UWL_sbG_log10_tnequad": -9.994597324304983,
    "J0711-6830_UWL_sbH_efac": 0.8595350946660392,
    "J0711-6830_UWL_sbH_log10_tnequad": -9.985187123517477,
    "J0711-6830_WBCORR_10CM_efac": 0.023491266530546676,
    "J0711-6830_WBCORR_10CM_log10_tnequad": -9.993616340480989,
    "J0711-6830_basis_ecorr_10CM_log10_ecorr": -9.995877937489215,
    "J0711-6830_basis_ecorr_10CM_uwl_log10_ecorr": -9.995716368027013,
    "J0711-6830_basis_ecorr_20CM_log10_ecorr": -9.988161851064739,
    "J0711-6830_basis_ecorr_20CM_uwl_log10_ecorr": -9.994551900047668,
    "J0711-6830_basis_ecorr_40CM_log10_ecorr": -9.992756374234112,
    "J0711-6830_basis_ecorr_40CM_uwl_log10_ecorr": -9.994624930504715,
    "J0711-6830_basis_ecorr_all_dr2_log10_ecorr": -9.991742956079033,
    "J0711-6830_basis_ecorr_all_uwl_log10_ecorr": -9.980413323619365,
    "J0711-6830_dm_gp_gamma": 0.060060965376920884,
    "J0711-6830_dm_gp_log10_A": -19.921483112302596,
    "J0711-6830_gp_sw_gamma": -3.9758835037937232,
    "J0711-6830_gp_sw_log10_A": -9.992777677382467,
    "J0711-6830_red_noise_gamma": 0.009756747931223109,
    "J0711-6830_red_noise_log10_A": -18.80016341965052,
    "n_earth": 0.024415267526340045,
    "nmodel": -0.49845769079294877
}