{
    "J0711-6830_CASPSR_40CM_efac": 0.9514291419477974,
    "J0711-6830_CASPSR_40CM_log10_tnequad": -9.993728898316478,
    "J0711-6830_CPSR2_20CM_efac": 1.0367166155736522,
    "J0711-6830_CPSR2_20CM_log10_tnequad": -9.995736031669939,
    "J0711-6830_CPSR2_50CM_efac": 0.9416179085077299,
    "J0711-6830_CPSR2_50CM_log10_tnequad": -9.992971098629468,
    "J0711-6830_PDFB1_20CM_efac": 0.9360971952178797,
    "J0711-6830_PDFB1_20CM_log10_tnequad": -9.993553519911071,
    "J0711-6830_PDFB1_early_20CM_efac": 0.7867471159464966,
    "J0711-6830_PDFB1_early_20CM_log10_tnequad": -9.991355876499195,
    "J0711-6830_PDFB_10CM_efac": 0.9222826032399581,
    "J0711-6830_PDFB_10CM_log10_tnequad": -9.99281899913422,
    "J0711-6830_PDFB_20CM_efac": 0.9771493544421046,
    "J0711-6830_PDFB_20CM_log10_tnequad": -9.994874061849638,
    "J0711-6830_PDFB_40CM_efac": 0.9685937428634621,
    "J0711-6830_PDFB_40CM_log10_tnequad": -9.994040891968579,
    "J0711-6830_UWL_CASPSR_40CM_efac": 0.8333057084079775,
    "J0711-6830_UWL_CASPSR_40CM_log10_tnequad": -9.99168242618587,
    "J0711-6830_UWL_PDFB4_20CM_efac": 0.9827523604532106,
    "J0711-6830_UWL_PDFB4_20CM_log10_tnequad": -9.993351072898,
    "J0711-6830_UWL_sbA_efac": 1.0895395701673236,
    "J0711-6830_UWL_sbA_log10_tnequad": -9.99365577540896,
    "J0711-6830_UWL_sbB_efac": 1.0727179023474567,
    "J0711-6830_UWL_sbB_log10_tnequad": -9.992916484251852,
    "J0711-6830_UWL_sbC_efac": 0.9922983935004733,
    "J0711-6830_UWL_sbC_log10_tnequad": -9.992401913055039,
    "J0711-6830_UWL_sbD_efac": 1.0245375001714216,
    "J0711-6830_UWL_sbD_log10_tnequad": -9.994179557799537,
    "J0711-6830_UWL_sbE_efac": 0.91213102194557,
    "J0711-6830_UWL_sbE_log10_tnequad": -9.994761150652993,
    "J0711-6830_UWL_sbF_efac": 0.9403423676496011,
    "J0711-6830_UWL_sbF_log10_tnequad": -9.994885433483244,
    "J0711-6830_UWL_sbG_efac": 0.9043943439618217,
    "J0711-6830_UWL_sbG_log10_tnequad": -9.994501629693636,
    "J0711-6830_UWL_sbH_efac": 0.8739200216009302,
    "J0711-6830_UWL_sbH_log10_tnequad": -9.988056849304442,
    "J0711-6830_WBCORR_10CM_efac": 0.07181127835906376,
    "J0711-6830_WBCORR_10CM_log10_tnequad": -9.99435120454999,
    "J0711-6830_basis_ecorr_10CM_log10_ecorr": -9.992455116261043,
    "J0711-6830_basis_ecorr_10CM_uwl_log10_ecorr": -9.995256533849345,
    "J0711-6830_basis_ecorr_20CM_log10_ecorr": -9.991378777847528,
    "J0711-6830_basis_ecorr_20CM_uwl_log10_ecorr": -9.992710961203002,
    "J0711-6830_basis_ecorr_40CM_log10_ecorr": -9.996060832487824,
    "J0711-6830_basis_ecorr_40CM_uwl_log10_ecorr": -9.994111378320321,
    "J0711-6830_basis_ecorr_all_dr2_log10_ecorr": -9.993017382185405,
    "J0711-6830_basis_ecorr_all_uwl_log10_ecorr": -9.987459176962565,
    "J0711-6830_dm_gp_gamma": 0.049627901394289076,
    "J0711-6830_dm_gp_log10_A": -19.936933768859316,
    "J0711-6830_gp_sw_gamma": -3.974227738115312,
    "J0711-6830_gp_sw_log10_A": -9.99223542538704,
    "J0711-6830_red_noise_gamma": 0.011608787309290824,
    "J0711-6830_red_noise_log10_A": -18.725021607022324,
    "n_earth": 0.029904153052898508,
    "nmodel": -0.49851803032316755
}