{
    "J0900-3144_UWL_sbA_efac": 1.4046247910974132,
    "J0900-3144_UWL_sbA_log10_tnequad": -5.3125748448513885,
    "J0900-3144_UWL_sbB_efac": 1.2443686454336313,
    "J0900-3144_UWL_sbB_log10_tnequad": -5.537613357014526,
    "J0900-3144_UWL_sbC_efac": 1.1403102652164068,
    "J0900-3144_UWL_sbC_log10_tnequad": -5.533439362228335,
    "J0900-3144_UWL_sbD_efac": 1.347562919964278,
    "J0900-3144_UWL_sbD_log10_tnequad": -5.872298992342312,
    "J0900-3144_UWL_sbE_efac": 1.1685381361008171,
    "J0900-3144_UWL_sbE_log10_tnequad": -5.766612237058617,
    "J0900-3144_UWL_sbF_efac": 1.2056200256057361,
    "J0900-3144_UWL_sbF_log10_tnequad": -5.78607238530564,
    "J0900-3144_UWL_sbG_efac": 1.2038712800594236,
    "J0900-3144_UWL_sbG_log10_tnequad": -5.539127886254813,
    "J0900-3144_UWL_sbH_efac": 1.2050949723349966,
    "J0900-3144_UWL_sbH_log10_tnequad": -5.391514200290263,
    "J0900-3144_basis_ecorr_10CM_uwl_log10_ecorr": -5.573697953655335,
    "J0900-3144_basis_ecorr_20CM_uwl_log10_ecorr": -5.673293188720227,
    "J0900-3144_basis_ecorr_40CM_uwl_log10_ecorr": -5.497115996188291,
    "J0900-3144_basis_ecorr_all_uwl_log10_ecorr": -5.772872433313864,
    "J0900-3144_dm_gp_gamma": 6.94545771719958,
    "J0900-3144_dm_gp_log10_A": -12.174121551766106,
    "J0900-3144_gp_sw_gamma": 3.9778831107647563,
    "J0900-3144_gp_sw_log10_A": -4.5323425376496616,
    "J0900-3144_red_noise_gamma": 6.988264837785465,
    "J0900-3144_red_noise_log10_A": -12.214884720799157,
    "n_earth": 19.95559953981838,
    "nmodel": 0.4985290087856771
}