{
    "J0900-3144_UWL_sbA_efac": 0.9885031425258395,
    "J0900-3144_UWL_sbA_log10_tnequad": -9.99311577377752,
    "J0900-3144_UWL_sbB_efac": 0.86135995632324,
    "J0900-3144_UWL_sbB_log10_tnequad": -9.99376316626461,
    "J0900-3144_UWL_sbC_efac": 0.7858813502547102,
    "J0900-3144_UWL_sbC_log10_tnequad": -9.99317589531082,
    "J0900-3144_UWL_sbD_efac": 0.9600550303922473,
    "J0900-3144_UWL_sbD_log10_tnequad": -9.994460646667273,
    "J0900-3144_UWL_sbE_efac": 0.822033196977835,
    "J0900-3144_UWL_sbE_log10_tnequad": -9.993184311919654,
    "J0900-3144_UWL_sbF_efac": 0.8777398896158405,
    "J0900-3144_UWL_sbF_log10_tnequad": -9.99381638246523,
    "J0900-3144_UWL_sbG_efac": 0.8103646027579101,
    "J0900-3144_UWL_sbG_log10_tnequad": -9.99365303933578,
    "J0900-3144_UWL_sbH_efac": 0.6650270165154196,
    "J0900-3144_UWL_sbH_log10_tnequad": -9.992329272489583,
    "J0900-3144_basis_ecorr_10CM_uwl_log10_ecorr": -9.987417595588216,
    "J0900-3144_basis_ecorr_20CM_uwl_log10_ecorr": -9.970337577538544,
    "J0900-3144_basis_ecorr_40CM_uwl_log10_ecorr": -9.983766391661684,
    "J0900-3144_basis_ecorr_all_uwl_log10_ecorr": -9.974779987392264,
    "J0900-3144_dm_gp_gamma": 0.13537470092797185,
    "J0900-3144_dm_gp_log10_A": -13.443713235144061,
    "J0900-3144_red_noise_gamma": 0.009879097067130083,
    "J0900-3144_red_noise_log10_A": -19.989169023882113,
    "nmodel": -0.4985442873924857
}