{
    "J0900-3144_UWL_sbA_efac": 0.9891812259212518,
    "J0900-3144_UWL_sbA_log10_tnequad": -9.992386640324206,
    "J0900-3144_UWL_sbB_efac": 0.8572857081723158,
    "J0900-3144_UWL_sbB_log10_tnequad": -9.992905004664351,
    "J0900-3144_UWL_sbC_efac": 0.7866171023973396,
    "J0900-3144_UWL_sbC_log10_tnequad": -9.992421219086665,
    "J0900-3144_UWL_sbD_efac": 0.9566398774264837,
    "J0900-3144_UWL_sbD_log10_tnequad": -9.994113255121928,
    "J0900-3144_UWL_sbE_efac": 0.8299844695587422,
    "J0900-3144_UWL_sbE_log10_tnequad": -9.993030036762589,
    "J0900-3144_UWL_sbF_efac": 0.8676924348366205,
    "J0900-3144_UWL_sbF_log10_tnequad": -9.994631168960037,
    "J0900-3144_UWL_sbG_efac": 0.8059257949530497,
    "J0900-3144_UWL_sbG_log10_tnequad": -9.993795294320995,
    "J0900-3144_UWL_sbH_efac": 0.669212501724552,
    "J0900-3144_UWL_sbH_log10_tnequad": -9.991475956458437,
    "J0900-3144_basis_ecorr_10CM_uwl_log10_ecorr": -9.986890995454667,
    "J0900-3144_basis_ecorr_20CM_uwl_log10_ecorr": -9.969733465546437,
    "J0900-3144_basis_ecorr_40CM_uwl_log10_ecorr": -9.984735466834259,
    "J0900-3144_basis_ecorr_all_uwl_log10_ecorr": -9.97521462969185,
    "J0900-3144_dm_gp_gamma": 0.031066305059796694,
    "J0900-3144_dm_gp_log10_A": -19.955272503840515,
    "J0900-3144_gp_sw_gamma": -3.9748468180338024,
    "J0900-3144_gp_sw_log10_A": -9.990092428346134,
    "J0900-3144_red_noise_gamma": 0.00919137098714402,
    "J0900-3144_red_noise_log10_A": -19.98914113529231,
    "n_earth": 0.019803829450539025,
    "nmodel": -0.4984759628385925
}