{
    "J0900-3144_UWL_sbA_efac": 1.4040810183181964,
    "J0900-3144_UWL_sbA_log10_tnequad": -5.309295751531314,
    "J0900-3144_UWL_sbB_efac": 1.2408831450940325,
    "J0900-3144_UWL_sbB_log10_tnequad": -5.536583685889716,
    "J0900-3144_UWL_sbC_efac": 1.140482120896857,
    "J0900-3144_UWL_sbC_log10_tnequad": -5.5346835378456465,
    "J0900-3144_UWL_sbD_efac": 1.345907290605946,
    "J0900-3144_UWL_sbD_log10_tnequad": -5.863984572973046,
    "J0900-3144_UWL_sbE_efac": 1.1698213203644436,
    "J0900-3144_UWL_sbE_log10_tnequad": -5.776922024880849,
    "J0900-3144_UWL_sbF_efac": 1.2077488441980906,
    "J0900-3144_UWL_sbF_log10_tnequad": -5.783570284630858,
    "J0900-3144_UWL_sbG_efac": 1.2047693729872775,
    "J0900-3144_UWL_sbG_log10_tnequad": -5.540578237457261,
    "J0900-3144_UWL_sbH_efac": 1.2032168703333925,
    "J0900-3144_UWL_sbH_log10_tnequad": -5.3955561216960035,
    "J0900-3144_basis_ecorr_10CM_uwl_log10_ecorr": -5.573189041442772,
    "J0900-3144_basis_ecorr_20CM_uwl_log10_ecorr": -5.67172680186129,
    "J0900-3144_basis_ecorr_40CM_uwl_log10_ecorr": -5.4951860162553245,
    "J0900-3144_basis_ecorr_all_uwl_log10_ecorr": -5.773471067422508,
    "J0900-3144_dm_gp_gamma": 6.961274399773559,
    "J0900-3144_dm_gp_log10_A": -12.187289219397671,
    "J0900-3144_gp_sw_gamma": 3.986941108721437,
    "J0900-3144_gp_sw_log10_A": -4.505722694197867,
    "J0900-3144_red_noise_gamma": 6.988638496183639,
    "J0900-3144_red_noise_log10_A": -12.223831173643129,
    "n_earth": 19.95534342157216,
    "nmodel": 0.4985480116982113
}