{
    "J0900-3144_UWL_sbA_efac": 0.988969894180913,
    "J0900-3144_UWL_sbA_log10_tnequad": -9.99317222283282,
    "J0900-3144_UWL_sbB_efac": 0.8542865838798941,
    "J0900-3144_UWL_sbB_log10_tnequad": -9.992981323366584,
    "J0900-3144_UWL_sbC_efac": 0.7829591521682879,
    "J0900-3144_UWL_sbC_log10_tnequad": -9.993158432654882,
    "J0900-3144_UWL_sbD_efac": 0.9622960424409301,
    "J0900-3144_UWL_sbD_log10_tnequad": -9.993531835705548,
    "J0900-3144_UWL_sbE_efac": 0.8237579292812023,
    "J0900-3144_UWL_sbE_log10_tnequad": -9.99362262195814,
    "J0900-3144_UWL_sbF_efac": 0.8764530806138355,
    "J0900-3144_UWL_sbF_log10_tnequad": -9.993229813633931,
    "J0900-3144_UWL_sbG_efac": 0.808829261679498,
    "J0900-3144_UWL_sbG_log10_tnequad": -9.993861870495312,
    "J0900-3144_UWL_sbH_efac": 0.6553034020836553,
    "J0900-3144_UWL_sbH_log10_tnequad": -9.992493217075275,
    "J0900-3144_basis_ecorr_10CM_uwl_log10_ecorr": -9.986455988933923,
    "J0900-3144_basis_ecorr_20CM_uwl_log10_ecorr": -9.969095682728051,
    "J0900-3144_basis_ecorr_40CM_uwl_log10_ecorr": -9.981643487077386,
    "J0900-3144_basis_ecorr_all_uwl_log10_ecorr": -9.973906824030472,
    "J0900-3144_dm_gp_gamma": 0.04531345578649537,
    "J0900-3144_dm_gp_log10_A": -19.93668587688819,
    "J0900-3144_gp_sw_gamma": -3.9598343184800635,
    "J0900-3144_gp_sw_log10_A": -9.991657211741817,
    "J0900-3144_red_noise_gamma": 0.009886552275378959,
    "J0900-3144_red_noise_log10_A": -19.989242791268946,
    "n_earth": 0.02226944009318823,
    "nmodel": -0.4984626947085797
}