{
    "J0900-3144_UWL_sbA_efac": 1.4049918077930856,
    "J0900-3144_UWL_sbA_log10_tnequad": -5.309511107745248,
    "J0900-3144_UWL_sbB_efac": 1.2452692338613494,
    "J0900-3144_UWL_sbB_log10_tnequad": -5.5424719045104585,
    "J0900-3144_UWL_sbC_efac": 1.13814167040244,
    "J0900-3144_UWL_sbC_log10_tnequad": -5.5335727763891525,
    "J0900-3144_UWL_sbD_efac": 1.3473239530730567,
    "J0900-3144_UWL_sbD_log10_tnequad": -5.873820449280674,
    "J0900-3144_UWL_sbE_efac": 1.1677265992338766,
    "J0900-3144_UWL_sbE_log10_tnequad": -5.768077616288777,
    "J0900-3144_UWL_sbF_efac": 1.2054016494264772,
    "J0900-3144_UWL_sbF_log10_tnequad": -5.7813006479794495,
    "J0900-3144_UWL_sbG_efac": 1.1973729622961087,
    "J0900-3144_UWL_sbG_log10_tnequad": -5.543960936209524,
    "J0900-3144_UWL_sbH_efac": 1.205433036009942,
    "J0900-3144_UWL_sbH_log10_tnequad": -5.3970143505587815,
    "J0900-3144_basis_ecorr_10CM_uwl_log10_ecorr": -5.571772208612036,
    "J0900-3144_basis_ecorr_20CM_uwl_log10_ecorr": -5.677869648356692,
    "J0900-3144_basis_ecorr_40CM_uwl_log10_ecorr": -5.4956226922286975,
    "J0900-3144_basis_ecorr_all_uwl_log10_ecorr": -5.773724044141022,
    "J0900-3144_dm_gp_gamma": 6.6164170690321455,
    "J0900-3144_dm_gp_log10_A": -12.1726157291623,
    "J0900-3144_red_noise_gamma": 6.9877066350435095,
    "J0900-3144_red_noise_log10_A": -12.20708910227306,
    "nmodel": 0.49849639606419405
}