{
    "J1017-7156_CASPSR_40CM_efac": 0.8674819994763285,
    "J1017-7156_CASPSR_40CM_log10_tnequad": -9.995282218556042,
    "J1017-7156_PDFB_10CM_efac": 0.8534973683292179,
    "J1017-7156_PDFB_10CM_log10_tnequad": -9.993668365399625,
    "J1017-7156_PDFB_20CM_efac": 0.9770462592858372,
    "J1017-7156_PDFB_20CM_log10_tnequad": -9.995122718857179,
    "J1017-7156_PDFB_40CM_efac": 0.6890268467729472,
    "J1017-7156_PDFB_40CM_log10_tnequad": -9.99620186007652,
    "J1017-7156_UWL_CASPSR_40CM_efac": 0.43894188247135274,
    "J1017-7156_UWL_CASPSR_40CM_log10_tnequad": -9.99337726241682,
    "J1017-7156_UWL_PDFB4_20CM_efac": 0.9573481429944154,
    "J1017-7156_UWL_PDFB4_20CM_log10_tnequad": -9.994252051082784,
    "J1017-7156_UWL_sbA_efac": 0.9886087021366591,
    "J1017-7156_UWL_sbA_log10_tnequad": -9.994725236344488,
    "J1017-7156_UWL_sbB_efac": 0.9599720436401735,
    "J1017-7156_UWL_sbB_log10_tnequad": -9.996086932674034,
    "J1017-7156_UWL_sbC_efac": 0.825933704151335,
    "J1017-7156_UWL_sbC_log10_tnequad": -9.98669492052917,
    "J1017-7156_UWL_sbD_efac": 0.8504780664692212,
    "J1017-7156_UWL_sbD_log10_tnequad": -9.949066551186867,
    "J1017-7156_UWL_sbE_efac": 0.8887756088535992,
    "J1017-7156_UWL_sbE_log10_tnequad": -9.993432824920305,
    "J1017-7156_UWL_sbF_efac": 0.898872339116089,
    "J1017-7156_UWL_sbF_log10_tnequad": -9.993150395350648,
    "J1017-7156_UWL_sbG_efac": 0.9431306741148286,
    "J1017-7156_UWL_sbG_log10_tnequad": -9.994449515426439,
    "J1017-7156_UWL_sbH_efac": 0.8540652721699095,
    "J1017-7156_UWL_sbH_log10_tnequad": -9.995633718863083,
    "J1017-7156_band_noise_low_gamma": 0.008216017203459991,
    "J1017-7156_band_noise_low_log10_A": -19.990350840930738,
    "J1017-7156_basis_ecorr_10CM_log10_ecorr": -9.995145308422346,
    "J1017-7156_basis_ecorr_10CM_uwl_log10_ecorr": -9.994477818944814,
    "J1017-7156_basis_ecorr_20CM_log10_ecorr": -9.996397194554122,
    "J1017-7156_basis_ecorr_20CM_uwl_log10_ecorr": -9.993876533823489,
    "J1017-7156_basis_ecorr_40CM_log10_ecorr": -9.971872428061806,
    "J1017-7156_basis_ecorr_40CM_uwl_log10_ecorr": -6.902974688664416,
    "J1017-7156_basis_ecorr_all_dr2_log10_ecorr": -9.995687064657947,
    "J1017-7156_basis_ecorr_all_uwl_log10_ecorr": -9.974199707506557,
    "J1017-7156_chrom_gp_gamma": 0.004664627233807894,
    "J1017-7156_chrom_gp_log10_A": -13.866699150218352,
    "J1017-7156_dm_gp_gamma": 1.8564884676054632,
    "J1017-7156_dm_gp_log10_A": -12.994010574042088,
    "J1017-7156_hf_noise_gamma": 0.002777647773695122,
    "J1017-7156_hf_noise_log10_A": -13.957064555250557,
    "J1017-7156_red_noise_gamma": 0.013456084209529803,
    "J1017-7156_red_noise_log10_A": -19.98557370619205,
    "nmodel": -0.4984354086394633
}