{
    "J1017-7156_CASPSR_40CM_efac": 1.8235353585170666,
    "J1017-7156_CASPSR_40CM_log10_tnequad": -6.146674241482818,
    "J1017-7156_PDFB_10CM_efac": 2.168307880570438,
    "J1017-7156_PDFB_10CM_log10_tnequad": -5.777440937748756,
    "J1017-7156_PDFB_20CM_efac": 1.1081761253704197,
    "J1017-7156_PDFB_20CM_log10_tnequad": -6.531197644724135,
    "J1017-7156_PDFB_40CM_efac": 1.5707910242832046,
    "J1017-7156_PDFB_40CM_log10_tnequad": -5.695004836534989,
    "J1017-7156_UWL_CASPSR_40CM_efac": 1.6933294180105796,
    "J1017-7156_UWL_CASPSR_40CM_log10_tnequad": -5.800298531410992,
    "J1017-7156_UWL_PDFB4_20CM_efac": 2.0093852700944037,
    "J1017-7156_UWL_PDFB4_20CM_log10_tnequad": -6.32444735491429,
    "J1017-7156_UWL_sbA_efac": 1.473083643977075,
    "J1017-7156_UWL_sbA_log10_tnequad": -5.94370376752245,
    "J1017-7156_UWL_sbB_efac": 1.2095453807722332,
    "J1017-7156_UWL_sbB_log10_tnequad": -6.537764422512306,
    "J1017-7156_UWL_sbC_efac": 1.249518896207915,
    "J1017-7156_UWL_sbC_log10_tnequad": -6.262650561702222,
    "J1017-7156_UWL_sbD_efac": 1.2441585490357459,
    "J1017-7156_UWL_sbD_log10_tnequad": -6.492573568361898,
    "J1017-7156_UWL_sbE_efac": 1.3052476167731746,
    "J1017-7156_UWL_sbE_log10_tnequad": -6.312624832749181,
    "J1017-7156_UWL_sbF_efac": 1.231510846500584,
    "J1017-7156_UWL_sbF_log10_tnequad": -6.067162558243449,
    "J1017-7156_UWL_sbG_efac": 1.3020691715728545,
    "J1017-7156_UWL_sbG_log10_tnequad": -5.8495918241929585,
    "J1017-7156_UWL_sbH_efac": 3.663460218159047,
    "J1017-7156_UWL_sbH_log10_tnequad": -6.259477485082663,
    "J1017-7156_band_noise_low_gamma": 6.988155686785359,
    "J1017-7156_band_noise_low_log10_A": -13.280491590452753,
    "J1017-7156_basis_ecorr_10CM_log10_ecorr": -6.151380799863664,
    "J1017-7156_basis_ecorr_10CM_uwl_log10_ecorr": -6.3863801173814325,
    "J1017-7156_basis_ecorr_20CM_log10_ecorr": -6.846545847956993,
    "J1017-7156_basis_ecorr_20CM_uwl_log10_ecorr": -6.7309327427708014,
    "J1017-7156_basis_ecorr_40CM_log10_ecorr": -6.161617635795917,
    "J1017-7156_basis_ecorr_40CM_uwl_log10_ecorr": -6.395191108401461,
    "J1017-7156_basis_ecorr_all_dr2_log10_ecorr": -6.855180890625537,
    "J1017-7156_basis_ecorr_all_uwl_log10_ecorr": -6.678066212618509,
    "J1017-7156_chrom_gp_gamma": 2.545988115656254,
    "J1017-7156_chrom_gp_log10_A": -13.334984590122701,
    "J1017-7156_dm_gp_gamma": 2.8807421759387157,
    "J1017-7156_dm_gp_log10_A": -12.754188096884967,
    "J1017-7156_gp_sw_gamma": 3.98770368466098,
    "J1017-7156_gp_sw_log10_A": -5.554675644432188,
    "J1017-7156_hf_noise_gamma": 5.815578476039044,
    "J1017-7156_hf_noise_log10_A": -13.134626517646915,
    "J1017-7156_red_noise_gamma": 6.983433960423511,
    "J1017-7156_red_noise_log10_A": -13.06288209920858,
    "n_earth": 19.95946225843126,
    "nmodel": 0.4986375697760002
}