{
    "J1017-7156_CASPSR_40CM_efac": 1.3088385594294325,
    "J1017-7156_CASPSR_40CM_log10_tnequad": -6.387598974798699,
    "J1017-7156_PDFB_10CM_efac": 1.2111706488501297,
    "J1017-7156_PDFB_10CM_log10_tnequad": -6.174647634524629,
    "J1017-7156_PDFB_20CM_efac": 1.1052740512740724,
    "J1017-7156_PDFB_20CM_log10_tnequad": -6.654547111447467,
    "J1017-7156_PDFB_40CM_efac": 0.9334971914355606,
    "J1017-7156_PDFB_40CM_log10_tnequad": -5.944729481666755,
    "J1017-7156_UWL_CASPSR_40CM_efac": 1.5162117846920846,
    "J1017-7156_UWL_CASPSR_40CM_log10_tnequad": -5.82662834121322,
    "J1017-7156_UWL_PDFB4_20CM_efac": 1.2989292194098914,
    "J1017-7156_UWL_PDFB4_20CM_log10_tnequad": -6.44100109098486,
    "J1017-7156_UWL_sbA_efac": 1.2816224898949131,
    "J1017-7156_UWL_sbA_log10_tnequad": -6.297869703623323,
    "J1017-7156_UWL_sbB_efac": 1.1751155271753853,
    "J1017-7156_UWL_sbB_log10_tnequad": -6.587437112988789,
    "J1017-7156_UWL_sbC_efac": 1.1742097217705567,
    "J1017-7156_UWL_sbC_log10_tnequad": -6.295929050208475,
    "J1017-7156_UWL_sbD_efac": 1.2186181301681158,
    "J1017-7156_UWL_sbD_log10_tnequad": -6.505402407280256,
    "J1017-7156_UWL_sbE_efac": 1.3009374817472776,
    "J1017-7156_UWL_sbE_log10_tnequad": -6.410411755409864,
    "J1017-7156_UWL_sbF_efac": 1.149989792226619,
    "J1017-7156_UWL_sbF_log10_tnequad": -6.52701063726714,
    "J1017-7156_UWL_sbG_efac": 1.2398678363450628,
    "J1017-7156_UWL_sbG_log10_tnequad": -6.278798432587636,
    "J1017-7156_UWL_sbH_efac": 1.2127450949601144,
    "J1017-7156_UWL_sbH_log10_tnequad": -6.360464465385712,
    "J1017-7156_band_noise_low_gamma": 6.986854262979998,
    "J1017-7156_band_noise_low_log10_A": -13.261501209925855,
    "J1017-7156_basis_ecorr_10CM_log10_ecorr": -6.215422465530082,
    "J1017-7156_basis_ecorr_10CM_uwl_log10_ecorr": -6.426848846961192,
    "J1017-7156_basis_ecorr_20CM_log10_ecorr": -6.868214477755042,
    "J1017-7156_basis_ecorr_20CM_uwl_log10_ecorr": -6.734890476418794,
    "J1017-7156_basis_ecorr_40CM_log10_ecorr": -6.149331265485482,
    "J1017-7156_basis_ecorr_40CM_uwl_log10_ecorr": -6.382355755863288,
    "J1017-7156_basis_ecorr_all_dr2_log10_ecorr": -6.846710974122218,
    "J1017-7156_basis_ecorr_all_uwl_log10_ecorr": -6.6849950457898135,
    "J1017-7156_chrom_gp_gamma": 2.560199076744008,
    "J1017-7156_chrom_gp_log10_A": -13.337144312766915,
    "J1017-7156_dm_gp_gamma": 2.820235897288753,
    "J1017-7156_dm_gp_log10_A": -12.757506496005668,
    "J1017-7156_hf_noise_gamma": 2.2273320500731275,
    "J1017-7156_hf_noise_log10_A": -13.131952678729855,
    "J1017-7156_red_noise_gamma": 6.986496589905286,
    "J1017-7156_red_noise_log10_A": -13.053339549855318,
    "nmodel": 0.4984466082857259
}