{
    "J1017-7156_CASPSR_40CM_efac": 0.6903760028181681,
    "J1017-7156_CASPSR_40CM_log10_tnequad": -9.99827791013439,
    "J1017-7156_PDFB_10CM_efac": 0.405637728432534,
    "J1017-7156_PDFB_10CM_log10_tnequad": -9.990025794138669,
    "J1017-7156_PDFB_20CM_efac": 0.963811756214058,
    "J1017-7156_PDFB_20CM_log10_tnequad": -9.995515960738382,
    "J1017-7156_PDFB_40CM_efac": 0.3495028886939275,
    "J1017-7156_PDFB_40CM_log10_tnequad": -9.988717926361698,
    "J1017-7156_UWL_CASPSR_40CM_efac": 0.2965004661457851,
    "J1017-7156_UWL_CASPSR_40CM_log10_tnequad": -9.988485732033764,
    "J1017-7156_UWL_PDFB4_20CM_efac": 0.8375149134915442,
    "J1017-7156_UWL_PDFB4_20CM_log10_tnequad": -9.985781032382683,
    "J1017-7156_UWL_sbA_efac": 0.607091269462076,
    "J1017-7156_UWL_sbA_log10_tnequad": -9.989514662560264,
    "J1017-7156_UWL_sbB_efac": 0.9272680483333207,
    "J1017-7156_UWL_sbB_log10_tnequad": -9.994290521359789,
    "J1017-7156_UWL_sbC_efac": 0.7870511080831375,
    "J1017-7156_UWL_sbC_log10_tnequad": -9.986682343588072,
    "J1017-7156_UWL_sbD_efac": 0.8034697399953036,
    "J1017-7156_UWL_sbD_log10_tnequad": -9.992145744217327,
    "J1017-7156_UWL_sbE_efac": 0.6698184933670779,
    "J1017-7156_UWL_sbE_log10_tnequad": -9.997230748195303,
    "J1017-7156_UWL_sbF_efac": 0.20885350686249243,
    "J1017-7156_UWL_sbF_log10_tnequad": -9.984689755474067,
    "J1017-7156_UWL_sbG_efac": 0.30156543096995875,
    "J1017-7156_UWL_sbG_log10_tnequad": -9.994141053123814,
    "J1017-7156_UWL_sbH_efac": 0.81380043361085,
    "J1017-7156_UWL_sbH_log10_tnequad": -9.998499745036307,
    "J1017-7156_band_noise_low_gamma": 0.008001374680258504,
    "J1017-7156_band_noise_low_log10_A": -19.990821528070423,
    "J1017-7156_basis_ecorr_10CM_log10_ecorr": -9.994437615996208,
    "J1017-7156_basis_ecorr_10CM_uwl_log10_ecorr": -9.988688918172159,
    "J1017-7156_basis_ecorr_20CM_log10_ecorr": -9.992870451640378,
    "J1017-7156_basis_ecorr_20CM_uwl_log10_ecorr": -9.993318936184783,
    "J1017-7156_basis_ecorr_40CM_log10_ecorr": -9.978030049104802,
    "J1017-7156_basis_ecorr_40CM_uwl_log10_ecorr": -7.000783257668622,
    "J1017-7156_basis_ecorr_all_dr2_log10_ecorr": -9.996227974713142,
    "J1017-7156_basis_ecorr_all_uwl_log10_ecorr": -9.97907862283191,
    "J1017-7156_chrom_gp_gamma": 0.0037925149307850427,
    "J1017-7156_chrom_gp_log10_A": -13.86190344308568,
    "J1017-7156_dm_gp_gamma": 1.8753232167689695,
    "J1017-7156_dm_gp_log10_A": -12.994149186285481,
    "J1017-7156_gp_sw_gamma": -3.980947058648286,
    "J1017-7156_gp_sw_log10_A": -9.992182134827974,
    "J1017-7156_hf_noise_gamma": 0.008597603975612343,
    "J1017-7156_hf_noise_log10_A": -18.612080677700497,
    "J1017-7156_red_noise_gamma": 0.017481589482957423,
    "J1017-7156_red_noise_log10_A": -19.990484299298487,
    "n_earth": 0.030574965647682296,
    "nmodel": -0.4984900384929516
}