{
    "J1017-7156_CASPSR_40CM_efac": 1.2957392042721276,
    "J1017-7156_CASPSR_40CM_log10_tnequad": -6.367296844453589,
    "J1017-7156_PDFB_10CM_efac": 1.235830562420934,
    "J1017-7156_PDFB_10CM_log10_tnequad": -6.188117561371898,
    "J1017-7156_PDFB_20CM_efac": 1.1014368561468508,
    "J1017-7156_PDFB_20CM_log10_tnequad": -6.656539155430237,
    "J1017-7156_PDFB_40CM_efac": 0.9317978596835739,
    "J1017-7156_PDFB_40CM_log10_tnequad": -5.785333276388091,
    "J1017-7156_UWL_CASPSR_40CM_efac": 1.5876444228034692,
    "J1017-7156_UWL_CASPSR_40CM_log10_tnequad": -5.844549834842002,
    "J1017-7156_UWL_PDFB4_20CM_efac": 1.2820034693613482,
    "J1017-7156_UWL_PDFB4_20CM_log10_tnequad": -6.445614334796878,
    "J1017-7156_UWL_sbA_efac": 1.2722143517450941,
    "J1017-7156_UWL_sbA_log10_tnequad": -6.3117016185760075,
    "J1017-7156_UWL_sbB_efac": 1.17415737353541,
    "J1017-7156_UWL_sbB_log10_tnequad": -6.620027952525255,
    "J1017-7156_UWL_sbC_efac": 1.1808444791139927,
    "J1017-7156_UWL_sbC_log10_tnequad": -6.298805635312401,
    "J1017-7156_UWL_sbD_efac": 1.2080961035961386,
    "J1017-7156_UWL_sbD_log10_tnequad": -6.49282151385012,
    "J1017-7156_UWL_sbE_efac": 1.2959121142219736,
    "J1017-7156_UWL_sbE_log10_tnequad": -6.397946845819773,
    "J1017-7156_UWL_sbF_efac": 1.1532826808309835,
    "J1017-7156_UWL_sbF_log10_tnequad": -6.540255299398007,
    "J1017-7156_UWL_sbG_efac": 1.2355645882194457,
    "J1017-7156_UWL_sbG_log10_tnequad": -6.268779019692819,
    "J1017-7156_UWL_sbH_efac": 1.189197775620755,
    "J1017-7156_UWL_sbH_log10_tnequad": -6.357955704432776,
    "J1017-7156_band_noise_low_gamma": 6.986015261781412,
    "J1017-7156_band_noise_low_log10_A": -13.251141577418485,
    "J1017-7156_basis_ecorr_10CM_log10_ecorr": -6.206229441633146,
    "J1017-7156_basis_ecorr_10CM_uwl_log10_ecorr": -6.432396424237137,
    "J1017-7156_basis_ecorr_20CM_log10_ecorr": -6.87338999750755,
    "J1017-7156_basis_ecorr_20CM_uwl_log10_ecorr": -6.74970657508574,
    "J1017-7156_basis_ecorr_40CM_log10_ecorr": -6.156234930727231,
    "J1017-7156_basis_ecorr_40CM_uwl_log10_ecorr": -6.3890662962188225,
    "J1017-7156_basis_ecorr_all_dr2_log10_ecorr": -6.850200097794976,
    "J1017-7156_basis_ecorr_all_uwl_log10_ecorr": -6.685361266285276,
    "J1017-7156_chrom_gp_gamma": 2.6032246689310976,
    "J1017-7156_chrom_gp_log10_A": -13.333484956891972,
    "J1017-7156_dm_gp_gamma": 2.8423929027973345,
    "J1017-7156_dm_gp_log10_A": -12.755507328044732,
    "J1017-7156_gp_sw_gamma": 3.9881096568811962,
    "J1017-7156_gp_sw_log10_A": -5.532402133804546,
    "J1017-7156_hf_noise_gamma": 4.892473637079702,
    "J1017-7156_hf_noise_log10_A": -13.131422167238279,
    "J1017-7156_red_noise_gamma": 6.986439994522221,
    "J1017-7156_red_noise_log10_A": -13.047239035816753,
    "n_earth": 19.974483376898863,
    "nmodel": 0.4985285614891588
}