{
    "J1017-7156_CASPSR_40CM_efac": 0.8615835606686374,
    "J1017-7156_CASPSR_40CM_log10_tnequad": -9.994434514027505,
    "J1017-7156_PDFB_10CM_efac": 0.8621280334044126,
    "J1017-7156_PDFB_10CM_log10_tnequad": -9.99328656783333,
    "J1017-7156_PDFB_20CM_efac": 0.9783656051512767,
    "J1017-7156_PDFB_20CM_log10_tnequad": -9.992688858752,
    "J1017-7156_PDFB_40CM_efac": 0.5294629474854674,
    "J1017-7156_PDFB_40CM_log10_tnequad": -9.99349816302332,
    "J1017-7156_UWL_CASPSR_40CM_efac": 0.46074970808455856,
    "J1017-7156_UWL_CASPSR_40CM_log10_tnequad": -9.994561915095247,
    "J1017-7156_UWL_PDFB4_20CM_efac": 0.9633876075056202,
    "J1017-7156_UWL_PDFB4_20CM_log10_tnequad": -9.993758592113261,
    "J1017-7156_UWL_sbA_efac": 0.998951281212214,
    "J1017-7156_UWL_sbA_log10_tnequad": -9.994489563468294,
    "J1017-7156_UWL_sbB_efac": 0.9700684978466724,
    "J1017-7156_UWL_sbB_log10_tnequad": -9.995399435667245,
    "J1017-7156_UWL_sbC_efac": 0.8199937862333662,
    "J1017-7156_UWL_sbC_log10_tnequad": -9.98617986845517,
    "J1017-7156_UWL_sbD_efac": 0.8449135875416341,
    "J1017-7156_UWL_sbD_log10_tnequad": -9.957854537914715,
    "J1017-7156_UWL_sbE_efac": 0.8416922545239296,
    "J1017-7156_UWL_sbE_log10_tnequad": -9.994659822028087,
    "J1017-7156_UWL_sbF_efac": 0.9145068693222427,
    "J1017-7156_UWL_sbF_log10_tnequad": -9.991615460878306,
    "J1017-7156_UWL_sbG_efac": 0.9387876019803979,
    "J1017-7156_UWL_sbG_log10_tnequad": -9.99314683039247,
    "J1017-7156_UWL_sbH_efac": 0.8594059890987141,
    "J1017-7156_UWL_sbH_log10_tnequad": -9.994693397929568,
    "J1017-7156_band_noise_low_gamma": 0.008385874761505284,
    "J1017-7156_band_noise_low_log10_A": -19.9913804224782,
    "J1017-7156_basis_ecorr_10CM_log10_ecorr": -9.996814789076103,
    "J1017-7156_basis_ecorr_10CM_uwl_log10_ecorr": -9.99340426845205,
    "J1017-7156_basis_ecorr_20CM_log10_ecorr": -9.996453842576766,
    "J1017-7156_basis_ecorr_20CM_uwl_log10_ecorr": -9.99340616187175,
    "J1017-7156_basis_ecorr_40CM_log10_ecorr": -9.973669900980006,
    "J1017-7156_basis_ecorr_40CM_uwl_log10_ecorr": -6.859129100016056,
    "J1017-7156_basis_ecorr_all_dr2_log10_ecorr": -9.994444050025903,
    "J1017-7156_basis_ecorr_all_uwl_log10_ecorr": -9.976665420308127,
    "J1017-7156_chrom_gp_gamma": 0.0034751133609760565,
    "J1017-7156_chrom_gp_log10_A": -13.879080783656539,
    "J1017-7156_dm_gp_gamma": 1.8552625672512462,
    "J1017-7156_dm_gp_log10_A": -12.994048072211823,
    "J1017-7156_gp_sw_gamma": -3.982483773030658,
    "J1017-7156_gp_sw_log10_A": -9.993528141577544,
    "J1017-7156_hf_noise_gamma": 0.0030918692364650677,
    "J1017-7156_hf_noise_log10_A": -16.37928730301379,
    "J1017-7156_red_noise_gamma": 0.013953524744242421,
    "J1017-7156_red_noise_log10_A": -19.983236175758528,
    "n_earth": 0.0340492160369088,
    "nmodel": -0.4985336452072606
}