{
    "J1022+1001_CASPSR_40CM_efac": 1.48362154831923,
    "J1022+1001_CASPSR_40CM_log10_tnequad": -6.095844183769276,
    "J1022+1001_CPSR2_20CM_efac": 1.4472816069207635,
    "J1022+1001_CPSR2_20CM_log10_tnequad": -5.410332191448966,
    "J1022+1001_CPSR2_50CM_efac": 1.2577293125459736,
    "J1022+1001_CPSR2_50CM_log10_tnequad": -5.840342749305563,
    "J1022+1001_PDFB1_10CM_efac": 1.24682276924831,
    "J1022+1001_PDFB1_10CM_log10_tnequad": -5.536943487866506,
    "J1022+1001_PDFB1_20CM_efac": 1.2705553085085117,
    "J1022+1001_PDFB1_20CM_log10_tnequad": -6.2314781139847195,
    "J1022+1001_PDFB1_early_10CM_efac": 1.473057805871036,
    "J1022+1001_PDFB1_early_10CM_log10_tnequad": -5.211271634976034,
    "J1022+1001_PDFB1_early_20CM_efac": 1.4462035972965102,
    "J1022+1001_PDFB1_early_20CM_log10_tnequad": -6.02052346071602,
    "J1022+1001_PDFB_10CM_efac": 1.0782116740298073,
    "J1022+1001_PDFB_10CM_log10_tnequad": -6.00903342199686,
    "J1022+1001_PDFB_20CM_efac": 1.1428020609608758,
    "J1022+1001_PDFB_20CM_log10_tnequad": -6.448229787491484,
    "J1022+1001_PDFB_40CM_efac": 1.2687085124496076,
    "J1022+1001_PDFB_40CM_log10_tnequad": -6.200715306205915,
    "J1022+1001_UWL_CASPSR_40CM_efac": 2.301441065948599,
    "J1022+1001_UWL_CASPSR_40CM_log10_tnequad": -5.3030654354893825,
    "J1022+1001_UWL_PDFB4_20CM_efac": 1.364199614428264,
    "J1022+1001_UWL_PDFB4_20CM_log10_tnequad": -6.200663583190688,
    "J1022+1001_UWL_sbA_efac": 1.469823549951727,
    "J1022+1001_UWL_sbA_log10_tnequad": -5.8331242043653,
    "J1022+1001_UWL_sbB_efac": 1.3480619342480482,
    "J1022+1001_UWL_sbB_log10_tnequad": -5.998236844821822,
    "J1022+1001_UWL_sbC_efac": 1.29824896145651,
    "J1022+1001_UWL_sbC_log10_tnequad": -6.155025809371177,
    "J1022+1001_UWL_sbD_efac": 1.3421693922380566,
    "J1022+1001_UWL_sbD_log10_tnequad": -6.15773818795049,
    "J1022+1001_UWL_sbE_efac": 1.160215543999324,
    "J1022+1001_UWL_sbE_log10_tnequad": -6.160101413319237,
    "J1022+1001_UWL_sbF_efac": 1.2010199842589935,
    "J1022+1001_UWL_sbF_log10_tnequad": -6.223197861615325,
    "J1022+1001_UWL_sbG_efac": 1.331187407329652,
    "J1022+1001_UWL_sbG_log10_tnequad": -5.841209202291384,
    "J1022+1001_UWL_sbH_efac": 1.2854354887985542,
    "J1022+1001_UWL_sbH_log10_tnequad": -5.918658059490082,
    "J1022+1001_WBCORR_10CM_efac": 1.303433120053271,
    "J1022+1001_WBCORR_10CM_log10_tnequad": -5.727195509341603,
    "J1022+1001_basis_ecorr_10CM_log10_ecorr": -5.711894294725847,
    "J1022+1001_basis_ecorr_10CM_uwl_log10_ecorr": -5.517972514888269,
    "J1022+1001_basis_ecorr_20CM_log10_ecorr": -5.8514993933698465,
    "J1022+1001_basis_ecorr_20CM_uwl_log10_ecorr": -5.8345991024978305,
    "J1022+1001_basis_ecorr_40CM_log10_ecorr": -5.955915002757466,
    "J1022+1001_basis_ecorr_40CM_uwl_log10_ecorr": -6.182254688321376,
    "J1022+1001_basis_ecorr_all_dr2_log10_ecorr": -5.896750482782513,
    "J1022+1001_basis_ecorr_all_uwl_log10_ecorr": -5.908364407909517,
    "J1022+1001_dm_gp_gamma": 6.466743773301959,
    "J1022+1001_dm_gp_log10_A": -13.282705517482281,
    "J1022+1001_hf_noise_gamma": 6.305201080929356,
    "J1022+1001_hf_noise_log10_A": -12.821899956794766,
    "J1022+1001_red_noise_gamma": 6.985806353026632,
    "J1022+1001_red_noise_log10_A": -13.152118371272906,
    "nmodel": 0.4985654872443565
}