{
    "J1022+1001_CASPSR_40CM_efac": 0.9763240426631634,
    "J1022+1001_CASPSR_40CM_log10_tnequad": -9.994051161253905,
    "J1022+1001_CPSR2_20CM_efac": 1.007141122498506,
    "J1022+1001_CPSR2_20CM_log10_tnequad": -5.707396797417486,
    "J1022+1001_CPSR2_50CM_efac": 0.9338597380575235,
    "J1022+1001_CPSR2_50CM_log10_tnequad": -9.994584338248998,
    "J1022+1001_PDFB1_10CM_efac": 0.7678646740772181,
    "J1022+1001_PDFB1_10CM_log10_tnequad": -9.992948876988052,
    "J1022+1001_PDFB1_20CM_efac": 0.8966676000932527,
    "J1022+1001_PDFB1_20CM_log10_tnequad": -9.995462409679586,
    "J1022+1001_PDFB1_early_10CM_efac": 0.46841616750002385,
    "J1022+1001_PDFB1_early_10CM_log10_tnequad": -9.991111026010174,
    "J1022+1001_PDFB1_early_20CM_efac": 0.8614617854744574,
    "J1022+1001_PDFB1_early_20CM_log10_tnequad": -9.992358315374036,
    "J1022+1001_PDFB_10CM_efac": 0.889824234535375,
    "J1022+1001_PDFB_10CM_log10_tnequad": -9.994337858079462,
    "J1022+1001_PDFB_20CM_efac": 0.9737393976312099,
    "J1022+1001_PDFB_20CM_log10_tnequad": -9.988674122885522,
    "J1022+1001_PDFB_40CM_efac": 0.9918781226791766,
    "J1022+1001_PDFB_40CM_log10_tnequad": -9.993241839022676,
    "J1022+1001_UWL_CASPSR_40CM_efac": 0.8687419457567069,
    "J1022+1001_UWL_CASPSR_40CM_log10_tnequad": -9.993869702715928,
    "J1022+1001_UWL_PDFB4_20CM_efac": 0.9327694821198124,
    "J1022+1001_UWL_PDFB4_20CM_log10_tnequad": -9.994680506102448,
    "J1022+1001_UWL_sbA_efac": 0.8698965553890127,
    "J1022+1001_UWL_sbA_log10_tnequad": -9.992826806649013,
    "J1022+1001_UWL_sbB_efac": 0.9152690972755364,
    "J1022+1001_UWL_sbB_log10_tnequad": -9.994326333247159,
    "J1022+1001_UWL_sbC_efac": 0.8687334349647048,
    "J1022+1001_UWL_sbC_log10_tnequad": -9.994372653238143,
    "J1022+1001_UWL_sbD_efac": 0.9239064410919983,
    "J1022+1001_UWL_sbD_log10_tnequad": -9.990030295090314,
    "J1022+1001_UWL_sbE_efac": 0.7709889509342954,
    "J1022+1001_UWL_sbE_log10_tnequad": -9.994134009049779,
    "J1022+1001_UWL_sbF_efac": 0.8837330442323782,
    "J1022+1001_UWL_sbF_log10_tnequad": -9.993756190243975,
    "J1022+1001_UWL_sbG_efac": 0.8579108434841364,
    "J1022+1001_UWL_sbG_log10_tnequad": -9.990922375852232,
    "J1022+1001_UWL_sbH_efac": 0.8592189279809938,
    "J1022+1001_UWL_sbH_log10_tnequad": -9.992335299018954,
    "J1022+1001_WBCORR_10CM_efac": 0.9307477171248426,
    "J1022+1001_WBCORR_10CM_log10_tnequad": -9.994315636243238,
    "J1022+1001_basis_ecorr_10CM_log10_ecorr": -7.487723886056329,
    "J1022+1001_basis_ecorr_10CM_uwl_log10_ecorr": -5.856358418006387,
    "J1022+1001_basis_ecorr_20CM_log10_ecorr": -9.940310145613388,
    "J1022+1001_basis_ecorr_20CM_uwl_log10_ecorr": -9.579003405353516,
    "J1022+1001_basis_ecorr_40CM_log10_ecorr": -9.990497426963685,
    "J1022+1001_basis_ecorr_40CM_uwl_log10_ecorr": -9.994347525835321,
    "J1022+1001_basis_ecorr_all_dr2_log10_ecorr": -9.986513781587359,
    "J1022+1001_basis_ecorr_all_uwl_log10_ecorr": -9.99241963814098,
    "J1022+1001_dm_gp_gamma": 0.8766602307086521,
    "J1022+1001_dm_gp_log10_A": -15.642078735355387,
    "J1022+1001_hf_noise_gamma": 0.002899329854931779,
    "J1022+1001_hf_noise_log10_A": -19.450424266207015,
    "J1022+1001_red_noise_gamma": 0.010470771410663327,
    "J1022+1001_red_noise_log10_A": -19.99135936193426,
    "nmodel": -0.49859044819772363
}