{
    "J1022+1001_CASPSR_40CM_efac": 1.4819747072144456,
    "J1022+1001_CASPSR_40CM_log10_tnequad": -6.145303013878164,
    "J1022+1001_CPSR2_20CM_efac": 1.8796858624186945,
    "J1022+1001_CPSR2_20CM_log10_tnequad": -5.397513871101353,
    "J1022+1001_CPSR2_50CM_efac": 1.401289167525483,
    "J1022+1001_CPSR2_50CM_log10_tnequad": -5.8092234829259,
    "J1022+1001_PDFB1_10CM_efac": 3.048090967395382,
    "J1022+1001_PDFB1_10CM_log10_tnequad": -5.349388376108061,
    "J1022+1001_PDFB1_20CM_efac": 2.3342690882143757,
    "J1022+1001_PDFB1_20CM_log10_tnequad": -6.273063583219413,
    "J1022+1001_PDFB1_early_10CM_efac": 2.011297427589738,
    "J1022+1001_PDFB1_early_10CM_log10_tnequad": -5.141511882337979,
    "J1022+1001_PDFB1_early_20CM_efac": 1.9453128046438604,
    "J1022+1001_PDFB1_early_20CM_log10_tnequad": -6.019172462031001,
    "J1022+1001_PDFB_10CM_efac": 2.308134497013977,
    "J1022+1001_PDFB_10CM_log10_tnequad": -5.945428860813293,
    "J1022+1001_PDFB_20CM_efac": 1.160700828508358,
    "J1022+1001_PDFB_20CM_log10_tnequad": -6.455266649177972,
    "J1022+1001_PDFB_40CM_efac": 1.4623019762963225,
    "J1022+1001_PDFB_40CM_log10_tnequad": -6.316552987732383,
    "J1022+1001_UWL_CASPSR_40CM_efac": 2.798540666691288,
    "J1022+1001_UWL_CASPSR_40CM_log10_tnequad": -5.4122967875799235,
    "J1022+1001_UWL_PDFB4_20CM_efac": 1.5968531043056433,
    "J1022+1001_UWL_PDFB4_20CM_log10_tnequad": -6.141885119100035,
    "J1022+1001_UWL_sbA_efac": 2.002140239900121,
    "J1022+1001_UWL_sbA_log10_tnequad": -5.840353355258753,
    "J1022+1001_UWL_sbB_efac": 1.629412445262033,
    "J1022+1001_UWL_sbB_log10_tnequad": -5.707950135444548,
    "J1022+1001_UWL_sbC_efac": 1.5502120650613564,
    "J1022+1001_UWL_sbC_log10_tnequad": -5.214143469278583,
    "J1022+1001_UWL_sbD_efac": 2.058602420209607,
    "J1022+1001_UWL_sbD_log10_tnequad": -6.209154538401248,
    "J1022+1001_UWL_sbE_efac": 2.330738793215227,
    "J1022+1001_UWL_sbE_log10_tnequad": -5.9997943334728765,
    "J1022+1001_UWL_sbF_efac": 1.2151035619682997,
    "J1022+1001_UWL_sbF_log10_tnequad": -6.321811342484744,
    "J1022+1001_UWL_sbG_efac": 1.966222086763014,
    "J1022+1001_UWL_sbG_log10_tnequad": -5.740967822394538,
    "J1022+1001_UWL_sbH_efac": 1.563965793694495,
    "J1022+1001_UWL_sbH_log10_tnequad": -5.873727067067988,
    "J1022+1001_WBCORR_10CM_efac": 1.8279953394169184,
    "J1022+1001_WBCORR_10CM_log10_tnequad": -5.703490927892258,
    "J1022+1001_basis_ecorr_10CM_log10_ecorr": -5.716462364860299,
    "J1022+1001_basis_ecorr_10CM_uwl_log10_ecorr": -5.52269422686344,
    "J1022+1001_basis_ecorr_20CM_log10_ecorr": -5.854588394533695,
    "J1022+1001_basis_ecorr_20CM_uwl_log10_ecorr": -5.816317427236744,
    "J1022+1001_basis_ecorr_40CM_log10_ecorr": -5.957835968678151,
    "J1022+1001_basis_ecorr_40CM_uwl_log10_ecorr": -6.036997546895509,
    "J1022+1001_basis_ecorr_all_dr2_log10_ecorr": -5.864160502528864,
    "J1022+1001_basis_ecorr_all_uwl_log10_ecorr": -5.726264742020514,
    "J1022+1001_dm_gp_gamma": 6.6510398287192345,
    "J1022+1001_dm_gp_log10_A": -13.257749665780718,
    "J1022+1001_gp_sw_gamma": 3.9863771339266707,
    "J1022+1001_gp_sw_log10_A": -6.452438171293753,
    "J1022+1001_hf_noise_gamma": 6.972319985730217,
    "J1022+1001_hf_noise_log10_A": -12.920221992400093,
    "J1022+1001_red_noise_gamma": 6.981762601720254,
    "J1022+1001_red_noise_log10_A": -13.064514419177087,
    "n_earth": 6.750576343310639,
    "nmodel": 0.4985413803331136
}