{
    "J1024-0719_CPSR2_20CM_efac": 1.4131899224869713,
    "J1024-0719_CPSR2_20CM_log10_tnequad": -5.539350183377083,
    "J1024-0719_CPSR2_50CM_efac": 1.533271168267451,
    "J1024-0719_CPSR2_50CM_log10_tnequad": -5.533012819547133,
    "J1024-0719_PDFB1_20CM_efac": 1.2949607484467003,
    "J1024-0719_PDFB1_20CM_log10_tnequad": -5.945738020900815,
    "J1024-0719_PDFB1_early_20CM_efac": 1.2526022228445153,
    "J1024-0719_PDFB1_early_20CM_log10_tnequad": -6.155425451265937,
    "J1024-0719_PDFB_10CM_efac": 1.1600993512761906,
    "J1024-0719_PDFB_10CM_log10_tnequad": -5.509104093673518,
    "J1024-0719_PDFB_20CM_efac": 1.1556672716468923,
    "J1024-0719_PDFB_20CM_log10_tnequad": -6.300545324112004,
    "J1024-0719_PDFB_40CM_efac": 1.2135151700116356,
    "J1024-0719_PDFB_40CM_log10_tnequad": -6.0099574878376485,
    "J1024-0719_UWL_sbA_efac": 1.8179654156477754,
    "J1024-0719_UWL_sbA_log10_tnequad": -5.766236438350861,
    "J1024-0719_UWL_sbB_efac": 1.3835651128553155,
    "J1024-0719_UWL_sbB_log10_tnequad": -5.922783758611957,
    "J1024-0719_UWL_sbC_efac": 1.3680734430382764,
    "J1024-0719_UWL_sbC_log10_tnequad": -5.998661230330473,
    "J1024-0719_UWL_sbD_efac": 1.1999275493779868,
    "J1024-0719_UWL_sbD_log10_tnequad": -6.316358658450562,
    "J1024-0719_UWL_sbE_efac": 1.2633254884683258,
    "J1024-0719_UWL_sbE_log10_tnequad": -6.148904107615503,
    "J1024-0719_UWL_sbF_efac": 1.1168423029761883,
    "J1024-0719_UWL_sbF_log10_tnequad": -5.9787808089086605,
    "J1024-0719_UWL_sbG_efac": 1.1340785132529558,
    "J1024-0719_UWL_sbG_log10_tnequad": -5.644320234224402,
    "J1024-0719_UWL_sbH_efac": 1.2792735785686709,
    "J1024-0719_UWL_sbH_log10_tnequad": -5.411215329755993,
    "J1024-0719_basis_ecorr_10CM_log10_ecorr": -5.420024513456027,
    "J1024-0719_basis_ecorr_10CM_uwl_log10_ecorr": -5.717396192114606,
    "J1024-0719_basis_ecorr_20CM_log10_ecorr": -6.338712821285366,
    "J1024-0719_basis_ecorr_20CM_uwl_log10_ecorr": -6.278116534090454,
    "J1024-0719_basis_ecorr_40CM_log10_ecorr": -5.993413942435552,
    "J1024-0719_basis_ecorr_40CM_uwl_log10_ecorr": -6.029908842914602,
    "J1024-0719_basis_ecorr_all_dr2_log10_ecorr": -6.367542552524094,
    "J1024-0719_basis_ecorr_all_uwl_log10_ecorr": -6.479068663551645,
    "J1024-0719_dm_gp_gamma": 6.915724957908877,
    "J1024-0719_dm_gp_log10_A": -13.289909276103778,
    "J1024-0719_gp_sw_gamma": 3.9879111243629817,
    "J1024-0719_gp_sw_log10_A": -5.973322754433758,
    "J1024-0719_red_noise_gamma": 6.984668130912093,
    "J1024-0719_red_noise_log10_A": -13.241524050064758,
    "n_earth": 8.174906670105475,
    "nmodel": 0.498501895245612
}