{
    "J1024-0719_CPSR2_20CM_efac": 1.409963125685817,
    "J1024-0719_CPSR2_20CM_log10_tnequad": -5.541347102808115,
    "J1024-0719_CPSR2_50CM_efac": 1.5457696693835725,
    "J1024-0719_CPSR2_50CM_log10_tnequad": -5.540709263131128,
    "J1024-0719_PDFB1_20CM_efac": 1.2949853255984987,
    "J1024-0719_PDFB1_20CM_log10_tnequad": -5.935584598670082,
    "J1024-0719_PDFB1_early_20CM_efac": 1.2558464829512552,
    "J1024-0719_PDFB1_early_20CM_log10_tnequad": -6.150077597924536,
    "J1024-0719_PDFB_10CM_efac": 1.1626844288689415,
    "J1024-0719_PDFB_10CM_log10_tnequad": -5.514628963908916,
    "J1024-0719_PDFB_20CM_efac": 1.1583984424436533,
    "J1024-0719_PDFB_20CM_log10_tnequad": -6.30891474943781,
    "J1024-0719_PDFB_40CM_efac": 1.2185706937995893,
    "J1024-0719_PDFB_40CM_log10_tnequad": -6.009240294112263,
    "J1024-0719_UWL_sbA_efac": 1.8135236103303614,
    "J1024-0719_UWL_sbA_log10_tnequad": -5.7724747882657566,
    "J1024-0719_UWL_sbB_efac": 1.3670936644955054,
    "J1024-0719_UWL_sbB_log10_tnequad": -5.923256162069473,
    "J1024-0719_UWL_sbC_efac": 1.3645025848536025,
    "J1024-0719_UWL_sbC_log10_tnequad": -6.0030921370101895,
    "J1024-0719_UWL_sbD_efac": 1.2144012085872884,
    "J1024-0719_UWL_sbD_log10_tnequad": -6.325557138738108,
    "J1024-0719_UWL_sbE_efac": 1.258025871871403,
    "J1024-0719_UWL_sbE_log10_tnequad": -6.149113475767946,
    "J1024-0719_UWL_sbF_efac": 1.1204516793220332,
    "J1024-0719_UWL_sbF_log10_tnequad": -5.987817768044766,
    "J1024-0719_UWL_sbG_efac": 1.135416575262814,
    "J1024-0719_UWL_sbG_log10_tnequad": -5.609808850600674,
    "J1024-0719_UWL_sbH_efac": 1.2866996834821782,
    "J1024-0719_UWL_sbH_log10_tnequad": -5.408750407492054,
    "J1024-0719_basis_ecorr_10CM_log10_ecorr": -5.4245346186764625,
    "J1024-0719_basis_ecorr_10CM_uwl_log10_ecorr": -5.716241503664588,
    "J1024-0719_basis_ecorr_20CM_log10_ecorr": -6.333138561677224,
    "J1024-0719_basis_ecorr_20CM_uwl_log10_ecorr": -6.295143594492498,
    "J1024-0719_basis_ecorr_40CM_log10_ecorr": -6.021283550796079,
    "J1024-0719_basis_ecorr_40CM_uwl_log10_ecorr": -6.033215264175163,
    "J1024-0719_basis_ecorr_all_dr2_log10_ecorr": -6.357355808044689,
    "J1024-0719_basis_ecorr_all_uwl_log10_ecorr": -6.491453934066041,
    "J1024-0719_dm_gp_gamma": 6.887075696561591,
    "J1024-0719_dm_gp_log10_A": -13.286420290464186,
    "J1024-0719_red_noise_gamma": 6.9847830844168275,
    "J1024-0719_red_noise_log10_A": -13.228003180187883,
    "nmodel": 0.498515796133135
}