{
    "J1022+1001_CASPSR_40CM_efac": 0.8947683984182819,
    "J1022+1001_CASPSR_40CM_log10_tnequad": -9.990738474866914,
    "J1022+1001_CPSR2_20CM_efac": 0.9539252424278912,
    "J1022+1001_CPSR2_20CM_log10_tnequad": -9.476575186917026,
    "J1022+1001_CPSR2_50CM_efac": 0.8565567017081239,
    "J1022+1001_CPSR2_50CM_log10_tnequad": -9.999084133576979,
    "J1022+1001_PDFB1_10CM_efac": 0.6610036666250682,
    "J1022+1001_PDFB1_10CM_log10_tnequad": -9.99754781919471,
    "J1022+1001_PDFB1_20CM_efac": 0.8325166101178785,
    "J1022+1001_PDFB1_20CM_log10_tnequad": -9.99592398337499,
    "J1022+1001_PDFB1_early_10CM_efac": 0.24173591726150157,
    "J1022+1001_PDFB1_early_10CM_log10_tnequad": -9.991878564094145,
    "J1022+1001_PDFB1_early_20CM_efac": 0.7447588674982384,
    "J1022+1001_PDFB1_early_20CM_log10_tnequad": -9.991581517518222,
    "J1022+1001_PDFB_10CM_efac": 0.8582992133554233,
    "J1022+1001_PDFB_10CM_log10_tnequad": -9.992964282459258,
    "J1022+1001_PDFB_20CM_efac": 0.9558664508833897,
    "J1022+1001_PDFB_20CM_log10_tnequad": -9.989923115929761,
    "J1022+1001_PDFB_40CM_efac": 0.872987569422174,
    "J1022+1001_PDFB_40CM_log10_tnequad": -9.989269560999416,
    "J1022+1001_UWL_CASPSR_40CM_efac": 0.9104254450598214,
    "J1022+1001_UWL_CASPSR_40CM_log10_tnequad": -9.991800328659115,
    "J1022+1001_UWL_PDFB4_20CM_efac": 0.8215001298949762,
    "J1022+1001_UWL_PDFB4_20CM_log10_tnequad": -9.996996882835187,
    "J1022+1001_UWL_sbA_efac": 0.8111727631446582,
    "J1022+1001_UWL_sbA_log10_tnequad": -9.9973892985334,
    "J1022+1001_UWL_sbB_efac": 0.5523004126388985,
    "J1022+1001_UWL_sbB_log10_tnequad": -9.994610864230983,
    "J1022+1001_UWL_sbC_efac": 0.01324232435280254,
    "J1022+1001_UWL_sbC_log10_tnequad": -9.986799329795797,
    "J1022+1001_UWL_sbD_efac": 0.8873556355749538,
    "J1022+1001_UWL_sbD_log10_tnequad": -9.993828160548565,
    "J1022+1001_UWL_sbE_efac": 0.6395220098067818,
    "J1022+1001_UWL_sbE_log10_tnequad": -9.994662477434368,
    "J1022+1001_UWL_sbF_efac": 0.8773524338317928,
    "J1022+1001_UWL_sbF_log10_tnequad": -9.990933219720265,
    "J1022+1001_UWL_sbG_efac": 0.774034227239975,
    "J1022+1001_UWL_sbG_log10_tnequad": -9.986340353946964,
    "J1022+1001_UWL_sbH_efac": 0.7389315379476745,
    "J1022+1001_UWL_sbH_log10_tnequad": -9.990837235813345,
    "J1022+1001_WBCORR_10CM_efac": 0.9028939198733421,
    "J1022+1001_WBCORR_10CM_log10_tnequad": -9.996156002361063,
    "J1022+1001_basis_ecorr_10CM_log10_ecorr": -9.800554739257295,
    "J1022+1001_basis_ecorr_10CM_uwl_log10_ecorr": -5.837954023900864,
    "J1022+1001_basis_ecorr_20CM_log10_ecorr": -9.9944020743993,
    "J1022+1001_basis_ecorr_20CM_uwl_log10_ecorr": -9.947675246168826,
    "J1022+1001_basis_ecorr_40CM_log10_ecorr": -9.992733425393412,
    "J1022+1001_basis_ecorr_40CM_uwl_log10_ecorr": -9.990475282990218,
    "J1022+1001_basis_ecorr_all_dr2_log10_ecorr": -9.926653085586308,
    "J1022+1001_basis_ecorr_all_uwl_log10_ecorr": -9.974416998333023,
    "J1022+1001_dm_gp_gamma": 0.9016509627438049,
    "J1022+1001_dm_gp_log10_A": -15.81802002443872,
    "J1022+1001_gp_sw_gamma": -3.976397201900581,
    "J1022+1001_gp_sw_log10_A": -9.99443533003742,
    "J1022+1001_hf_noise_gamma": 0.012703464636357896,
    "J1022+1001_hf_noise_log10_A": -19.983317543319934,
    "J1022+1001_red_noise_gamma": 0.008069724396596468,
    "J1022+1001_red_noise_log10_A": -19.99362779156125,
    "n_earth": 3.1423659771114716,
    "nmodel": -0.49828860161056077
}