{
    "J1022+1001_CASPSR_40CM_efac": 1.3795577825961025,
    "J1022+1001_CASPSR_40CM_log10_tnequad": -6.135668604067201,
    "J1022+1001_CPSR2_20CM_efac": 1.4428430357159951,
    "J1022+1001_CPSR2_20CM_log10_tnequad": -5.40821013212297,
    "J1022+1001_CPSR2_50CM_efac": 1.2258690291447087,
    "J1022+1001_CPSR2_50CM_log10_tnequad": -5.835747820367665,
    "J1022+1001_PDFB1_10CM_efac": 1.2460126177303918,
    "J1022+1001_PDFB1_10CM_log10_tnequad": -5.606148971815192,
    "J1022+1001_PDFB1_20CM_efac": 1.286721578913927,
    "J1022+1001_PDFB1_20CM_log10_tnequad": -6.2876387616105465,
    "J1022+1001_PDFB1_early_10CM_efac": 1.648671111398496,
    "J1022+1001_PDFB1_early_10CM_log10_tnequad": -5.203519309088945,
    "J1022+1001_PDFB1_early_20CM_efac": 1.4861826075189206,
    "J1022+1001_PDFB1_early_20CM_log10_tnequad": -6.012393113132277,
    "J1022+1001_PDFB_10CM_efac": 1.081008849766737,
    "J1022+1001_PDFB_10CM_log10_tnequad": -6.002683281624478,
    "J1022+1001_PDFB_20CM_efac": 1.1414662027275113,
    "J1022+1001_PDFB_20CM_log10_tnequad": -6.457216475838074,
    "J1022+1001_PDFB_40CM_efac": 1.2622542117823692,
    "J1022+1001_PDFB_40CM_log10_tnequad": -6.243280923671077,
    "J1022+1001_UWL_CASPSR_40CM_efac": 2.151089606800671,
    "J1022+1001_UWL_CASPSR_40CM_log10_tnequad": -5.357460770768831,
    "J1022+1001_UWL_PDFB4_20CM_efac": 1.3508209044794794,
    "J1022+1001_UWL_PDFB4_20CM_log10_tnequad": -6.1504506991948285,
    "J1022+1001_UWL_sbA_efac": 1.4785936892772962,
    "J1022+1001_UWL_sbA_log10_tnequad": -5.829806422562883,
    "J1022+1001_UWL_sbB_efac": 1.346446527812711,
    "J1022+1001_UWL_sbB_log10_tnequad": -6.049951645325491,
    "J1022+1001_UWL_sbC_efac": 1.3049741470898648,
    "J1022+1001_UWL_sbC_log10_tnequad": -6.0580714186075735,
    "J1022+1001_UWL_sbD_efac": 1.312278431732038,
    "J1022+1001_UWL_sbD_log10_tnequad": -6.153813648918308,
    "J1022+1001_UWL_sbE_efac": 1.1521649717035898,
    "J1022+1001_UWL_sbE_log10_tnequad": -5.84278573343058,
    "J1022+1001_UWL_sbF_efac": 1.207299887089897,
    "J1022+1001_UWL_sbF_log10_tnequad": -6.258749180347041,
    "J1022+1001_UWL_sbG_efac": 1.320414875308074,
    "J1022+1001_UWL_sbG_log10_tnequad": -5.7452462429111115,
    "J1022+1001_UWL_sbH_efac": 1.3222696613318614,
    "J1022+1001_UWL_sbH_log10_tnequad": -5.925266223248902,
    "J1022+1001_WBCORR_10CM_efac": 1.3037646318748206,
    "J1022+1001_WBCORR_10CM_log10_tnequad": -5.744815202181256,
    "J1022+1001_basis_ecorr_10CM_log10_ecorr": -5.7213610399564505,
    "J1022+1001_basis_ecorr_10CM_uwl_log10_ecorr": -5.511511500466737,
    "J1022+1001_basis_ecorr_20CM_log10_ecorr": -5.861705582290061,
    "J1022+1001_basis_ecorr_20CM_uwl_log10_ecorr": -5.803360070109445,
    "J1022+1001_basis_ecorr_40CM_log10_ecorr": -5.936480275202999,
    "J1022+1001_basis_ecorr_40CM_uwl_log10_ecorr": -6.0502539399611015,
    "J1022+1001_basis_ecorr_all_dr2_log10_ecorr": -5.87268686448823,
    "J1022+1001_basis_ecorr_all_uwl_log10_ecorr": -5.81587763162054,
    "J1022+1001_dm_gp_gamma": 6.4799707919636385,
    "J1022+1001_dm_gp_log10_A": -13.247315276756877,
    "J1022+1001_gp_sw_gamma": 3.9850638764317776,
    "J1022+1001_gp_sw_log10_A": -6.451347961533522,
    "J1022+1001_hf_noise_gamma": 6.975175772687113,
    "J1022+1001_hf_noise_log10_A": -12.881152479939452,
    "J1022+1001_red_noise_gamma": 6.985235695981195,
    "J1022+1001_red_noise_log10_A": -13.05454777511383,
    "n_earth": 6.756875130834324,
    "nmodel": 0.4985824085842617
}