{
    "J1024-0719_CPSR2_20CM_efac": 0.8273035088733897,
    "J1024-0719_CPSR2_20CM_log10_tnequad": -9.993997601643434,
    "J1024-0719_CPSR2_50CM_efac": 0.6745043906330515,
    "J1024-0719_CPSR2_50CM_log10_tnequad": -9.993099602266934,
    "J1024-0719_PDFB1_20CM_efac": 0.817909311388747,
    "J1024-0719_PDFB1_20CM_log10_tnequad": -9.994101839999203,
    "J1024-0719_PDFB1_early_20CM_efac": 0.7033475778709694,
    "J1024-0719_PDFB1_early_20CM_log10_tnequad": -9.994721319447262,
    "J1024-0719_PDFB_10CM_efac": 0.6840799473925494,
    "J1024-0719_PDFB_10CM_log10_tnequad": -9.99234035922769,
    "J1024-0719_PDFB_20CM_efac": 0.964150935717094,
    "J1024-0719_PDFB_20CM_log10_tnequad": -9.994842124984928,
    "J1024-0719_PDFB_40CM_efac": 0.8847825524277912,
    "J1024-0719_PDFB_40CM_log10_tnequad": -9.995410028756469,
    "J1024-0719_UWL_sbA_efac": 0.8366243957962254,
    "J1024-0719_UWL_sbA_log10_tnequad": -9.994584009024303,
    "J1024-0719_UWL_sbB_efac": 0.8355884397776046,
    "J1024-0719_UWL_sbB_log10_tnequad": -9.993481876695084,
    "J1024-0719_UWL_sbC_efac": 0.7320272974289159,
    "J1024-0719_UWL_sbC_log10_tnequad": -9.994206561000189,
    "J1024-0719_UWL_sbD_efac": 0.7784426352268891,
    "J1024-0719_UWL_sbD_log10_tnequad": -9.994301399842852,
    "J1024-0719_UWL_sbE_efac": 0.7974985160562376,
    "J1024-0719_UWL_sbE_log10_tnequad": -9.994954096341441,
    "J1024-0719_UWL_sbF_efac": 0.7286023752836165,
    "J1024-0719_UWL_sbF_log10_tnequad": -9.9927249581255,
    "J1024-0719_UWL_sbG_efac": 0.6040637454243681,
    "J1024-0719_UWL_sbG_log10_tnequad": -9.995024663245939,
    "J1024-0719_UWL_sbH_efac": 0.29180797219041366,
    "J1024-0719_UWL_sbH_log10_tnequad": -9.991960105638666,
    "J1024-0719_basis_ecorr_10CM_log10_ecorr": -9.994436621917089,
    "J1024-0719_basis_ecorr_10CM_uwl_log10_ecorr": -9.994375615111078,
    "J1024-0719_basis_ecorr_20CM_log10_ecorr": -9.994605437268524,
    "J1024-0719_basis_ecorr_20CM_uwl_log10_ecorr": -9.994168774390774,
    "J1024-0719_basis_ecorr_40CM_log10_ecorr": -9.994313486621305,
    "J1024-0719_basis_ecorr_40CM_uwl_log10_ecorr": -9.994851711646342,
    "J1024-0719_basis_ecorr_all_dr2_log10_ecorr": -9.99386880640535,
    "J1024-0719_basis_ecorr_all_uwl_log10_ecorr": -9.995802099386298,
    "J1024-0719_dm_gp_gamma": 2.032867321954045,
    "J1024-0719_dm_gp_log10_A": -15.60760210146297,
    "J1024-0719_gp_sw_gamma": -3.9767563547316884,
    "J1024-0719_gp_sw_log10_A": -9.99366770143131,
    "J1024-0719_red_noise_gamma": 0.008946207064135982,
    "J1024-0719_red_noise_log10_A": -19.991822614985452,
    "n_earth": 0.004524930690830931,
    "nmodel": -0.4984934888701284
}