{
    "J1024-0719_CPSR2_20CM_efac": 0.8275183048142644,
    "J1024-0719_CPSR2_20CM_log10_tnequad": -9.99344481756805,
    "J1024-0719_CPSR2_50CM_efac": 0.6792209764634826,
    "J1024-0719_CPSR2_50CM_log10_tnequad": -9.993169780269293,
    "J1024-0719_PDFB1_20CM_efac": 0.8158610185625927,
    "J1024-0719_PDFB1_20CM_log10_tnequad": -9.994411938251874,
    "J1024-0719_PDFB1_early_20CM_efac": 0.7001439625437431,
    "J1024-0719_PDFB1_early_20CM_log10_tnequad": -9.99448152769823,
    "J1024-0719_PDFB_10CM_efac": 0.6860993537138225,
    "J1024-0719_PDFB_10CM_log10_tnequad": -9.993146720766665,
    "J1024-0719_PDFB_20CM_efac": 0.9614506350344212,
    "J1024-0719_PDFB_20CM_log10_tnequad": -9.994050671605503,
    "J1024-0719_PDFB_40CM_efac": 0.8836940103169179,
    "J1024-0719_PDFB_40CM_log10_tnequad": -9.994115908404796,
    "J1024-0719_UWL_sbA_efac": 0.8337426157607486,
    "J1024-0719_UWL_sbA_log10_tnequad": -9.9937329743314,
    "J1024-0719_UWL_sbB_efac": 0.8359440740182524,
    "J1024-0719_UWL_sbB_log10_tnequad": -9.993896662028732,
    "J1024-0719_UWL_sbC_efac": 0.739526274187516,
    "J1024-0719_UWL_sbC_log10_tnequad": -9.994471347481872,
    "J1024-0719_UWL_sbD_efac": 0.7800874505579948,
    "J1024-0719_UWL_sbD_log10_tnequad": -9.99530508655949,
    "J1024-0719_UWL_sbE_efac": 0.7960183101121164,
    "J1024-0719_UWL_sbE_log10_tnequad": -9.993884761537103,
    "J1024-0719_UWL_sbF_efac": 0.7322852906180722,
    "J1024-0719_UWL_sbF_log10_tnequad": -9.994545834416172,
    "J1024-0719_UWL_sbG_efac": 0.5520772137260656,
    "J1024-0719_UWL_sbG_log10_tnequad": -9.99422143130143,
    "J1024-0719_UWL_sbH_efac": 0.2782583905753268,
    "J1024-0719_UWL_sbH_log10_tnequad": -9.992888402795195,
    "J1024-0719_basis_ecorr_10CM_log10_ecorr": -9.99253712359592,
    "J1024-0719_basis_ecorr_10CM_uwl_log10_ecorr": -9.992514557565316,
    "J1024-0719_basis_ecorr_20CM_log10_ecorr": -9.993882674134689,
    "J1024-0719_basis_ecorr_20CM_uwl_log10_ecorr": -9.993903439316922,
    "J1024-0719_basis_ecorr_40CM_log10_ecorr": -9.994086356657238,
    "J1024-0719_basis_ecorr_40CM_uwl_log10_ecorr": -9.994373673520903,
    "J1024-0719_basis_ecorr_all_dr2_log10_ecorr": -9.994567780715299,
    "J1024-0719_basis_ecorr_all_uwl_log10_ecorr": -9.995025872114836,
    "J1024-0719_dm_gp_gamma": 2.036664644805452,
    "J1024-0719_dm_gp_log10_A": -15.570369627059883,
    "J1024-0719_red_noise_gamma": 0.009074851230733039,
    "J1024-0719_red_noise_log10_A": -19.990831397371913,
    "nmodel": -0.49851573431577595
}