{
    "J1024-0719_CPSR2_20CM_efac": 1.409185941996955,
    "J1024-0719_CPSR2_20CM_log10_tnequad": -5.557016426538005,
    "J1024-0719_CPSR2_50CM_efac": 1.5435199003792581,
    "J1024-0719_CPSR2_50CM_log10_tnequad": -5.5378182272851735,
    "J1024-0719_PDFB1_20CM_efac": 1.3034843160290852,
    "J1024-0719_PDFB1_20CM_log10_tnequad": -5.944115416053404,
    "J1024-0719_PDFB1_early_20CM_efac": 1.2449316472962788,
    "J1024-0719_PDFB1_early_20CM_log10_tnequad": -6.1607272115032,
    "J1024-0719_PDFB_10CM_efac": 1.1574913368111237,
    "J1024-0719_PDFB_10CM_log10_tnequad": -5.512437180526481,
    "J1024-0719_PDFB_20CM_efac": 1.154512709316644,
    "J1024-0719_PDFB_20CM_log10_tnequad": -6.308643429891764,
    "J1024-0719_PDFB_40CM_efac": 1.2134284199996939,
    "J1024-0719_PDFB_40CM_log10_tnequad": -6.010760622019524,
    "J1024-0719_UWL_sbA_efac": 1.8104349960145696,
    "J1024-0719_UWL_sbA_log10_tnequad": -5.758535855198198,
    "J1024-0719_UWL_sbB_efac": 1.3745329942315345,
    "J1024-0719_UWL_sbB_log10_tnequad": -5.917175984269599,
    "J1024-0719_UWL_sbC_efac": 1.3764895050899095,
    "J1024-0719_UWL_sbC_log10_tnequad": -6.00671948700582,
    "J1024-0719_UWL_sbD_efac": 1.214328647349434,
    "J1024-0719_UWL_sbD_log10_tnequad": -6.330073191185396,
    "J1024-0719_UWL_sbE_efac": 1.2512423361436416,
    "J1024-0719_UWL_sbE_log10_tnequad": -6.147813339984253,
    "J1024-0719_UWL_sbF_efac": 1.1169313978644313,
    "J1024-0719_UWL_sbF_log10_tnequad": -5.9847988808760375,
    "J1024-0719_UWL_sbG_efac": 1.1284086135088551,
    "J1024-0719_UWL_sbG_log10_tnequad": -5.643292652138262,
    "J1024-0719_UWL_sbH_efac": 1.2817974253261648,
    "J1024-0719_UWL_sbH_log10_tnequad": -5.40472916179851,
    "J1024-0719_basis_ecorr_10CM_log10_ecorr": -5.422704019081548,
    "J1024-0719_basis_ecorr_10CM_uwl_log10_ecorr": -5.717885623388356,
    "J1024-0719_basis_ecorr_20CM_log10_ecorr": -6.33864558681249,
    "J1024-0719_basis_ecorr_20CM_uwl_log10_ecorr": -6.266286911524018,
    "J1024-0719_basis_ecorr_40CM_log10_ecorr": -5.995125814123884,
    "J1024-0719_basis_ecorr_40CM_uwl_log10_ecorr": -6.029707888877622,
    "J1024-0719_basis_ecorr_all_dr2_log10_ecorr": -6.363201594234599,
    "J1024-0719_basis_ecorr_all_uwl_log10_ecorr": -6.48317639571503,
    "J1024-0719_dm_gp_gamma": 6.9244293192390085,
    "J1024-0719_dm_gp_log10_A": -13.287235965592147,
    "J1024-0719_gp_sw_gamma": 3.9895296996099607,
    "J1024-0719_gp_sw_log10_A": -5.969961196692178,
    "J1024-0719_red_noise_gamma": 6.984969030540028,
    "J1024-0719_red_noise_log10_A": -13.245960578104489,
    "n_earth": 8.266289751829971,
    "nmodel": 0.4985631784851881
}