{
    "J1024-0719_CPSR2_20CM_efac": 0.8579792695838357,
    "J1024-0719_CPSR2_20CM_log10_tnequad": -9.992870313622277,
    "J1024-0719_CPSR2_50CM_efac": 0.6671761790865458,
    "J1024-0719_CPSR2_50CM_log10_tnequad": -9.992561343657144,
    "J1024-0719_PDFB1_20CM_efac": 0.814201079077392,
    "J1024-0719_PDFB1_20CM_log10_tnequad": -9.994469789293781,
    "J1024-0719_PDFB1_early_20CM_efac": 0.6973146476203761,
    "J1024-0719_PDFB1_early_20CM_log10_tnequad": -9.995293982981167,
    "J1024-0719_PDFB_10CM_efac": 0.6822443791696091,
    "J1024-0719_PDFB_10CM_log10_tnequad": -9.992993028317407,
    "J1024-0719_PDFB_20CM_efac": 0.9610877121784164,
    "J1024-0719_PDFB_20CM_log10_tnequad": -9.995069100526903,
    "J1024-0719_PDFB_40CM_efac": 0.8863913863079119,
    "J1024-0719_PDFB_40CM_log10_tnequad": -9.99424327090608,
    "J1024-0719_UWL_sbA_efac": 0.8273667235394508,
    "J1024-0719_UWL_sbA_log10_tnequad": -9.994736115010792,
    "J1024-0719_UWL_sbB_efac": 0.8380449525343947,
    "J1024-0719_UWL_sbB_log10_tnequad": -9.994707606523017,
    "J1024-0719_UWL_sbC_efac": 0.7333142086600115,
    "J1024-0719_UWL_sbC_log10_tnequad": -9.994541071173572,
    "J1024-0719_UWL_sbD_efac": 0.7825561050314401,
    "J1024-0719_UWL_sbD_log10_tnequad": -9.995108244254505,
    "J1024-0719_UWL_sbE_efac": 0.789686405343442,
    "J1024-0719_UWL_sbE_log10_tnequad": -9.99462360915303,
    "J1024-0719_UWL_sbF_efac": 0.7347836558588464,
    "J1024-0719_UWL_sbF_log10_tnequad": -9.994639005841744,
    "J1024-0719_UWL_sbG_efac": 0.5963987444892576,
    "J1024-0719_UWL_sbG_log10_tnequad": -9.993194717766974,
    "J1024-0719_UWL_sbH_efac": 0.26438982525563626,
    "J1024-0719_UWL_sbH_log10_tnequad": -9.993199318832986,
    "J1024-0719_basis_ecorr_10CM_log10_ecorr": -9.992568347652192,
    "J1024-0719_basis_ecorr_10CM_uwl_log10_ecorr": -9.99271671513953,
    "J1024-0719_basis_ecorr_20CM_log10_ecorr": -9.995129490374941,
    "J1024-0719_basis_ecorr_20CM_uwl_log10_ecorr": -9.993393939241844,
    "J1024-0719_basis_ecorr_40CM_log10_ecorr": -9.994710267679793,
    "J1024-0719_basis_ecorr_40CM_uwl_log10_ecorr": -9.99435503610392,
    "J1024-0719_basis_ecorr_all_dr2_log10_ecorr": -9.994622737415854,
    "J1024-0719_basis_ecorr_all_uwl_log10_ecorr": -9.995527285800867,
    "J1024-0719_dm_gp_gamma": 2.0410442048619784,
    "J1024-0719_dm_gp_log10_A": -15.61687411462077,
    "J1024-0719_gp_sw_gamma": -3.977814051771611,
    "J1024-0719_gp_sw_log10_A": -9.99391978147693,
    "J1024-0719_red_noise_gamma": 0.009075203330554458,
    "J1024-0719_red_noise_log10_A": -19.99092763527063,
    "n_earth": 0.004897599678375133,
    "nmodel": -0.49851210315811284
}