{
    "J1022+1001_CASPSR_40CM_efac": 0.9008874743899016,
    "J1022+1001_CASPSR_40CM_log10_tnequad": -9.990518884643182,
    "J1022+1001_CPSR2_20CM_efac": 0.9906365134848214,
    "J1022+1001_CPSR2_20CM_log10_tnequad": -5.69148158917744,
    "J1022+1001_CPSR2_50CM_efac": 0.86321758164428,
    "J1022+1001_CPSR2_50CM_log10_tnequad": -9.991136733808712,
    "J1022+1001_PDFB1_10CM_efac": 0.7777807332415481,
    "J1022+1001_PDFB1_10CM_log10_tnequad": -9.990631728735597,
    "J1022+1001_PDFB1_20CM_efac": 0.9163612228158345,
    "J1022+1001_PDFB1_20CM_log10_tnequad": -9.995205176500452,
    "J1022+1001_PDFB1_early_10CM_efac": 0.5211646009163593,
    "J1022+1001_PDFB1_early_10CM_log10_tnequad": -9.995180763644958,
    "J1022+1001_PDFB1_early_20CM_efac": 0.8390206110136496,
    "J1022+1001_PDFB1_early_20CM_log10_tnequad": -9.991507467643569,
    "J1022+1001_PDFB_10CM_efac": 0.8826488123205697,
    "J1022+1001_PDFB_10CM_log10_tnequad": -9.993086824722978,
    "J1022+1001_PDFB_20CM_efac": 0.9719818769445232,
    "J1022+1001_PDFB_20CM_log10_tnequad": -9.99094961790718,
    "J1022+1001_PDFB_40CM_efac": 0.9831954511979482,
    "J1022+1001_PDFB_40CM_log10_tnequad": -9.99607373183242,
    "J1022+1001_UWL_CASPSR_40CM_efac": 0.9642305591235137,
    "J1022+1001_UWL_CASPSR_40CM_log10_tnequad": -9.994529050947099,
    "J1022+1001_UWL_PDFB4_20CM_efac": 0.9048608817920655,
    "J1022+1001_UWL_PDFB4_20CM_log10_tnequad": -9.995599752980427,
    "J1022+1001_UWL_sbA_efac": 0.8500439616317514,
    "J1022+1001_UWL_sbA_log10_tnequad": -9.993167921345009,
    "J1022+1001_UWL_sbB_efac": 0.9245647469711163,
    "J1022+1001_UWL_sbB_log10_tnequad": -9.992818373211456,
    "J1022+1001_UWL_sbC_efac": 0.8675741627784893,
    "J1022+1001_UWL_sbC_log10_tnequad": -9.993447115972732,
    "J1022+1001_UWL_sbD_efac": 0.9152555051004359,
    "J1022+1001_UWL_sbD_log10_tnequad": -9.990893380728183,
    "J1022+1001_UWL_sbE_efac": 0.49738235632475847,
    "J1022+1001_UWL_sbE_log10_tnequad": -9.996961698203545,
    "J1022+1001_UWL_sbF_efac": 0.8797271868046775,
    "J1022+1001_UWL_sbF_log10_tnequad": -9.99325564360457,
    "J1022+1001_UWL_sbG_efac": 0.696223409810452,
    "J1022+1001_UWL_sbG_log10_tnequad": -9.996103175397819,
    "J1022+1001_UWL_sbH_efac": 0.8842417205882654,
    "J1022+1001_UWL_sbH_log10_tnequad": -9.993164905724845,
    "J1022+1001_WBCORR_10CM_efac": 0.9292541904114483,
    "J1022+1001_WBCORR_10CM_log10_tnequad": -9.989321948245264,
    "J1022+1001_basis_ecorr_10CM_log10_ecorr": -9.36710291104712,
    "J1022+1001_basis_ecorr_10CM_uwl_log10_ecorr": -5.850055024748904,
    "J1022+1001_basis_ecorr_20CM_log10_ecorr": -9.985520151896205,
    "J1022+1001_basis_ecorr_20CM_uwl_log10_ecorr": -9.755793704722791,
    "J1022+1001_basis_ecorr_40CM_log10_ecorr": -9.994536864032478,
    "J1022+1001_basis_ecorr_40CM_uwl_log10_ecorr": -9.99377127390188,
    "J1022+1001_basis_ecorr_all_dr2_log10_ecorr": -9.970854911385016,
    "J1022+1001_basis_ecorr_all_uwl_log10_ecorr": -9.97960321707836,
    "J1022+1001_dm_gp_gamma": 0.885654632132144,
    "J1022+1001_dm_gp_log10_A": -15.749271228377376,
    "J1022+1001_gp_sw_gamma": -3.979901747687493,
    "J1022+1001_gp_sw_log10_A": -9.99552283788992,
    "J1022+1001_hf_noise_gamma": 0.006372932080252802,
    "J1022+1001_hf_noise_log10_A": -19.978792391831444,
    "J1022+1001_red_noise_gamma": 0.013131701589804189,
    "J1022+1001_red_noise_log10_A": -19.99111253924123,
    "n_earth": 3.1292572931969875,
    "nmodel": -0.4985320013758254
}