{
    "J1045-4509_CASPSR_40CM_efac": 1.8916128491176878,
    "J1045-4509_CASPSR_40CM_log10_tnequad": -5.601121356766518,
    "J1045-4509_CPSR2_20CM_efac": 1.1819208408989035,
    "J1045-4509_CPSR2_20CM_log10_tnequad": -5.369255697481175,
    "J1045-4509_CPSR2_50CM_efac": 1.2643892723342411,
    "J1045-4509_CPSR2_50CM_log10_tnequad": -5.540884372787569,
    "J1045-4509_PDFB1_20CM_efac": 1.546350733476972,
    "J1045-4509_PDFB1_20CM_log10_tnequad": -5.438903065079553,
    "J1045-4509_PDFB1_early_20CM_efac": 1.9880406423544132,
    "J1045-4509_PDFB1_early_20CM_log10_tnequad": -5.44105388180376,
    "J1045-4509_PDFB_10CM_efac": 1.1447197834425946,
    "J1045-4509_PDFB_10CM_log10_tnequad": -5.223815164666863,
    "J1045-4509_PDFB_20CM_efac": 1.0819328868707088,
    "J1045-4509_PDFB_20CM_log10_tnequad": -5.686280705507516,
    "J1045-4509_PDFB_40CM_efac": 1.0681423479635808,
    "J1045-4509_PDFB_40CM_log10_tnequad": -5.6653701705208235,
    "J1045-4509_UWL_PDFB4_20CM_efac": 1.6599752172004936,
    "J1045-4509_UWL_PDFB4_20CM_log10_tnequad": -5.372681341553959,
    "J1045-4509_UWL_sbA_efac": 1.5430749638658543,
    "J1045-4509_UWL_sbA_log10_tnequad": -5.694428838694349,
    "J1045-4509_UWL_sbB_efac": 1.2309958687763294,
    "J1045-4509_UWL_sbB_log10_tnequad": -5.7358910312208025,
    "J1045-4509_UWL_sbC_efac": 1.3573522100888455,
    "J1045-4509_UWL_sbC_log10_tnequad": -5.558864897842685,
    "J1045-4509_UWL_sbD_efac": 1.4624275336889327,
    "J1045-4509_UWL_sbD_log10_tnequad": -5.726497359982848,
    "J1045-4509_UWL_sbE_efac": 1.2645047768251982,
    "J1045-4509_UWL_sbE_log10_tnequad": -5.639505737968408,
    "J1045-4509_UWL_sbF_efac": 1.2455372752539742,
    "J1045-4509_UWL_sbF_log10_tnequad": -5.437360373142773,
    "J1045-4509_UWL_sbG_efac": 1.4588685178143102,
    "J1045-4509_UWL_sbG_log10_tnequad": -5.109834508646375,
    "J1045-4509_UWL_sbH_efac": 1.2290298548346275,
    "J1045-4509_UWL_sbH_log10_tnequad": -5.171158643029093,
    "J1045-4509_band_noise_low_gamma": 6.983632384004322,
    "J1045-4509_band_noise_low_log10_A": -12.589399365056286,
    "J1045-4509_basis_ecorr_10CM_log10_ecorr": -5.459413530773316,
    "J1045-4509_basis_ecorr_10CM_uwl_log10_ecorr": -5.505389081516178,
    "J1045-4509_basis_ecorr_20CM_log10_ecorr": -6.118090076752012,
    "J1045-4509_basis_ecorr_20CM_uwl_log10_ecorr": -5.994175108058816,
    "J1045-4509_basis_ecorr_40CM_log10_ecorr": -5.746119556435582,
    "J1045-4509_basis_ecorr_40CM_uwl_log10_ecorr": -5.846687035433042,
    "J1045-4509_basis_ecorr_all_dr2_log10_ecorr": -6.0991562469014795,
    "J1045-4509_basis_ecorr_all_uwl_log10_ecorr": -5.885443362798995,
    "J1045-4509_chrom_gp_gamma": 6.983382828905539,
    "J1045-4509_chrom_gp_log10_A": -13.090584046375232,
    "J1045-4509_dm_gp_gamma": 3.5545909773328472,
    "J1045-4509_dm_gp_log10_A": -12.273583752729575,
    "J1045-4509_gp_sw_gamma": 3.9858208517354567,
    "J1045-4509_gp_sw_log10_A": -5.447663360572367,
    "J1045-4509_red_noise_gamma": 6.975288869962787,
    "J1045-4509_red_noise_log10_A": -12.323750720071708,
    "n_earth": 19.951952198089195,
    "nmodel": 0.49843686580431834
}