{
    "J1045-4509_CASPSR_40CM_efac": 1.2389019729786042,
    "J1045-4509_CASPSR_40CM_log10_tnequad": -9.993842679070617,
    "J1045-4509_CPSR2_20CM_efac": 0.9366495073395908,
    "J1045-4509_CPSR2_20CM_log10_tnequad": -9.993280764969033,
    "J1045-4509_CPSR2_50CM_efac": 1.0097017333268141,
    "J1045-4509_CPSR2_50CM_log10_tnequad": -9.992832196002785,
    "J1045-4509_PDFB1_20CM_efac": 0.6976104758345398,
    "J1045-4509_PDFB1_20CM_log10_tnequad": -9.992387026738744,
    "J1045-4509_PDFB1_early_20CM_efac": 1.1281545912627207,
    "J1045-4509_PDFB1_early_20CM_log10_tnequad": -9.992079689760844,
    "J1045-4509_PDFB_10CM_efac": 0.8878832448785775,
    "J1045-4509_PDFB_10CM_log10_tnequad": -9.9932427788227,
    "J1045-4509_PDFB_20CM_efac": 0.8411331605875336,
    "J1045-4509_PDFB_20CM_log10_tnequad": -9.991470091446487,
    "J1045-4509_PDFB_40CM_efac": 0.8316497706313863,
    "J1045-4509_PDFB_40CM_log10_tnequad": -9.99372309821215,
    "J1045-4509_UWL_PDFB4_20CM_efac": 0.775193342692927,
    "J1045-4509_UWL_PDFB4_20CM_log10_tnequad": -9.993014594551266,
    "J1045-4509_UWL_sbA_efac": 1.0516726161960794,
    "J1045-4509_UWL_sbA_log10_tnequad": -9.994440662689243,
    "J1045-4509_UWL_sbB_efac": 0.8627669240184267,
    "J1045-4509_UWL_sbB_log10_tnequad": -9.993286305663062,
    "J1045-4509_UWL_sbC_efac": 0.9453630178206596,
    "J1045-4509_UWL_sbC_log10_tnequad": -9.99299121134829,
    "J1045-4509_UWL_sbD_efac": 1.0093788046918648,
    "J1045-4509_UWL_sbD_log10_tnequad": -9.993765976008708,
    "J1045-4509_UWL_sbE_efac": 0.8907324726652692,
    "J1045-4509_UWL_sbE_log10_tnequad": -9.994671322148823,
    "J1045-4509_UWL_sbF_efac": 0.7700254763874904,
    "J1045-4509_UWL_sbF_log10_tnequad": -9.991630541364254,
    "J1045-4509_UWL_sbG_efac": 0.793007411538345,
    "J1045-4509_UWL_sbG_log10_tnequad": -9.991003464347328,
    "J1045-4509_UWL_sbH_efac": 0.6861963468818962,
    "J1045-4509_UWL_sbH_log10_tnequad": -9.993435809807666,
    "J1045-4509_band_noise_low_gamma": 0.008118568307371787,
    "J1045-4509_band_noise_low_log10_A": -19.990800496422278,
    "J1045-4509_basis_ecorr_10CM_log10_ecorr": -9.992385676615026,
    "J1045-4509_basis_ecorr_10CM_uwl_log10_ecorr": -9.993446034995587,
    "J1045-4509_basis_ecorr_20CM_log10_ecorr": -9.995043799175093,
    "J1045-4509_basis_ecorr_20CM_uwl_log10_ecorr": -9.994292320874571,
    "J1045-4509_basis_ecorr_40CM_log10_ecorr": -9.99187114614647,
    "J1045-4509_basis_ecorr_40CM_uwl_log10_ecorr": -9.994852015749286,
    "J1045-4509_basis_ecorr_all_dr2_log10_ecorr": -9.994260986831875,
    "J1045-4509_basis_ecorr_all_uwl_log10_ecorr": -9.992503700627466,
    "J1045-4509_chrom_gp_gamma": 0.4666703860990625,
    "J1045-4509_chrom_gp_log10_A": -19.043935433899115,
    "J1045-4509_dm_gp_gamma": 2.425009015629381,
    "J1045-4509_dm_gp_log10_A": -12.487934454246702,
    "J1045-4509_red_noise_gamma": 0.0032725722210402985,
    "J1045-4509_red_noise_log10_A": -19.982849229548492,
    "nmodel": -0.49851722813786836
}