{
    "J1045-4509_CASPSR_40CM_efac": 2.4189582507148084,
    "J1045-4509_CASPSR_40CM_log10_tnequad": -5.670185135215347,
    "J1045-4509_CPSR2_20CM_efac": 1.1806231817100707,
    "J1045-4509_CPSR2_20CM_log10_tnequad": -5.307202853126775,
    "J1045-4509_CPSR2_50CM_efac": 1.316774774755929,
    "J1045-4509_CPSR2_50CM_log10_tnequad": -5.437794723003423,
    "J1045-4509_PDFB1_20CM_efac": 1.6049849594266783,
    "J1045-4509_PDFB1_20CM_log10_tnequad": -5.362494051323219,
    "J1045-4509_PDFB1_early_20CM_efac": 2.1067899243270127,
    "J1045-4509_PDFB1_early_20CM_log10_tnequad": -5.4839297080591445,
    "J1045-4509_PDFB_10CM_efac": 1.139038077428956,
    "J1045-4509_PDFB_10CM_log10_tnequad": -5.226265525043178,
    "J1045-4509_PDFB_20CM_efac": 1.083659955907451,
    "J1045-4509_PDFB_20CM_log10_tnequad": -5.504238998084972,
    "J1045-4509_PDFB_40CM_efac": 1.0615511330983516,
    "J1045-4509_PDFB_40CM_log10_tnequad": -5.6311463917668725,
    "J1045-4509_UWL_PDFB4_20CM_efac": 1.7683428068609186,
    "J1045-4509_UWL_PDFB4_20CM_log10_tnequad": -5.400103904749833,
    "J1045-4509_UWL_sbA_efac": 2.5361760451166724,
    "J1045-4509_UWL_sbA_log10_tnequad": -5.71799320950405,
    "J1045-4509_UWL_sbB_efac": 1.2312605934813523,
    "J1045-4509_UWL_sbB_log10_tnequad": -5.784993820772653,
    "J1045-4509_UWL_sbC_efac": 2.1869886817226445,
    "J1045-4509_UWL_sbC_log10_tnequad": -5.434406504723067,
    "J1045-4509_UWL_sbD_efac": 1.501044275787883,
    "J1045-4509_UWL_sbD_log10_tnequad": -5.718240874467836,
    "J1045-4509_UWL_sbE_efac": 1.4244463462496586,
    "J1045-4509_UWL_sbE_log10_tnequad": -5.613585369848475,
    "J1045-4509_UWL_sbF_efac": 1.2492309153633707,
    "J1045-4509_UWL_sbF_log10_tnequad": -5.413895316866969,
    "J1045-4509_UWL_sbG_efac": 2.4517311191009603,
    "J1045-4509_UWL_sbG_log10_tnequad": -5.02591259483255,
    "J1045-4509_UWL_sbH_efac": 1.294600341622821,
    "J1045-4509_UWL_sbH_log10_tnequad": -5.174399971250259,
    "J1045-4509_band_noise_low_gamma": 6.9849968175751656,
    "J1045-4509_band_noise_low_log10_A": -12.571336745855366,
    "J1045-4509_basis_ecorr_10CM_log10_ecorr": -5.459295212830607,
    "J1045-4509_basis_ecorr_10CM_uwl_log10_ecorr": -5.4985623800963905,
    "J1045-4509_basis_ecorr_20CM_log10_ecorr": -6.12129880472574,
    "J1045-4509_basis_ecorr_20CM_uwl_log10_ecorr": -6.010227204590806,
    "J1045-4509_basis_ecorr_40CM_log10_ecorr": -5.746110482230813,
    "J1045-4509_basis_ecorr_40CM_uwl_log10_ecorr": -5.844049591119394,
    "J1045-4509_basis_ecorr_all_dr2_log10_ecorr": -6.0882244766994615,
    "J1045-4509_basis_ecorr_all_uwl_log10_ecorr": -5.871920649592983,
    "J1045-4509_chrom_gp_gamma": 6.987876472692272,
    "J1045-4509_chrom_gp_log10_A": -13.091349140916721,
    "J1045-4509_dm_gp_gamma": 3.5486988402763457,
    "J1045-4509_dm_gp_log10_A": -12.270698019141596,
    "J1045-4509_gp_sw_gamma": 3.9835039190798893,
    "J1045-4509_gp_sw_log10_A": -5.4413418437413945,
    "J1045-4509_red_noise_gamma": 6.976495758115506,
    "J1045-4509_red_noise_log10_A": -12.320452531113556,
    "n_earth": 19.944593594011522,
    "nmodel": 0.49866021369355384
}