{
    "J1045-4509_CASPSR_40CM_efac": 1.2430207646418059,
    "J1045-4509_CASPSR_40CM_log10_tnequad": -9.994365608550256,
    "J1045-4509_CPSR2_20CM_efac": 0.9251193636335125,
    "J1045-4509_CPSR2_20CM_log10_tnequad": -9.992546806210864,
    "J1045-4509_CPSR2_50CM_efac": 1.0080555486239464,
    "J1045-4509_CPSR2_50CM_log10_tnequad": -9.991283811793922,
    "J1045-4509_PDFB1_20CM_efac": 0.7478670184534555,
    "J1045-4509_PDFB1_20CM_log10_tnequad": -9.99274398365836,
    "J1045-4509_PDFB1_early_20CM_efac": 1.1435319868528129,
    "J1045-4509_PDFB1_early_20CM_log10_tnequad": -9.993468968953497,
    "J1045-4509_PDFB_10CM_efac": 0.9200415702288358,
    "J1045-4509_PDFB_10CM_log10_tnequad": -9.99313601881236,
    "J1045-4509_PDFB_20CM_efac": 0.8459781915703112,
    "J1045-4509_PDFB_20CM_log10_tnequad": -9.991206894122007,
    "J1045-4509_PDFB_40CM_efac": 0.832753620105606,
    "J1045-4509_PDFB_40CM_log10_tnequad": -9.992363213335068,
    "J1045-4509_UWL_PDFB4_20CM_efac": 0.7492884011079093,
    "J1045-4509_UWL_PDFB4_20CM_log10_tnequad": -9.992119385034485,
    "J1045-4509_UWL_sbA_efac": 1.0440813636412967,
    "J1045-4509_UWL_sbA_log10_tnequad": -9.993095900541915,
    "J1045-4509_UWL_sbB_efac": 0.8532733173567424,
    "J1045-4509_UWL_sbB_log10_tnequad": -9.99442652090426,
    "J1045-4509_UWL_sbC_efac": 0.9368694809720207,
    "J1045-4509_UWL_sbC_log10_tnequad": -9.992607346795838,
    "J1045-4509_UWL_sbD_efac": 1.0239319171596653,
    "J1045-4509_UWL_sbD_log10_tnequad": -9.992801600952864,
    "J1045-4509_UWL_sbE_efac": 0.8880797267430924,
    "J1045-4509_UWL_sbE_log10_tnequad": -9.994548440808646,
    "J1045-4509_UWL_sbF_efac": 0.7612456685318357,
    "J1045-4509_UWL_sbF_log10_tnequad": -9.987920992577102,
    "J1045-4509_UWL_sbG_efac": 0.8338840228477501,
    "J1045-4509_UWL_sbG_log10_tnequad": -9.99431443996232,
    "J1045-4509_UWL_sbH_efac": 0.7354229303950832,
    "J1045-4509_UWL_sbH_log10_tnequad": -9.99117044387941,
    "J1045-4509_band_noise_low_gamma": 0.007538584864101831,
    "J1045-4509_band_noise_low_log10_A": -19.990891158275,
    "J1045-4509_basis_ecorr_10CM_log10_ecorr": -9.993287107179567,
    "J1045-4509_basis_ecorr_10CM_uwl_log10_ecorr": -9.994161141768883,
    "J1045-4509_basis_ecorr_20CM_log10_ecorr": -9.994079655187178,
    "J1045-4509_basis_ecorr_20CM_uwl_log10_ecorr": -9.994815047110793,
    "J1045-4509_basis_ecorr_40CM_log10_ecorr": -9.99357900535922,
    "J1045-4509_basis_ecorr_40CM_uwl_log10_ecorr": -9.994131128870173,
    "J1045-4509_basis_ecorr_all_dr2_log10_ecorr": -9.995492415967856,
    "J1045-4509_basis_ecorr_all_uwl_log10_ecorr": -9.990975743535405,
    "J1045-4509_chrom_gp_gamma": 0.4588215599598321,
    "J1045-4509_chrom_gp_log10_A": -18.992672174680006,
    "J1045-4509_dm_gp_gamma": 2.422865090017239,
    "J1045-4509_dm_gp_log10_A": -12.487983991954831,
    "J1045-4509_gp_sw_gamma": -3.9854354670247076,
    "J1045-4509_gp_sw_log10_A": -9.994013851595742,
    "J1045-4509_red_noise_gamma": 0.002493487579902918,
    "J1045-4509_red_noise_log10_A": -19.98588771384535,
    "n_earth": 0.017446858741085296,
    "nmodel": -0.49851171853116194
}