{
    "J1045-4509_CASPSR_40CM_efac": 1.9138660019319156,
    "J1045-4509_CASPSR_40CM_log10_tnequad": -5.623260901814311,
    "J1045-4509_CPSR2_20CM_efac": 1.1804576482370672,
    "J1045-4509_CPSR2_20CM_log10_tnequad": -5.391868382065496,
    "J1045-4509_CPSR2_50CM_efac": 1.265237616127694,
    "J1045-4509_CPSR2_50CM_log10_tnequad": -5.538481507398108,
    "J1045-4509_PDFB1_20CM_efac": 1.5288147451132152,
    "J1045-4509_PDFB1_20CM_log10_tnequad": -5.422288909765806,
    "J1045-4509_PDFB1_early_20CM_efac": 1.9230328934289447,
    "J1045-4509_PDFB1_early_20CM_log10_tnequad": -5.44984048968531,
    "J1045-4509_PDFB_10CM_efac": 1.142321470464246,
    "J1045-4509_PDFB_10CM_log10_tnequad": -5.173370476565068,
    "J1045-4509_PDFB_20CM_efac": 1.0817130779255124,
    "J1045-4509_PDFB_20CM_log10_tnequad": -5.68041154309967,
    "J1045-4509_PDFB_40CM_efac": 1.0687824527101089,
    "J1045-4509_PDFB_40CM_log10_tnequad": -5.666424061080103,
    "J1045-4509_UWL_PDFB4_20CM_efac": 1.6428279208943046,
    "J1045-4509_UWL_PDFB4_20CM_log10_tnequad": -5.381788044076025,
    "J1045-4509_UWL_sbA_efac": 1.5289746998640683,
    "J1045-4509_UWL_sbA_log10_tnequad": -5.700981572599039,
    "J1045-4509_UWL_sbB_efac": 1.2214775359748333,
    "J1045-4509_UWL_sbB_log10_tnequad": -5.741745310002132,
    "J1045-4509_UWL_sbC_efac": 1.3334523977830957,
    "J1045-4509_UWL_sbC_log10_tnequad": -5.5695668020588,
    "J1045-4509_UWL_sbD_efac": 1.441937906781235,
    "J1045-4509_UWL_sbD_log10_tnequad": -5.73544552491112,
    "J1045-4509_UWL_sbE_efac": 1.2697103196642743,
    "J1045-4509_UWL_sbE_log10_tnequad": -5.668175057773193,
    "J1045-4509_UWL_sbF_efac": 1.2513593921356014,
    "J1045-4509_UWL_sbF_log10_tnequad": -5.432103371228885,
    "J1045-4509_UWL_sbG_efac": 1.4222089442245138,
    "J1045-4509_UWL_sbG_log10_tnequad": -5.103385468705726,
    "J1045-4509_UWL_sbH_efac": 1.2479233150802054,
    "J1045-4509_UWL_sbH_log10_tnequad": -5.130709106845258,
    "J1045-4509_band_noise_low_gamma": 6.984471850236567,
    "J1045-4509_band_noise_low_log10_A": -12.58147842246104,
    "J1045-4509_basis_ecorr_10CM_log10_ecorr": -5.472363946325475,
    "J1045-4509_basis_ecorr_10CM_uwl_log10_ecorr": -5.506344317287651,
    "J1045-4509_basis_ecorr_20CM_log10_ecorr": -6.130620021833625,
    "J1045-4509_basis_ecorr_20CM_uwl_log10_ecorr": -6.006612562040509,
    "J1045-4509_basis_ecorr_40CM_log10_ecorr": -5.737997845961607,
    "J1045-4509_basis_ecorr_40CM_uwl_log10_ecorr": -5.842585816321266,
    "J1045-4509_basis_ecorr_all_dr2_log10_ecorr": -6.10277237055135,
    "J1045-4509_basis_ecorr_all_uwl_log10_ecorr": -5.887978635769896,
    "J1045-4509_chrom_gp_gamma": 6.981569102406758,
    "J1045-4509_chrom_gp_log10_A": -13.096872630223547,
    "J1045-4509_dm_gp_gamma": 3.5212612054551733,
    "J1045-4509_dm_gp_log10_A": -12.272125712083849,
    "J1045-4509_red_noise_gamma": 6.9741419081210045,
    "J1045-4509_red_noise_log10_A": -12.329719660975657,
    "nmodel": 0.4985213599977625
}