{
    "J1045-4509_CASPSR_40CM_efac": 1.2418793348711064,
    "J1045-4509_CASPSR_40CM_log10_tnequad": -9.993739366624654,
    "J1045-4509_CPSR2_20CM_efac": 0.8950423418340273,
    "J1045-4509_CPSR2_20CM_log10_tnequad": -9.993665302341467,
    "J1045-4509_CPSR2_50CM_efac": 1.0013378373195245,
    "J1045-4509_CPSR2_50CM_log10_tnequad": -9.99341202673255,
    "J1045-4509_PDFB1_20CM_efac": 0.4459146728109613,
    "J1045-4509_PDFB1_20CM_log10_tnequad": -9.991754015834694,
    "J1045-4509_PDFB1_early_20CM_efac": 1.1609872457853991,
    "J1045-4509_PDFB1_early_20CM_log10_tnequad": -9.99562533635625,
    "J1045-4509_PDFB_10CM_efac": 0.9050526980083293,
    "J1045-4509_PDFB_10CM_log10_tnequad": -9.99159977650508,
    "J1045-4509_PDFB_20CM_efac": 0.5665774107587099,
    "J1045-4509_PDFB_20CM_log10_tnequad": -9.984430429471733,
    "J1045-4509_PDFB_40CM_efac": 0.8166177029936769,
    "J1045-4509_PDFB_40CM_log10_tnequad": -9.992559555901538,
    "J1045-4509_UWL_PDFB4_20CM_efac": 0.7440872429475088,
    "J1045-4509_UWL_PDFB4_20CM_log10_tnequad": -9.99329234347586,
    "J1045-4509_UWL_sbA_efac": 0.9964543481529641,
    "J1045-4509_UWL_sbA_log10_tnequad": -9.993367374522474,
    "J1045-4509_UWL_sbB_efac": 0.8538501195969705,
    "J1045-4509_UWL_sbB_log10_tnequad": -9.991040686333701,
    "J1045-4509_UWL_sbC_efac": 0.8055578973866839,
    "J1045-4509_UWL_sbC_log10_tnequad": -9.993940743528466,
    "J1045-4509_UWL_sbD_efac": 0.947012672609943,
    "J1045-4509_UWL_sbD_log10_tnequad": -9.99085663552677,
    "J1045-4509_UWL_sbE_efac": 0.8320175918117714,
    "J1045-4509_UWL_sbE_log10_tnequad": -9.993553736177509,
    "J1045-4509_UWL_sbF_efac": 0.7447114350728012,
    "J1045-4509_UWL_sbF_log10_tnequad": -9.986710815049452,
    "J1045-4509_UWL_sbG_efac": 0.5864011408822409,
    "J1045-4509_UWL_sbG_log10_tnequad": -9.992296096076974,
    "J1045-4509_UWL_sbH_efac": 0.6902831131592395,
    "J1045-4509_UWL_sbH_log10_tnequad": -9.987439832205627,
    "J1045-4509_band_noise_low_gamma": 0.0075670323502735615,
    "J1045-4509_band_noise_low_log10_A": -19.99074184936469,
    "J1045-4509_basis_ecorr_10CM_log10_ecorr": -9.990594306128868,
    "J1045-4509_basis_ecorr_10CM_uwl_log10_ecorr": -9.99652994747333,
    "J1045-4509_basis_ecorr_20CM_log10_ecorr": -9.991990127542088,
    "J1045-4509_basis_ecorr_20CM_uwl_log10_ecorr": -9.993457746685412,
    "J1045-4509_basis_ecorr_40CM_log10_ecorr": -9.993300740361047,
    "J1045-4509_basis_ecorr_40CM_uwl_log10_ecorr": -9.99512834795549,
    "J1045-4509_basis_ecorr_all_dr2_log10_ecorr": -9.996300155076433,
    "J1045-4509_basis_ecorr_all_uwl_log10_ecorr": -9.992446632920256,
    "J1045-4509_chrom_gp_gamma": 0.5443758025799482,
    "J1045-4509_chrom_gp_log10_A": -18.909109640985942,
    "J1045-4509_dm_gp_gamma": 2.4231288142901066,
    "J1045-4509_dm_gp_log10_A": -12.490844566438668,
    "J1045-4509_gp_sw_gamma": -3.982873229474442,
    "J1045-4509_gp_sw_log10_A": -9.993986434824125,
    "J1045-4509_red_noise_gamma": 0.002320391057829602,
    "J1045-4509_red_noise_log10_A": -19.981060770248714,
    "n_earth": 0.017384346345204738,
    "nmodel": -0.4985716978381526
}