{
    "J1125-6014_CASPSR_40CM_efac": 0.8558445966769673,
    "J1125-6014_CASPSR_40CM_log10_tnequad": -9.99403375036426,
    "J1125-6014_PDFB_10CM_efac": 0.9263029592677721,
    "J1125-6014_PDFB_10CM_log10_tnequad": -9.99582837889052,
    "J1125-6014_PDFB_20CM_efac": 1.2063056398274918,
    "J1125-6014_PDFB_20CM_log10_tnequad": -9.99563148173271,
    "J1125-6014_UWL_CASPSR_40CM_efac": 0.3738209287779201,
    "J1125-6014_UWL_CASPSR_40CM_log10_tnequad": -9.993796599449341,
    "J1125-6014_UWL_PDFB4_20CM_efac": 1.034553068846006,
    "J1125-6014_UWL_PDFB4_20CM_log10_tnequad": -9.995665473540997,
    "J1125-6014_UWL_sbA_efac": 0.5730556078496337,
    "J1125-6014_UWL_sbA_log10_tnequad": -9.994179273047983,
    "J1125-6014_UWL_sbB_efac": 0.7421258841218299,
    "J1125-6014_UWL_sbB_log10_tnequad": -9.994446547647968,
    "J1125-6014_UWL_sbC_efac": 0.6371273257396202,
    "J1125-6014_UWL_sbC_log10_tnequad": -9.873146666907182,
    "J1125-6014_UWL_sbD_efac": 0.6133021893142849,
    "J1125-6014_UWL_sbD_log10_tnequad": -9.98595777048522,
    "J1125-6014_UWL_sbE_efac": 0.866475839555908,
    "J1125-6014_UWL_sbE_log10_tnequad": -9.99361246732114,
    "J1125-6014_UWL_sbF_efac": 0.7732627133039006,
    "J1125-6014_UWL_sbF_log10_tnequad": -7.477566118989071,
    "J1125-6014_UWL_sbG_efac": 0.8340369167645785,
    "J1125-6014_UWL_sbG_log10_tnequad": -9.996122154870188,
    "J1125-6014_UWL_sbH_efac": 0.8684728736689145,
    "J1125-6014_UWL_sbH_log10_tnequad": -9.995262657093278,
    "J1125-6014_basis_ecorr_10CM_log10_ecorr": -9.975734537754855,
    "J1125-6014_basis_ecorr_10CM_uwl_log10_ecorr": -9.995674790149062,
    "J1125-6014_basis_ecorr_20CM_log10_ecorr": -9.995302741604167,
    "J1125-6014_basis_ecorr_20CM_uwl_log10_ecorr": -9.996097567905462,
    "J1125-6014_basis_ecorr_40CM_log10_ecorr": -9.994712050726438,
    "J1125-6014_basis_ecorr_40CM_uwl_log10_ecorr": -9.994035597036852,
    "J1125-6014_basis_ecorr_all_dr2_log10_ecorr": -9.993344503474331,
    "J1125-6014_basis_ecorr_all_uwl_log10_ecorr": -7.152314581987756,
    "J1125-6014_dm_gp_gamma": 2.856491178242794,
    "J1125-6014_dm_gp_log10_A": -13.518347744029429,
    "J1125-6014_gp_sw_gamma": -3.9802223440657394,
    "J1125-6014_gp_sw_log10_A": -9.995257796073039,
    "J1125-6014_red_noise_gamma": 0.2782244205682258,
    "J1125-6014_red_noise_log10_A": -15.854966770494256,
    "n_earth": 0.04818593040762398,
    "nmodel": -0.49843885230400387
}