{
    "J1125-6014_CASPSR_40CM_efac": 0.8511451868410855,
    "J1125-6014_CASPSR_40CM_log10_tnequad": -9.994470008925067,
    "J1125-6014_PDFB_10CM_efac": 0.92712064504493,
    "J1125-6014_PDFB_10CM_log10_tnequad": -9.995810902563463,
    "J1125-6014_PDFB_20CM_efac": 1.2090089460666598,
    "J1125-6014_PDFB_20CM_log10_tnequad": -9.995391357117139,
    "J1125-6014_UWL_CASPSR_40CM_efac": 0.23679996624188612,
    "J1125-6014_UWL_CASPSR_40CM_log10_tnequad": -9.993539146799865,
    "J1125-6014_UWL_PDFB4_20CM_efac": 1.0386124265761456,
    "J1125-6014_UWL_PDFB4_20CM_log10_tnequad": -9.994437411541345,
    "J1125-6014_UWL_sbA_efac": 0.6130765099536583,
    "J1125-6014_UWL_sbA_log10_tnequad": -9.994347283505688,
    "J1125-6014_UWL_sbB_efac": 0.7497052128476361,
    "J1125-6014_UWL_sbB_log10_tnequad": -9.994241222534344,
    "J1125-6014_UWL_sbC_efac": 0.6290882637922613,
    "J1125-6014_UWL_sbC_log10_tnequad": -9.918619434456259,
    "J1125-6014_UWL_sbD_efac": 0.5962830624804157,
    "J1125-6014_UWL_sbD_log10_tnequad": -9.986821270165233,
    "J1125-6014_UWL_sbE_efac": 0.8708253193939999,
    "J1125-6014_UWL_sbE_log10_tnequad": -9.993957444634871,
    "J1125-6014_UWL_sbF_efac": 0.7735204199629263,
    "J1125-6014_UWL_sbF_log10_tnequad": -8.137717221343063,
    "J1125-6014_UWL_sbG_efac": 0.8263174818398861,
    "J1125-6014_UWL_sbG_log10_tnequad": -9.994822078603619,
    "J1125-6014_UWL_sbH_efac": 0.8632174447889008,
    "J1125-6014_UWL_sbH_log10_tnequad": -9.99529738756415,
    "J1125-6014_basis_ecorr_10CM_log10_ecorr": -9.978168253612639,
    "J1125-6014_basis_ecorr_10CM_uwl_log10_ecorr": -9.996367998478274,
    "J1125-6014_basis_ecorr_20CM_log10_ecorr": -9.994591044854298,
    "J1125-6014_basis_ecorr_20CM_uwl_log10_ecorr": -9.995125479502562,
    "J1125-6014_basis_ecorr_40CM_log10_ecorr": -9.99510100802376,
    "J1125-6014_basis_ecorr_40CM_uwl_log10_ecorr": -9.99468597207185,
    "J1125-6014_basis_ecorr_all_dr2_log10_ecorr": -9.99362051986612,
    "J1125-6014_basis_ecorr_all_uwl_log10_ecorr": -7.192050172435283,
    "J1125-6014_dm_gp_gamma": 2.8180923978354797,
    "J1125-6014_dm_gp_log10_A": -13.379081658064514,
    "J1125-6014_red_noise_gamma": 0.3043142239498561,
    "J1125-6014_red_noise_log10_A": -15.842244379095204,
    "nmodel": -0.4984566078330706
}