{
    "J1125-6014_CASPSR_40CM_efac": 1.2910534799652857,
    "J1125-6014_CASPSR_40CM_log10_tnequad": -6.250873568568143,
    "J1125-6014_PDFB_10CM_efac": 1.3810018336030576,
    "J1125-6014_PDFB_10CM_log10_tnequad": -6.585021287857153,
    "J1125-6014_PDFB_20CM_efac": 1.4588790440846218,
    "J1125-6014_PDFB_20CM_log10_tnequad": -6.604997611675046,
    "J1125-6014_UWL_CASPSR_40CM_efac": 2.2745030272204416,
    "J1125-6014_UWL_CASPSR_40CM_log10_tnequad": -5.682110450528555,
    "J1125-6014_UWL_PDFB4_20CM_efac": 1.615040109164365,
    "J1125-6014_UWL_PDFB4_20CM_log10_tnequad": -6.243032465135444,
    "J1125-6014_UWL_sbA_efac": 1.4138607421108622,
    "J1125-6014_UWL_sbA_log10_tnequad": -5.884937482578683,
    "J1125-6014_UWL_sbB_efac": 1.2744982999363157,
    "J1125-6014_UWL_sbB_log10_tnequad": -6.087589267555589,
    "J1125-6014_UWL_sbC_efac": 1.1872683207631034,
    "J1125-6014_UWL_sbC_log10_tnequad": -6.057070824938562,
    "J1125-6014_UWL_sbD_efac": 1.14757166422437,
    "J1125-6014_UWL_sbD_log10_tnequad": -6.288374718858325,
    "J1125-6014_UWL_sbE_efac": 1.2824270487007494,
    "J1125-6014_UWL_sbE_log10_tnequad": -6.427787982141523,
    "J1125-6014_UWL_sbF_efac": 1.2055898184915528,
    "J1125-6014_UWL_sbF_log10_tnequad": -6.369101332978328,
    "J1125-6014_UWL_sbG_efac": 1.1663118458802333,
    "J1125-6014_UWL_sbG_log10_tnequad": -6.482790762522659,
    "J1125-6014_UWL_sbH_efac": 1.2159334468699279,
    "J1125-6014_UWL_sbH_log10_tnequad": -6.4741447023638266,
    "J1125-6014_basis_ecorr_10CM_log10_ecorr": -6.273712730562476,
    "J1125-6014_basis_ecorr_10CM_uwl_log10_ecorr": -6.850201192330289,
    "J1125-6014_basis_ecorr_20CM_log10_ecorr": -6.4570084984992615,
    "J1125-6014_basis_ecorr_20CM_uwl_log10_ecorr": -6.773570558604252,
    "J1125-6014_basis_ecorr_40CM_log10_ecorr": -6.288296933256505,
    "J1125-6014_basis_ecorr_40CM_uwl_log10_ecorr": -6.41890966001894,
    "J1125-6014_basis_ecorr_all_dr2_log10_ecorr": -6.4478426109745826,
    "J1125-6014_basis_ecorr_all_uwl_log10_ecorr": -6.639751881194996,
    "J1125-6014_dm_gp_gamma": 4.553194052181982,
    "J1125-6014_dm_gp_log10_A": -12.982481993586267,
    "J1125-6014_red_noise_gamma": 6.976990017669214,
    "J1125-6014_red_noise_log10_A": -13.13809576074739,
    "nmodel": 0.4984876301946413
}