{
    "J1125-6014_CASPSR_40CM_efac": 1.2963882388045855,
    "J1125-6014_CASPSR_40CM_log10_tnequad": -6.259802928450716,
    "J1125-6014_PDFB_10CM_efac": 1.3796439939163205,
    "J1125-6014_PDFB_10CM_log10_tnequad": -6.617330994759308,
    "J1125-6014_PDFB_20CM_efac": 1.4580057147313483,
    "J1125-6014_PDFB_20CM_log10_tnequad": -6.604102846753822,
    "J1125-6014_UWL_CASPSR_40CM_efac": 2.174401037313151,
    "J1125-6014_UWL_CASPSR_40CM_log10_tnequad": -5.6770751081280615,
    "J1125-6014_UWL_PDFB4_20CM_efac": 1.6168384025034739,
    "J1125-6014_UWL_PDFB4_20CM_log10_tnequad": -6.241406976085243,
    "J1125-6014_UWL_sbA_efac": 1.4289564753023045,
    "J1125-6014_UWL_sbA_log10_tnequad": -5.8696989369597175,
    "J1125-6014_UWL_sbB_efac": 1.2778944946311586,
    "J1125-6014_UWL_sbB_log10_tnequad": -6.09748790013644,
    "J1125-6014_UWL_sbC_efac": 1.184607267355474,
    "J1125-6014_UWL_sbC_log10_tnequad": -6.058906948940427,
    "J1125-6014_UWL_sbD_efac": 1.1469894658154616,
    "J1125-6014_UWL_sbD_log10_tnequad": -6.287562866324656,
    "J1125-6014_UWL_sbE_efac": 1.277883014223597,
    "J1125-6014_UWL_sbE_log10_tnequad": -6.417119935443505,
    "J1125-6014_UWL_sbF_efac": 1.2021975829518894,
    "J1125-6014_UWL_sbF_log10_tnequad": -6.3690749783758,
    "J1125-6014_UWL_sbG_efac": 1.170451951403651,
    "J1125-6014_UWL_sbG_log10_tnequad": -6.4889914312195325,
    "J1125-6014_UWL_sbH_efac": 1.214629005258138,
    "J1125-6014_UWL_sbH_log10_tnequad": -6.490734826846639,
    "J1125-6014_basis_ecorr_10CM_log10_ecorr": -6.272009586841085,
    "J1125-6014_basis_ecorr_10CM_uwl_log10_ecorr": -6.870162356561493,
    "J1125-6014_basis_ecorr_20CM_log10_ecorr": -6.4500919779231385,
    "J1125-6014_basis_ecorr_20CM_uwl_log10_ecorr": -6.782017029902864,
    "J1125-6014_basis_ecorr_40CM_log10_ecorr": -6.2828190048730965,
    "J1125-6014_basis_ecorr_40CM_uwl_log10_ecorr": -6.422631632401813,
    "J1125-6014_basis_ecorr_all_dr2_log10_ecorr": -6.448294357170233,
    "J1125-6014_basis_ecorr_all_uwl_log10_ecorr": -6.637642190871599,
    "J1125-6014_dm_gp_gamma": 4.814869922250827,
    "J1125-6014_dm_gp_log10_A": -12.988605982955516,
    "J1125-6014_gp_sw_gamma": 3.9863603632369067,
    "J1125-6014_gp_sw_log10_A": -5.653909281069538,
    "J1125-6014_red_noise_gamma": 6.9767156955079015,
    "J1125-6014_red_noise_log10_A": -13.141023669793729,
    "n_earth": 19.956483867288114,
    "nmodel": 0.4985203310629309
}