{
    "J1125-6014_CASPSR_40CM_efac": 1.289324930344341,
    "J1125-6014_CASPSR_40CM_log10_tnequad": -6.265695955934104,
    "J1125-6014_PDFB_10CM_efac": 1.384542372911069,
    "J1125-6014_PDFB_10CM_log10_tnequad": -6.617497409879744,
    "J1125-6014_PDFB_20CM_efac": 1.4550442156855143,
    "J1125-6014_PDFB_20CM_log10_tnequad": -6.599131301826004,
    "J1125-6014_UWL_CASPSR_40CM_efac": 2.1602990508730158,
    "J1125-6014_UWL_CASPSR_40CM_log10_tnequad": -5.70934058249444,
    "J1125-6014_UWL_PDFB4_20CM_efac": 1.5869884408792627,
    "J1125-6014_UWL_PDFB4_20CM_log10_tnequad": -6.255877895411345,
    "J1125-6014_UWL_sbA_efac": 1.4266126395701877,
    "J1125-6014_UWL_sbA_log10_tnequad": -5.872832441021927,
    "J1125-6014_UWL_sbB_efac": 1.2758545498468428,
    "J1125-6014_UWL_sbB_log10_tnequad": -6.086762778561966,
    "J1125-6014_UWL_sbC_efac": 1.1892015226331154,
    "J1125-6014_UWL_sbC_log10_tnequad": -6.0636762503815635,
    "J1125-6014_UWL_sbD_efac": 1.148269770783521,
    "J1125-6014_UWL_sbD_log10_tnequad": -6.293272412102618,
    "J1125-6014_UWL_sbE_efac": 1.274844091164684,
    "J1125-6014_UWL_sbE_log10_tnequad": -6.434499591376799,
    "J1125-6014_UWL_sbF_efac": 1.1995672251743323,
    "J1125-6014_UWL_sbF_log10_tnequad": -6.374659597976018,
    "J1125-6014_UWL_sbG_efac": 1.173470322482952,
    "J1125-6014_UWL_sbG_log10_tnequad": -6.496483978203595,
    "J1125-6014_UWL_sbH_efac": 1.2156661384313203,
    "J1125-6014_UWL_sbH_log10_tnequad": -6.5033181697633715,
    "J1125-6014_basis_ecorr_10CM_log10_ecorr": -6.278029967541043,
    "J1125-6014_basis_ecorr_10CM_uwl_log10_ecorr": -6.871340760524601,
    "J1125-6014_basis_ecorr_20CM_log10_ecorr": -6.4554929844524995,
    "J1125-6014_basis_ecorr_20CM_uwl_log10_ecorr": -6.7742440150562215,
    "J1125-6014_basis_ecorr_40CM_log10_ecorr": -6.284638535969532,
    "J1125-6014_basis_ecorr_40CM_uwl_log10_ecorr": -6.424579025627828,
    "J1125-6014_basis_ecorr_all_dr2_log10_ecorr": -6.445354307107821,
    "J1125-6014_basis_ecorr_all_uwl_log10_ecorr": -6.640086692674475,
    "J1125-6014_dm_gp_gamma": 4.77522971826337,
    "J1125-6014_dm_gp_log10_A": -12.987306251525565,
    "J1125-6014_gp_sw_gamma": 3.982802588133642,
    "J1125-6014_gp_sw_log10_A": -5.646303142773889,
    "J1125-6014_red_noise_gamma": 6.97674617267556,
    "J1125-6014_red_noise_log10_A": -13.151420252747288,
    "n_earth": 19.963367099424488,
    "nmodel": 0.49860222108123337
}