{
    "J1125-6014_CASPSR_40CM_efac": 0.853303614571607,
    "J1125-6014_CASPSR_40CM_log10_tnequad": -9.994615870157137,
    "J1125-6014_PDFB_10CM_efac": 0.9265190539042188,
    "J1125-6014_PDFB_10CM_log10_tnequad": -9.995296931092922,
    "J1125-6014_PDFB_20CM_efac": 1.209134003122509,
    "J1125-6014_PDFB_20CM_log10_tnequad": -9.9958467366928,
    "J1125-6014_UWL_CASPSR_40CM_efac": 0.2558240833560525,
    "J1125-6014_UWL_CASPSR_40CM_log10_tnequad": -9.99441366711356,
    "J1125-6014_UWL_PDFB4_20CM_efac": 1.0387130200812018,
    "J1125-6014_UWL_PDFB4_20CM_log10_tnequad": -9.994807170687853,
    "J1125-6014_UWL_sbA_efac": 0.5602092315307322,
    "J1125-6014_UWL_sbA_log10_tnequad": -9.993608606449348,
    "J1125-6014_UWL_sbB_efac": 0.7738655183181142,
    "J1125-6014_UWL_sbB_log10_tnequad": -9.994319591950866,
    "J1125-6014_UWL_sbC_efac": 0.6315329546842517,
    "J1125-6014_UWL_sbC_log10_tnequad": -9.911722054183668,
    "J1125-6014_UWL_sbD_efac": 0.5931188919261534,
    "J1125-6014_UWL_sbD_log10_tnequad": -9.988026501778302,
    "J1125-6014_UWL_sbE_efac": 0.852126790331723,
    "J1125-6014_UWL_sbE_log10_tnequad": -9.993765265273298,
    "J1125-6014_UWL_sbF_efac": 0.7747532833064509,
    "J1125-6014_UWL_sbF_log10_tnequad": -7.129966196178697,
    "J1125-6014_UWL_sbG_efac": 0.8240953448349951,
    "J1125-6014_UWL_sbG_log10_tnequad": -9.993806441212804,
    "J1125-6014_UWL_sbH_efac": 0.8731795960750708,
    "J1125-6014_UWL_sbH_log10_tnequad": -9.995271244826624,
    "J1125-6014_basis_ecorr_10CM_log10_ecorr": -9.982719501628074,
    "J1125-6014_basis_ecorr_10CM_uwl_log10_ecorr": -9.996197699631873,
    "J1125-6014_basis_ecorr_20CM_log10_ecorr": -9.994495116650661,
    "J1125-6014_basis_ecorr_20CM_uwl_log10_ecorr": -9.994941592081927,
    "J1125-6014_basis_ecorr_40CM_log10_ecorr": -9.994823030603737,
    "J1125-6014_basis_ecorr_40CM_uwl_log10_ecorr": -9.994343434492857,
    "J1125-6014_basis_ecorr_all_dr2_log10_ecorr": -9.993544478559112,
    "J1125-6014_basis_ecorr_all_uwl_log10_ecorr": -7.15620705570025,
    "J1125-6014_dm_gp_gamma": 2.8588342992653066,
    "J1125-6014_dm_gp_log10_A": -13.53920641762115,
    "J1125-6014_gp_sw_gamma": -3.9839450546656603,
    "J1125-6014_gp_sw_log10_A": -9.994868958752942,
    "J1125-6014_red_noise_gamma": 0.3022048955362401,
    "J1125-6014_red_noise_log10_A": -15.850197083492615,
    "n_earth": 0.05073252901701458,
    "nmodel": -0.49845988247445056
}