{
    "J1446-4701_CASPSR_40CM_efac": 3.0302490351330778,
    "J1446-4701_CASPSR_40CM_log10_tnequad": -5.358488443707374,
    "J1446-4701_PDFB_10CM_efac": 2.244786698281491,
    "J1446-4701_PDFB_10CM_log10_tnequad": -5.804207945123133,
    "J1446-4701_PDFB_20CM_efac": 1.3863553295217366,
    "J1446-4701_PDFB_20CM_log10_tnequad": -5.9722409854451035,
    "J1446-4701_UWL_PDFB4_20CM_efac": 1.5375418262146086,
    "J1446-4701_UWL_PDFB4_20CM_log10_tnequad": -5.763067123088665,
    "J1446-4701_UWL_sbB_efac": 1.2656230096688235,
    "J1446-4701_UWL_sbB_log10_tnequad": -5.941380468691825,
    "J1446-4701_UWL_sbC_efac": 1.4566778986183981,
    "J1446-4701_UWL_sbC_log10_tnequad": -6.152284962611611,
    "J1446-4701_UWL_sbD_efac": 1.3798979870786212,
    "J1446-4701_UWL_sbD_log10_tnequad": -6.130133222448606,
    "J1446-4701_UWL_sbE_efac": 1.4823562882085368,
    "J1446-4701_UWL_sbE_log10_tnequad": -5.942461762707973,
    "J1446-4701_UWL_sbF_efac": 1.4246497733356873,
    "J1446-4701_UWL_sbF_log10_tnequad": -6.144388600536619,
    "J1446-4701_UWL_sbG_efac": 1.5946900932036627,
    "J1446-4701_UWL_sbG_log10_tnequad": -5.769939389850198,
    "J1446-4701_UWL_sbH_efac": 1.4832359659240573,
    "J1446-4701_UWL_sbH_log10_tnequad": -5.846626570688692,
    "J1446-4701_basis_ecorr_10CM_log10_ecorr": -5.5168415007263425,
    "J1446-4701_basis_ecorr_10CM_uwl_log10_ecorr": -5.8557848283828156,
    "J1446-4701_basis_ecorr_20CM_log10_ecorr": -5.701090615964819,
    "J1446-4701_basis_ecorr_20CM_uwl_log10_ecorr": -6.12543866295466,
    "J1446-4701_basis_ecorr_40CM_log10_ecorr": -5.1602827870129975,
    "J1446-4701_basis_ecorr_40CM_uwl_log10_ecorr": -6.192715197481789,
    "J1446-4701_basis_ecorr_all_dr2_log10_ecorr": -5.68781985060889,
    "J1446-4701_basis_ecorr_all_uwl_log10_ecorr": -5.88312453819386,
    "J1446-4701_dm_gp_gamma": 6.984186751813744,
    "J1446-4701_dm_gp_log10_A": -12.96034724885454,
    "J1446-4701_gp_sw_gamma": 3.9840884684731126,
    "J1446-4701_gp_sw_log10_A": -5.5156400847886955,
    "J1446-4701_red_noise_gamma": 6.986671082109999,
    "J1446-4701_red_noise_log10_A": -12.95637873984488,
    "n_earth": 18.900910481525695,
    "nmodel": 0.498564518163893
}