{
    "J1446-4701_CASPSR_40CM_efac": 0.024631384372449633,
    "J1446-4701_CASPSR_40CM_log10_tnequad": -9.99047457980368,
    "J1446-4701_PDFB_10CM_efac": 0.5973122638842423,
    "J1446-4701_PDFB_10CM_log10_tnequad": -9.993952036707489,
    "J1446-4701_PDFB_20CM_efac": 0.9254157405065598,
    "J1446-4701_PDFB_20CM_log10_tnequad": -9.994353777679207,
    "J1446-4701_UWL_PDFB4_20CM_efac": 0.07178973271468367,
    "J1446-4701_UWL_PDFB4_20CM_log10_tnequad": -9.993346030888429,
    "J1446-4701_UWL_sbB_efac": 0.5135692499500296,
    "J1446-4701_UWL_sbB_log10_tnequad": -9.994274180277253,
    "J1446-4701_UWL_sbC_efac": 0.6962643767175094,
    "J1446-4701_UWL_sbC_log10_tnequad": -9.994403641422005,
    "J1446-4701_UWL_sbD_efac": 0.8153193507679164,
    "J1446-4701_UWL_sbD_log10_tnequad": -9.994370248172682,
    "J1446-4701_UWL_sbE_efac": 0.6541840207960143,
    "J1446-4701_UWL_sbE_log10_tnequad": -9.994499832405191,
    "J1446-4701_UWL_sbF_efac": 0.8439935763365479,
    "J1446-4701_UWL_sbF_log10_tnequad": -9.99490297333741,
    "J1446-4701_UWL_sbG_efac": 0.03392128023472936,
    "J1446-4701_UWL_sbG_log10_tnequad": -9.994239271372347,
    "J1446-4701_UWL_sbH_efac": 0.28164689810903326,
    "J1446-4701_UWL_sbH_log10_tnequad": -9.994868327701688,
    "J1446-4701_basis_ecorr_10CM_log10_ecorr": -9.993947421056872,
    "J1446-4701_basis_ecorr_10CM_uwl_log10_ecorr": -9.992913455586448,
    "J1446-4701_basis_ecorr_20CM_log10_ecorr": -9.99068681522284,
    "J1446-4701_basis_ecorr_20CM_uwl_log10_ecorr": -9.994869220865423,
    "J1446-4701_basis_ecorr_40CM_log10_ecorr": -9.99310413774321,
    "J1446-4701_basis_ecorr_40CM_uwl_log10_ecorr": -9.994889635863158,
    "J1446-4701_basis_ecorr_all_dr2_log10_ecorr": -9.984464397858671,
    "J1446-4701_basis_ecorr_all_uwl_log10_ecorr": -9.541496671625485,
    "J1446-4701_dm_gp_gamma": 0.008162992487105098,
    "J1446-4701_dm_gp_log10_A": -19.990738339956902,
    "J1446-4701_gp_sw_gamma": -3.9836377188103556,
    "J1446-4701_gp_sw_log10_A": -9.994170561495054,
    "J1446-4701_red_noise_gamma": 0.00866848301400937,
    "J1446-4701_red_noise_log10_A": -19.99152319723168,
    "n_earth": 0.013054272701892522,
    "nmodel": -0.4984817106572464
}