{
    "J1446-4701_CASPSR_40CM_efac": 3.051176064016534,
    "J1446-4701_CASPSR_40CM_log10_tnequad": -5.357238627170823,
    "J1446-4701_PDFB_10CM_efac": 2.2476507306091764,
    "J1446-4701_PDFB_10CM_log10_tnequad": -5.783664479233171,
    "J1446-4701_PDFB_20CM_efac": 1.3844959341285326,
    "J1446-4701_PDFB_20CM_log10_tnequad": -5.975954206573448,
    "J1446-4701_UWL_PDFB4_20CM_efac": 1.5864404372611283,
    "J1446-4701_UWL_PDFB4_20CM_log10_tnequad": -5.760780983640531,
    "J1446-4701_UWL_sbB_efac": 1.2676742563730428,
    "J1446-4701_UWL_sbB_log10_tnequad": -5.927841863068806,
    "J1446-4701_UWL_sbC_efac": 1.4645445982732495,
    "J1446-4701_UWL_sbC_log10_tnequad": -6.153183237671689,
    "J1446-4701_UWL_sbD_efac": 1.3828068004620573,
    "J1446-4701_UWL_sbD_log10_tnequad": -6.128931817246134,
    "J1446-4701_UWL_sbE_efac": 1.4883692872010055,
    "J1446-4701_UWL_sbE_log10_tnequad": -5.937553459262364,
    "J1446-4701_UWL_sbF_efac": 1.4201718617211017,
    "J1446-4701_UWL_sbF_log10_tnequad": -6.153289123789083,
    "J1446-4701_UWL_sbG_efac": 1.5930385418112467,
    "J1446-4701_UWL_sbG_log10_tnequad": -5.775464713288394,
    "J1446-4701_UWL_sbH_efac": 1.4952939994838337,
    "J1446-4701_UWL_sbH_log10_tnequad": -5.876950273887206,
    "J1446-4701_basis_ecorr_10CM_log10_ecorr": -5.515747139133774,
    "J1446-4701_basis_ecorr_10CM_uwl_log10_ecorr": -5.853444596971865,
    "J1446-4701_basis_ecorr_20CM_log10_ecorr": -5.699721775114385,
    "J1446-4701_basis_ecorr_20CM_uwl_log10_ecorr": -6.116574669729381,
    "J1446-4701_basis_ecorr_40CM_log10_ecorr": -5.173493639113737,
    "J1446-4701_basis_ecorr_40CM_uwl_log10_ecorr": -6.194757787359981,
    "J1446-4701_basis_ecorr_all_dr2_log10_ecorr": -5.68961784972056,
    "J1446-4701_basis_ecorr_all_uwl_log10_ecorr": -5.881167593064568,
    "J1446-4701_dm_gp_gamma": 6.984153370941402,
    "J1446-4701_dm_gp_log10_A": -12.961702499204351,
    "J1446-4701_gp_sw_gamma": 3.974971880572749,
    "J1446-4701_gp_sw_log10_A": -5.510388273678811,
    "J1446-4701_red_noise_gamma": 6.985969812837116,
    "J1446-4701_red_noise_log10_A": -12.96812972922351,
    "n_earth": 18.97373589867614,
    "nmodel": 0.49854717271490273
}