{
    "J1446-4701_CASPSR_40CM_efac": 0.022627790706605266,
    "J1446-4701_CASPSR_40CM_log10_tnequad": -9.991856782893121,
    "J1446-4701_PDFB_10CM_efac": 0.5126843688128949,
    "J1446-4701_PDFB_10CM_log10_tnequad": -9.994240955638316,
    "J1446-4701_PDFB_20CM_efac": 0.9273622466040093,
    "J1446-4701_PDFB_20CM_log10_tnequad": -9.99430411290131,
    "J1446-4701_UWL_PDFB4_20CM_efac": 0.06442327776316473,
    "J1446-4701_UWL_PDFB4_20CM_log10_tnequad": -9.99406787291843,
    "J1446-4701_UWL_sbB_efac": 0.4624423184441708,
    "J1446-4701_UWL_sbB_log10_tnequad": -9.99396909341947,
    "J1446-4701_UWL_sbC_efac": 0.6973232406633876,
    "J1446-4701_UWL_sbC_log10_tnequad": -9.993988791624268,
    "J1446-4701_UWL_sbD_efac": 0.8214317481228629,
    "J1446-4701_UWL_sbD_log10_tnequad": -9.994923830935155,
    "J1446-4701_UWL_sbE_efac": 0.6561272401886129,
    "J1446-4701_UWL_sbE_log10_tnequad": -9.994154239933996,
    "J1446-4701_UWL_sbF_efac": 0.8455863076411738,
    "J1446-4701_UWL_sbF_log10_tnequad": -9.994633152778034,
    "J1446-4701_UWL_sbG_efac": 0.04156400351492346,
    "J1446-4701_UWL_sbG_log10_tnequad": -9.99407329302288,
    "J1446-4701_UWL_sbH_efac": 0.43194822110782816,
    "J1446-4701_UWL_sbH_log10_tnequad": -9.99504471269976,
    "J1446-4701_basis_ecorr_10CM_log10_ecorr": -9.993434825989372,
    "J1446-4701_basis_ecorr_10CM_uwl_log10_ecorr": -9.99371179804564,
    "J1446-4701_basis_ecorr_20CM_log10_ecorr": -9.98926476806178,
    "J1446-4701_basis_ecorr_20CM_uwl_log10_ecorr": -9.994926485150682,
    "J1446-4701_basis_ecorr_40CM_log10_ecorr": -9.993182494741713,
    "J1446-4701_basis_ecorr_40CM_uwl_log10_ecorr": -9.994900115716653,
    "J1446-4701_basis_ecorr_all_dr2_log10_ecorr": -9.983250249239505,
    "J1446-4701_basis_ecorr_all_uwl_log10_ecorr": -9.548952946338009,
    "J1446-4701_dm_gp_gamma": 0.008365715292533292,
    "J1446-4701_dm_gp_log10_A": -19.990526884679486,
    "J1446-4701_gp_sw_gamma": -3.9766722832454757,
    "J1446-4701_gp_sw_log10_A": -9.994420898784918,
    "J1446-4701_red_noise_gamma": 0.009134554739538578,
    "J1446-4701_red_noise_log10_A": -19.99086086870541,
    "n_earth": 0.012820192835850897,
    "nmodel": -0.49848833241046064
}