{
    "J1446-4701_CASPSR_40CM_efac": 0.02326464056880721,
    "J1446-4701_CASPSR_40CM_log10_tnequad": -9.991776696563639,
    "J1446-4701_PDFB_10CM_efac": 0.5822361112754061,
    "J1446-4701_PDFB_10CM_log10_tnequad": -9.994414693950885,
    "J1446-4701_PDFB_20CM_efac": 0.9277613002767673,
    "J1446-4701_PDFB_20CM_log10_tnequad": -9.994370330823903,
    "J1446-4701_UWL_PDFB4_20CM_efac": 0.07654105933519093,
    "J1446-4701_UWL_PDFB4_20CM_log10_tnequad": -9.993717089868973,
    "J1446-4701_UWL_sbB_efac": 0.38917977650444524,
    "J1446-4701_UWL_sbB_log10_tnequad": -9.994173562000128,
    "J1446-4701_UWL_sbC_efac": 0.6892558058042809,
    "J1446-4701_UWL_sbC_log10_tnequad": -9.9939781350494,
    "J1446-4701_UWL_sbD_efac": 0.812253028927589,
    "J1446-4701_UWL_sbD_log10_tnequad": -9.994465993304942,
    "J1446-4701_UWL_sbE_efac": 0.6814205571040282,
    "J1446-4701_UWL_sbE_log10_tnequad": -9.994359246961983,
    "J1446-4701_UWL_sbF_efac": 0.8449036149917994,
    "J1446-4701_UWL_sbF_log10_tnequad": -9.994014828594223,
    "J1446-4701_UWL_sbG_efac": 0.03879749723406342,
    "J1446-4701_UWL_sbG_log10_tnequad": -9.993501888163754,
    "J1446-4701_UWL_sbH_efac": 0.3020887115341249,
    "J1446-4701_UWL_sbH_log10_tnequad": -9.99517205747249,
    "J1446-4701_basis_ecorr_10CM_log10_ecorr": -9.993463036275642,
    "J1446-4701_basis_ecorr_10CM_uwl_log10_ecorr": -9.993796680375317,
    "J1446-4701_basis_ecorr_20CM_log10_ecorr": -9.988909079132425,
    "J1446-4701_basis_ecorr_20CM_uwl_log10_ecorr": -9.995037322110297,
    "J1446-4701_basis_ecorr_40CM_log10_ecorr": -9.993412669667972,
    "J1446-4701_basis_ecorr_40CM_uwl_log10_ecorr": -9.994980592767988,
    "J1446-4701_basis_ecorr_all_dr2_log10_ecorr": -9.984107885920618,
    "J1446-4701_basis_ecorr_all_uwl_log10_ecorr": -9.791215791790856,
    "J1446-4701_dm_gp_gamma": 0.0071024378715611736,
    "J1446-4701_dm_gp_log10_A": -19.99092815626121,
    "J1446-4701_red_noise_gamma": 0.008983628793330478,
    "J1446-4701_red_noise_log10_A": -19.99103591082429,
    "nmodel": -0.4984154888988264
}