{
    "J1446-4701_CASPSR_40CM_efac": 2.9737812163629442,
    "J1446-4701_CASPSR_40CM_log10_tnequad": -5.3594648596147065,
    "J1446-4701_PDFB_10CM_efac": 2.2821832970514486,
    "J1446-4701_PDFB_10CM_log10_tnequad": -5.79161664582309,
    "J1446-4701_PDFB_20CM_efac": 1.3861860705473639,
    "J1446-4701_PDFB_20CM_log10_tnequad": -5.978188705877792,
    "J1446-4701_UWL_PDFB4_20CM_efac": 1.5496517154808673,
    "J1446-4701_UWL_PDFB4_20CM_log10_tnequad": -5.768534484552029,
    "J1446-4701_UWL_sbB_efac": 1.2941985617580825,
    "J1446-4701_UWL_sbB_log10_tnequad": -5.895346857867773,
    "J1446-4701_UWL_sbC_efac": 1.439759533818273,
    "J1446-4701_UWL_sbC_log10_tnequad": -6.148361459027236,
    "J1446-4701_UWL_sbD_efac": 1.382622196333156,
    "J1446-4701_UWL_sbD_log10_tnequad": -6.128646023949015,
    "J1446-4701_UWL_sbE_efac": 1.4948239184799053,
    "J1446-4701_UWL_sbE_log10_tnequad": -5.952321529593943,
    "J1446-4701_UWL_sbF_efac": 1.4273413274564104,
    "J1446-4701_UWL_sbF_log10_tnequad": -6.144280415441969,
    "J1446-4701_UWL_sbG_efac": 1.6066898760428685,
    "J1446-4701_UWL_sbG_log10_tnequad": -5.774575205045257,
    "J1446-4701_UWL_sbH_efac": 1.4665318000620702,
    "J1446-4701_UWL_sbH_log10_tnequad": -5.8539762409342755,
    "J1446-4701_basis_ecorr_10CM_log10_ecorr": -5.503789741751293,
    "J1446-4701_basis_ecorr_10CM_uwl_log10_ecorr": -5.8451533460505285,
    "J1446-4701_basis_ecorr_20CM_log10_ecorr": -5.69500593023862,
    "J1446-4701_basis_ecorr_20CM_uwl_log10_ecorr": -6.101662586121644,
    "J1446-4701_basis_ecorr_40CM_log10_ecorr": -5.188057894568096,
    "J1446-4701_basis_ecorr_40CM_uwl_log10_ecorr": -6.206610820242761,
    "J1446-4701_basis_ecorr_all_dr2_log10_ecorr": -5.688490679576373,
    "J1446-4701_basis_ecorr_all_uwl_log10_ecorr": -5.889024118090624,
    "J1446-4701_dm_gp_gamma": 6.982920455528274,
    "J1446-4701_dm_gp_log10_A": -12.97881590122252,
    "J1446-4701_red_noise_gamma": 6.986348745810461,
    "J1446-4701_red_noise_log10_A": -12.960659940389268,
    "nmodel": 0.4985075580799097
}