{
    "J1545-4550_PDFB_10CM_efac": 0.9251016983420122,
    "J1545-4550_PDFB_10CM_log10_tnequad": -9.994185472097294,
    "J1545-4550_PDFB_20CM_efac": 1.0562557895242743,
    "J1545-4550_PDFB_20CM_log10_tnequad": -9.994539486628884,
    "J1545-4550_UWL_PDFB4_20CM_efac": 0.8177727133374869,
    "J1545-4550_UWL_PDFB4_20CM_log10_tnequad": -9.994205158451246,
    "J1545-4550_UWL_sbB_efac": 0.07855027403213242,
    "J1545-4550_UWL_sbB_log10_tnequad": -9.99358608902473,
    "J1545-4550_UWL_sbC_efac": 0.41893246696360253,
    "J1545-4550_UWL_sbC_log10_tnequad": -9.99437281895147,
    "J1545-4550_UWL_sbD_efac": 0.8436130458658797,
    "J1545-4550_UWL_sbD_log10_tnequad": -9.992970650588585,
    "J1545-4550_UWL_sbE_efac": 0.917454180229732,
    "J1545-4550_UWL_sbE_log10_tnequad": -9.994729569526063,
    "J1545-4550_UWL_sbF_efac": 0.795234786999052,
    "J1545-4550_UWL_sbF_log10_tnequad": -9.994085662298112,
    "J1545-4550_UWL_sbG_efac": 0.8742365715638619,
    "J1545-4550_UWL_sbG_log10_tnequad": -9.995039126584922,
    "J1545-4550_UWL_sbH_efac": 0.7299865957320167,
    "J1545-4550_UWL_sbH_log10_tnequad": -9.906785763504947,
    "J1545-4550_basis_ecorr_10CM_log10_ecorr": -9.99455009286293,
    "J1545-4550_basis_ecorr_10CM_uwl_log10_ecorr": -9.995740515218875,
    "J1545-4550_basis_ecorr_20CM_log10_ecorr": -9.994946375467999,
    "J1545-4550_basis_ecorr_20CM_uwl_log10_ecorr": -9.99220708224513,
    "J1545-4550_basis_ecorr_40CM_uwl_log10_ecorr": -9.994198364924541,
    "J1545-4550_basis_ecorr_all_dr2_log10_ecorr": -9.995614251481452,
    "J1545-4550_basis_ecorr_all_uwl_log10_ecorr": -9.99361045476076,
    "J1545-4550_dm_gp_gamma": 2.47718286953515,
    "J1545-4550_dm_gp_log10_A": -14.441303850227024,
    "J1545-4550_red_noise_gamma": 0.010565183972219082,
    "J1545-4550_red_noise_log10_A": -19.98998594365083,
    "nmodel": -0.4984665402977234
}