{
    "J1545-4550_PDFB_10CM_efac": 1.2418634222041678,
    "J1545-4550_PDFB_10CM_log10_tnequad": -6.1924238334154555,
    "J1545-4550_PDFB_20CM_efac": 1.2811777993857305,
    "J1545-4550_PDFB_20CM_log10_tnequad": -6.171151372667459,
    "J1545-4550_UWL_PDFB4_20CM_efac": 1.6339590289247397,
    "J1545-4550_UWL_PDFB4_20CM_log10_tnequad": -5.848722215860935,
    "J1545-4550_UWL_sbB_efac": 1.259602502123912,
    "J1545-4550_UWL_sbB_log10_tnequad": -5.60164226840044,
    "J1545-4550_UWL_sbC_efac": 1.4211070872855953,
    "J1545-4550_UWL_sbC_log10_tnequad": -5.627994671541491,
    "J1545-4550_UWL_sbD_efac": 1.2426097960825275,
    "J1545-4550_UWL_sbD_log10_tnequad": -6.020136162514087,
    "J1545-4550_UWL_sbE_efac": 1.2371069692649517,
    "J1545-4550_UWL_sbE_log10_tnequad": -6.297580076901476,
    "J1545-4550_UWL_sbF_efac": 1.0804741239505713,
    "J1545-4550_UWL_sbF_log10_tnequad": -6.406667127679977,
    "J1545-4550_UWL_sbG_efac": 1.2060672244791897,
    "J1545-4550_UWL_sbG_log10_tnequad": -6.300397870252547,
    "J1545-4550_UWL_sbH_efac": 1.246275278999643,
    "J1545-4550_UWL_sbH_log10_tnequad": -6.095952049586624,
    "J1545-4550_basis_ecorr_10CM_log10_ecorr": -6.2437680874842805,
    "J1545-4550_basis_ecorr_10CM_uwl_log10_ecorr": -6.577619504331831,
    "J1545-4550_basis_ecorr_20CM_log10_ecorr": -6.441974463507714,
    "J1545-4550_basis_ecorr_20CM_uwl_log10_ecorr": -6.5390271550916825,
    "J1545-4550_basis_ecorr_40CM_uwl_log10_ecorr": -5.913947327165067,
    "J1545-4550_basis_ecorr_all_dr2_log10_ecorr": -6.463309662062239,
    "J1545-4550_basis_ecorr_all_uwl_log10_ecorr": -6.626737238522618,
    "J1545-4550_dm_gp_gamma": 6.918052155401725,
    "J1545-4550_dm_gp_log10_A": -13.14358549600796,
    "J1545-4550_red_noise_gamma": 6.9872243628029835,
    "J1545-4550_red_noise_log10_A": -13.251290027752061,
    "nmodel": 0.4985298015072673
}