{
    "J1545-4550_PDFB_10CM_efac": 1.2428561677281331,
    "J1545-4550_PDFB_10CM_log10_tnequad": -6.185764056063388,
    "J1545-4550_PDFB_20CM_efac": 1.280621284562068,
    "J1545-4550_PDFB_20CM_log10_tnequad": -6.1866301446415095,
    "J1545-4550_UWL_PDFB4_20CM_efac": 1.6256625960816269,
    "J1545-4550_UWL_PDFB4_20CM_log10_tnequad": -5.875417540155525,
    "J1545-4550_UWL_sbB_efac": 1.2820647269944974,
    "J1545-4550_UWL_sbB_log10_tnequad": -5.592830894257345,
    "J1545-4550_UWL_sbC_efac": 1.3934630722573502,
    "J1545-4550_UWL_sbC_log10_tnequad": -5.651670228095671,
    "J1545-4550_UWL_sbD_efac": 1.2450296590297372,
    "J1545-4550_UWL_sbD_log10_tnequad": -6.026160564750135,
    "J1545-4550_UWL_sbE_efac": 1.2342345881411994,
    "J1545-4550_UWL_sbE_log10_tnequad": -6.300724315695903,
    "J1545-4550_UWL_sbF_efac": 1.0838819498518324,
    "J1545-4550_UWL_sbF_log10_tnequad": -6.409766682968285,
    "J1545-4550_UWL_sbG_efac": 1.2075333111730975,
    "J1545-4550_UWL_sbG_log10_tnequad": -6.2867252667800395,
    "J1545-4550_UWL_sbH_efac": 1.243090224682741,
    "J1545-4550_UWL_sbH_log10_tnequad": -6.100576381844007,
    "J1545-4550_basis_ecorr_10CM_log10_ecorr": -6.243865446849928,
    "J1545-4550_basis_ecorr_10CM_uwl_log10_ecorr": -6.590594680124058,
    "J1545-4550_basis_ecorr_20CM_log10_ecorr": -6.446461927392934,
    "J1545-4550_basis_ecorr_20CM_uwl_log10_ecorr": -6.539214433841695,
    "J1545-4550_basis_ecorr_40CM_uwl_log10_ecorr": -5.906761884090658,
    "J1545-4550_basis_ecorr_all_dr2_log10_ecorr": -6.4599100752443706,
    "J1545-4550_basis_ecorr_all_uwl_log10_ecorr": -6.618949500736175,
    "J1545-4550_dm_gp_gamma": 6.911479984072444,
    "J1545-4550_dm_gp_log10_A": -13.119592450210178,
    "J1545-4550_gp_sw_gamma": 3.989743556533493,
    "J1545-4550_gp_sw_log10_A": -5.878142794889423,
    "J1545-4550_red_noise_gamma": 6.987801703914864,
    "J1545-4550_red_noise_log10_A": -13.253791500630252,
    "n_earth": 9.996863993178232,
    "nmodel": 0.498530207625841
}