{
    "J1545-4550_PDFB_10CM_efac": 0.9280438276397013,
    "J1545-4550_PDFB_10CM_log10_tnequad": -9.993757538877196,
    "J1545-4550_PDFB_20CM_efac": 1.0628336017929063,
    "J1545-4550_PDFB_20CM_log10_tnequad": -9.994638076658775,
    "J1545-4550_UWL_PDFB4_20CM_efac": 0.8583956368185415,
    "J1545-4550_UWL_PDFB4_20CM_log10_tnequad": -9.994521537790854,
    "J1545-4550_UWL_sbB_efac": 0.07871187747961586,
    "J1545-4550_UWL_sbB_log10_tnequad": -9.994124455545403,
    "J1545-4550_UWL_sbC_efac": 0.5628411507288447,
    "J1545-4550_UWL_sbC_log10_tnequad": -9.994265070897365,
    "J1545-4550_UWL_sbD_efac": 0.8495107362881028,
    "J1545-4550_UWL_sbD_log10_tnequad": -9.99299177340137,
    "J1545-4550_UWL_sbE_efac": 0.9195374226366314,
    "J1545-4550_UWL_sbE_log10_tnequad": -9.99530848785221,
    "J1545-4550_UWL_sbF_efac": 0.7976472604937992,
    "J1545-4550_UWL_sbF_log10_tnequad": -9.99384864078764,
    "J1545-4550_UWL_sbG_efac": 0.8689418833302087,
    "J1545-4550_UWL_sbG_log10_tnequad": -9.99614157829981,
    "J1545-4550_UWL_sbH_efac": 0.731039921482037,
    "J1545-4550_UWL_sbH_log10_tnequad": -9.912806831982882,
    "J1545-4550_basis_ecorr_10CM_log10_ecorr": -9.995193110810137,
    "J1545-4550_basis_ecorr_10CM_uwl_log10_ecorr": -9.99467611997504,
    "J1545-4550_basis_ecorr_20CM_log10_ecorr": -9.995135936921423,
    "J1545-4550_basis_ecorr_20CM_uwl_log10_ecorr": -9.992152400529248,
    "J1545-4550_basis_ecorr_40CM_uwl_log10_ecorr": -9.991953206051052,
    "J1545-4550_basis_ecorr_all_dr2_log10_ecorr": -9.995132251626616,
    "J1545-4550_basis_ecorr_all_uwl_log10_ecorr": -9.99344731185644,
    "J1545-4550_dm_gp_gamma": 2.4347877739024097,
    "J1545-4550_dm_gp_log10_A": -14.457593336301446,
    "J1545-4550_gp_sw_gamma": -3.9768501552722215,
    "J1545-4550_gp_sw_log10_A": -9.994446563143217,
    "J1545-4550_red_noise_gamma": 0.010736091943080051,
    "J1545-4550_red_noise_log10_A": -19.987789633035508,
    "n_earth": 0.003724740485521183,
    "nmodel": -0.49856744038804235
}