{
    "J1545-4550_PDFB_10CM_efac": 1.2428519936210052,
    "J1545-4550_PDFB_10CM_log10_tnequad": -6.193777953034343,
    "J1545-4550_PDFB_20CM_efac": 1.2779117923396741,
    "J1545-4550_PDFB_20CM_log10_tnequad": -6.176199303065385,
    "J1545-4550_UWL_PDFB4_20CM_efac": 1.6437864790767671,
    "J1545-4550_UWL_PDFB4_20CM_log10_tnequad": -5.840783379520099,
    "J1545-4550_UWL_sbB_efac": 1.259414632059264,
    "J1545-4550_UWL_sbB_log10_tnequad": -5.59902662917338,
    "J1545-4550_UWL_sbC_efac": 1.4139517249458113,
    "J1545-4550_UWL_sbC_log10_tnequad": -5.623353261334364,
    "J1545-4550_UWL_sbD_efac": 1.2420323645534244,
    "J1545-4550_UWL_sbD_log10_tnequad": -6.02052630002519,
    "J1545-4550_UWL_sbE_efac": 1.2334697795821181,
    "J1545-4550_UWL_sbE_log10_tnequad": -6.294494054357352,
    "J1545-4550_UWL_sbF_efac": 1.0797233566151485,
    "J1545-4550_UWL_sbF_log10_tnequad": -6.416402223538616,
    "J1545-4550_UWL_sbG_efac": 1.2042651203718635,
    "J1545-4550_UWL_sbG_log10_tnequad": -6.29382730598868,
    "J1545-4550_UWL_sbH_efac": 1.2488412415853938,
    "J1545-4550_UWL_sbH_log10_tnequad": -6.101837765040126,
    "J1545-4550_basis_ecorr_10CM_log10_ecorr": -6.2406464573514295,
    "J1545-4550_basis_ecorr_10CM_uwl_log10_ecorr": -6.580729480371867,
    "J1545-4550_basis_ecorr_20CM_log10_ecorr": -6.433704798420868,
    "J1545-4550_basis_ecorr_20CM_uwl_log10_ecorr": -6.540315815807931,
    "J1545-4550_basis_ecorr_40CM_uwl_log10_ecorr": -5.913467087571199,
    "J1545-4550_basis_ecorr_all_dr2_log10_ecorr": -6.465626168053728,
    "J1545-4550_basis_ecorr_all_uwl_log10_ecorr": -6.621094428039713,
    "J1545-4550_dm_gp_gamma": 6.915251379676797,
    "J1545-4550_dm_gp_log10_A": -13.115563194917085,
    "J1545-4550_gp_sw_gamma": 3.990727587329876,
    "J1545-4550_gp_sw_log10_A": -5.876277156311773,
    "J1545-4550_red_noise_gamma": 6.987105417490019,
    "J1545-4550_red_noise_log10_A": -13.250359247821837,
    "n_earth": 10.248584687176983,
    "nmodel": 0.49848181557599347
}