{
    "J1545-4550_PDFB_10CM_efac": 0.9292660363481375,
    "J1545-4550_PDFB_10CM_log10_tnequad": -9.994506871935378,
    "J1545-4550_PDFB_20CM_efac": 1.059086411985303,
    "J1545-4550_PDFB_20CM_log10_tnequad": -9.99422454323399,
    "J1545-4550_UWL_PDFB4_20CM_efac": 0.8160267022254566,
    "J1545-4550_UWL_PDFB4_20CM_log10_tnequad": -9.99461911256639,
    "J1545-4550_UWL_sbB_efac": 0.08506212285547558,
    "J1545-4550_UWL_sbB_log10_tnequad": -9.992656777937606,
    "J1545-4550_UWL_sbC_efac": 0.41824318784534864,
    "J1545-4550_UWL_sbC_log10_tnequad": -9.994347807319404,
    "J1545-4550_UWL_sbD_efac": 0.8526874125524614,
    "J1545-4550_UWL_sbD_log10_tnequad": -9.993846629846306,
    "J1545-4550_UWL_sbE_efac": 0.9151016533724143,
    "J1545-4550_UWL_sbE_log10_tnequad": -9.994999874425902,
    "J1545-4550_UWL_sbF_efac": 0.8018940641970005,
    "J1545-4550_UWL_sbF_log10_tnequad": -9.993493987329472,
    "J1545-4550_UWL_sbG_efac": 0.8736832157554381,
    "J1545-4550_UWL_sbG_log10_tnequad": -9.994867748710124,
    "J1545-4550_UWL_sbH_efac": 0.7312370199927167,
    "J1545-4550_UWL_sbH_log10_tnequad": -9.843082154252036,
    "J1545-4550_basis_ecorr_10CM_log10_ecorr": -9.99475111687217,
    "J1545-4550_basis_ecorr_10CM_uwl_log10_ecorr": -9.994867484493543,
    "J1545-4550_basis_ecorr_20CM_log10_ecorr": -9.995237716512534,
    "J1545-4550_basis_ecorr_20CM_uwl_log10_ecorr": -9.991826891905436,
    "J1545-4550_basis_ecorr_40CM_uwl_log10_ecorr": -9.993598654787178,
    "J1545-4550_basis_ecorr_all_dr2_log10_ecorr": -9.994647255479125,
    "J1545-4550_basis_ecorr_all_uwl_log10_ecorr": -9.993537140953647,
    "J1545-4550_dm_gp_gamma": 2.4120145401295225,
    "J1545-4550_dm_gp_log10_A": -14.47114415143594,
    "J1545-4550_gp_sw_gamma": -3.9795366236996252,
    "J1545-4550_gp_sw_log10_A": -9.994319545334104,
    "J1545-4550_red_noise_gamma": 0.010326712792610108,
    "J1545-4550_red_noise_log10_A": -19.989664275084635,
    "n_earth": 0.0035517333041434895,
    "nmodel": -0.49854915873507144
}