{
    "J1600-3053_CASPSR_40CM_efac": 0.900314279035817,
    "J1600-3053_CASPSR_40CM_log10_tnequad": -9.992855204635163,
    "J1600-3053_CPSR2_20CM_efac": 0.8604430933779504,
    "J1600-3053_CPSR2_20CM_log10_tnequad": -9.995807759669553,
    "J1600-3053_CPSR2_50CM_efac": 0.023547249999241918,
    "J1600-3053_CPSR2_50CM_log10_tnequad": -9.993689638386034,
    "J1600-3053_PDFB1_10CM_efac": 0.051718771495703815,
    "J1600-3053_PDFB1_10CM_log10_tnequad": -9.994103452045929,
    "J1600-3053_PDFB1_20CM_efac": 0.6113799706421663,
    "J1600-3053_PDFB1_20CM_log10_tnequad": -9.994869001872823,
    "J1600-3053_PDFB1_early_10CM_efac": 0.1529163443361861,
    "J1600-3053_PDFB1_early_10CM_log10_tnequad": -9.995183460586361,
    "J1600-3053_PDFB1_early_20CM_efac": 0.46843344183344365,
    "J1600-3053_PDFB1_early_20CM_log10_tnequad": -9.988741037567907,
    "J1600-3053_PDFB_10CM_efac": 0.9564827732427057,
    "J1600-3053_PDFB_10CM_log10_tnequad": -9.994962206322187,
    "J1600-3053_PDFB_20CM_efac": 0.19046662239808135,
    "J1600-3053_PDFB_20CM_log10_tnequad": -9.994391477441255,
    "J1600-3053_PDFB_40CM_efac": 0.5543011944781155,
    "J1600-3053_PDFB_40CM_log10_tnequad": -9.993303343998239,
    "J1600-3053_UWL_PDFB4_20CM_efac": 0.032541876660861814,
    "J1600-3053_UWL_PDFB4_20CM_log10_tnequad": -9.994294670044361,
    "J1600-3053_UWL_sbA_efac": 0.5753676575789801,
    "J1600-3053_UWL_sbA_log10_tnequad": -9.994560758490445,
    "J1600-3053_UWL_sbB_efac": 0.7590988924664902,
    "J1600-3053_UWL_sbB_log10_tnequad": -9.993270693760836,
    "J1600-3053_UWL_sbC_efac": 0.5517411602090156,
    "J1600-3053_UWL_sbC_log10_tnequad": -9.996396075102089,
    "J1600-3053_UWL_sbD_efac": 0.6445332866720633,
    "J1600-3053_UWL_sbD_log10_tnequad": -9.99489180171019,
    "J1600-3053_UWL_sbE_efac": 0.8663044682987229,
    "J1600-3053_UWL_sbE_log10_tnequad": -9.995827212842952,
    "J1600-3053_UWL_sbF_efac": 0.6117740358652984,
    "J1600-3053_UWL_sbF_log10_tnequad": -9.994946998541801,
    "J1600-3053_UWL_sbG_efac": 0.7517560107165927,
    "J1600-3053_UWL_sbG_log10_tnequad": -9.99312007225346,
    "J1600-3053_UWL_sbH_efac": 0.48902303790305446,
    "J1600-3053_UWL_sbH_log10_tnequad": -9.994795611158187,
    "J1600-3053_WBCORR_10CM_efac": 0.682292309956371,
    "J1600-3053_WBCORR_10CM_log10_tnequad": -9.992703948295535,
    "J1600-3053_band_noise_low_gamma": 0.010720382692503416,
    "J1600-3053_band_noise_low_log10_A": -19.988919780923702,
    "J1600-3053_basis_ecorr_10CM_log10_ecorr": -9.992717689676137,
    "J1600-3053_basis_ecorr_10CM_uwl_log10_ecorr": -9.99685674142087,
    "J1600-3053_basis_ecorr_20CM_log10_ecorr": -9.983879079921916,
    "J1600-3053_basis_ecorr_20CM_uwl_log10_ecorr": -9.994238502389022,
    "J1600-3053_basis_ecorr_40CM_log10_ecorr": -9.993261109376435,
    "J1600-3053_basis_ecorr_40CM_uwl_log10_ecorr": -9.996048962411091,
    "J1600-3053_basis_ecorr_all_dr2_log10_ecorr": -9.992361084865175,
    "J1600-3053_basis_ecorr_all_uwl_log10_ecorr": -9.994464371475681,
    "J1600-3053_chrom_gp_gamma": 0.02530191632746348,
    "J1600-3053_chrom_gp_log10_A": -19.956448866799466,
    "J1600-3053_dm_gp_gamma": 1.854251536099641,
    "J1600-3053_dm_gp_log10_A": -14.735509740704895,
    "J1600-3053_gp_sw_gamma": -3.979581883591421,
    "J1600-3053_gp_sw_log10_A": -9.99380092414917,
    "J1600-3053_hf_noise_gamma": 0.004306825961892219,
    "J1600-3053_hf_noise_log10_A": -19.96759313590096,
    "J1600-3053_red_noise_gamma": 0.01157751493630217,
    "J1600-3053_red_noise_log10_A": -19.988223029779505,
    "n_earth": 0.0010223526540771143,
    "nmodel": -0.49845424074144074
}