{
    "J1603-7202_CASPSR_40CM_efac": 1.090089138827593,
    "J1603-7202_CASPSR_40CM_log10_tnequad": -9.994738708826148,
    "J1603-7202_CPSR2_20CM_efac": 0.8655468065786842,
    "J1603-7202_CPSR2_20CM_log10_tnequad": -9.992797031013916,
    "J1603-7202_CPSR2_50CM_efac": 1.0475531857560514,
    "J1603-7202_CPSR2_50CM_log10_tnequad": -9.991466089085812,
    "J1603-7202_PDFB1_20CM_efac": 0.7944923283777731,
    "J1603-7202_PDFB1_20CM_log10_tnequad": -9.994572824778475,
    "J1603-7202_PDFB1_early_20CM_efac": 0.7683528472267632,
    "J1603-7202_PDFB1_early_20CM_log10_tnequad": -9.994506585099035,
    "J1603-7202_PDFB_10CM_efac": 0.9006442897231927,
    "J1603-7202_PDFB_10CM_log10_tnequad": -9.993775623659083,
    "J1603-7202_PDFB_20CM_efac": 0.9670067428317983,
    "J1603-7202_PDFB_20CM_log10_tnequad": -9.99454478997398,
    "J1603-7202_PDFB_40CM_efac": 0.9535425328199714,
    "J1603-7202_PDFB_40CM_log10_tnequad": -9.993943045091466,
    "J1603-7202_UWL_CASPSR_40CM_efac": 1.208479575038407,
    "J1603-7202_UWL_CASPSR_40CM_log10_tnequad": -9.993532688251285,
    "J1603-7202_UWL_PDFB4_20CM_efac": 0.9249897486742134,
    "J1603-7202_UWL_PDFB4_20CM_log10_tnequad": -9.994678232160888,
    "J1603-7202_UWL_sbA_efac": 0.9380784393350554,
    "J1603-7202_UWL_sbA_log10_tnequad": -9.993749376411213,
    "J1603-7202_UWL_sbB_efac": 0.9348565955242256,
    "J1603-7202_UWL_sbB_log10_tnequad": -9.994704747489358,
    "J1603-7202_UWL_sbC_efac": 0.9679099015920709,
    "J1603-7202_UWL_sbC_log10_tnequad": -9.994203387630758,
    "J1603-7202_UWL_sbD_efac": 0.937725848323345,
    "J1603-7202_UWL_sbD_log10_tnequad": -9.994532108631352,
    "J1603-7202_UWL_sbE_efac": 0.9096570454358106,
    "J1603-7202_UWL_sbE_log10_tnequad": -9.995293117713645,
    "J1603-7202_UWL_sbF_efac": 0.8361999986798077,
    "J1603-7202_UWL_sbF_log10_tnequad": -9.69054350354677,
    "J1603-7202_UWL_sbG_efac": 0.7948647782619233,
    "J1603-7202_UWL_sbG_log10_tnequad": -9.993668293798653,
    "J1603-7202_UWL_sbH_efac": 0.8831994503440117,
    "J1603-7202_UWL_sbH_log10_tnequad": -9.993285688769419,
    "J1603-7202_basis_ecorr_10CM_log10_ecorr": -9.995070396393906,
    "J1603-7202_basis_ecorr_10CM_uwl_log10_ecorr": -9.993786555766151,
    "J1603-7202_basis_ecorr_20CM_log10_ecorr": -9.967190808024723,
    "J1603-7202_basis_ecorr_20CM_uwl_log10_ecorr": -9.99441312236512,
    "J1603-7202_basis_ecorr_40CM_log10_ecorr": -9.993484248001122,
    "J1603-7202_basis_ecorr_40CM_uwl_log10_ecorr": -9.993161016359299,
    "J1603-7202_basis_ecorr_all_dr2_log10_ecorr": -9.991708783131141,
    "J1603-7202_basis_ecorr_all_uwl_log10_ecorr": -9.989306287466945,
    "J1603-7202_dm_gp_gamma": 1.7486965471001388,
    "J1603-7202_dm_gp_log10_A": -13.493501043712019,
    "J1603-7202_dmgauss_epoch": 53888.664989538855,
    "J1603-7202_dmgauss_log10_Amp": -5.415727025313516,
    "J1603-7202_dmgauss_log10_sigma": 1.8477297819344805,
    "J1603-7202_red_noise_gamma": 0.009133612955172964,
    "J1603-7202_red_noise_log10_A": -19.991939065510675,
    "nmodel": -0.4985030980414408
}