{
    "J1603-7202_CASPSR_40CM_efac": 1.5603556445198181,
    "J1603-7202_CASPSR_40CM_log10_tnequad": -6.123774675650159,
    "J1603-7202_CPSR2_20CM_efac": 1.1725208901960127,
    "J1603-7202_CPSR2_20CM_log10_tnequad": -5.793222874480956,
    "J1603-7202_CPSR2_50CM_efac": 1.3282079178419424,
    "J1603-7202_CPSR2_50CM_log10_tnequad": -5.8977018208105685,
    "J1603-7202_PDFB1_20CM_efac": 1.2327131088540595,
    "J1603-7202_PDFB1_20CM_log10_tnequad": -6.011489063049363,
    "J1603-7202_PDFB1_early_20CM_efac": 1.3250371961860719,
    "J1603-7202_PDFB1_early_20CM_log10_tnequad": -5.947628319696449,
    "J1603-7202_PDFB_10CM_efac": 1.1691042529705553,
    "J1603-7202_PDFB_10CM_log10_tnequad": -5.908564082017344,
    "J1603-7202_PDFB_20CM_efac": 1.1180950607773592,
    "J1603-7202_PDFB_20CM_log10_tnequad": -6.420802071657799,
    "J1603-7202_PDFB_40CM_efac": 1.2038568252062598,
    "J1603-7202_PDFB_40CM_log10_tnequad": -6.134280222675183,
    "J1603-7202_UWL_CASPSR_40CM_efac": 2.2805987383374373,
    "J1603-7202_UWL_CASPSR_40CM_log10_tnequad": -5.426284537319346,
    "J1603-7202_UWL_PDFB4_20CM_efac": 1.385319785040919,
    "J1603-7202_UWL_PDFB4_20CM_log10_tnequad": -6.243609098549551,
    "J1603-7202_UWL_sbA_efac": 1.2738606577446843,
    "J1603-7202_UWL_sbA_log10_tnequad": -5.686266012924472,
    "J1603-7202_UWL_sbB_efac": 1.1833392626199164,
    "J1603-7202_UWL_sbB_log10_tnequad": -6.071218340553727,
    "J1603-7202_UWL_sbC_efac": 1.222694301419195,
    "J1603-7202_UWL_sbC_log10_tnequad": -6.0571307657694975,
    "J1603-7202_UWL_sbD_efac": 1.1877622608966756,
    "J1603-7202_UWL_sbD_log10_tnequad": -6.347204210282641,
    "J1603-7202_UWL_sbE_efac": 1.195786468876235,
    "J1603-7202_UWL_sbE_log10_tnequad": -6.281592478113752,
    "J1603-7202_UWL_sbF_efac": 1.110089247055604,
    "J1603-7202_UWL_sbF_log10_tnequad": -6.047695388850527,
    "J1603-7202_UWL_sbG_efac": 1.1114736775020484,
    "J1603-7202_UWL_sbG_log10_tnequad": -5.946360386773713,
    "J1603-7202_UWL_sbH_efac": 1.3717996826740557,
    "J1603-7202_UWL_sbH_log10_tnequad": -5.854394522114107,
    "J1603-7202_basis_ecorr_10CM_log10_ecorr": -5.926577152066571,
    "J1603-7202_basis_ecorr_10CM_uwl_log10_ecorr": -5.926374908162266,
    "J1603-7202_basis_ecorr_20CM_log10_ecorr": -6.047459353246439,
    "J1603-7202_basis_ecorr_20CM_uwl_log10_ecorr": -6.420364968508014,
    "J1603-7202_basis_ecorr_40CM_log10_ecorr": -6.023508763176151,
    "J1603-7202_basis_ecorr_40CM_uwl_log10_ecorr": -6.223011483619861,
    "J1603-7202_basis_ecorr_all_dr2_log10_ecorr": -6.075931117630011,
    "J1603-7202_basis_ecorr_all_uwl_log10_ecorr": -6.372388374046366,
    "J1603-7202_dm_gp_gamma": 3.40369459117219,
    "J1603-7202_dm_gp_log10_A": -12.998095500659272,
    "J1603-7202_dmgauss_epoch": 53937.42499480916,
    "J1603-7202_dmgauss_log10_Amp": -5.105009449555907,
    "J1603-7202_dmgauss_log10_sigma": 2.0601641569001488,
    "J1603-7202_gp_sw_gamma": 3.984895182673972,
    "J1603-7202_gp_sw_log10_A": -5.803943559495885,
    "J1603-7202_red_noise_gamma": 6.982744625245441,
    "J1603-7202_red_noise_log10_A": -13.119348656596488,
    "n_earth": 18.30257934885202,
    "nmodel": 0.4983940922230296
}