{
    "J1600-3053_CASPSR_40CM_efac": 0.4825228164620099,
    "J1600-3053_CASPSR_40CM_log10_tnequad": -9.985250600497908,
    "J1600-3053_CPSR2_20CM_efac": 0.3407470369845432,
    "J1600-3053_CPSR2_20CM_log10_tnequad": -9.992161653782418,
    "J1600-3053_CPSR2_50CM_efac": 0.23507036670847994,
    "J1600-3053_CPSR2_50CM_log10_tnequad": -9.994099499629387,
    "J1600-3053_PDFB1_10CM_efac": 0.07955622380675728,
    "J1600-3053_PDFB1_10CM_log10_tnequad": -9.985304246323393,
    "J1600-3053_PDFB1_20CM_efac": 0.4656444860119529,
    "J1600-3053_PDFB1_20CM_log10_tnequad": -9.996064633212494,
    "J1600-3053_PDFB1_early_10CM_efac": 0.02677783460904887,
    "J1600-3053_PDFB1_early_10CM_log10_tnequad": -9.997405808458325,
    "J1600-3053_PDFB1_early_20CM_efac": 0.037958225274159964,
    "J1600-3053_PDFB1_early_20CM_log10_tnequad": -9.987178351381237,
    "J1600-3053_PDFB_10CM_efac": 0.9003325692607673,
    "J1600-3053_PDFB_10CM_log10_tnequad": -9.992053262681498,
    "J1600-3053_PDFB_20CM_efac": 0.7197872904511071,
    "J1600-3053_PDFB_20CM_log10_tnequad": -9.994680341073567,
    "J1600-3053_PDFB_40CM_efac": 0.17464688663671588,
    "J1600-3053_PDFB_40CM_log10_tnequad": -9.990731022482565,
    "J1600-3053_UWL_PDFB4_20CM_efac": 0.14272685287571163,
    "J1600-3053_UWL_PDFB4_20CM_log10_tnequad": -9.993044642525478,
    "J1600-3053_UWL_sbA_efac": 0.13937014458054983,
    "J1600-3053_UWL_sbA_log10_tnequad": -9.989558900602091,
    "J1600-3053_UWL_sbB_efac": 0.7611201653504646,
    "J1600-3053_UWL_sbB_log10_tnequad": -9.9958935456189,
    "J1600-3053_UWL_sbC_efac": 0.1787062378224326,
    "J1600-3053_UWL_sbC_log10_tnequad": -9.993623596572734,
    "J1600-3053_UWL_sbD_efac": 0.5345700408294505,
    "J1600-3053_UWL_sbD_log10_tnequad": -9.997643055943355,
    "J1600-3053_UWL_sbE_efac": 0.7568663498236066,
    "J1600-3053_UWL_sbE_log10_tnequad": -9.993833709452096,
    "J1600-3053_UWL_sbF_efac": 0.6173818679831637,
    "J1600-3053_UWL_sbF_log10_tnequad": -9.996147187343519,
    "J1600-3053_UWL_sbG_efac": 0.6513945185672504,
    "J1600-3053_UWL_sbG_log10_tnequad": -9.995585157503198,
    "J1600-3053_UWL_sbH_efac": 0.03694967565863138,
    "J1600-3053_UWL_sbH_log10_tnequad": -9.998229871747498,
    "J1600-3053_WBCORR_10CM_efac": 0.2660422839324307,
    "J1600-3053_WBCORR_10CM_log10_tnequad": -9.995816173814845,
    "J1600-3053_band_noise_low_gamma": 0.005457149965750946,
    "J1600-3053_band_noise_low_log10_A": -19.993882789524204,
    "J1600-3053_basis_ecorr_10CM_log10_ecorr": -9.997262163318807,
    "J1600-3053_basis_ecorr_10CM_uwl_log10_ecorr": -9.994896307584513,
    "J1600-3053_basis_ecorr_20CM_log10_ecorr": -9.984816235927415,
    "J1600-3053_basis_ecorr_20CM_uwl_log10_ecorr": -9.997690831658561,
    "J1600-3053_basis_ecorr_40CM_log10_ecorr": -9.995530527454141,
    "J1600-3053_basis_ecorr_40CM_uwl_log10_ecorr": -9.995858178170542,
    "J1600-3053_basis_ecorr_all_dr2_log10_ecorr": -9.99110403046434,
    "J1600-3053_basis_ecorr_all_uwl_log10_ecorr": -9.994302416727388,
    "J1600-3053_chrom_gp_gamma": 0.014072912460229167,
    "J1600-3053_chrom_gp_log10_A": -19.914684629202995,
    "J1600-3053_dm_gp_gamma": 1.8605926348849502,
    "J1600-3053_dm_gp_log10_A": -14.506679131134083,
    "J1600-3053_gp_sw_gamma": -3.979763207954189,
    "J1600-3053_gp_sw_log10_A": -9.991517067772264,
    "J1600-3053_hf_noise_gamma": 0.005312575329242066,
    "J1600-3053_hf_noise_log10_A": -19.97662944689398,
    "J1600-3053_red_noise_gamma": 0.015089526263025049,
    "J1600-3053_red_noise_log10_A": -19.982129314760677,
    "n_earth": 0.0009765569953743558,
    "nmodel": -0.4986072044535619
}