{
    "J1603-7202_CASPSR_40CM_efac": 1.092317795961981,
    "J1603-7202_CASPSR_40CM_log10_tnequad": -9.991504593800766,
    "J1603-7202_CPSR2_20CM_efac": 0.8636053884480146,
    "J1603-7202_CPSR2_20CM_log10_tnequad": -9.991394893801413,
    "J1603-7202_CPSR2_50CM_efac": 1.0452379577999138,
    "J1603-7202_CPSR2_50CM_log10_tnequad": -9.994513869969119,
    "J1603-7202_PDFB1_20CM_efac": 0.7819138253975568,
    "J1603-7202_PDFB1_20CM_log10_tnequad": -9.993971440173507,
    "J1603-7202_PDFB1_early_20CM_efac": 0.7768498491229455,
    "J1603-7202_PDFB1_early_20CM_log10_tnequad": -9.994526705377124,
    "J1603-7202_PDFB_10CM_efac": 0.9004477452337668,
    "J1603-7202_PDFB_10CM_log10_tnequad": -9.994656551829477,
    "J1603-7202_PDFB_20CM_efac": 0.9651096154036658,
    "J1603-7202_PDFB_20CM_log10_tnequad": -9.99538385084033,
    "J1603-7202_PDFB_40CM_efac": 0.9513029310261301,
    "J1603-7202_PDFB_40CM_log10_tnequad": -9.993458597758222,
    "J1603-7202_UWL_CASPSR_40CM_efac": 1.2353240305774715,
    "J1603-7202_UWL_CASPSR_40CM_log10_tnequad": -9.995254142920517,
    "J1603-7202_UWL_PDFB4_20CM_efac": 0.9275604330441255,
    "J1603-7202_UWL_PDFB4_20CM_log10_tnequad": -9.993297950369515,
    "J1603-7202_UWL_sbA_efac": 0.9104814588590094,
    "J1603-7202_UWL_sbA_log10_tnequad": -9.994899950386849,
    "J1603-7202_UWL_sbB_efac": 0.9415391975641799,
    "J1603-7202_UWL_sbB_log10_tnequad": -9.991350041729921,
    "J1603-7202_UWL_sbC_efac": 0.961509332919252,
    "J1603-7202_UWL_sbC_log10_tnequad": -9.992915775242553,
    "J1603-7202_UWL_sbD_efac": 0.9327417315412084,
    "J1603-7202_UWL_sbD_log10_tnequad": -9.99430978032085,
    "J1603-7202_UWL_sbE_efac": 0.9160697324507415,
    "J1603-7202_UWL_sbE_log10_tnequad": -9.995025769329208,
    "J1603-7202_UWL_sbF_efac": 0.8357881546338947,
    "J1603-7202_UWL_sbF_log10_tnequad": -9.581631317471142,
    "J1603-7202_UWL_sbG_efac": 0.79834037210676,
    "J1603-7202_UWL_sbG_log10_tnequad": -9.993102340577483,
    "J1603-7202_UWL_sbH_efac": 0.8918019917857668,
    "J1603-7202_UWL_sbH_log10_tnequad": -9.993390840485148,
    "J1603-7202_basis_ecorr_10CM_log10_ecorr": -9.995215853740023,
    "J1603-7202_basis_ecorr_10CM_uwl_log10_ecorr": -9.99270009841655,
    "J1603-7202_basis_ecorr_20CM_log10_ecorr": -9.983019016475865,
    "J1603-7202_basis_ecorr_20CM_uwl_log10_ecorr": -9.995562354263221,
    "J1603-7202_basis_ecorr_40CM_log10_ecorr": -9.993476079577,
    "J1603-7202_basis_ecorr_40CM_uwl_log10_ecorr": -9.994324335982652,
    "J1603-7202_basis_ecorr_all_dr2_log10_ecorr": -9.990995962610171,
    "J1603-7202_basis_ecorr_all_uwl_log10_ecorr": -9.988097813928636,
    "J1603-7202_dm_gp_gamma": 1.7587680698963843,
    "J1603-7202_dm_gp_log10_A": -13.504259280667362,
    "J1603-7202_dmgauss_epoch": 53887.29524427145,
    "J1603-7202_dmgauss_log10_Amp": -5.41904610636351,
    "J1603-7202_dmgauss_log10_sigma": 1.8438044152074922,
    "J1603-7202_gp_sw_gamma": -3.9860061591741407,
    "J1603-7202_gp_sw_log10_A": -9.994814267732657,
    "J1603-7202_red_noise_gamma": 0.008739963481595748,
    "J1603-7202_red_noise_log10_A": -19.991108476287042,
    "n_earth": 0.006306654998554452,
    "nmodel": -0.4984055653758347
}