{
    "J1600-3053_CASPSR_40CM_efac": 1.5096564805028638,
    "J1600-3053_CASPSR_40CM_log10_tnequad": -5.661750296891861,
    "J1600-3053_CPSR2_20CM_efac": 1.226505511549529,
    "J1600-3053_CPSR2_20CM_log10_tnequad": -5.779224616888907,
    "J1600-3053_CPSR2_50CM_efac": 2.3063581576793615,
    "J1600-3053_CPSR2_50CM_log10_tnequad": -5.357255505122632,
    "J1600-3053_PDFB1_10CM_efac": 2.669961902693094,
    "J1600-3053_PDFB1_10CM_log10_tnequad": -5.6124665008500445,
    "J1600-3053_PDFB1_20CM_efac": 1.1284223305287082,
    "J1600-3053_PDFB1_20CM_log10_tnequad": -6.156305654669031,
    "J1600-3053_PDFB1_early_10CM_efac": 2.8984217735329096,
    "J1600-3053_PDFB1_early_10CM_log10_tnequad": -5.575930604690524,
    "J1600-3053_PDFB1_early_20CM_efac": 3.5131157295074873,
    "J1600-3053_PDFB1_early_20CM_log10_tnequad": -5.885859744006635,
    "J1600-3053_PDFB_10CM_efac": 1.3172818616359003,
    "J1600-3053_PDFB_10CM_log10_tnequad": -6.280448458923078,
    "J1600-3053_PDFB_20CM_efac": 1.1788045445364592,
    "J1600-3053_PDFB_20CM_log10_tnequad": -6.326813244630888,
    "J1600-3053_PDFB_40CM_efac": 1.4334230535678862,
    "J1600-3053_PDFB_40CM_log10_tnequad": -5.4937039727678565,
    "J1600-3053_UWL_PDFB4_20CM_efac": 3.0355969117992525,
    "J1600-3053_UWL_PDFB4_20CM_log10_tnequad": -6.007134904153673,
    "J1600-3053_UWL_sbA_efac": 2.3875721952449793,
    "J1600-3053_UWL_sbA_log10_tnequad": -5.53305853391655,
    "J1600-3053_UWL_sbB_efac": 1.5725461916032413,
    "J1600-3053_UWL_sbB_log10_tnequad": -6.055056792145737,
    "J1600-3053_UWL_sbC_efac": 1.7404992931494825,
    "J1600-3053_UWL_sbC_log10_tnequad": -5.7187080580055545,
    "J1600-3053_UWL_sbD_efac": 1.3685874442704151,
    "J1600-3053_UWL_sbD_log10_tnequad": -6.300330374899744,
    "J1600-3053_UWL_sbE_efac": 2.9576654544162975,
    "J1600-3053_UWL_sbE_log10_tnequad": -6.470567805016151,
    "J1600-3053_UWL_sbF_efac": 2.049605152700499,
    "J1600-3053_UWL_sbF_log10_tnequad": -6.476487832994127,
    "J1600-3053_UWL_sbG_efac": 1.8721611383581889,
    "J1600-3053_UWL_sbG_log10_tnequad": -6.222767148553426,
    "J1600-3053_UWL_sbH_efac": 2.360070849727117,
    "J1600-3053_UWL_sbH_log10_tnequad": -5.868925538202992,
    "J1600-3053_WBCORR_10CM_efac": 3.2656345979577526,
    "J1600-3053_WBCORR_10CM_log10_tnequad": -5.340267436676705,
    "J1600-3053_band_noise_low_gamma": 6.98459601808838,
    "J1600-3053_band_noise_low_log10_A": -12.708849914974909,
    "J1600-3053_basis_ecorr_10CM_log10_ecorr": -6.540069574060856,
    "J1600-3053_basis_ecorr_10CM_uwl_log10_ecorr": -6.556324915430046,
    "J1600-3053_basis_ecorr_20CM_log10_ecorr": -6.502281453223067,
    "J1600-3053_basis_ecorr_20CM_uwl_log10_ecorr": -6.687769702870045,
    "J1600-3053_basis_ecorr_40CM_log10_ecorr": -6.056426707571004,
    "J1600-3053_basis_ecorr_40CM_uwl_log10_ecorr": -6.287028123983575,
    "J1600-3053_basis_ecorr_all_dr2_log10_ecorr": -6.552593915523535,
    "J1600-3053_basis_ecorr_all_uwl_log10_ecorr": -6.661820312603563,
    "J1600-3053_chrom_gp_gamma": 6.842623035894952,
    "J1600-3053_chrom_gp_log10_A": -13.416841539193495,
    "J1600-3053_dm_gp_gamma": 5.314539763284972,
    "J1600-3053_dm_gp_log10_A": -13.007178498640316,
    "J1600-3053_gp_sw_gamma": 3.9626889520182944,
    "J1600-3053_gp_sw_log10_A": -6.099875229494517,
    "J1600-3053_hf_noise_gamma": 6.963135484917518,
    "J1600-3053_hf_noise_log10_A": -13.297380001590767,
    "J1600-3053_red_noise_gamma": 6.981781727371914,
    "J1600-3053_red_noise_log10_A": -13.387041691790587,
    "n_earth": 2.9474376615399134,
    "nmodel": 0.498552013683924
}