{
    "J1600-3053_CASPSR_40CM_efac": 0.9475434467237019,
    "J1600-3053_CASPSR_40CM_log10_tnequad": -9.993444600467651,
    "J1600-3053_CPSR2_20CM_efac": 0.8803659234711513,
    "J1600-3053_CPSR2_20CM_log10_tnequad": -9.994087601983518,
    "J1600-3053_CPSR2_50CM_efac": 0.3607169787233492,
    "J1600-3053_CPSR2_50CM_log10_tnequad": -9.994411522642437,
    "J1600-3053_PDFB1_10CM_efac": 0.16010314736896852,
    "J1600-3053_PDFB1_10CM_log10_tnequad": -9.995326291388514,
    "J1600-3053_PDFB1_20CM_efac": 0.595733213213324,
    "J1600-3053_PDFB1_20CM_log10_tnequad": -9.994984543337296,
    "J1600-3053_PDFB1_early_10CM_efac": 0.08840566254498232,
    "J1600-3053_PDFB1_early_10CM_log10_tnequad": -9.991239443600396,
    "J1600-3053_PDFB1_early_20CM_efac": 0.38978514434531214,
    "J1600-3053_PDFB1_early_20CM_log10_tnequad": -9.995098699355049,
    "J1600-3053_PDFB_10CM_efac": 0.9595518919699144,
    "J1600-3053_PDFB_10CM_log10_tnequad": -9.995727846033773,
    "J1600-3053_PDFB_20CM_efac": 0.9906352437739075,
    "J1600-3053_PDFB_20CM_log10_tnequad": -9.994965731165639,
    "J1600-3053_PDFB_40CM_efac": 0.7138863330254076,
    "J1600-3053_PDFB_40CM_log10_tnequad": -9.99296870403392,
    "J1600-3053_UWL_PDFB4_20CM_efac": 0.7505472402335268,
    "J1600-3053_UWL_PDFB4_20CM_log10_tnequad": -9.994216479110198,
    "J1600-3053_UWL_sbA_efac": 0.39429251799192866,
    "J1600-3053_UWL_sbA_log10_tnequad": -9.99220897567319,
    "J1600-3053_UWL_sbB_efac": 0.831330540719845,
    "J1600-3053_UWL_sbB_log10_tnequad": -9.99546908871686,
    "J1600-3053_UWL_sbC_efac": 0.8337887968364945,
    "J1600-3053_UWL_sbC_log10_tnequad": -9.99442464834458,
    "J1600-3053_UWL_sbD_efac": 0.8806006710535463,
    "J1600-3053_UWL_sbD_log10_tnequad": -9.996129930829381,
    "J1600-3053_UWL_sbE_efac": 0.8603901529437816,
    "J1600-3053_UWL_sbE_log10_tnequad": -9.995371943373609,
    "J1600-3053_UWL_sbF_efac": 0.748574844099761,
    "J1600-3053_UWL_sbF_log10_tnequad": -9.99393842991192,
    "J1600-3053_UWL_sbG_efac": 0.7699459962329788,
    "J1600-3053_UWL_sbG_log10_tnequad": -9.993987668791995,
    "J1600-3053_UWL_sbH_efac": 0.6669247067274852,
    "J1600-3053_UWL_sbH_log10_tnequad": -9.993710181555608,
    "J1600-3053_WBCORR_10CM_efac": 1.0378877302955987,
    "J1600-3053_WBCORR_10CM_log10_tnequad": -9.99316509383489,
    "J1600-3053_band_noise_low_gamma": 0.009776992372357685,
    "J1600-3053_band_noise_low_log10_A": -19.98877796857136,
    "J1600-3053_basis_ecorr_10CM_log10_ecorr": -9.993685777639875,
    "J1600-3053_basis_ecorr_10CM_uwl_log10_ecorr": -9.996002637919608,
    "J1600-3053_basis_ecorr_20CM_log10_ecorr": -9.98751945396544,
    "J1600-3053_basis_ecorr_20CM_uwl_log10_ecorr": -9.994663048400602,
    "J1600-3053_basis_ecorr_40CM_log10_ecorr": -9.993517124303263,
    "J1600-3053_basis_ecorr_40CM_uwl_log10_ecorr": -9.991780784148219,
    "J1600-3053_basis_ecorr_all_dr2_log10_ecorr": -9.992094797830921,
    "J1600-3053_basis_ecorr_all_uwl_log10_ecorr": -9.994501582517815,
    "J1600-3053_chrom_gp_gamma": 0.027514939328089186,
    "J1600-3053_chrom_gp_log10_A": -19.958187600195032,
    "J1600-3053_dm_gp_gamma": 1.8385486545949588,
    "J1600-3053_dm_gp_log10_A": -14.11480808282087,
    "J1600-3053_hf_noise_gamma": 0.005550736351710384,
    "J1600-3053_hf_noise_log10_A": -19.976307901440222,
    "J1600-3053_red_noise_gamma": 0.014890189502088369,
    "J1600-3053_red_noise_log10_A": -19.98836111119001,
    "nmodel": -0.49849007027922604
}