{
    "J1600-3053_CASPSR_40CM_efac": 1.479270260764281,
    "J1600-3053_CASPSR_40CM_log10_tnequad": -5.905971892917612,
    "J1600-3053_CPSR2_20CM_efac": 1.1212052421329433,
    "J1600-3053_CPSR2_20CM_log10_tnequad": -6.085656682830359,
    "J1600-3053_CPSR2_50CM_efac": 1.5152901900497582,
    "J1600-3053_CPSR2_50CM_log10_tnequad": -5.380555995374331,
    "J1600-3053_PDFB1_10CM_efac": 1.2708207178308022,
    "J1600-3053_PDFB1_10CM_log10_tnequad": -5.672859243642486,
    "J1600-3053_PDFB1_20CM_efac": 0.9403048572663841,
    "J1600-3053_PDFB1_20CM_log10_tnequad": -6.214992688731712,
    "J1600-3053_PDFB1_early_10CM_efac": 1.3661648209405337,
    "J1600-3053_PDFB1_early_10CM_log10_tnequad": -5.619715843295104,
    "J1600-3053_PDFB1_early_20CM_efac": 1.144560699066422,
    "J1600-3053_PDFB1_early_20CM_log10_tnequad": -5.946902483888504,
    "J1600-3053_PDFB_10CM_efac": 1.1218187518988325,
    "J1600-3053_PDFB_10CM_log10_tnequad": -6.3880244722910975,
    "J1600-3053_PDFB_20CM_efac": 1.1574883551330453,
    "J1600-3053_PDFB_20CM_log10_tnequad": -6.750048969961666,
    "J1600-3053_PDFB_40CM_efac": 1.1887057382793926,
    "J1600-3053_PDFB_40CM_log10_tnequad": -5.644607356704913,
    "J1600-3053_UWL_PDFB4_20CM_efac": 1.6588049688268585,
    "J1600-3053_UWL_PDFB4_20CM_log10_tnequad": -6.136511890472815,
    "J1600-3053_UWL_sbA_efac": 1.4411033146259515,
    "J1600-3053_UWL_sbA_log10_tnequad": -5.621547081301656,
    "J1600-3053_UWL_sbB_efac": 1.2479702492820102,
    "J1600-3053_UWL_sbB_log10_tnequad": -6.115095721948685,
    "J1600-3053_UWL_sbC_efac": 1.2980359684194882,
    "J1600-3053_UWL_sbC_log10_tnequad": -6.108974342979947,
    "J1600-3053_UWL_sbD_efac": 1.2637735713696934,
    "J1600-3053_UWL_sbD_log10_tnequad": -6.48555066039506,
    "J1600-3053_UWL_sbE_efac": 1.2116662651175656,
    "J1600-3053_UWL_sbE_log10_tnequad": -6.601121326119766,
    "J1600-3053_UWL_sbF_efac": 1.0832024855989262,
    "J1600-3053_UWL_sbF_log10_tnequad": -6.593518371474883,
    "J1600-3053_UWL_sbG_efac": 1.205939413129255,
    "J1600-3053_UWL_sbG_log10_tnequad": -6.30404014762906,
    "J1600-3053_UWL_sbH_efac": 1.0326454011605566,
    "J1600-3053_UWL_sbH_log10_tnequad": -6.311257717870465,
    "J1600-3053_WBCORR_10CM_efac": 1.5153964641113162,
    "J1600-3053_WBCORR_10CM_log10_tnequad": -5.754850916456398,
    "J1600-3053_band_noise_low_gamma": 6.976273624238558,
    "J1600-3053_band_noise_low_log10_A": -12.688320600654535,
    "J1600-3053_basis_ecorr_10CM_log10_ecorr": -6.558027977951778,
    "J1600-3053_basis_ecorr_10CM_uwl_log10_ecorr": -6.5566887233774915,
    "J1600-3053_basis_ecorr_20CM_log10_ecorr": -6.504603189849374,
    "J1600-3053_basis_ecorr_20CM_uwl_log10_ecorr": -6.7059522970977605,
    "J1600-3053_basis_ecorr_40CM_log10_ecorr": -6.088254602264773,
    "J1600-3053_basis_ecorr_40CM_uwl_log10_ecorr": -6.279529669639844,
    "J1600-3053_basis_ecorr_all_dr2_log10_ecorr": -6.564543196193007,
    "J1600-3053_basis_ecorr_all_uwl_log10_ecorr": -6.649816927828463,
    "J1600-3053_chrom_gp_gamma": 6.88174961201019,
    "J1600-3053_chrom_gp_log10_A": -13.436791556827888,
    "J1600-3053_dm_gp_gamma": 4.516975799000624,
    "J1600-3053_dm_gp_log10_A": -13.003654817978592,
    "J1600-3053_hf_noise_gamma": 6.974264402689251,
    "J1600-3053_hf_noise_log10_A": -13.291713183963246,
    "J1600-3053_red_noise_gamma": 6.983441204249344,
    "J1600-3053_red_noise_log10_A": -13.410074590610058,
    "nmodel": 0.4983888892339875
}