{
    "J1603-7202_CASPSR_40CM_efac": 1.1076749696719752,
    "J1603-7202_CASPSR_40CM_log10_tnequad": -9.99779138482427,
    "J1603-7202_CPSR2_20CM_efac": 0.7238242020242607,
    "J1603-7202_CPSR2_20CM_log10_tnequad": -9.991886160776241,
    "J1603-7202_CPSR2_50CM_efac": 1.0418511518993843,
    "J1603-7202_CPSR2_50CM_log10_tnequad": -9.995326473257,
    "J1603-7202_PDFB1_20CM_efac": 0.7971596723327902,
    "J1603-7202_PDFB1_20CM_log10_tnequad": -9.995776599932956,
    "J1603-7202_PDFB1_early_20CM_efac": 0.7557369950519447,
    "J1603-7202_PDFB1_early_20CM_log10_tnequad": -9.995303003708415,
    "J1603-7202_PDFB_10CM_efac": 0.4785707966815594,
    "J1603-7202_PDFB_10CM_log10_tnequad": -9.996126030691338,
    "J1603-7202_PDFB_20CM_efac": 0.9484918512793663,
    "J1603-7202_PDFB_20CM_log10_tnequad": -9.996484080492317,
    "J1603-7202_PDFB_40CM_efac": 0.9462057751484916,
    "J1603-7202_PDFB_40CM_log10_tnequad": -9.99589077614355,
    "J1603-7202_UWL_CASPSR_40CM_efac": 1.1929101195480964,
    "J1603-7202_UWL_CASPSR_40CM_log10_tnequad": -9.995627555931609,
    "J1603-7202_UWL_PDFB4_20CM_efac": 0.9146095888980247,
    "J1603-7202_UWL_PDFB4_20CM_log10_tnequad": -9.99565970695329,
    "J1603-7202_UWL_sbA_efac": 0.8925907993871484,
    "J1603-7202_UWL_sbA_log10_tnequad": -9.987694917516205,
    "J1603-7202_UWL_sbB_efac": 0.9002887460577998,
    "J1603-7202_UWL_sbB_log10_tnequad": -9.99441372192967,
    "J1603-7202_UWL_sbC_efac": 0.9547371173629295,
    "J1603-7202_UWL_sbC_log10_tnequad": -9.993510274790392,
    "J1603-7202_UWL_sbD_efac": 0.936179159600918,
    "J1603-7202_UWL_sbD_log10_tnequad": -9.995069316027518,
    "J1603-7202_UWL_sbE_efac": 0.9016082118996789,
    "J1603-7202_UWL_sbE_log10_tnequad": -9.99478350769846,
    "J1603-7202_UWL_sbF_efac": 0.8343960171974789,
    "J1603-7202_UWL_sbF_log10_tnequad": -9.829018982810725,
    "J1603-7202_UWL_sbG_efac": 0.619032087330673,
    "J1603-7202_UWL_sbG_log10_tnequad": -9.994838766845216,
    "J1603-7202_UWL_sbH_efac": 0.592171597176181,
    "J1603-7202_UWL_sbH_log10_tnequad": -9.996326357066144,
    "J1603-7202_basis_ecorr_10CM_log10_ecorr": -9.992312702568379,
    "J1603-7202_basis_ecorr_10CM_uwl_log10_ecorr": -9.994573722927255,
    "J1603-7202_basis_ecorr_20CM_log10_ecorr": -9.994976008051543,
    "J1603-7202_basis_ecorr_20CM_uwl_log10_ecorr": -9.985816502850925,
    "J1603-7202_basis_ecorr_40CM_log10_ecorr": -9.995655833836675,
    "J1603-7202_basis_ecorr_40CM_uwl_log10_ecorr": -9.992110711677185,
    "J1603-7202_basis_ecorr_all_dr2_log10_ecorr": -9.993942477649139,
    "J1603-7202_basis_ecorr_all_uwl_log10_ecorr": -9.98292740426893,
    "J1603-7202_dm_gp_gamma": 1.7544384963304425,
    "J1603-7202_dm_gp_log10_A": -13.49304849721488,
    "J1603-7202_dmgauss_epoch": 53888.817149690774,
    "J1603-7202_dmgauss_log10_Amp": -5.422556733945348,
    "J1603-7202_dmgauss_log10_sigma": 1.84622910853963,
    "J1603-7202_gp_sw_gamma": -3.9818784245726,
    "J1603-7202_gp_sw_log10_A": -9.994670542159497,
    "J1603-7202_red_noise_gamma": 0.008926742727539794,
    "J1603-7202_red_noise_log10_A": -19.992688119248562,
    "n_earth": 0.014054290086805032,
    "nmodel": -0.49853111508846215
}