{
    "J1600-3053_CASPSR_40CM_efac": 1.5808214754570438,
    "J1600-3053_CASPSR_40CM_log10_tnequad": -5.89876583373298,
    "J1600-3053_CPSR2_20CM_efac": 1.1153611838768243,
    "J1600-3053_CPSR2_20CM_log10_tnequad": -6.07478158269229,
    "J1600-3053_CPSR2_50CM_efac": 1.5898381485597481,
    "J1600-3053_CPSR2_50CM_log10_tnequad": -5.333801905835499,
    "J1600-3053_PDFB1_10CM_efac": 1.2240838643192782,
    "J1600-3053_PDFB1_10CM_log10_tnequad": -5.606909648021703,
    "J1600-3053_PDFB1_20CM_efac": 1.2376108134514596,
    "J1600-3053_PDFB1_20CM_log10_tnequad": -6.230036673068125,
    "J1600-3053_PDFB1_early_10CM_efac": 1.548275699735158,
    "J1600-3053_PDFB1_early_10CM_log10_tnequad": -5.614971322256187,
    "J1600-3053_PDFB1_early_20CM_efac": 1.1643763004874255,
    "J1600-3053_PDFB1_early_20CM_log10_tnequad": -5.965468699776879,
    "J1600-3053_PDFB_10CM_efac": 1.1295315047946888,
    "J1600-3053_PDFB_10CM_log10_tnequad": -6.382608261290471,
    "J1600-3053_PDFB_20CM_efac": 1.1535562463170983,
    "J1600-3053_PDFB_20CM_log10_tnequad": -6.090598305830451,
    "J1600-3053_PDFB_40CM_efac": 1.2041496438765718,
    "J1600-3053_PDFB_40CM_log10_tnequad": -5.548489528659086,
    "J1600-3053_UWL_PDFB4_20CM_efac": 1.6218195462826037,
    "J1600-3053_UWL_PDFB4_20CM_log10_tnequad": -5.980496940311065,
    "J1600-3053_UWL_sbA_efac": 1.4539116081935712,
    "J1600-3053_UWL_sbA_log10_tnequad": -5.653293227336573,
    "J1600-3053_UWL_sbB_efac": 1.27016497737585,
    "J1600-3053_UWL_sbB_log10_tnequad": -6.070683562859567,
    "J1600-3053_UWL_sbC_efac": 1.3065987297946573,
    "J1600-3053_UWL_sbC_log10_tnequad": -5.919327843452736,
    "J1600-3053_UWL_sbD_efac": 1.2721322639504309,
    "J1600-3053_UWL_sbD_log10_tnequad": -6.288863069169493,
    "J1600-3053_UWL_sbE_efac": 1.2361780252507397,
    "J1600-3053_UWL_sbE_log10_tnequad": -6.604654917832318,
    "J1600-3053_UWL_sbF_efac": 1.0895961034358395,
    "J1600-3053_UWL_sbF_log10_tnequad": -6.486397588495554,
    "J1600-3053_UWL_sbG_efac": 1.1926155742552185,
    "J1600-3053_UWL_sbG_log10_tnequad": -6.3106511204436355,
    "J1600-3053_UWL_sbH_efac": 1.3501738126434886,
    "J1600-3053_UWL_sbH_log10_tnequad": -6.164995942305549,
    "J1600-3053_WBCORR_10CM_efac": 1.579947212568704,
    "J1600-3053_WBCORR_10CM_log10_tnequad": -5.473353319534262,
    "J1600-3053_band_noise_low_gamma": 6.981875247301116,
    "J1600-3053_band_noise_low_log10_A": -12.687902550283962,
    "J1600-3053_basis_ecorr_10CM_log10_ecorr": -6.560879140880251,
    "J1600-3053_basis_ecorr_10CM_uwl_log10_ecorr": -6.556348146893215,
    "J1600-3053_basis_ecorr_20CM_log10_ecorr": -6.494654537267435,
    "J1600-3053_basis_ecorr_20CM_uwl_log10_ecorr": -6.704930034062799,
    "J1600-3053_basis_ecorr_40CM_log10_ecorr": -6.069079170426088,
    "J1600-3053_basis_ecorr_40CM_uwl_log10_ecorr": -6.302494213508338,
    "J1600-3053_basis_ecorr_all_dr2_log10_ecorr": -6.5545607017930765,
    "J1600-3053_basis_ecorr_all_uwl_log10_ecorr": -6.6456653036824145,
    "J1600-3053_chrom_gp_gamma": 6.892421193901133,
    "J1600-3053_chrom_gp_log10_A": -13.427267688458414,
    "J1600-3053_dm_gp_gamma": 6.004788460602055,
    "J1600-3053_dm_gp_log10_A": -13.002545711394168,
    "J1600-3053_gp_sw_gamma": 3.97392078056391,
    "J1600-3053_gp_sw_log10_A": -6.051359701339509,
    "J1600-3053_hf_noise_gamma": 6.9688074400156985,
    "J1600-3053_hf_noise_log10_A": -13.27499251606295,
    "J1600-3053_red_noise_gamma": 6.98151191321092,
    "J1600-3053_red_noise_log10_A": -13.421556528751655,
    "n_earth": 2.8841112023465687,
    "nmodel": 0.49847268143812506
}