{
    "J1603-7202_CASPSR_40CM_efac": 1.5533324001391082,
    "J1603-7202_CASPSR_40CM_log10_tnequad": -6.113716015893504,
    "J1603-7202_CPSR2_20CM_efac": 1.1694845454254805,
    "J1603-7202_CPSR2_20CM_log10_tnequad": -5.796522924448005,
    "J1603-7202_CPSR2_50CM_efac": 1.329983968164015,
    "J1603-7202_CPSR2_50CM_log10_tnequad": -5.899525893804677,
    "J1603-7202_PDFB1_20CM_efac": 1.2309807065265306,
    "J1603-7202_PDFB1_20CM_log10_tnequad": -6.019459170948366,
    "J1603-7202_PDFB1_early_20CM_efac": 1.3497688080155914,
    "J1603-7202_PDFB1_early_20CM_log10_tnequad": -5.967533382864233,
    "J1603-7202_PDFB_10CM_efac": 1.1714526202821611,
    "J1603-7202_PDFB_10CM_log10_tnequad": -5.892310477115935,
    "J1603-7202_PDFB_20CM_efac": 1.1114055724172498,
    "J1603-7202_PDFB_20CM_log10_tnequad": -6.4162879128502155,
    "J1603-7202_PDFB_40CM_efac": 1.1988757954191418,
    "J1603-7202_PDFB_40CM_log10_tnequad": -6.123882325897917,
    "J1603-7202_UWL_CASPSR_40CM_efac": 2.303658459993494,
    "J1603-7202_UWL_CASPSR_40CM_log10_tnequad": -5.456412527992357,
    "J1603-7202_UWL_PDFB4_20CM_efac": 1.3726642152482966,
    "J1603-7202_UWL_PDFB4_20CM_log10_tnequad": -6.223975892438122,
    "J1603-7202_UWL_sbA_efac": 1.2809716904561859,
    "J1603-7202_UWL_sbA_log10_tnequad": -5.7108939730248345,
    "J1603-7202_UWL_sbB_efac": 1.1811625638934866,
    "J1603-7202_UWL_sbB_log10_tnequad": -6.067452219919286,
    "J1603-7202_UWL_sbC_efac": 1.2149999365391084,
    "J1603-7202_UWL_sbC_log10_tnequad": -6.07999737261805,
    "J1603-7202_UWL_sbD_efac": 1.180786542876474,
    "J1603-7202_UWL_sbD_log10_tnequad": -6.349893351315922,
    "J1603-7202_UWL_sbE_efac": 1.1906459630894444,
    "J1603-7202_UWL_sbE_log10_tnequad": -6.2776245146149225,
    "J1603-7202_UWL_sbF_efac": 1.106830750923891,
    "J1603-7202_UWL_sbF_log10_tnequad": -6.0472967489184475,
    "J1603-7202_UWL_sbG_efac": 1.1338205980507319,
    "J1603-7202_UWL_sbG_log10_tnequad": -5.9464397810095795,
    "J1603-7202_UWL_sbH_efac": 1.3872521592940459,
    "J1603-7202_UWL_sbH_log10_tnequad": -5.814887239993321,
    "J1603-7202_basis_ecorr_10CM_log10_ecorr": -5.914995798961448,
    "J1603-7202_basis_ecorr_10CM_uwl_log10_ecorr": -5.915831100958093,
    "J1603-7202_basis_ecorr_20CM_log10_ecorr": -6.047584785542704,
    "J1603-7202_basis_ecorr_20CM_uwl_log10_ecorr": -6.4194489969539426,
    "J1603-7202_basis_ecorr_40CM_log10_ecorr": -6.032578390870848,
    "J1603-7202_basis_ecorr_40CM_uwl_log10_ecorr": -6.224711829935667,
    "J1603-7202_basis_ecorr_all_dr2_log10_ecorr": -6.07643922689389,
    "J1603-7202_basis_ecorr_all_uwl_log10_ecorr": -6.3705591447046395,
    "J1603-7202_dm_gp_gamma": 3.355619100945476,
    "J1603-7202_dm_gp_log10_A": -12.999703165867192,
    "J1603-7202_dmgauss_epoch": 53936.84729229361,
    "J1603-7202_dmgauss_log10_Amp": -5.111328632877928,
    "J1603-7202_dmgauss_log10_sigma": 2.060035522726071,
    "J1603-7202_red_noise_gamma": 6.983897227384033,
    "J1603-7202_red_noise_log10_A": -13.118820140715137,
    "nmodel": 0.49850072700324777
}