{
    "J1603-7202_CASPSR_40CM_efac": 2.04490015686677,
    "J1603-7202_CASPSR_40CM_log10_tnequad": -6.117416586790491,
    "J1603-7202_CPSR2_20CM_efac": 1.2664328198300714,
    "J1603-7202_CPSR2_20CM_log10_tnequad": -5.694418017711713,
    "J1603-7202_CPSR2_50CM_efac": 1.3727444799392914,
    "J1603-7202_CPSR2_50CM_log10_tnequad": -5.874119732599429,
    "J1603-7202_PDFB1_20CM_efac": 2.4826737643529695,
    "J1603-7202_PDFB1_20CM_log10_tnequad": -6.024061502413011,
    "J1603-7202_PDFB1_early_20CM_efac": 2.777701219634695,
    "J1603-7202_PDFB1_early_20CM_log10_tnequad": -6.007777675801968,
    "J1603-7202_PDFB_10CM_efac": 2.6253321947620187,
    "J1603-7202_PDFB_10CM_log10_tnequad": -5.320694560818584,
    "J1603-7202_PDFB_20CM_efac": 1.141949230522427,
    "J1603-7202_PDFB_20CM_log10_tnequad": -6.425930702303782,
    "J1603-7202_PDFB_40CM_efac": 1.4116064405627582,
    "J1603-7202_PDFB_40CM_log10_tnequad": -6.145804091106512,
    "J1603-7202_UWL_CASPSR_40CM_efac": 2.648658423825478,
    "J1603-7202_UWL_CASPSR_40CM_log10_tnequad": -5.389420298715013,
    "J1603-7202_UWL_PDFB4_20CM_efac": 1.902182285890061,
    "J1603-7202_UWL_PDFB4_20CM_log10_tnequad": -6.247311359231439,
    "J1603-7202_UWL_sbA_efac": 1.5722686829779853,
    "J1603-7202_UWL_sbA_log10_tnequad": -5.633782660608206,
    "J1603-7202_UWL_sbB_efac": 1.1778872638523792,
    "J1603-7202_UWL_sbB_log10_tnequad": -6.005080748339816,
    "J1603-7202_UWL_sbC_efac": 1.2349116952974706,
    "J1603-7202_UWL_sbC_log10_tnequad": -6.070646704086396,
    "J1603-7202_UWL_sbD_efac": 1.1864498094042755,
    "J1603-7202_UWL_sbD_log10_tnequad": -6.349433397900183,
    "J1603-7202_UWL_sbE_efac": 1.2048531659740267,
    "J1603-7202_UWL_sbE_log10_tnequad": -6.280588111881461,
    "J1603-7202_UWL_sbF_efac": 1.1590542962019794,
    "J1603-7202_UWL_sbF_log10_tnequad": -6.040154968132136,
    "J1603-7202_UWL_sbG_efac": 1.1156319761452649,
    "J1603-7202_UWL_sbG_log10_tnequad": -5.760513572365585,
    "J1603-7202_UWL_sbH_efac": 1.4461030351263577,
    "J1603-7202_UWL_sbH_log10_tnequad": -5.414510239895278,
    "J1603-7202_basis_ecorr_10CM_log10_ecorr": -5.891776146202574,
    "J1603-7202_basis_ecorr_10CM_uwl_log10_ecorr": -5.885991311298572,
    "J1603-7202_basis_ecorr_20CM_log10_ecorr": -6.048460078185698,
    "J1603-7202_basis_ecorr_20CM_uwl_log10_ecorr": -6.4141106317489225,
    "J1603-7202_basis_ecorr_40CM_log10_ecorr": -6.03960482389979,
    "J1603-7202_basis_ecorr_40CM_uwl_log10_ecorr": -6.187311438222987,
    "J1603-7202_basis_ecorr_all_dr2_log10_ecorr": -6.0758730598803,
    "J1603-7202_basis_ecorr_all_uwl_log10_ecorr": -6.375169568251115,
    "J1603-7202_dm_gp_gamma": 3.401372313616697,
    "J1603-7202_dm_gp_log10_A": -13.001439505924585,
    "J1603-7202_dmgauss_epoch": 53938.12608118302,
    "J1603-7202_dmgauss_log10_Amp": -5.110463782165775,
    "J1603-7202_dmgauss_log10_sigma": 2.073947599623013,
    "J1603-7202_gp_sw_gamma": 3.9840070393797538,
    "J1603-7202_gp_sw_log10_A": -5.821357782714228,
    "J1603-7202_red_noise_gamma": 6.985490912796345,
    "J1603-7202_red_noise_log10_A": -13.10460071248539,
    "n_earth": 18.43094864626238,
    "nmodel": 0.4986272013995364
}