{
    "J1643-1224_CASPSR_40CM_efac": 1.5778877989612503,
    "J1643-1224_CASPSR_40CM_log10_tnequad": -5.852596545586905,
    "J1643-1224_CPSR2_20CM_efac": 1.2497369765396646,
    "J1643-1224_CPSR2_20CM_log10_tnequad": -5.496639071194537,
    "J1643-1224_CPSR2_50CM_efac": 1.3573993297817069,
    "J1643-1224_CPSR2_50CM_log10_tnequad": -5.7073462961153,
    "J1643-1224_PDFB1_10CM_efac": 1.4298608100581731,
    "J1643-1224_PDFB1_10CM_log10_tnequad": -5.156131374402805,
    "J1643-1224_PDFB1_20CM_efac": 1.3365713174505625,
    "J1643-1224_PDFB1_20CM_log10_tnequad": -5.784590637444634,
    "J1643-1224_PDFB1_early_10CM_efac": 1.4602176051322266,
    "J1643-1224_PDFB1_early_10CM_log10_tnequad": -5.161084228569286,
    "J1643-1224_PDFB_10CM_efac": 1.1413114925524255,
    "J1643-1224_PDFB_10CM_log10_tnequad": -5.9889427843072935,
    "J1643-1224_PDFB_20CM_efac": 1.180393930517466,
    "J1643-1224_PDFB_20CM_log10_tnequad": -6.1053920041753456,
    "J1643-1224_PDFB_40CM_efac": 1.056170219049586,
    "J1643-1224_PDFB_40CM_log10_tnequad": -5.6646790710113155,
    "J1643-1224_UWL_CASPSR_40CM_efac": 3.0532209480841783,
    "J1643-1224_UWL_CASPSR_40CM_log10_tnequad": -5.136211788459493,
    "J1643-1224_UWL_PDFB4_20CM_efac": 1.391518471750757,
    "J1643-1224_UWL_PDFB4_20CM_log10_tnequad": -5.7634761944672,
    "J1643-1224_UWL_sbA_efac": 1.70272792451034,
    "J1643-1224_UWL_sbA_log10_tnequad": -5.4418795509029305,
    "J1643-1224_UWL_sbB_efac": 1.3568780422957927,
    "J1643-1224_UWL_sbB_log10_tnequad": -5.934058373603748,
    "J1643-1224_UWL_sbC_efac": 1.2873173254155148,
    "J1643-1224_UWL_sbC_log10_tnequad": -5.884269146692237,
    "J1643-1224_UWL_sbD_efac": 1.5230927849062996,
    "J1643-1224_UWL_sbD_log10_tnequad": -5.830222538377616,
    "J1643-1224_UWL_sbE_efac": 1.4167963403947497,
    "J1643-1224_UWL_sbE_log10_tnequad": -5.880157290328613,
    "J1643-1224_UWL_sbF_efac": 1.2808532936281032,
    "J1643-1224_UWL_sbF_log10_tnequad": -5.932991938778484,
    "J1643-1224_UWL_sbG_efac": 1.2914215259009219,
    "J1643-1224_UWL_sbG_log10_tnequad": -5.762662586282918,
    "J1643-1224_UWL_sbH_efac": 1.3529336902249152,
    "J1643-1224_UWL_sbH_log10_tnequad": -5.6291328923168855,
    "J1643-1224_WBCORR_10CM_efac": 1.2877834431709592,
    "J1643-1224_WBCORR_10CM_log10_tnequad": -5.209869109310316,
    "J1643-1224_band_noise_low_gamma": 2.955237546077874,
    "J1643-1224_band_noise_low_log10_A": -12.099226088061794,
    "J1643-1224_basis_ecorr_10CM_log10_ecorr": -6.048640228515125,
    "J1643-1224_basis_ecorr_10CM_uwl_log10_ecorr": -5.698608662068217,
    "J1643-1224_basis_ecorr_20CM_log10_ecorr": -6.171247052166598,
    "J1643-1224_basis_ecorr_20CM_uwl_log10_ecorr": -5.973089690377084,
    "J1643-1224_basis_ecorr_40CM_log10_ecorr": -5.9994876341933585,
    "J1643-1224_basis_ecorr_40CM_uwl_log10_ecorr": -6.053929455105304,
    "J1643-1224_basis_ecorr_all_dr2_log10_ecorr": -6.177621975824453,
    "J1643-1224_basis_ecorr_all_uwl_log10_ecorr": -5.920489860949248,
    "J1643-1224_chrom_gp_gamma": 2.151449417810356,
    "J1643-1224_chrom_gp_log10_A": -12.918262149149307,
    "J1643-1224_dm_gp_gamma": 3.322082163308334,
    "J1643-1224_dm_gp_log10_A": -12.68313166566084,
    "J1643-1224_dmexp_1_idx": -0.620100868875354,
    "J1643-1224_dmexp_1_log10_Amp": -4.881394010473341,
    "J1643-1224_dmexp_1_log10_tau": 2.3600300943715347,
    "J1643-1224_dmexp_1_t0": 57087.92385413012,
    "J1643-1224_gp_sw_gamma": 3.9954032341314516,
    "J1643-1224_gp_sw_log10_A": -6.046943330987634,
    "J1643-1224_red_noise_gamma": 2.29843409213951,
    "J1643-1224_red_noise_log10_A": -12.46650568505629,
    "n_earth": 5.29132006190865,
    "nmodel": 0.49856636474490534
}