{
    "J1643-1224_CASPSR_40CM_efac": 2.7480639543761414,
    "J1643-1224_CASPSR_40CM_log10_tnequad": -5.740988836438205,
    "J1643-1224_CPSR2_20CM_efac": 1.250446374290549,
    "J1643-1224_CPSR2_20CM_log10_tnequad": -5.466569998724258,
    "J1643-1224_CPSR2_50CM_efac": 1.6466375676632814,
    "J1643-1224_CPSR2_50CM_log10_tnequad": -5.399016981947532,
    "J1643-1224_PDFB1_10CM_efac": 2.9119815130554576,
    "J1643-1224_PDFB1_10CM_log10_tnequad": -5.163198443530724,
    "J1643-1224_PDFB1_20CM_efac": 1.7258334550791992,
    "J1643-1224_PDFB1_20CM_log10_tnequad": -5.75658048299864,
    "J1643-1224_PDFB1_early_10CM_efac": 2.5252227768404576,
    "J1643-1224_PDFB1_early_10CM_log10_tnequad": -5.128643759658493,
    "J1643-1224_PDFB_10CM_efac": 1.196416237797893,
    "J1643-1224_PDFB_10CM_log10_tnequad": -5.964299997894539,
    "J1643-1224_PDFB_20CM_efac": 1.2470586162016042,
    "J1643-1224_PDFB_20CM_log10_tnequad": -5.9681578195175895,
    "J1643-1224_PDFB_40CM_efac": 1.3469893765046115,
    "J1643-1224_PDFB_40CM_log10_tnequad": -5.663306200923257,
    "J1643-1224_UWL_CASPSR_40CM_efac": 3.391760768100224,
    "J1643-1224_UWL_CASPSR_40CM_log10_tnequad": -5.080257527706378,
    "J1643-1224_UWL_PDFB4_20CM_efac": 2.8828718997859104,
    "J1643-1224_UWL_PDFB4_20CM_log10_tnequad": -5.74635352604984,
    "J1643-1224_UWL_sbA_efac": 2.3023935125798793,
    "J1643-1224_UWL_sbA_log10_tnequad": -5.492382014934462,
    "J1643-1224_UWL_sbB_efac": 1.8155088669470616,
    "J1643-1224_UWL_sbB_log10_tnequad": -5.744745071318104,
    "J1643-1224_UWL_sbC_efac": 1.9326679275215601,
    "J1643-1224_UWL_sbC_log10_tnequad": -5.79849153927088,
    "J1643-1224_UWL_sbD_efac": 1.5705923096672705,
    "J1643-1224_UWL_sbD_log10_tnequad": -5.724393543170262,
    "J1643-1224_UWL_sbE_efac": 1.7637615011836847,
    "J1643-1224_UWL_sbE_log10_tnequad": -5.804594132763917,
    "J1643-1224_UWL_sbF_efac": 1.9750277336502666,
    "J1643-1224_UWL_sbF_log10_tnequad": -5.650979106766854,
    "J1643-1224_UWL_sbG_efac": 1.3835027561849877,
    "J1643-1224_UWL_sbG_log10_tnequad": -5.677109887372326,
    "J1643-1224_UWL_sbH_efac": 3.0169210488948353,
    "J1643-1224_UWL_sbH_log10_tnequad": -5.542858778472423,
    "J1643-1224_WBCORR_10CM_efac": 3.6114556336427754,
    "J1643-1224_WBCORR_10CM_log10_tnequad": -5.192902305436642,
    "J1643-1224_band_noise_low_gamma": 2.8700484047118606,
    "J1643-1224_band_noise_low_log10_A": -12.086291204159913,
    "J1643-1224_basis_ecorr_10CM_log10_ecorr": -6.004443356613109,
    "J1643-1224_basis_ecorr_10CM_uwl_log10_ecorr": -5.71364024790119,
    "J1643-1224_basis_ecorr_20CM_log10_ecorr": -6.155615529388338,
    "J1643-1224_basis_ecorr_20CM_uwl_log10_ecorr": -5.935547825785823,
    "J1643-1224_basis_ecorr_40CM_log10_ecorr": -5.987136699975884,
    "J1643-1224_basis_ecorr_40CM_uwl_log10_ecorr": -6.119935271759086,
    "J1643-1224_basis_ecorr_all_dr2_log10_ecorr": -6.1642972965682645,
    "J1643-1224_basis_ecorr_all_uwl_log10_ecorr": -5.912521505105914,
    "J1643-1224_chrom_gp_gamma": 4.4196993265162865,
    "J1643-1224_chrom_gp_log10_A": -12.915713879559405,
    "J1643-1224_dm_gp_gamma": 3.2703712724737364,
    "J1643-1224_dm_gp_log10_A": -12.679432051791249,
    "J1643-1224_dmexp_1_idx": -0.6343616433766206,
    "J1643-1224_dmexp_1_log10_Amp": -4.8704080909771195,
    "J1643-1224_dmexp_1_log10_tau": 2.363179965678304,
    "J1643-1224_dmexp_1_t0": 57087.91604911288,
    "J1643-1224_gp_sw_gamma": 3.9940537960192266,
    "J1643-1224_gp_sw_log10_A": -6.049676821583035,
    "J1643-1224_red_noise_gamma": 5.308397142510712,
    "J1643-1224_red_noise_log10_A": -12.455116720740643,
    "n_earth": 5.471152750044496,
    "nmodel": 0.4984684814381921
}