{
    "J1643-1224_CASPSR_40CM_efac": 0.9795067519325692,
    "J1643-1224_CASPSR_40CM_log10_tnequad": -9.993855735332524,
    "J1643-1224_CPSR2_20CM_efac": 0.6812400712237896,
    "J1643-1224_CPSR2_20CM_log10_tnequad": -9.993484718913763,
    "J1643-1224_CPSR2_50CM_efac": 1.0249261315785896,
    "J1643-1224_CPSR2_50CM_log10_tnequad": -9.99417508378886,
    "J1643-1224_PDFB1_10CM_efac": 0.05368332812562408,
    "J1643-1224_PDFB1_10CM_log10_tnequad": -9.990623467601836,
    "J1643-1224_PDFB1_20CM_efac": 0.21901638808674784,
    "J1643-1224_PDFB1_20CM_log10_tnequad": -9.995330495061962,
    "J1643-1224_PDFB1_early_10CM_efac": 0.07579024847874338,
    "J1643-1224_PDFB1_early_10CM_log10_tnequad": -9.996509587947232,
    "J1643-1224_PDFB_10CM_efac": 0.9712584675762832,
    "J1643-1224_PDFB_10CM_log10_tnequad": -9.993927026118637,
    "J1643-1224_PDFB_20CM_efac": 0.8920228093022146,
    "J1643-1224_PDFB_20CM_log10_tnequad": -9.993229739804411,
    "J1643-1224_PDFB_40CM_efac": 0.4855003465710719,
    "J1643-1224_PDFB_40CM_log10_tnequad": -9.99267845510876,
    "J1643-1224_UWL_CASPSR_40CM_efac": 0.9588532422233056,
    "J1643-1224_UWL_CASPSR_40CM_log10_tnequad": -9.992033241503975,
    "J1643-1224_UWL_PDFB4_20CM_efac": 0.5756338512673733,
    "J1643-1224_UWL_PDFB4_20CM_log10_tnequad": -9.989824144746727,
    "J1643-1224_UWL_sbA_efac": 0.8182515325982992,
    "J1643-1224_UWL_sbA_log10_tnequad": -9.99212537673473,
    "J1643-1224_UWL_sbB_efac": 0.8947122582769156,
    "J1643-1224_UWL_sbB_log10_tnequad": -9.995262867508387,
    "J1643-1224_UWL_sbC_efac": 0.8671222153232664,
    "J1643-1224_UWL_sbC_log10_tnequad": -9.994043203604402,
    "J1643-1224_UWL_sbD_efac": 0.7367518869816306,
    "J1643-1224_UWL_sbD_log10_tnequad": -9.988506142866678,
    "J1643-1224_UWL_sbE_efac": 0.7222613008359933,
    "J1643-1224_UWL_sbE_log10_tnequad": -9.992596388456958,
    "J1643-1224_UWL_sbF_efac": 0.8100425979862925,
    "J1643-1224_UWL_sbF_log10_tnequad": -9.99460988367946,
    "J1643-1224_UWL_sbG_efac": 0.6918023728123118,
    "J1643-1224_UWL_sbG_log10_tnequad": -9.995564528669025,
    "J1643-1224_UWL_sbH_efac": 0.5699777301833725,
    "J1643-1224_UWL_sbH_log10_tnequad": -9.993913147821559,
    "J1643-1224_WBCORR_10CM_efac": 0.21649582158739744,
    "J1643-1224_WBCORR_10CM_log10_tnequad": -9.991023101076548,
    "J1643-1224_band_noise_low_gamma": 1.2994368829575687,
    "J1643-1224_band_noise_low_log10_A": -12.562039757974416,
    "J1643-1224_basis_ecorr_10CM_log10_ecorr": -9.993333387019272,
    "J1643-1224_basis_ecorr_10CM_uwl_log10_ecorr": -9.596169886338327,
    "J1643-1224_basis_ecorr_20CM_log10_ecorr": -9.991809450503276,
    "J1643-1224_basis_ecorr_20CM_uwl_log10_ecorr": -9.993179286075309,
    "J1643-1224_basis_ecorr_40CM_log10_ecorr": -9.994521056596547,
    "J1643-1224_basis_ecorr_40CM_uwl_log10_ecorr": -9.996000209614547,
    "J1643-1224_basis_ecorr_all_dr2_log10_ecorr": -9.982503062569181,
    "J1643-1224_basis_ecorr_all_uwl_log10_ecorr": -9.969092090083883,
    "J1643-1224_chrom_gp_gamma": 0.005101220637326209,
    "J1643-1224_chrom_gp_log10_A": -13.569427744910909,
    "J1643-1224_dm_gp_gamma": 1.6904820775231961,
    "J1643-1224_dm_gp_log10_A": -13.219569049813911,
    "J1643-1224_dmexp_1_idx": -1.3024973751175453,
    "J1643-1224_dmexp_1_log10_Amp": -5.151972166505359,
    "J1643-1224_dmexp_1_log10_tau": 1.899771394954078,
    "J1643-1224_dmexp_1_t0": 57074.822323863606,
    "J1643-1224_gp_sw_gamma": -3.9579593601969405,
    "J1643-1224_gp_sw_log10_A": -9.987066326352249,
    "J1643-1224_red_noise_gamma": 0.0027652781578673957,
    "J1643-1224_red_noise_log10_A": -13.181717249650543,
    "n_earth": 0.004260351851186783,
    "nmodel": -0.4983996691355856
}