{
    "J1643-1224_CASPSR_40CM_efac": 0.910040571988258,
    "J1643-1224_CASPSR_40CM_log10_tnequad": -9.995218357564626,
    "J1643-1224_CPSR2_20CM_efac": 0.6042776177926604,
    "J1643-1224_CPSR2_20CM_log10_tnequad": -9.9897256092061,
    "J1643-1224_CPSR2_50CM_efac": 0.6128124954919053,
    "J1643-1224_CPSR2_50CM_log10_tnequad": -9.996139251687811,
    "J1643-1224_PDFB1_10CM_efac": 0.02737087983936743,
    "J1643-1224_PDFB1_10CM_log10_tnequad": -9.99292722815803,
    "J1643-1224_PDFB1_20CM_efac": 0.04165467307661925,
    "J1643-1224_PDFB1_20CM_log10_tnequad": -9.990500640635606,
    "J1643-1224_PDFB1_early_10CM_efac": 0.02048001983912762,
    "J1643-1224_PDFB1_early_10CM_log10_tnequad": -9.98658535866928,
    "J1643-1224_PDFB_10CM_efac": 0.9557413149365966,
    "J1643-1224_PDFB_10CM_log10_tnequad": -9.98964979627766,
    "J1643-1224_PDFB_20CM_efac": 0.764953556555284,
    "J1643-1224_PDFB_20CM_log10_tnequad": -9.990891548848635,
    "J1643-1224_PDFB_40CM_efac": 0.4966079638448992,
    "J1643-1224_PDFB_40CM_log10_tnequad": -9.99220177069211,
    "J1643-1224_UWL_CASPSR_40CM_efac": 0.16521198799554848,
    "J1643-1224_UWL_CASPSR_40CM_log10_tnequad": -9.988672727321704,
    "J1643-1224_UWL_PDFB4_20CM_efac": 0.5219458123783899,
    "J1643-1224_UWL_PDFB4_20CM_log10_tnequad": -9.981942614038807,
    "J1643-1224_UWL_sbA_efac": 0.773176767472462,
    "J1643-1224_UWL_sbA_log10_tnequad": -9.995841732003312,
    "J1643-1224_UWL_sbB_efac": 0.6146410487500578,
    "J1643-1224_UWL_sbB_log10_tnequad": -9.997319813584566,
    "J1643-1224_UWL_sbC_efac": 0.7942275781365715,
    "J1643-1224_UWL_sbC_log10_tnequad": -9.986779575822387,
    "J1643-1224_UWL_sbD_efac": 0.3659354150074135,
    "J1643-1224_UWL_sbD_log10_tnequad": -9.9857146798164,
    "J1643-1224_UWL_sbE_efac": 0.47194663516502916,
    "J1643-1224_UWL_sbE_log10_tnequad": -9.989685342828512,
    "J1643-1224_UWL_sbF_efac": 0.08384436476341553,
    "J1643-1224_UWL_sbF_log10_tnequad": -9.996812767751168,
    "J1643-1224_UWL_sbG_efac": 0.6335073696114599,
    "J1643-1224_UWL_sbG_log10_tnequad": -9.992603326911702,
    "J1643-1224_UWL_sbH_efac": 0.4508777503657271,
    "J1643-1224_UWL_sbH_log10_tnequad": -9.992929929920878,
    "J1643-1224_WBCORR_10CM_efac": 0.06280898011751586,
    "J1643-1224_WBCORR_10CM_log10_tnequad": -9.995549799351526,
    "J1643-1224_band_noise_low_gamma": 1.3406355419719043,
    "J1643-1224_band_noise_low_log10_A": -12.562086818036864,
    "J1643-1224_basis_ecorr_10CM_log10_ecorr": -9.998239089138105,
    "J1643-1224_basis_ecorr_10CM_uwl_log10_ecorr": -9.918295879620638,
    "J1643-1224_basis_ecorr_20CM_log10_ecorr": -9.9934210995475,
    "J1643-1224_basis_ecorr_20CM_uwl_log10_ecorr": -9.994450256548973,
    "J1643-1224_basis_ecorr_40CM_log10_ecorr": -9.993721311849926,
    "J1643-1224_basis_ecorr_40CM_uwl_log10_ecorr": -9.992375235869238,
    "J1643-1224_basis_ecorr_all_dr2_log10_ecorr": -9.991309060957137,
    "J1643-1224_basis_ecorr_all_uwl_log10_ecorr": -9.971689194117852,
    "J1643-1224_chrom_gp_gamma": 0.0037927806351391482,
    "J1643-1224_chrom_gp_log10_A": -18.409975829946728,
    "J1643-1224_dm_gp_gamma": 1.6910453021594518,
    "J1643-1224_dm_gp_log10_A": -13.233998110070667,
    "J1643-1224_dmexp_1_idx": -1.4963682640521228,
    "J1643-1224_dmexp_1_log10_Amp": -5.167083560337908,
    "J1643-1224_dmexp_1_log10_tau": 1.8932691306864275,
    "J1643-1224_dmexp_1_t0": 57074.82737152603,
    "J1643-1224_gp_sw_gamma": -3.950898988601173,
    "J1643-1224_gp_sw_log10_A": -9.990591321465972,
    "J1643-1224_red_noise_gamma": 0.002637063461578437,
    "J1643-1224_red_noise_log10_A": -15.347897803550588,
    "n_earth": 0.002619301180853996,
    "nmodel": -0.4984370603288101
}