{
    "J1643-1224_CASPSR_40CM_efac": 1.5965569346746054,
    "J1643-1224_CASPSR_40CM_log10_tnequad": -5.811059975232219,
    "J1643-1224_CPSR2_20CM_efac": 1.2418154302959443,
    "J1643-1224_CPSR2_20CM_log10_tnequad": -5.482843270138686,
    "J1643-1224_CPSR2_50CM_efac": 1.3654145449056856,
    "J1643-1224_CPSR2_50CM_log10_tnequad": -5.736636168546862,
    "J1643-1224_PDFB1_10CM_efac": 1.4635846499631282,
    "J1643-1224_PDFB1_10CM_log10_tnequad": -5.223424162102581,
    "J1643-1224_PDFB1_20CM_efac": 1.3514067701998613,
    "J1643-1224_PDFB1_20CM_log10_tnequad": -5.839431730449045,
    "J1643-1224_PDFB1_early_10CM_efac": 1.4922940119519617,
    "J1643-1224_PDFB1_early_10CM_log10_tnequad": -5.1689350562233205,
    "J1643-1224_PDFB_10CM_efac": 1.1469719482305025,
    "J1643-1224_PDFB_10CM_log10_tnequad": -5.942261146440093,
    "J1643-1224_PDFB_20CM_efac": 1.1822028153521054,
    "J1643-1224_PDFB_20CM_log10_tnequad": -6.118898506352966,
    "J1643-1224_PDFB_40CM_efac": 1.0454633727279021,
    "J1643-1224_PDFB_40CM_log10_tnequad": -5.690399462857144,
    "J1643-1224_UWL_CASPSR_40CM_efac": 3.3388074626350885,
    "J1643-1224_UWL_CASPSR_40CM_log10_tnequad": -5.12491116012658,
    "J1643-1224_UWL_PDFB4_20CM_efac": 1.380405849507206,
    "J1643-1224_UWL_PDFB4_20CM_log10_tnequad": -5.774284165369737,
    "J1643-1224_UWL_sbA_efac": 1.7084772240505668,
    "J1643-1224_UWL_sbA_log10_tnequad": -5.517783768815071,
    "J1643-1224_UWL_sbB_efac": 1.3391172542116403,
    "J1643-1224_UWL_sbB_log10_tnequad": -5.924842479872826,
    "J1643-1224_UWL_sbC_efac": 1.2751076476114507,
    "J1643-1224_UWL_sbC_log10_tnequad": -5.917709577913035,
    "J1643-1224_UWL_sbD_efac": 1.5386555894269556,
    "J1643-1224_UWL_sbD_log10_tnequad": -5.83459608057178,
    "J1643-1224_UWL_sbE_efac": 1.4164276300909862,
    "J1643-1224_UWL_sbE_log10_tnequad": -5.863008086680535,
    "J1643-1224_UWL_sbF_efac": 1.2854800522200869,
    "J1643-1224_UWL_sbF_log10_tnequad": -5.941162848109933,
    "J1643-1224_UWL_sbG_efac": 1.2973022765999507,
    "J1643-1224_UWL_sbG_log10_tnequad": -5.77721663188932,
    "J1643-1224_UWL_sbH_efac": 1.3197506540948667,
    "J1643-1224_UWL_sbH_log10_tnequad": -5.719855288480889,
    "J1643-1224_WBCORR_10CM_efac": 1.280504338925222,
    "J1643-1224_WBCORR_10CM_log10_tnequad": -5.2442738142748615,
    "J1643-1224_band_noise_low_gamma": 2.9065627642917824,
    "J1643-1224_band_noise_low_log10_A": -12.082874247641467,
    "J1643-1224_basis_ecorr_10CM_log10_ecorr": -6.056352156006318,
    "J1643-1224_basis_ecorr_10CM_uwl_log10_ecorr": -5.696902046725005,
    "J1643-1224_basis_ecorr_20CM_log10_ecorr": -6.171290877825351,
    "J1643-1224_basis_ecorr_20CM_uwl_log10_ecorr": -5.966575460521569,
    "J1643-1224_basis_ecorr_40CM_log10_ecorr": -5.989783426535807,
    "J1643-1224_basis_ecorr_40CM_uwl_log10_ecorr": -6.078529359683351,
    "J1643-1224_basis_ecorr_all_dr2_log10_ecorr": -6.173355689053088,
    "J1643-1224_basis_ecorr_all_uwl_log10_ecorr": -5.916617781736687,
    "J1643-1224_chrom_gp_gamma": 2.2352405120865924,
    "J1643-1224_chrom_gp_log10_A": -12.916624199939513,
    "J1643-1224_dm_gp_gamma": 3.0458155260099264,
    "J1643-1224_dm_gp_log10_A": -12.663170510551279,
    "J1643-1224_dmexp_1_idx": -0.6063017762152887,
    "J1643-1224_dmexp_1_log10_Amp": -4.879510884248812,
    "J1643-1224_dmexp_1_log10_tau": 2.3496481056514655,
    "J1643-1224_dmexp_1_t0": 57087.91865373934,
    "J1643-1224_red_noise_gamma": 2.3339193242379883,
    "J1643-1224_red_noise_log10_A": -12.476843329740086,
    "nmodel": 0.4984860496318737
}