{
    "J1643-1224_CASPSR_40CM_efac": 0.9914670780984812,
    "J1643-1224_CASPSR_40CM_log10_tnequad": -9.990861322180319,
    "J1643-1224_CPSR2_20CM_efac": 0.6362796174674615,
    "J1643-1224_CPSR2_20CM_log10_tnequad": -9.989956718923468,
    "J1643-1224_CPSR2_50CM_efac": 1.0388728600771477,
    "J1643-1224_CPSR2_50CM_log10_tnequad": -9.991994567577924,
    "J1643-1224_PDFB1_10CM_efac": 0.3883880831661188,
    "J1643-1224_PDFB1_10CM_log10_tnequad": -9.992448861655621,
    "J1643-1224_PDFB1_20CM_efac": 0.40594678995746863,
    "J1643-1224_PDFB1_20CM_log10_tnequad": -9.992987525093994,
    "J1643-1224_PDFB1_early_10CM_efac": 0.14320402684555192,
    "J1643-1224_PDFB1_early_10CM_log10_tnequad": -9.992952387075007,
    "J1643-1224_PDFB_10CM_efac": 0.9579432818485417,
    "J1643-1224_PDFB_10CM_log10_tnequad": -9.994308988718132,
    "J1643-1224_PDFB_20CM_efac": 0.9025908204577641,
    "J1643-1224_PDFB_20CM_log10_tnequad": -9.992384171021458,
    "J1643-1224_PDFB_40CM_efac": 0.585556686361369,
    "J1643-1224_PDFB_40CM_log10_tnequad": -9.992415169860037,
    "J1643-1224_UWL_CASPSR_40CM_efac": 0.5696498464422092,
    "J1643-1224_UWL_CASPSR_40CM_log10_tnequad": -9.993131206888899,
    "J1643-1224_UWL_PDFB4_20CM_efac": 0.5534842829885078,
    "J1643-1224_UWL_PDFB4_20CM_log10_tnequad": -9.993162922408771,
    "J1643-1224_UWL_sbA_efac": 0.9421303026367527,
    "J1643-1224_UWL_sbA_log10_tnequad": -9.99191657639401,
    "J1643-1224_UWL_sbB_efac": 0.8836264309566376,
    "J1643-1224_UWL_sbB_log10_tnequad": -9.99509026044714,
    "J1643-1224_UWL_sbC_efac": 0.8777855994697308,
    "J1643-1224_UWL_sbC_log10_tnequad": -9.9936786839157,
    "J1643-1224_UWL_sbD_efac": 0.7336350464455957,
    "J1643-1224_UWL_sbD_log10_tnequad": -9.993544287778152,
    "J1643-1224_UWL_sbE_efac": 0.6834897084346678,
    "J1643-1224_UWL_sbE_log10_tnequad": -9.992520677649804,
    "J1643-1224_UWL_sbF_efac": 0.7827371999049143,
    "J1643-1224_UWL_sbF_log10_tnequad": -9.992817632433459,
    "J1643-1224_UWL_sbG_efac": 0.759499125081346,
    "J1643-1224_UWL_sbG_log10_tnequad": -9.993297521735197,
    "J1643-1224_UWL_sbH_efac": 0.7785346358675661,
    "J1643-1224_UWL_sbH_log10_tnequad": -9.992047725356317,
    "J1643-1224_WBCORR_10CM_efac": 0.35959181346349656,
    "J1643-1224_WBCORR_10CM_log10_tnequad": -9.989496578526829,
    "J1643-1224_band_noise_low_gamma": 1.2908499736142742,
    "J1643-1224_band_noise_low_log10_A": -12.549552226871073,
    "J1643-1224_basis_ecorr_10CM_log10_ecorr": -9.9935338871144,
    "J1643-1224_basis_ecorr_10CM_uwl_log10_ecorr": -9.672758150467278,
    "J1643-1224_basis_ecorr_20CM_log10_ecorr": -9.988931982451069,
    "J1643-1224_basis_ecorr_20CM_uwl_log10_ecorr": -9.991996620087326,
    "J1643-1224_basis_ecorr_40CM_log10_ecorr": -9.992439461474548,
    "J1643-1224_basis_ecorr_40CM_uwl_log10_ecorr": -9.995170253280904,
    "J1643-1224_basis_ecorr_all_dr2_log10_ecorr": -9.985890701376452,
    "J1643-1224_basis_ecorr_all_uwl_log10_ecorr": -9.96810407508681,
    "J1643-1224_chrom_gp_gamma": 0.005202733454998539,
    "J1643-1224_chrom_gp_log10_A": -13.65375026408704,
    "J1643-1224_dm_gp_gamma": 1.6508546639832722,
    "J1643-1224_dm_gp_log10_A": -13.091643607165883,
    "J1643-1224_dmexp_1_idx": -1.2971564199475554,
    "J1643-1224_dmexp_1_log10_Amp": -5.149147026684438,
    "J1643-1224_dmexp_1_log10_tau": 1.9000491329916218,
    "J1643-1224_dmexp_1_t0": 57074.82615073923,
    "J1643-1224_red_noise_gamma": 0.003148813037404441,
    "J1643-1224_red_noise_log10_A": -13.215752009065518,
    "nmodel": -0.4984753912341391
}