{
    "J1713+0747_CASPSR_40CM_efac": 1.7364374472863169,
    "J1713+0747_CASPSR_40CM_log10_tnequad": -6.150332673977037,
    "J1713+0747_CPSR2_20CM_efac": 1.1414169092888988,
    "J1713+0747_CPSR2_20CM_log10_tnequad": -6.91486355519821,
    "J1713+0747_CPSR2_50CM_efac": 1.3069454963156268,
    "J1713+0747_CPSR2_50CM_log10_tnequad": -5.795597318912942,
    "J1713+0747_PDFB1_10CM_efac": 3.8359034570570154,
    "J1713+0747_PDFB1_10CM_log10_tnequad": -6.060468019607729,
    "J1713+0747_PDFB1_20CM_efac": 2.010827234662471,
    "J1713+0747_PDFB1_20CM_log10_tnequad": -6.942190580645167,
    "J1713+0747_PDFB1_early_10CM_efac": 2.847438237007653,
    "J1713+0747_PDFB1_early_10CM_log10_tnequad": -5.980079079471195,
    "J1713+0747_PDFB_10CM_efac": 1.1209809330545475,
    "J1713+0747_PDFB_10CM_log10_tnequad": -6.629802887637529,
    "J1713+0747_PDFB_20CM_efac": 1.4345418782096675,
    "J1713+0747_PDFB_20CM_log10_tnequad": -7.222769942981699,
    "J1713+0747_PDFB_40CM_efac": 1.198471117793651,
    "J1713+0747_PDFB_40CM_log10_tnequad": -5.856892857073437,
    "J1713+0747_UWL_PDFB4_20CM_efac": 1.612509785795508,
    "J1713+0747_UWL_PDFB4_20CM_log10_tnequad": -6.725749097700928,
    "J1713+0747_UWL_sbA_efac": 2.215430440749394,
    "J1713+0747_UWL_sbA_log10_tnequad": -5.899209329894715,
    "J1713+0747_UWL_sbB_efac": 1.6737961957421987,
    "J1713+0747_UWL_sbB_log10_tnequad": -6.172091184201187,
    "J1713+0747_UWL_sbC_efac": 2.1970802010913806,
    "J1713+0747_UWL_sbC_log10_tnequad": -6.445650127076918,
    "J1713+0747_UWL_sbD_efac": 1.4996128297442435,
    "J1713+0747_UWL_sbD_log10_tnequad": -6.210130936147777,
    "J1713+0747_UWL_sbE_efac": 2.016908656975938,
    "J1713+0747_UWL_sbE_log10_tnequad": -6.852568704425066,
    "J1713+0747_UWL_sbF_efac": 2.2017409962054684,
    "J1713+0747_UWL_sbF_log10_tnequad": -6.792801447652658,
    "J1713+0747_UWL_sbG_efac": 1.5549009630570683,
    "J1713+0747_UWL_sbG_log10_tnequad": -6.92823055946824,
    "J1713+0747_UWL_sbH_efac": 1.7811422314919412,
    "J1713+0747_UWL_sbH_log10_tnequad": -6.541080531753777,
    "J1713+0747_WBCORR_10CM_efac": 1.649016117365554,
    "J1713+0747_WBCORR_10CM_log10_tnequad": -6.422266364173027,
    "J1713+0747_band_noise_low_gamma": 6.742925385136505,
    "J1713+0747_band_noise_low_log10_A": -13.178398137701313,
    "J1713+0747_basis_ecorr_10CM_log10_ecorr": -6.976528794801182,
    "J1713+0747_basis_ecorr_10CM_uwl_log10_ecorr": -7.0511010125205935,
    "J1713+0747_basis_ecorr_20CM_log10_ecorr": -7.172674261631793,
    "J1713+0747_basis_ecorr_20CM_uwl_log10_ecorr": -7.328725321057728,
    "J1713+0747_basis_ecorr_40CM_log10_ecorr": -6.25786072269396,
    "J1713+0747_basis_ecorr_40CM_uwl_log10_ecorr": -6.769029455252563,
    "J1713+0747_basis_ecorr_all_dr2_log10_ecorr": -7.128688138413852,
    "J1713+0747_basis_ecorr_all_uwl_log10_ecorr": -7.227972930199378,
    "J1713+0747_dm_gp_gamma": 3.5322748979914773,
    "J1713+0747_dm_gp_log10_A": -13.643043965813723,
    "J1713+0747_dmexp_1_idx": 2.9594324620495382,
    "J1713+0747_dmexp_1_log10_Amp": -5.334770239325773,
    "J1713+0747_dmexp_1_log10_tau": 2.5111631599578024,
    "J1713+0747_dmexp_1_t0": 54781.40856666033,
    "J1713+0747_dmexp_2_idx": 1.9938755832975683,
    "J1713+0747_dmexp_2_log10_Amp": -3.496750829647437,
    "J1713+0747_dmexp_2_log10_tau": 1.6106092807752752,
    "J1713+0747_dmexp_2_t0": 57510.77627213645,
    "J1713+0747_gp_sw_gamma": 3.983274315102054,
    "J1713+0747_gp_sw_log10_A": -6.29922520707204,
    "J1713+0747_group_noise_CPSR2_20CM_gamma": 6.985392841284828,
    "J1713+0747_group_noise_CPSR2_20CM_log10_A": -13.62424149035149,
    "J1713+0747_group_noise_UWL_sbA_gamma": 6.989584429848733,
    "J1713+0747_group_noise_UWL_sbA_log10_A": -12.435088725474431,
    "J1713+0747_group_noise_UWL_sbE_gamma": 6.988005723159586,
    "J1713+0747_group_noise_UWL_sbE_log10_A": -13.25889407600976,
    "J1713+0747_group_noise_UWL_sbF_gamma": 6.9901298072781355,
    "J1713+0747_group_noise_UWL_sbF_log10_A": -13.329721813272709,
    "J1713+0747_group_noise_WBCORR_10CM_gamma": 6.464120920775243,
    "J1713+0747_group_noise_WBCORR_10CM_log10_A": -12.242245742164364,
    "J1713+0747_hf_noise_gamma": 6.965854247653707,
    "J1713+0747_hf_noise_log10_A": -13.960542116196862,
    "J1713+0747_red_noise_gamma": 6.981700824421907,
    "J1713+0747_red_noise_log10_A": -13.942025425208247,
    "n_earth": 2.9802423790668744,
    "nmodel": 0.49848344666028627
}