{
    "J1713+0747_CASPSR_40CM_efac": 1.405627503548376,
    "J1713+0747_CASPSR_40CM_log10_tnequad": -6.131014290637526,
    "J1713+0747_CPSR2_20CM_efac": 1.1594916987660782,
    "J1713+0747_CPSR2_20CM_log10_tnequad": -7.227132496760512,
    "J1713+0747_CPSR2_50CM_efac": 1.2210062079852684,
    "J1713+0747_CPSR2_50CM_log10_tnequad": -5.737664413367049,
    "J1713+0747_PDFB1_10CM_efac": 1.486495884963268,
    "J1713+0747_PDFB1_10CM_log10_tnequad": -6.095269911359341,
    "J1713+0747_PDFB1_20CM_efac": 1.1528460574104873,
    "J1713+0747_PDFB1_20CM_log10_tnequad": -7.000102507260941,
    "J1713+0747_PDFB1_early_10CM_efac": 1.8486534499469682,
    "J1713+0747_PDFB1_early_10CM_log10_tnequad": -5.970951947332973,
    "J1713+0747_PDFB_10CM_efac": 1.1172782863336679,
    "J1713+0747_PDFB_10CM_log10_tnequad": -6.874196235573255,
    "J1713+0747_PDFB_20CM_efac": 1.1877557664289276,
    "J1713+0747_PDFB_20CM_log10_tnequad": -7.2592384836058494,
    "J1713+0747_PDFB_40CM_efac": 1.0991069907497475,
    "J1713+0747_PDFB_40CM_log10_tnequad": -6.466891500594479,
    "J1713+0747_UWL_PDFB4_20CM_efac": 1.217987211826622,
    "J1713+0747_UWL_PDFB4_20CM_log10_tnequad": -6.817456277740338,
    "J1713+0747_UWL_sbA_efac": 2.729388894771847,
    "J1713+0747_UWL_sbA_log10_tnequad": -6.045828080110968,
    "J1713+0747_UWL_sbB_efac": 1.2883148210739657,
    "J1713+0747_UWL_sbB_log10_tnequad": -6.416285493572083,
    "J1713+0747_UWL_sbC_efac": 1.3124516666067454,
    "J1713+0747_UWL_sbC_log10_tnequad": -6.530170733828007,
    "J1713+0747_UWL_sbD_efac": 1.217640579522623,
    "J1713+0747_UWL_sbD_log10_tnequad": -6.721071874208253,
    "J1713+0747_UWL_sbE_efac": 1.6586331066010944,
    "J1713+0747_UWL_sbE_log10_tnequad": -6.8918110002028286,
    "J1713+0747_UWL_sbF_efac": 1.2390833414547897,
    "J1713+0747_UWL_sbF_log10_tnequad": -6.803437551297051,
    "J1713+0747_UWL_sbG_efac": 1.1780869810827608,
    "J1713+0747_UWL_sbG_log10_tnequad": -6.959318557745082,
    "J1713+0747_UWL_sbH_efac": 1.2670570902602478,
    "J1713+0747_UWL_sbH_log10_tnequad": -6.747575209478924,
    "J1713+0747_WBCORR_10CM_efac": 1.1763215199791115,
    "J1713+0747_WBCORR_10CM_log10_tnequad": -6.440530435637108,
    "J1713+0747_band_noise_low_gamma": 6.797995442011536,
    "J1713+0747_band_noise_low_log10_A": -13.220669518430709,
    "J1713+0747_basis_ecorr_10CM_log10_ecorr": -6.994299158979434,
    "J1713+0747_basis_ecorr_10CM_uwl_log10_ecorr": -7.074231453345499,
    "J1713+0747_basis_ecorr_20CM_log10_ecorr": -7.164956781429993,
    "J1713+0747_basis_ecorr_20CM_uwl_log10_ecorr": -7.2671556327602085,
    "J1713+0747_basis_ecorr_40CM_log10_ecorr": -6.242167705392658,
    "J1713+0747_basis_ecorr_40CM_uwl_log10_ecorr": -6.7794755579064905,
    "J1713+0747_basis_ecorr_all_dr2_log10_ecorr": -7.145935351008058,
    "J1713+0747_basis_ecorr_all_uwl_log10_ecorr": -7.26343955799934,
    "J1713+0747_dm_gp_gamma": 3.008211221431584,
    "J1713+0747_dm_gp_log10_A": -13.687065133960724,
    "J1713+0747_dmexp_1_idx": 2.980469718912501,
    "J1713+0747_dmexp_1_log10_Amp": -5.5869080742839285,
    "J1713+0747_dmexp_1_log10_tau": 2.4816538710870177,
    "J1713+0747_dmexp_1_t0": 54765.18213000605,
    "J1713+0747_dmexp_2_idx": 1.9897545372191203,
    "J1713+0747_dmexp_2_log10_Amp": -5.426804773783431,
    "J1713+0747_dmexp_2_log10_tau": 1.614650212952024,
    "J1713+0747_dmexp_2_t0": 57510.768449553965,
    "J1713+0747_group_noise_CPSR2_20CM_gamma": 6.981009427012153,
    "J1713+0747_group_noise_CPSR2_20CM_log10_A": -13.616017785443182,
    "J1713+0747_group_noise_UWL_sbA_gamma": 6.984263344292738,
    "J1713+0747_group_noise_UWL_sbA_log10_A": -12.451325406509278,
    "J1713+0747_group_noise_UWL_sbE_gamma": 6.992903623807304,
    "J1713+0747_group_noise_UWL_sbE_log10_A": -13.310668349257055,
    "J1713+0747_group_noise_UWL_sbF_gamma": 6.982319457493365,
    "J1713+0747_group_noise_UWL_sbF_log10_A": -13.35725913887983,
    "J1713+0747_group_noise_WBCORR_10CM_gamma": 6.094470523520995,
    "J1713+0747_group_noise_WBCORR_10CM_log10_A": -12.236706498556694,
    "J1713+0747_hf_noise_gamma": 6.90591588194096,
    "J1713+0747_hf_noise_log10_A": -13.932296550327488,
    "J1713+0747_red_noise_gamma": 6.984443410691509,
    "J1713+0747_red_noise_log10_A": -13.959606327510585,
    "nmodel": 0.4985369073802737
}