{
    "J1713+0747_CASPSR_40CM_efac": 0.9006952718044342,
    "J1713+0747_CASPSR_40CM_log10_tnequad": -9.993725339654018,
    "J1713+0747_CPSR2_20CM_efac": 0.7297886906980299,
    "J1713+0747_CPSR2_20CM_log10_tnequad": -9.988757454071077,
    "J1713+0747_CPSR2_50CM_efac": 0.8170267359697401,
    "J1713+0747_CPSR2_50CM_log10_tnequad": -9.993254420940616,
    "J1713+0747_PDFB1_10CM_efac": 0.11869629855715455,
    "J1713+0747_PDFB1_10CM_log10_tnequad": -9.991067937985408,
    "J1713+0747_PDFB1_20CM_efac": 0.8035285281814224,
    "J1713+0747_PDFB1_20CM_log10_tnequad": -9.988361412915479,
    "J1713+0747_PDFB1_early_10CM_efac": 0.06097511559003524,
    "J1713+0747_PDFB1_early_10CM_log10_tnequad": -9.975813392513013,
    "J1713+0747_PDFB_10CM_efac": 0.6381280085028684,
    "J1713+0747_PDFB_10CM_log10_tnequad": -9.985239466382007,
    "J1713+0747_PDFB_20CM_efac": 0.9763032697103737,
    "J1713+0747_PDFB_20CM_log10_tnequad": -9.983097265950219,
    "J1713+0747_PDFB_40CM_efac": 0.6392032476584901,
    "J1713+0747_PDFB_40CM_log10_tnequad": -9.990304702825405,
    "J1713+0747_UWL_PDFB4_20CM_efac": 0.5947685942204314,
    "J1713+0747_UWL_PDFB4_20CM_log10_tnequad": -9.994920688382742,
    "J1713+0747_UWL_sbA_efac": 0.6280153032088764,
    "J1713+0747_UWL_sbA_log10_tnequad": -9.988279854051667,
    "J1713+0747_UWL_sbB_efac": 0.5738262045794412,
    "J1713+0747_UWL_sbB_log10_tnequad": -9.995951453732287,
    "J1713+0747_UWL_sbC_efac": 0.7896519526263258,
    "J1713+0747_UWL_sbC_log10_tnequad": -9.998262122195907,
    "J1713+0747_UWL_sbD_efac": 0.19271597827375084,
    "J1713+0747_UWL_sbD_log10_tnequad": -9.992734637473973,
    "J1713+0747_UWL_sbE_efac": 0.9500640362412651,
    "J1713+0747_UWL_sbE_log10_tnequad": -9.99175517997095,
    "J1713+0747_UWL_sbF_efac": 0.804488721806505,
    "J1713+0747_UWL_sbF_log10_tnequad": -9.940240088032912,
    "J1713+0747_UWL_sbG_efac": 0.7787678481596487,
    "J1713+0747_UWL_sbG_log10_tnequad": -9.998289055542974,
    "J1713+0747_UWL_sbH_efac": 0.6152955465388664,
    "J1713+0747_UWL_sbH_log10_tnequad": -9.992037847088987,
    "J1713+0747_WBCORR_10CM_efac": 0.7572337666107485,
    "J1713+0747_WBCORR_10CM_log10_tnequad": -9.998244683544419,
    "J1713+0747_band_noise_low_gamma": 1.0150930730034389,
    "J1713+0747_band_noise_low_log10_A": -16.407745371871027,
    "J1713+0747_basis_ecorr_10CM_log10_ecorr": -9.99294434006171,
    "J1713+0747_basis_ecorr_10CM_uwl_log10_ecorr": -9.995687833942439,
    "J1713+0747_basis_ecorr_20CM_log10_ecorr": -9.99670033831301,
    "J1713+0747_basis_ecorr_20CM_uwl_log10_ecorr": -9.997388938012584,
    "J1713+0747_basis_ecorr_40CM_log10_ecorr": -9.975333300774764,
    "J1713+0747_basis_ecorr_40CM_uwl_log10_ecorr": -9.994089859992828,
    "J1713+0747_basis_ecorr_all_dr2_log10_ecorr": -9.980710474001032,
    "J1713+0747_basis_ecorr_all_uwl_log10_ecorr": -9.996389278757839,
    "J1713+0747_dm_gp_gamma": 1.316635485079417,
    "J1713+0747_dm_gp_log10_A": -14.404335020481955,
    "J1713+0747_dmexp_1_idx": 1.1312041943020792,
    "J1713+0747_dmexp_1_log10_Amp": -5.995687852383526,
    "J1713+0747_dmexp_1_log10_tau": 0.7506131118043362,
    "J1713+0747_dmexp_1_t0": 54752.33307758157,
    "J1713+0747_dmexp_2_idx": 0.5624301992686579,
    "J1713+0747_dmexp_2_log10_Amp": -5.865111289942312,
    "J1713+0747_dmexp_2_log10_tau": 0.4461461740640277,
    "J1713+0747_dmexp_2_t0": 57494.78683491593,
    "J1713+0747_gp_sw_gamma": -3.9935473013244316,
    "J1713+0747_gp_sw_log10_A": -9.976460873597338,
    "J1713+0747_group_noise_CPSR2_20CM_gamma": 0.008037154245130282,
    "J1713+0747_group_noise_CPSR2_20CM_log10_A": -19.988794324997567,
    "J1713+0747_group_noise_UWL_sbA_gamma": 0.032922812938733684,
    "J1713+0747_group_noise_UWL_sbA_log10_A": -19.980372993952596,
    "J1713+0747_group_noise_UWL_sbE_gamma": 0.009901758370295395,
    "J1713+0747_group_noise_UWL_sbE_log10_A": -19.978946689149893,
    "J1713+0747_group_noise_UWL_sbF_gamma": 0.011623576055731166,
    "J1713+0747_group_noise_UWL_sbF_log10_A": -19.9917857555996,
    "J1713+0747_group_noise_WBCORR_10CM_gamma": 0.49252988824588023,
    "J1713+0747_group_noise_WBCORR_10CM_log10_A": -13.835468113546483,
    "J1713+0747_hf_noise_gamma": 0.0022954426087841238,
    "J1713+0747_hf_noise_log10_A": -19.9861453666114,
    "J1713+0747_red_noise_gamma": 0.0056010490773066406,
    "J1713+0747_red_noise_log10_A": -19.994419942644896,
    "n_earth": 0.0015604977970918865,
    "nmodel": -0.4985904576360149
}