{
    "J1713+0747_CASPSR_40CM_efac": 2.9804768043952214,
    "J1713+0747_CASPSR_40CM_log10_tnequad": -5.90621245158188,
    "J1713+0747_CPSR2_20CM_efac": 2.626183408416649,
    "J1713+0747_CPSR2_20CM_log10_tnequad": -7.12144891187952,
    "J1713+0747_CPSR2_50CM_efac": 3.475126616936714,
    "J1713+0747_CPSR2_50CM_log10_tnequad": -5.733674070242095,
    "J1713+0747_PDFB1_10CM_efac": 4.054863110332455,
    "J1713+0747_PDFB1_10CM_log10_tnequad": -6.074628117560354,
    "J1713+0747_PDFB1_20CM_efac": 4.53111742376784,
    "J1713+0747_PDFB1_20CM_log10_tnequad": -6.427584006737749,
    "J1713+0747_PDFB1_early_10CM_efac": 3.4844881609601708,
    "J1713+0747_PDFB1_early_10CM_log10_tnequad": -5.873096384275109,
    "J1713+0747_PDFB_10CM_efac": 3.5130122382896714,
    "J1713+0747_PDFB_10CM_log10_tnequad": -6.418590016339149,
    "J1713+0747_PDFB_20CM_efac": 3.0759550786404626,
    "J1713+0747_PDFB_20CM_log10_tnequad": -6.727933217346847,
    "J1713+0747_PDFB_40CM_efac": 2.095898443508408,
    "J1713+0747_PDFB_40CM_log10_tnequad": -6.162133871805121,
    "J1713+0747_UWL_PDFB4_20CM_efac": 3.627001454859676,
    "J1713+0747_UWL_PDFB4_20CM_log10_tnequad": -6.51190495466816,
    "J1713+0747_UWL_sbA_efac": 4.234558302510429,
    "J1713+0747_UWL_sbA_log10_tnequad": -5.994971164663385,
    "J1713+0747_UWL_sbB_efac": 3.738305285214297,
    "J1713+0747_UWL_sbB_log10_tnequad": -6.239572611885076,
    "J1713+0747_UWL_sbC_efac": 2.236803233759976,
    "J1713+0747_UWL_sbC_log10_tnequad": -6.478483864225228,
    "J1713+0747_UWL_sbD_efac": 3.5017327707404324,
    "J1713+0747_UWL_sbD_log10_tnequad": -6.306450031667759,
    "J1713+0747_UWL_sbE_efac": 4.6549533232716,
    "J1713+0747_UWL_sbE_log10_tnequad": -6.8442659881343495,
    "J1713+0747_UWL_sbF_efac": 1.8740972880442732,
    "J1713+0747_UWL_sbF_log10_tnequad": -6.760502167296628,
    "J1713+0747_UWL_sbG_efac": 4.377935372394835,
    "J1713+0747_UWL_sbG_log10_tnequad": -6.510426266164774,
    "J1713+0747_UWL_sbH_efac": 2.715141662830766,
    "J1713+0747_UWL_sbH_log10_tnequad": -6.657557906216087,
    "J1713+0747_WBCORR_10CM_efac": 4.121500469287553,
    "J1713+0747_WBCORR_10CM_log10_tnequad": -5.997698881337275,
    "J1713+0747_band_noise_low_gamma": 6.293301345838953,
    "J1713+0747_band_noise_low_log10_A": -13.159348180534018,
    "J1713+0747_basis_ecorr_10CM_log10_ecorr": -6.846920686915186,
    "J1713+0747_basis_ecorr_10CM_uwl_log10_ecorr": -7.03642821081946,
    "J1713+0747_basis_ecorr_20CM_log10_ecorr": -7.107096177387393,
    "J1713+0747_basis_ecorr_20CM_uwl_log10_ecorr": -7.174818127970647,
    "J1713+0747_basis_ecorr_40CM_log10_ecorr": -6.220906055509995,
    "J1713+0747_basis_ecorr_40CM_uwl_log10_ecorr": -6.692000438668517,
    "J1713+0747_basis_ecorr_all_dr2_log10_ecorr": -7.128292053090241,
    "J1713+0747_basis_ecorr_all_uwl_log10_ecorr": -7.132244378274067,
    "J1713+0747_dm_gp_gamma": 4.414759091980185,
    "J1713+0747_dm_gp_log10_A": -13.664837431380962,
    "J1713+0747_dmexp_1_idx": 2.986084808915818,
    "J1713+0747_dmexp_1_log10_Amp": -5.547990056809159,
    "J1713+0747_dmexp_1_log10_tau": 3.338805294561579,
    "J1713+0747_dmexp_1_t0": 54782.28204433779,
    "J1713+0747_dmexp_2_idx": 1.9772173961400428,
    "J1713+0747_dmexp_2_log10_Amp": -5.289414562421017,
    "J1713+0747_dmexp_2_log10_tau": 1.5945157934956766,
    "J1713+0747_dmexp_2_t0": 57510.6778400644,
    "J1713+0747_gp_sw_gamma": 3.9956191100826994,
    "J1713+0747_gp_sw_log10_A": -6.262127784517571,
    "J1713+0747_group_noise_CPSR2_20CM_gamma": 6.987439375451749,
    "J1713+0747_group_noise_CPSR2_20CM_log10_A": -13.554859155798143,
    "J1713+0747_group_noise_UWL_sbA_gamma": 6.983802374107866,
    "J1713+0747_group_noise_UWL_sbA_log10_A": -12.486290677307283,
    "J1713+0747_group_noise_UWL_sbE_gamma": 6.97187102279073,
    "J1713+0747_group_noise_UWL_sbE_log10_A": -13.058141480270406,
    "J1713+0747_group_noise_UWL_sbF_gamma": 6.9961507504806555,
    "J1713+0747_group_noise_UWL_sbF_log10_A": -13.323448658641642,
    "J1713+0747_group_noise_WBCORR_10CM_gamma": 6.914329719883972,
    "J1713+0747_group_noise_WBCORR_10CM_log10_A": -11.950112558689387,
    "J1713+0747_hf_noise_gamma": 6.936254954337615,
    "J1713+0747_hf_noise_log10_A": -13.871263916678283,
    "J1713+0747_red_noise_gamma": 6.998265175805566,
    "J1713+0747_red_noise_log10_A": -13.894406131317318,
    "n_earth": 2.8130286455713245,
    "nmodel": 0.49733066983251745
}