{
    "J1713+0747_CASPSR_40CM_efac": 0.8178030761800975,
    "J1713+0747_CASPSR_40CM_log10_tnequad": -9.992270286177792,
    "J1713+0747_CPSR2_20CM_efac": 0.8892979475237253,
    "J1713+0747_CPSR2_20CM_log10_tnequad": -9.995408720165434,
    "J1713+0747_CPSR2_50CM_efac": 0.6221788548747197,
    "J1713+0747_CPSR2_50CM_log10_tnequad": -9.935118578271533,
    "J1713+0747_PDFB1_10CM_efac": 0.14599665451171012,
    "J1713+0747_PDFB1_10CM_log10_tnequad": -9.992655716708745,
    "J1713+0747_PDFB1_20CM_efac": 0.814815661203833,
    "J1713+0747_PDFB1_20CM_log10_tnequad": -9.996615237153401,
    "J1713+0747_PDFB1_early_10CM_efac": 0.01522641061029022,
    "J1713+0747_PDFB1_early_10CM_log10_tnequad": -9.980977736856797,
    "J1713+0747_PDFB_10CM_efac": 0.9234490905819231,
    "J1713+0747_PDFB_10CM_log10_tnequad": -9.981452164923509,
    "J1713+0747_PDFB_20CM_efac": 1.0122455347927035,
    "J1713+0747_PDFB_20CM_log10_tnequad": -9.970426614281712,
    "J1713+0747_PDFB_40CM_efac": 0.8751662741664173,
    "J1713+0747_PDFB_40CM_log10_tnequad": -9.99536678795766,
    "J1713+0747_UWL_PDFB4_20CM_efac": 0.6757655553404863,
    "J1713+0747_UWL_PDFB4_20CM_log10_tnequad": -9.993585908250173,
    "J1713+0747_UWL_sbA_efac": 0.7910149966473389,
    "J1713+0747_UWL_sbA_log10_tnequad": -9.992944769724824,
    "J1713+0747_UWL_sbB_efac": 0.9118840724839532,
    "J1713+0747_UWL_sbB_log10_tnequad": -9.992894054570614,
    "J1713+0747_UWL_sbC_efac": 0.8989725290031211,
    "J1713+0747_UWL_sbC_log10_tnequad": -9.998108878253218,
    "J1713+0747_UWL_sbD_efac": 0.7632486895836306,
    "J1713+0747_UWL_sbD_log10_tnequad": -9.991808521404742,
    "J1713+0747_UWL_sbE_efac": 1.0102990007850343,
    "J1713+0747_UWL_sbE_log10_tnequad": -9.990334600989177,
    "J1713+0747_UWL_sbF_efac": 0.8328817718311979,
    "J1713+0747_UWL_sbF_log10_tnequad": -9.20273836616427,
    "J1713+0747_UWL_sbG_efac": 0.8170484775003309,
    "J1713+0747_UWL_sbG_log10_tnequad": -9.992752502962805,
    "J1713+0747_UWL_sbH_efac": 0.8611888302753433,
    "J1713+0747_UWL_sbH_log10_tnequad": -9.982012530429198,
    "J1713+0747_WBCORR_10CM_efac": 0.7996200411319023,
    "J1713+0747_WBCORR_10CM_log10_tnequad": -9.996688394336408,
    "J1713+0747_band_noise_low_gamma": 1.1013317397660436,
    "J1713+0747_band_noise_low_log10_A": -16.520337650523793,
    "J1713+0747_basis_ecorr_10CM_log10_ecorr": -9.996182324477157,
    "J1713+0747_basis_ecorr_10CM_uwl_log10_ecorr": -9.992639351170824,
    "J1713+0747_basis_ecorr_20CM_log10_ecorr": -9.995449986168465,
    "J1713+0747_basis_ecorr_20CM_uwl_log10_ecorr": -9.995945172717601,
    "J1713+0747_basis_ecorr_40CM_log10_ecorr": -9.978370680214374,
    "J1713+0747_basis_ecorr_40CM_uwl_log10_ecorr": -9.996657271435598,
    "J1713+0747_basis_ecorr_all_dr2_log10_ecorr": -9.9904516252365,
    "J1713+0747_basis_ecorr_all_uwl_log10_ecorr": -9.997179538810244,
    "J1713+0747_dm_gp_gamma": 1.3209885430725736,
    "J1713+0747_dm_gp_log10_A": -14.100936203289583,
    "J1713+0747_dmexp_1_idx": 1.0902789027211217,
    "J1713+0747_dmexp_1_log10_Amp": -5.956717780798154,
    "J1713+0747_dmexp_1_log10_tau": 1.4317301854133233,
    "J1713+0747_dmexp_1_t0": 54752.344264692074,
    "J1713+0747_dmexp_2_idx": 0.584522624190786,
    "J1713+0747_dmexp_2_log10_Amp": -5.869006427805481,
    "J1713+0747_dmexp_2_log10_tau": 1.1563359037158027,
    "J1713+0747_dmexp_2_t0": 57494.794779516946,
    "J1713+0747_group_noise_CPSR2_20CM_gamma": 0.007683698143694712,
    "J1713+0747_group_noise_CPSR2_20CM_log10_A": -19.992405129426363,
    "J1713+0747_group_noise_UWL_sbA_gamma": 0.02556590295678101,
    "J1713+0747_group_noise_UWL_sbA_log10_A": -19.962103205232694,
    "J1713+0747_group_noise_UWL_sbE_gamma": 0.012505016901241632,
    "J1713+0747_group_noise_UWL_sbE_log10_A": -19.987320985617778,
    "J1713+0747_group_noise_UWL_sbF_gamma": 0.009871296521552796,
    "J1713+0747_group_noise_UWL_sbF_log10_A": -19.990534281730497,
    "J1713+0747_group_noise_WBCORR_10CM_gamma": 0.5627441802733212,
    "J1713+0747_group_noise_WBCORR_10CM_log10_A": -13.53838530807644,
    "J1713+0747_hf_noise_gamma": 0.0010154198973702858,
    "J1713+0747_hf_noise_log10_A": -19.969049259413627,
    "J1713+0747_red_noise_gamma": 0.007770228178872817,
    "J1713+0747_red_noise_log10_A": -19.99335540325709,
    "nmodel": -0.4983413384975547
}