{
    "J1713+0747_CASPSR_40CM_efac": 0.5293241807068414,
    "J1713+0747_CASPSR_40CM_log10_tnequad": -9.977800980721803,
    "J1713+0747_CPSR2_20CM_efac": 0.7462494564216398,
    "J1713+0747_CPSR2_20CM_log10_tnequad": -9.997439778641994,
    "J1713+0747_CPSR2_50CM_efac": 0.7059913449530897,
    "J1713+0747_CPSR2_50CM_log10_tnequad": -9.990379168335435,
    "J1713+0747_PDFB1_10CM_efac": 0.09934164570147237,
    "J1713+0747_PDFB1_10CM_log10_tnequad": -9.992182352914988,
    "J1713+0747_PDFB1_20CM_efac": 0.42989872766031545,
    "J1713+0747_PDFB1_20CM_log10_tnequad": -9.999240687367953,
    "J1713+0747_PDFB1_early_10CM_efac": 0.042259711040240185,
    "J1713+0747_PDFB1_early_10CM_log10_tnequad": -9.960241447454734,
    "J1713+0747_PDFB_10CM_efac": 0.45550471124209463,
    "J1713+0747_PDFB_10CM_log10_tnequad": -9.946232761438893,
    "J1713+0747_PDFB_20CM_efac": 0.5552069270525334,
    "J1713+0747_PDFB_20CM_log10_tnequad": -9.964078422288823,
    "J1713+0747_PDFB_40CM_efac": 0.6628794353346518,
    "J1713+0747_PDFB_40CM_log10_tnequad": -9.991239611841026,
    "J1713+0747_UWL_PDFB4_20CM_efac": 0.3760816212087488,
    "J1713+0747_UWL_PDFB4_20CM_log10_tnequad": -9.994653680166467,
    "J1713+0747_UWL_sbA_efac": 0.729767071631919,
    "J1713+0747_UWL_sbA_log10_tnequad": -9.99657454533266,
    "J1713+0747_UWL_sbB_efac": 0.7767865658216994,
    "J1713+0747_UWL_sbB_log10_tnequad": -9.992562441439532,
    "J1713+0747_UWL_sbC_efac": 0.7065273113496015,
    "J1713+0747_UWL_sbC_log10_tnequad": -9.994858417706027,
    "J1713+0747_UWL_sbD_efac": 0.291282683074884,
    "J1713+0747_UWL_sbD_log10_tnequad": -9.982462790359266,
    "J1713+0747_UWL_sbE_efac": 0.7096990415515168,
    "J1713+0747_UWL_sbE_log10_tnequad": -9.959855499544187,
    "J1713+0747_UWL_sbF_efac": 0.6465746954590329,
    "J1713+0747_UWL_sbF_log10_tnequad": -9.993039188563113,
    "J1713+0747_UWL_sbG_efac": 0.40943803083668756,
    "J1713+0747_UWL_sbG_log10_tnequad": -9.996077694250324,
    "J1713+0747_UWL_sbH_efac": 0.7850317330537466,
    "J1713+0747_UWL_sbH_log10_tnequad": -9.996901924583872,
    "J1713+0747_WBCORR_10CM_efac": 0.2979991201361558,
    "J1713+0747_WBCORR_10CM_log10_tnequad": -9.983729164198312,
    "J1713+0747_band_noise_low_gamma": 0.701510261129402,
    "J1713+0747_band_noise_low_log10_A": -18.488283159704086,
    "J1713+0747_basis_ecorr_10CM_log10_ecorr": -9.97990724632493,
    "J1713+0747_basis_ecorr_10CM_uwl_log10_ecorr": -9.990618717379355,
    "J1713+0747_basis_ecorr_20CM_log10_ecorr": -9.996609839022032,
    "J1713+0747_basis_ecorr_20CM_uwl_log10_ecorr": -9.99132894897617,
    "J1713+0747_basis_ecorr_40CM_log10_ecorr": -9.982235999104022,
    "J1713+0747_basis_ecorr_40CM_uwl_log10_ecorr": -9.988890601868562,
    "J1713+0747_basis_ecorr_all_dr2_log10_ecorr": -9.9862653380384,
    "J1713+0747_basis_ecorr_all_uwl_log10_ecorr": -9.99093830971007,
    "J1713+0747_dm_gp_gamma": 1.284368997943214,
    "J1713+0747_dm_gp_log10_A": -14.625171900985784,
    "J1713+0747_dmexp_1_idx": 1.0739973196118626,
    "J1713+0747_dmexp_1_log10_Amp": -6.159896441058173,
    "J1713+0747_dmexp_1_log10_tau": 1.2174639930871913,
    "J1713+0747_dmexp_1_t0": 54738.156712188116,
    "J1713+0747_dmexp_2_idx": 0.5544083538529297,
    "J1713+0747_dmexp_2_log10_Amp": -5.892417032823651,
    "J1713+0747_dmexp_2_log10_tau": 1.0436344407155707,
    "J1713+0747_dmexp_2_t0": 57494.79219027773,
    "J1713+0747_gp_sw_gamma": -3.9952182324281997,
    "J1713+0747_gp_sw_log10_A": -9.984672978532714,
    "J1713+0747_group_noise_CPSR2_20CM_gamma": 0.0040173470307493875,
    "J1713+0747_group_noise_CPSR2_20CM_log10_A": -19.988049779237667,
    "J1713+0747_group_noise_UWL_sbA_gamma": 0.019002927727292507,
    "J1713+0747_group_noise_UWL_sbA_log10_A": -19.947729616844413,
    "J1713+0747_group_noise_UWL_sbE_gamma": 0.021438112135868402,
    "J1713+0747_group_noise_UWL_sbE_log10_A": -19.98203106465316,
    "J1713+0747_group_noise_UWL_sbF_gamma": 0.004535277247986176,
    "J1713+0747_group_noise_UWL_sbF_log10_A": -19.974207862789275,
    "J1713+0747_group_noise_WBCORR_10CM_gamma": 0.23312975738498193,
    "J1713+0747_group_noise_WBCORR_10CM_log10_A": -19.77233504356333,
    "J1713+0747_hf_noise_gamma": 0.0015985396721609614,
    "J1713+0747_hf_noise_log10_A": -19.977429370210107,
    "J1713+0747_red_noise_gamma": 0.010407581979238856,
    "J1713+0747_red_noise_log10_A": -19.99389882631933,
    "n_earth": 0.0028938066425632236,
    "nmodel": -0.4982368111831186
}