{
    "J1730-2304_CASPSR_40CM_efac": 1.0514378866478746,
    "J1730-2304_CASPSR_40CM_log10_tnequad": -9.991644853921128,
    "J1730-2304_CPSR2_20CM_efac": 0.9067757174995733,
    "J1730-2304_CPSR2_20CM_log10_tnequad": -9.182010938794471,
    "J1730-2304_CPSR2_50CM_efac": 1.053122056439389,
    "J1730-2304_CPSR2_50CM_log10_tnequad": -9.992554944452035,
    "J1730-2304_PDFB1_20CM_efac": 0.6580883755657818,
    "J1730-2304_PDFB1_20CM_log10_tnequad": -9.98998781138207,
    "J1730-2304_PDFB1_early_20CM_efac": 0.6105290467752981,
    "J1730-2304_PDFB1_early_20CM_log10_tnequad": -9.993844204984356,
    "J1730-2304_PDFB_10CM_efac": 0.9360394360602815,
    "J1730-2304_PDFB_10CM_log10_tnequad": -9.996226850039852,
    "J1730-2304_PDFB_20CM_efac": 0.9605590107429647,
    "J1730-2304_PDFB_20CM_log10_tnequad": -9.993581545676971,
    "J1730-2304_PDFB_40CM_efac": 0.8476480519135595,
    "J1730-2304_PDFB_40CM_log10_tnequad": -9.99214510790885,
    "J1730-2304_UWL_CASPSR_40CM_efac": 0.6571529931851001,
    "J1730-2304_UWL_CASPSR_40CM_log10_tnequad": -9.992590923931338,
    "J1730-2304_UWL_PDFB4_20CM_efac": 0.7850064763226313,
    "J1730-2304_UWL_PDFB4_20CM_log10_tnequad": -9.9957985362453,
    "J1730-2304_UWL_sbA_efac": 1.0127260586155655,
    "J1730-2304_UWL_sbA_log10_tnequad": -9.99222627280658,
    "J1730-2304_UWL_sbB_efac": 0.8609252906816002,
    "J1730-2304_UWL_sbB_log10_tnequad": -9.99425722762972,
    "J1730-2304_UWL_sbC_efac": 0.8121975235069764,
    "J1730-2304_UWL_sbC_log10_tnequad": -9.990186451541687,
    "J1730-2304_UWL_sbD_efac": 0.8240328372218392,
    "J1730-2304_UWL_sbD_log10_tnequad": -9.994772860979568,
    "J1730-2304_UWL_sbE_efac": 0.7875623332297009,
    "J1730-2304_UWL_sbE_log10_tnequad": -9.991415643182172,
    "J1730-2304_UWL_sbF_efac": 0.8274354711277825,
    "J1730-2304_UWL_sbF_log10_tnequad": -9.993878018836693,
    "J1730-2304_UWL_sbG_efac": 0.882078294414458,
    "J1730-2304_UWL_sbG_log10_tnequad": -9.994456052058409,
    "J1730-2304_UWL_sbH_efac": 0.9339092132383802,
    "J1730-2304_UWL_sbH_log10_tnequad": -9.992952065918528,
    "J1730-2304_WBCORR_10CM_efac": 1.0395252963427393,
    "J1730-2304_WBCORR_10CM_log10_tnequad": -9.992530659695984,
    "J1730-2304_basis_ecorr_10CM_log10_ecorr": -9.992799043623254,
    "J1730-2304_basis_ecorr_10CM_uwl_log10_ecorr": -9.992634068043028,
    "J1730-2304_basis_ecorr_20CM_log10_ecorr": -9.994124185347752,
    "J1730-2304_basis_ecorr_20CM_uwl_log10_ecorr": -9.993746804380743,
    "J1730-2304_basis_ecorr_40CM_log10_ecorr": -9.99529021303045,
    "J1730-2304_basis_ecorr_40CM_uwl_log10_ecorr": -9.957431363091711,
    "J1730-2304_basis_ecorr_all_dr2_log10_ecorr": -9.99576097752762,
    "J1730-2304_basis_ecorr_all_uwl_log10_ecorr": -9.993627193826038,
    "J1730-2304_dm_gp_gamma": 1.4140688608945318,
    "J1730-2304_dm_gp_log10_A": -14.95096183660008,
    "J1730-2304_gp_sw_gamma": -3.986649638399754,
    "J1730-2304_gp_sw_log10_A": -9.98976799828197,
    "J1730-2304_red_noise_gamma": 0.0038502085087921104,
    "J1730-2304_red_noise_log10_A": -19.986597388605496,
    "n_earth": 1.0640250474672104,
    "nmodel": -0.4984469988067008
}