{
    "J1730-2304_CASPSR_40CM_efac": 1.7582194489568757,
    "J1730-2304_CASPSR_40CM_log10_tnequad": -5.773304725888752,
    "J1730-2304_CPSR2_20CM_efac": 1.6518329944030352,
    "J1730-2304_CPSR2_20CM_log10_tnequad": -5.296905074081989,
    "J1730-2304_CPSR2_50CM_efac": 1.4343914508464224,
    "J1730-2304_CPSR2_50CM_log10_tnequad": -5.577056904907121,
    "J1730-2304_PDFB1_20CM_efac": 1.3773031966403368,
    "J1730-2304_PDFB1_20CM_log10_tnequad": -5.729272677017791,
    "J1730-2304_PDFB1_early_20CM_efac": 1.3680720371179405,
    "J1730-2304_PDFB1_early_20CM_log10_tnequad": -5.798258773927342,
    "J1730-2304_PDFB_10CM_efac": 1.142439016243832,
    "J1730-2304_PDFB_10CM_log10_tnequad": -6.256327878127936,
    "J1730-2304_PDFB_20CM_efac": 1.1319471314759963,
    "J1730-2304_PDFB_20CM_log10_tnequad": -6.40374849407291,
    "J1730-2304_PDFB_40CM_efac": 1.2622283634416973,
    "J1730-2304_PDFB_40CM_log10_tnequad": -5.713333747187858,
    "J1730-2304_UWL_CASPSR_40CM_efac": 1.8579237558635846,
    "J1730-2304_UWL_CASPSR_40CM_log10_tnequad": -5.411406558446375,
    "J1730-2304_UWL_PDFB4_20CM_efac": 1.5386163147300713,
    "J1730-2304_UWL_PDFB4_20CM_log10_tnequad": -6.063510186554716,
    "J1730-2304_UWL_sbA_efac": 1.6953696507736122,
    "J1730-2304_UWL_sbA_log10_tnequad": -5.607005913519412,
    "J1730-2304_UWL_sbB_efac": 1.307123750056974,
    "J1730-2304_UWL_sbB_log10_tnequad": -5.928633490555679,
    "J1730-2304_UWL_sbC_efac": 1.24593690666852,
    "J1730-2304_UWL_sbC_log10_tnequad": -5.837029809975074,
    "J1730-2304_UWL_sbD_efac": 1.2473606794896606,
    "J1730-2304_UWL_sbD_log10_tnequad": -6.068159845443554,
    "J1730-2304_UWL_sbE_efac": 1.2721104529405483,
    "J1730-2304_UWL_sbE_log10_tnequad": -6.006835038013083,
    "J1730-2304_UWL_sbF_efac": 1.1765304460528274,
    "J1730-2304_UWL_sbF_log10_tnequad": -6.282112329974907,
    "J1730-2304_UWL_sbG_efac": 1.388113941622331,
    "J1730-2304_UWL_sbG_log10_tnequad": -5.968158433244853,
    "J1730-2304_UWL_sbH_efac": 1.4980667747426224,
    "J1730-2304_UWL_sbH_log10_tnequad": -5.87131297712433,
    "J1730-2304_WBCORR_10CM_efac": 1.961312904567956,
    "J1730-2304_WBCORR_10CM_log10_tnequad": -5.587217230701334,
    "J1730-2304_basis_ecorr_10CM_log10_ecorr": -6.2390093142295955,
    "J1730-2304_basis_ecorr_10CM_uwl_log10_ecorr": -6.0594129375230645,
    "J1730-2304_basis_ecorr_20CM_log10_ecorr": -6.389265188661486,
    "J1730-2304_basis_ecorr_20CM_uwl_log10_ecorr": -6.377983288201279,
    "J1730-2304_basis_ecorr_40CM_log10_ecorr": -6.0475985639923735,
    "J1730-2304_basis_ecorr_40CM_uwl_log10_ecorr": -5.772332480690104,
    "J1730-2304_basis_ecorr_all_dr2_log10_ecorr": -6.4414528408973695,
    "J1730-2304_basis_ecorr_all_uwl_log10_ecorr": -6.496342665826224,
    "J1730-2304_dm_gp_gamma": 5.915646233636281,
    "J1730-2304_dm_gp_log10_A": -13.109382769738188,
    "J1730-2304_red_noise_gamma": 6.984422719339892,
    "J1730-2304_red_noise_log10_A": -12.920100090549559,
    "nmodel": 0.4984301153422049
}