{
    "J1730-2304_CASPSR_40CM_efac": 1.6827965717914282,
    "J1730-2304_CASPSR_40CM_log10_tnequad": -5.790658491817785,
    "J1730-2304_CPSR2_20CM_efac": 1.651347772398618,
    "J1730-2304_CPSR2_20CM_log10_tnequad": -5.295898306968028,
    "J1730-2304_CPSR2_50CM_efac": 1.426869372549982,
    "J1730-2304_CPSR2_50CM_log10_tnequad": -5.5980139745686275,
    "J1730-2304_PDFB1_20CM_efac": 1.3693179949413308,
    "J1730-2304_PDFB1_20CM_log10_tnequad": -5.743630804769526,
    "J1730-2304_PDFB1_early_20CM_efac": 1.364773395005318,
    "J1730-2304_PDFB1_early_20CM_log10_tnequad": -5.75041790400128,
    "J1730-2304_PDFB_10CM_efac": 1.134156060008157,
    "J1730-2304_PDFB_10CM_log10_tnequad": -6.238964004114318,
    "J1730-2304_PDFB_20CM_efac": 1.1228969193884157,
    "J1730-2304_PDFB_20CM_log10_tnequad": -6.407401907971418,
    "J1730-2304_PDFB_40CM_efac": 1.255144694082638,
    "J1730-2304_PDFB_40CM_log10_tnequad": -5.7287598538656574,
    "J1730-2304_UWL_CASPSR_40CM_efac": 1.8735774418868936,
    "J1730-2304_UWL_CASPSR_40CM_log10_tnequad": -5.4434049356747725,
    "J1730-2304_UWL_PDFB4_20CM_efac": 1.5220134364492097,
    "J1730-2304_UWL_PDFB4_20CM_log10_tnequad": -6.075776914454159,
    "J1730-2304_UWL_sbA_efac": 1.6959752431082942,
    "J1730-2304_UWL_sbA_log10_tnequad": -5.605794514648915,
    "J1730-2304_UWL_sbB_efac": 1.3359012231652345,
    "J1730-2304_UWL_sbB_log10_tnequad": -5.914130889058785,
    "J1730-2304_UWL_sbC_efac": 1.2318979722297732,
    "J1730-2304_UWL_sbC_log10_tnequad": -5.84007812526438,
    "J1730-2304_UWL_sbD_efac": 1.2471084426004087,
    "J1730-2304_UWL_sbD_log10_tnequad": -6.08060045715557,
    "J1730-2304_UWL_sbE_efac": 1.280226865409157,
    "J1730-2304_UWL_sbE_log10_tnequad": -6.008803490403078,
    "J1730-2304_UWL_sbF_efac": 1.1810918902686196,
    "J1730-2304_UWL_sbF_log10_tnequad": -6.272440901411135,
    "J1730-2304_UWL_sbG_efac": 1.3823663998224405,
    "J1730-2304_UWL_sbG_log10_tnequad": -5.970654064963551,
    "J1730-2304_UWL_sbH_efac": 1.5085276433820227,
    "J1730-2304_UWL_sbH_log10_tnequad": -5.856460349528544,
    "J1730-2304_WBCORR_10CM_efac": 2.0024533221108007,
    "J1730-2304_WBCORR_10CM_log10_tnequad": -5.577017485382714,
    "J1730-2304_basis_ecorr_10CM_log10_ecorr": -6.24177859456804,
    "J1730-2304_basis_ecorr_10CM_uwl_log10_ecorr": -6.04268046285345,
    "J1730-2304_basis_ecorr_20CM_log10_ecorr": -6.402167957321926,
    "J1730-2304_basis_ecorr_20CM_uwl_log10_ecorr": -6.330467442576724,
    "J1730-2304_basis_ecorr_40CM_log10_ecorr": -6.122618298757358,
    "J1730-2304_basis_ecorr_40CM_uwl_log10_ecorr": -5.792894958584384,
    "J1730-2304_basis_ecorr_all_dr2_log10_ecorr": -6.465842895433839,
    "J1730-2304_basis_ecorr_all_uwl_log10_ecorr": -6.433371434974211,
    "J1730-2304_dm_gp_gamma": 5.915434169090391,
    "J1730-2304_dm_gp_log10_A": -13.167387637790304,
    "J1730-2304_gp_sw_gamma": 3.9608613913614428,
    "J1730-2304_gp_sw_log10_A": -6.030184630663274,
    "J1730-2304_red_noise_gamma": 6.9846427264672455,
    "J1730-2304_red_noise_log10_A": -12.949922935737458,
    "n_earth": 6.083717696614343,
    "nmodel": 0.4985019924557249
}