{
    "J1730-2304_CASPSR_40CM_efac": 1.0751843713542033,
    "J1730-2304_CASPSR_40CM_log10_tnequad": -9.99345608053325,
    "J1730-2304_CPSR2_20CM_efac": 0.8964644135972047,
    "J1730-2304_CPSR2_20CM_log10_tnequad": -5.830255749644249,
    "J1730-2304_CPSR2_50CM_efac": 1.0579087198980608,
    "J1730-2304_CPSR2_50CM_log10_tnequad": -9.992850640742278,
    "J1730-2304_PDFB1_20CM_efac": 0.628015283657896,
    "J1730-2304_PDFB1_20CM_log10_tnequad": -9.988457679274571,
    "J1730-2304_PDFB1_early_20CM_efac": 0.6404965701696081,
    "J1730-2304_PDFB1_early_20CM_log10_tnequad": -9.992920792142755,
    "J1730-2304_PDFB_10CM_efac": 0.9310826283571778,
    "J1730-2304_PDFB_10CM_log10_tnequad": -9.994604464292667,
    "J1730-2304_PDFB_20CM_efac": 0.9693450381274223,
    "J1730-2304_PDFB_20CM_log10_tnequad": -9.994880576703077,
    "J1730-2304_PDFB_40CM_efac": 0.8517630511499157,
    "J1730-2304_PDFB_40CM_log10_tnequad": -9.992234463038768,
    "J1730-2304_UWL_CASPSR_40CM_efac": 0.6206867167499569,
    "J1730-2304_UWL_CASPSR_40CM_log10_tnequad": -9.993830473741939,
    "J1730-2304_UWL_PDFB4_20CM_efac": 0.7777395523069264,
    "J1730-2304_UWL_PDFB4_20CM_log10_tnequad": -9.994842495378203,
    "J1730-2304_UWL_sbA_efac": 1.0062142698920282,
    "J1730-2304_UWL_sbA_log10_tnequad": -9.993887721468182,
    "J1730-2304_UWL_sbB_efac": 0.8685259031895516,
    "J1730-2304_UWL_sbB_log10_tnequad": -9.993651393933995,
    "J1730-2304_UWL_sbC_efac": 0.8001762800489265,
    "J1730-2304_UWL_sbC_log10_tnequad": -9.994217346271737,
    "J1730-2304_UWL_sbD_efac": 0.8023212823268152,
    "J1730-2304_UWL_sbD_log10_tnequad": -9.993528589617767,
    "J1730-2304_UWL_sbE_efac": 0.7664456058780637,
    "J1730-2304_UWL_sbE_log10_tnequad": -9.992334555609492,
    "J1730-2304_UWL_sbF_efac": 0.8225575855735949,
    "J1730-2304_UWL_sbF_log10_tnequad": -9.995040572287028,
    "J1730-2304_UWL_sbG_efac": 0.8834597746339236,
    "J1730-2304_UWL_sbG_log10_tnequad": -9.99393745944817,
    "J1730-2304_UWL_sbH_efac": 0.9356794532605804,
    "J1730-2304_UWL_sbH_log10_tnequad": -9.993858958564592,
    "J1730-2304_WBCORR_10CM_efac": 1.0180898177143112,
    "J1730-2304_WBCORR_10CM_log10_tnequad": -9.993596717096606,
    "J1730-2304_basis_ecorr_10CM_log10_ecorr": -9.99439140128357,
    "J1730-2304_basis_ecorr_10CM_uwl_log10_ecorr": -9.993635117655412,
    "J1730-2304_basis_ecorr_20CM_log10_ecorr": -9.994182830682464,
    "J1730-2304_basis_ecorr_20CM_uwl_log10_ecorr": -9.99406139681111,
    "J1730-2304_basis_ecorr_40CM_log10_ecorr": -9.99352998160688,
    "J1730-2304_basis_ecorr_40CM_uwl_log10_ecorr": -9.93751264095748,
    "J1730-2304_basis_ecorr_all_dr2_log10_ecorr": -9.994859579378089,
    "J1730-2304_basis_ecorr_all_uwl_log10_ecorr": -9.99486389011991,
    "J1730-2304_dm_gp_gamma": 1.2237721641172121,
    "J1730-2304_dm_gp_log10_A": -14.880318504995476,
    "J1730-2304_red_noise_gamma": 0.004245025134323233,
    "J1730-2304_red_noise_log10_A": -19.98666909529208,
    "nmodel": -0.49846912116416486
}