{
    "J1730-2304_CASPSR_40CM_efac": 1.6897906480542733,
    "J1730-2304_CASPSR_40CM_log10_tnequad": -5.797957520249063,
    "J1730-2304_CPSR2_20CM_efac": 1.7501726366093913,
    "J1730-2304_CPSR2_20CM_log10_tnequad": -5.3051847955299545,
    "J1730-2304_CPSR2_50CM_efac": 1.4340765843242298,
    "J1730-2304_CPSR2_50CM_log10_tnequad": -5.609461252367454,
    "J1730-2304_PDFB1_20CM_efac": 1.3771969655917793,
    "J1730-2304_PDFB1_20CM_log10_tnequad": -5.749274323915967,
    "J1730-2304_PDFB1_early_20CM_efac": 1.3379089424399229,
    "J1730-2304_PDFB1_early_20CM_log10_tnequad": -5.798280837907324,
    "J1730-2304_PDFB_10CM_efac": 1.1273977365711558,
    "J1730-2304_PDFB_10CM_log10_tnequad": -6.22981372028497,
    "J1730-2304_PDFB_20CM_efac": 1.124335387663744,
    "J1730-2304_PDFB_20CM_log10_tnequad": -6.415530274640242,
    "J1730-2304_PDFB_40CM_efac": 1.245394638294404,
    "J1730-2304_PDFB_40CM_log10_tnequad": -5.709796351111412,
    "J1730-2304_UWL_CASPSR_40CM_efac": 1.7984427294952132,
    "J1730-2304_UWL_CASPSR_40CM_log10_tnequad": -5.423031391955395,
    "J1730-2304_UWL_PDFB4_20CM_efac": 1.4976776842396127,
    "J1730-2304_UWL_PDFB4_20CM_log10_tnequad": -6.074433980293052,
    "J1730-2304_UWL_sbA_efac": 1.7134461793329643,
    "J1730-2304_UWL_sbA_log10_tnequad": -5.630992567345184,
    "J1730-2304_UWL_sbB_efac": 1.3150820343724912,
    "J1730-2304_UWL_sbB_log10_tnequad": -5.9595733564441815,
    "J1730-2304_UWL_sbC_efac": 1.2417735321188665,
    "J1730-2304_UWL_sbC_log10_tnequad": -5.840079677646504,
    "J1730-2304_UWL_sbD_efac": 1.2386656724057628,
    "J1730-2304_UWL_sbD_log10_tnequad": -6.08598869890949,
    "J1730-2304_UWL_sbE_efac": 1.308258667164064,
    "J1730-2304_UWL_sbE_log10_tnequad": -5.994406256407432,
    "J1730-2304_UWL_sbF_efac": 1.1809156687586382,
    "J1730-2304_UWL_sbF_log10_tnequad": -6.305536781431767,
    "J1730-2304_UWL_sbG_efac": 1.3977528700757529,
    "J1730-2304_UWL_sbG_log10_tnequad": -5.96096606275153,
    "J1730-2304_UWL_sbH_efac": 1.4760008976880938,
    "J1730-2304_UWL_sbH_log10_tnequad": -5.870750754081395,
    "J1730-2304_WBCORR_10CM_efac": 1.914126899794274,
    "J1730-2304_WBCORR_10CM_log10_tnequad": -5.58823342902475,
    "J1730-2304_basis_ecorr_10CM_log10_ecorr": -6.218720006849548,
    "J1730-2304_basis_ecorr_10CM_uwl_log10_ecorr": -6.038519945020249,
    "J1730-2304_basis_ecorr_20CM_log10_ecorr": -6.4199981566949615,
    "J1730-2304_basis_ecorr_20CM_uwl_log10_ecorr": -6.326043935767133,
    "J1730-2304_basis_ecorr_40CM_log10_ecorr": -6.11927861864229,
    "J1730-2304_basis_ecorr_40CM_uwl_log10_ecorr": -5.798701515088027,
    "J1730-2304_basis_ecorr_all_dr2_log10_ecorr": -6.460079511074239,
    "J1730-2304_basis_ecorr_all_uwl_log10_ecorr": -6.42162572367415,
    "J1730-2304_dm_gp_gamma": 6.072351333458217,
    "J1730-2304_dm_gp_log10_A": -13.169872938797594,
    "J1730-2304_gp_sw_gamma": 3.9515960679244793,
    "J1730-2304_gp_sw_log10_A": -6.026703452445211,
    "J1730-2304_red_noise_gamma": 6.982148226813362,
    "J1730-2304_red_noise_log10_A": -12.945745802189277,
    "n_earth": 6.208663717796727,
    "nmodel": 0.49849912015369774
}