{
    "J1730-2304_CASPSR_40CM_efac": 1.050691216228213,
    "J1730-2304_CASPSR_40CM_log10_tnequad": -9.992283335913823,
    "J1730-2304_CPSR2_20CM_efac": 0.9192752629226681,
    "J1730-2304_CPSR2_20CM_log10_tnequad": -5.877905148792495,
    "J1730-2304_CPSR2_50CM_efac": 1.054626666051525,
    "J1730-2304_CPSR2_50CM_log10_tnequad": -9.994690553074031,
    "J1730-2304_PDFB1_20CM_efac": 0.6462854208462963,
    "J1730-2304_PDFB1_20CM_log10_tnequad": -9.987208229822814,
    "J1730-2304_PDFB1_early_20CM_efac": 0.599384157563314,
    "J1730-2304_PDFB1_early_20CM_log10_tnequad": -9.99319122529805,
    "J1730-2304_PDFB_10CM_efac": 0.9325693508628512,
    "J1730-2304_PDFB_10CM_log10_tnequad": -9.994133196773513,
    "J1730-2304_PDFB_20CM_efac": 0.963016978219023,
    "J1730-2304_PDFB_20CM_log10_tnequad": -9.995492598970058,
    "J1730-2304_PDFB_40CM_efac": 0.8655340348548249,
    "J1730-2304_PDFB_40CM_log10_tnequad": -9.991107907599384,
    "J1730-2304_UWL_CASPSR_40CM_efac": 0.6188003016164761,
    "J1730-2304_UWL_CASPSR_40CM_log10_tnequad": -9.993176697788076,
    "J1730-2304_UWL_PDFB4_20CM_efac": 0.7766292880352031,
    "J1730-2304_UWL_PDFB4_20CM_log10_tnequad": -9.992973638338812,
    "J1730-2304_UWL_sbA_efac": 1.0031464071979046,
    "J1730-2304_UWL_sbA_log10_tnequad": -9.994288459066784,
    "J1730-2304_UWL_sbB_efac": 0.8664034988205079,
    "J1730-2304_UWL_sbB_log10_tnequad": -9.99457538421001,
    "J1730-2304_UWL_sbC_efac": 0.8096982540591476,
    "J1730-2304_UWL_sbC_log10_tnequad": -9.992863029392746,
    "J1730-2304_UWL_sbD_efac": 0.808518958639372,
    "J1730-2304_UWL_sbD_log10_tnequad": -9.99392036177339,
    "J1730-2304_UWL_sbE_efac": 0.7721820394301517,
    "J1730-2304_UWL_sbE_log10_tnequad": -9.992473120179051,
    "J1730-2304_UWL_sbF_efac": 0.8291374211328733,
    "J1730-2304_UWL_sbF_log10_tnequad": -9.994252774885755,
    "J1730-2304_UWL_sbG_efac": 0.8915055694764041,
    "J1730-2304_UWL_sbG_log10_tnequad": -9.99346158622767,
    "J1730-2304_UWL_sbH_efac": 0.9192618020541045,
    "J1730-2304_UWL_sbH_log10_tnequad": -9.993646458938064,
    "J1730-2304_WBCORR_10CM_efac": 1.022563237643878,
    "J1730-2304_WBCORR_10CM_log10_tnequad": -9.993835399623777,
    "J1730-2304_basis_ecorr_10CM_log10_ecorr": -9.994804809832855,
    "J1730-2304_basis_ecorr_10CM_uwl_log10_ecorr": -9.992949925875527,
    "J1730-2304_basis_ecorr_20CM_log10_ecorr": -9.99434241897195,
    "J1730-2304_basis_ecorr_20CM_uwl_log10_ecorr": -9.99387543515287,
    "J1730-2304_basis_ecorr_40CM_log10_ecorr": -9.994285394324818,
    "J1730-2304_basis_ecorr_40CM_uwl_log10_ecorr": -9.959212353824025,
    "J1730-2304_basis_ecorr_all_dr2_log10_ecorr": -9.99460464555516,
    "J1730-2304_basis_ecorr_all_uwl_log10_ecorr": -9.994707687686935,
    "J1730-2304_dm_gp_gamma": 1.4100043822692656,
    "J1730-2304_dm_gp_log10_A": -14.90313576778187,
    "J1730-2304_gp_sw_gamma": -3.9873765981943947,
    "J1730-2304_gp_sw_log10_A": -9.992351174006364,
    "J1730-2304_red_noise_gamma": 0.004661232693010529,
    "J1730-2304_red_noise_log10_A": -19.98743779719356,
    "n_earth": 1.0989481528778358,
    "nmodel": -0.498473533197173
}