{
    "J1744-1134_CASPSR_40CM_efac": 1.691998354314562,
    "J1744-1134_CASPSR_40CM_log10_tnequad": -6.438627721219769,
    "J1744-1134_CPSR2_20CM_efac": 2.0497571899818317,
    "J1744-1134_CPSR2_20CM_log10_tnequad": -5.814060407785336,
    "J1744-1134_CPSR2_50CM_efac": 1.4393956482080197,
    "J1744-1134_CPSR2_50CM_log10_tnequad": -6.038747533405495,
    "J1744-1134_PDFB1_10CM_efac": 3.933022261908395,
    "J1744-1134_PDFB1_10CM_log10_tnequad": -5.830132601743576,
    "J1744-1134_PDFB1_20CM_efac": 1.789681450188469,
    "J1744-1134_PDFB1_20CM_log10_tnequad": -6.750900282594518,
    "J1744-1134_PDFB1_early_20CM_efac": 3.814493762830381,
    "J1744-1134_PDFB1_early_20CM_log10_tnequad": -6.095342662393162,
    "J1744-1134_PDFB_10CM_efac": 1.0797249950563341,
    "J1744-1134_PDFB_10CM_log10_tnequad": -6.50913277179758,
    "J1744-1134_PDFB_20CM_efac": 1.1484036762698142,
    "J1744-1134_PDFB_20CM_log10_tnequad": -7.0245410953269705,
    "J1744-1134_PDFB_40CM_efac": 1.3511910488083037,
    "J1744-1134_PDFB_40CM_log10_tnequad": -6.615180556481777,
    "J1744-1134_UWL_CASPSR_40CM_efac": 1.8899843753884678,
    "J1744-1134_UWL_CASPSR_40CM_log10_tnequad": -5.829573463628348,
    "J1744-1134_UWL_PDFB4_20CM_efac": 2.2346996973507163,
    "J1744-1134_UWL_PDFB4_20CM_log10_tnequad": -6.856612345214589,
    "J1744-1134_UWL_sbA_efac": 2.141289312347925,
    "J1744-1134_UWL_sbA_log10_tnequad": -6.212966005848834,
    "J1744-1134_UWL_sbB_efac": 1.3744466393441959,
    "J1744-1134_UWL_sbB_log10_tnequad": -6.596580900481461,
    "J1744-1134_UWL_sbC_efac": 1.271264929417895,
    "J1744-1134_UWL_sbC_log10_tnequad": -6.701309861499374,
    "J1744-1134_UWL_sbD_efac": 2.3740227849772957,
    "J1744-1134_UWL_sbD_log10_tnequad": -6.915835061459252,
    "J1744-1134_UWL_sbE_efac": 2.071459810196421,
    "J1744-1134_UWL_sbE_log10_tnequad": -6.783709529240069,
    "J1744-1134_UWL_sbF_efac": 1.2045177266195264,
    "J1744-1134_UWL_sbF_log10_tnequad": -6.975164407804528,
    "J1744-1134_UWL_sbG_efac": 1.2687953982890776,
    "J1744-1134_UWL_sbG_log10_tnequad": -6.534662475777406,
    "J1744-1134_UWL_sbH_efac": 1.5118496700355173,
    "J1744-1134_UWL_sbH_log10_tnequad": -6.552130796296711,
    "J1744-1134_WBCORR_10CM_efac": 2.6611904093536767,
    "J1744-1134_WBCORR_10CM_log10_tnequad": -5.637182375362377,
    "J1744-1134_basis_ecorr_10CM_log10_ecorr": -6.630606885141686,
    "J1744-1134_basis_ecorr_10CM_uwl_log10_ecorr": -6.567247771048643,
    "J1744-1134_basis_ecorr_20CM_log10_ecorr": -6.567904865604436,
    "J1744-1134_basis_ecorr_20CM_uwl_log10_ecorr": -7.041849364513706,
    "J1744-1134_basis_ecorr_40CM_log10_ecorr": -6.314532874398768,
    "J1744-1134_basis_ecorr_40CM_uwl_log10_ecorr": -6.9308468033070625,
    "J1744-1134_basis_ecorr_all_dr2_log10_ecorr": -6.548103657764615,
    "J1744-1134_basis_ecorr_all_uwl_log10_ecorr": -6.5990107205006865,
    "J1744-1134_dm_gp_gamma": 6.104540357753725,
    "J1744-1134_dm_gp_log10_A": -13.704909736518786,
    "J1744-1134_gp_sw_gamma": 3.9501743233037563,
    "J1744-1134_gp_sw_log10_A": -6.303593123738353,
    "J1744-1134_hf_noise_gamma": 6.957740301265261,
    "J1744-1134_hf_noise_log10_A": -13.378514865571312,
    "J1744-1134_red_noise_gamma": 6.982186824169635,
    "J1744-1134_red_noise_log10_A": -13.32123747196057,
    "n_earth": 2.6583596699142342,
    "nmodel": 0.49862326098059107
}