{
    "J1741+1351_UWL_sbB_efac": 0.7167307768241711,
    "J1741+1351_UWL_sbB_log10_tnequad": -9.993867457802036,
    "J1741+1351_UWL_sbC_efac": 0.05463735115986641,
    "J1741+1351_UWL_sbC_log10_tnequad": -9.994338086045731,
    "J1741+1351_UWL_sbD_efac": 0.6979497062924286,
    "J1741+1351_UWL_sbD_log10_tnequad": -9.994752753126873,
    "J1741+1351_UWL_sbE_efac": 0.059325809255230046,
    "J1741+1351_UWL_sbE_log10_tnequad": -9.99436089315915,
    "J1741+1351_basis_ecorr_20CM_uwl_log10_ecorr": -9.992094702114175,
    "J1741+1351_basis_ecorr_40CM_uwl_log10_ecorr": -9.990226835155958,
    "J1741+1351_basis_ecorr_all_uwl_log10_ecorr": -9.992680313128657,
    "J1741+1351_dm_gp_gamma": 0.01069933686949229,
    "J1741+1351_dm_gp_log10_A": -19.989444258886373,
    "J1741+1351_gp_sw_gamma": -3.9846754132129254,
    "J1741+1351_gp_sw_log10_A": -9.992393157555517,
    "J1741+1351_red_noise_gamma": 0.010262453506758824,
    "J1741+1351_red_noise_log10_A": -19.986436512785872,
    "n_earth": 0.023912169121560467,
    "nmodel": -0.4985003061803904
}