{
    "J1741+1351_UWL_sbB_efac": 0.7390058704565318,
    "J1741+1351_UWL_sbB_log10_tnequad": -9.994250436199538,
    "J1741+1351_UWL_sbC_efac": 0.05154311955220448,
    "J1741+1351_UWL_sbC_log10_tnequad": -9.994327254945146,
    "J1741+1351_UWL_sbD_efac": 0.7069620491818817,
    "J1741+1351_UWL_sbD_log10_tnequad": -9.99498702670309,
    "J1741+1351_UWL_sbE_efac": 0.05169113329715985,
    "J1741+1351_UWL_sbE_log10_tnequad": -9.994350875269573,
    "J1741+1351_basis_ecorr_20CM_uwl_log10_ecorr": -9.991492268570688,
    "J1741+1351_basis_ecorr_40CM_uwl_log10_ecorr": -9.989675861967152,
    "J1741+1351_basis_ecorr_all_uwl_log10_ecorr": -9.992441205013682,
    "J1741+1351_dm_gp_gamma": 0.009935208838475037,
    "J1741+1351_dm_gp_log10_A": -19.989644645502302,
    "J1741+1351_red_noise_gamma": 0.01114068771412802,
    "J1741+1351_red_noise_log10_A": -19.986687827017064,
    "nmodel": -0.4985277043073791
}