{
    "J1744-1134_CASPSR_40CM_efac": 1.021087314618176,
    "J1744-1134_CASPSR_40CM_log10_tnequad": -9.993919771018092,
    "J1744-1134_CPSR2_20CM_efac": 0.9354357731513845,
    "J1744-1134_CPSR2_20CM_log10_tnequad": -8.576219889811941,
    "J1744-1134_CPSR2_50CM_efac": 0.6852585976324126,
    "J1744-1134_CPSR2_50CM_log10_tnequad": -9.994444505720468,
    "J1744-1134_PDFB1_10CM_efac": 0.6733679759328367,
    "J1744-1134_PDFB1_10CM_log10_tnequad": -9.994658152588613,
    "J1744-1134_PDFB1_20CM_efac": 0.9210354154818933,
    "J1744-1134_PDFB1_20CM_log10_tnequad": -9.996293829595599,
    "J1744-1134_PDFB1_early_20CM_efac": 0.6906088731588461,
    "J1744-1134_PDFB1_early_20CM_log10_tnequad": -9.997819943184787,
    "J1744-1134_PDFB_10CM_efac": 0.8389604645336531,
    "J1744-1134_PDFB_10CM_log10_tnequad": -9.991287934684733,
    "J1744-1134_PDFB_20CM_efac": 0.9545022688847301,
    "J1744-1134_PDFB_20CM_log10_tnequad": -9.9860526279759,
    "J1744-1134_PDFB_40CM_efac": 0.9448643421929054,
    "J1744-1134_PDFB_40CM_log10_tnequad": -9.983461143298284,
    "J1744-1134_UWL_CASPSR_40CM_efac": 0.4634596808229864,
    "J1744-1134_UWL_CASPSR_40CM_log10_tnequad": -9.994230030479025,
    "J1744-1134_UWL_PDFB4_20CM_efac": 0.7835750809479178,
    "J1744-1134_UWL_PDFB4_20CM_log10_tnequad": -9.993639819403748,
    "J1744-1134_UWL_sbA_efac": 0.7517384747668114,
    "J1744-1134_UWL_sbA_log10_tnequad": -9.990325448517325,
    "J1744-1134_UWL_sbB_efac": 0.7682648775550779,
    "J1744-1134_UWL_sbB_log10_tnequad": -9.993892380352076,
    "J1744-1134_UWL_sbC_efac": 0.9589178924987136,
    "J1744-1134_UWL_sbC_log10_tnequad": -9.99617313673785,
    "J1744-1134_UWL_sbD_efac": 0.9412530018552487,
    "J1744-1134_UWL_sbD_log10_tnequad": -9.988204786716636,
    "J1744-1134_UWL_sbE_efac": 0.8590707593422997,
    "J1744-1134_UWL_sbE_log10_tnequad": -9.989000072588615,
    "J1744-1134_UWL_sbF_efac": 0.9327114844638842,
    "J1744-1134_UWL_sbF_log10_tnequad": -9.995110163564526,
    "J1744-1134_UWL_sbG_efac": 0.8867995047172124,
    "J1744-1134_UWL_sbG_log10_tnequad": -9.995352928771485,
    "J1744-1134_UWL_sbH_efac": 1.0126414644975117,
    "J1744-1134_UWL_sbH_log10_tnequad": -9.998187729510652,
    "J1744-1134_WBCORR_10CM_efac": 0.5265783175406807,
    "J1744-1134_WBCORR_10CM_log10_tnequad": -9.976973288090697,
    "J1744-1134_basis_ecorr_10CM_log10_ecorr": -9.98032025107369,
    "J1744-1134_basis_ecorr_10CM_uwl_log10_ecorr": -9.98466835562342,
    "J1744-1134_basis_ecorr_20CM_log10_ecorr": -9.993285248552372,
    "J1744-1134_basis_ecorr_20CM_uwl_log10_ecorr": -9.993002698584382,
    "J1744-1134_basis_ecorr_40CM_log10_ecorr": -9.932536761679886,
    "J1744-1134_basis_ecorr_40CM_uwl_log10_ecorr": -9.99389882721418,
    "J1744-1134_basis_ecorr_all_dr2_log10_ecorr": -9.98041591598958,
    "J1744-1134_basis_ecorr_all_uwl_log10_ecorr": -6.926939577731195,
    "J1744-1134_dm_gp_gamma": 1.7689454427015807,
    "J1744-1134_dm_gp_log10_A": -15.361786632319522,
    "J1744-1134_gp_sw_gamma": 0.43849977229106973,
    "J1744-1134_gp_sw_log10_A": -7.7134938739509,
    "J1744-1134_hf_noise_gamma": 0.015642014495241274,
    "J1744-1134_hf_noise_log10_A": -19.974993165764715,
    "J1744-1134_red_noise_gamma": 0.013290092645246943,
    "J1744-1134_red_noise_log10_A": -19.98701842691911,
    "n_earth": 0.01592145991803622,
    "nmodel": -0.4983633227750652
}