{
    "J1744-1134_CASPSR_40CM_efac": 1.072920799393283,
    "J1744-1134_CASPSR_40CM_log10_tnequad": -9.994285814550748,
    "J1744-1134_CPSR2_20CM_efac": 0.9288979415514463,
    "J1744-1134_CPSR2_20CM_log10_tnequad": -6.039156851060979,
    "J1744-1134_CPSR2_50CM_efac": 0.944776153305743,
    "J1744-1134_CPSR2_50CM_log10_tnequad": -9.995992704725055,
    "J1744-1134_PDFB1_10CM_efac": 0.34771057344654366,
    "J1744-1134_PDFB1_10CM_log10_tnequad": -9.99061480480868,
    "J1744-1134_PDFB1_20CM_efac": 1.0032194055657824,
    "J1744-1134_PDFB1_20CM_log10_tnequad": -9.995396354764761,
    "J1744-1134_PDFB1_early_20CM_efac": 0.8381610850357294,
    "J1744-1134_PDFB1_early_20CM_log10_tnequad": -9.9933992355824,
    "J1744-1134_PDFB_10CM_efac": 0.9154539980085707,
    "J1744-1134_PDFB_10CM_log10_tnequad": -9.995024731770425,
    "J1744-1134_PDFB_20CM_efac": 0.9512428690870264,
    "J1744-1134_PDFB_20CM_log10_tnequad": -9.99331743489226,
    "J1744-1134_PDFB_40CM_efac": 0.9768984718194119,
    "J1744-1134_PDFB_40CM_log10_tnequad": -9.995160344754021,
    "J1744-1134_UWL_CASPSR_40CM_efac": 0.47784867201950065,
    "J1744-1134_UWL_CASPSR_40CM_log10_tnequad": -9.992190829774458,
    "J1744-1134_UWL_PDFB4_20CM_efac": 0.7995775523596698,
    "J1744-1134_UWL_PDFB4_20CM_log10_tnequad": -9.995232377444797,
    "J1744-1134_UWL_sbA_efac": 1.0085680791479144,
    "J1744-1134_UWL_sbA_log10_tnequad": -9.994827417686233,
    "J1744-1134_UWL_sbB_efac": 1.0110772052728736,
    "J1744-1134_UWL_sbB_log10_tnequad": -9.994588947700688,
    "J1744-1134_UWL_sbC_efac": 0.9113825244619876,
    "J1744-1134_UWL_sbC_log10_tnequad": -9.992084757266458,
    "J1744-1134_UWL_sbD_efac": 0.9690757650407233,
    "J1744-1134_UWL_sbD_log10_tnequad": -9.993178301631605,
    "J1744-1134_UWL_sbE_efac": 0.9256961338627825,
    "J1744-1134_UWL_sbE_log10_tnequad": -9.992298959647846,
    "J1744-1134_UWL_sbF_efac": 0.9388975604816334,
    "J1744-1134_UWL_sbF_log10_tnequad": -9.995923625450448,
    "J1744-1134_UWL_sbG_efac": 0.9083597297052225,
    "J1744-1134_UWL_sbG_log10_tnequad": -9.996125485115062,
    "J1744-1134_UWL_sbH_efac": 1.0170009127224975,
    "J1744-1134_UWL_sbH_log10_tnequad": -9.995535540833076,
    "J1744-1134_WBCORR_10CM_efac": 0.9110475166930501,
    "J1744-1134_WBCORR_10CM_log10_tnequad": -9.995350961007812,
    "J1744-1134_basis_ecorr_10CM_log10_ecorr": -9.996769695547714,
    "J1744-1134_basis_ecorr_10CM_uwl_log10_ecorr": -9.992001873502577,
    "J1744-1134_basis_ecorr_20CM_log10_ecorr": -9.986193342863459,
    "J1744-1134_basis_ecorr_20CM_uwl_log10_ecorr": -9.995691979091227,
    "J1744-1134_basis_ecorr_40CM_log10_ecorr": -9.818648066374692,
    "J1744-1134_basis_ecorr_40CM_uwl_log10_ecorr": -9.99285240523093,
    "J1744-1134_basis_ecorr_all_dr2_log10_ecorr": -9.988930509012166,
    "J1744-1134_basis_ecorr_all_uwl_log10_ecorr": -6.9259276311379985,
    "J1744-1134_dm_gp_gamma": 1.809116010644275,
    "J1744-1134_dm_gp_log10_A": -15.618142011049233,
    "J1744-1134_gp_sw_gamma": 0.3040664608582082,
    "J1744-1134_gp_sw_log10_A": -7.718907058912409,
    "J1744-1134_hf_noise_gamma": 0.013580025213538,
    "J1744-1134_hf_noise_log10_A": -19.970685603389825,
    "J1744-1134_red_noise_gamma": 0.010333104683008076,
    "J1744-1134_red_noise_log10_A": -19.98882906118551,
    "n_earth": 0.020326835901377294,
    "nmodel": -0.49844393999832537
}