{
    "J1744-1134_CASPSR_40CM_efac": 1.105755977881098,
    "J1744-1134_CASPSR_40CM_log10_tnequad": -9.994948064636107,
    "J1744-1134_CPSR2_20CM_efac": 0.9498329012734282,
    "J1744-1134_CPSR2_20CM_log10_tnequad": -6.041893808634621,
    "J1744-1134_CPSR2_50CM_efac": 0.9464215878240434,
    "J1744-1134_CPSR2_50CM_log10_tnequad": -9.993607523794935,
    "J1744-1134_PDFB1_10CM_efac": 0.7333103238591413,
    "J1744-1134_PDFB1_10CM_log10_tnequad": -9.993202200985646,
    "J1744-1134_PDFB1_20CM_efac": 0.993633485655786,
    "J1744-1134_PDFB1_20CM_log10_tnequad": -9.995438758590868,
    "J1744-1134_PDFB1_early_20CM_efac": 0.9211687793562108,
    "J1744-1134_PDFB1_early_20CM_log10_tnequad": -9.993992505550924,
    "J1744-1134_PDFB_10CM_efac": 0.9129658734201701,
    "J1744-1134_PDFB_10CM_log10_tnequad": -9.995757106567728,
    "J1744-1134_PDFB_20CM_efac": 0.9425023258564753,
    "J1744-1134_PDFB_20CM_log10_tnequad": -9.986940196473896,
    "J1744-1134_PDFB_40CM_efac": 0.9782637774947679,
    "J1744-1134_PDFB_40CM_log10_tnequad": -9.99633202859975,
    "J1744-1134_UWL_CASPSR_40CM_efac": 0.4346281748563874,
    "J1744-1134_UWL_CASPSR_40CM_log10_tnequad": -9.994200109698166,
    "J1744-1134_UWL_PDFB4_20CM_efac": 0.7944977984171502,
    "J1744-1134_UWL_PDFB4_20CM_log10_tnequad": -9.995937669964977,
    "J1744-1134_UWL_sbA_efac": 1.005849667852227,
    "J1744-1134_UWL_sbA_log10_tnequad": -9.993553631587785,
    "J1744-1134_UWL_sbB_efac": 0.9993319324276788,
    "J1744-1134_UWL_sbB_log10_tnequad": -9.995315042616165,
    "J1744-1134_UWL_sbC_efac": 0.9649235612349744,
    "J1744-1134_UWL_sbC_log10_tnequad": -9.99335696715154,
    "J1744-1134_UWL_sbD_efac": 0.9736747927707451,
    "J1744-1134_UWL_sbD_log10_tnequad": -9.990852885558565,
    "J1744-1134_UWL_sbE_efac": 0.9428415969595538,
    "J1744-1134_UWL_sbE_log10_tnequad": -9.995331425182776,
    "J1744-1134_UWL_sbF_efac": 0.9253186880765373,
    "J1744-1134_UWL_sbF_log10_tnequad": -9.995027606756372,
    "J1744-1134_UWL_sbG_efac": 0.915834722549029,
    "J1744-1134_UWL_sbG_log10_tnequad": -9.991154459559182,
    "J1744-1134_UWL_sbH_efac": 1.042775351113085,
    "J1744-1134_UWL_sbH_log10_tnequad": -9.99386092660204,
    "J1744-1134_WBCORR_10CM_efac": 0.9554498846139956,
    "J1744-1134_WBCORR_10CM_log10_tnequad": -9.994852904386022,
    "J1744-1134_basis_ecorr_10CM_log10_ecorr": -9.995404388261969,
    "J1744-1134_basis_ecorr_10CM_uwl_log10_ecorr": -9.995099062098692,
    "J1744-1134_basis_ecorr_20CM_log10_ecorr": -9.991448303631481,
    "J1744-1134_basis_ecorr_20CM_uwl_log10_ecorr": -9.994447822936785,
    "J1744-1134_basis_ecorr_40CM_log10_ecorr": -9.979051800166886,
    "J1744-1134_basis_ecorr_40CM_uwl_log10_ecorr": -9.994878344425784,
    "J1744-1134_basis_ecorr_all_dr2_log10_ecorr": -9.984150241039625,
    "J1744-1134_basis_ecorr_all_uwl_log10_ecorr": -6.966724857606543,
    "J1744-1134_dm_gp_gamma": 1.2476165899416323,
    "J1744-1134_dm_gp_log10_A": -14.24157976504865,
    "J1744-1134_hf_noise_gamma": 0.04509289992214005,
    "J1744-1134_hf_noise_log10_A": -19.688914580832495,
    "J1744-1134_red_noise_gamma": 0.009742101047942554,
    "J1744-1134_red_noise_log10_A": -19.99121203074332,
    "nmodel": -0.498521241184634
}