{
    "J1741+1351_UWL_sbB_efac": 2.4105464835708257,
    "J1741+1351_UWL_sbB_log10_tnequad": -5.628556723753995,
    "J1741+1351_UWL_sbC_efac": 2.077813006092227,
    "J1741+1351_UWL_sbC_log10_tnequad": -5.749721671616383,
    "J1741+1351_UWL_sbD_efac": 2.0926800800528618,
    "J1741+1351_UWL_sbD_log10_tnequad": -6.004615866813222,
    "J1741+1351_UWL_sbE_efac": 1.768841263109317,
    "J1741+1351_UWL_sbE_log10_tnequad": -5.776256071911497,
    "J1741+1351_basis_ecorr_20CM_uwl_log10_ecorr": -5.446920477213412,
    "J1741+1351_basis_ecorr_40CM_uwl_log10_ecorr": -5.3586679917264854,
    "J1741+1351_basis_ecorr_all_uwl_log10_ecorr": -5.007514711116061,
    "J1741+1351_dm_gp_gamma": 6.988777914839251,
    "J1741+1351_dm_gp_log10_A": -12.49596805207663,
    "J1741+1351_gp_sw_gamma": 3.981008403375096,
    "J1741+1351_gp_sw_log10_A": -4.718171617839686,
    "J1741+1351_red_noise_gamma": 6.989756344302623,
    "J1741+1351_red_noise_log10_A": -11.013799651600698,
    "n_earth": 19.96302723863935,
    "nmodel": 0.4984891436839688
}