{
    "J1744-1134_CASPSR_40CM_efac": 1.5509964573094206,
    "J1744-1134_CASPSR_40CM_log10_tnequad": -6.4813983474084775,
    "J1744-1134_CPSR2_20CM_efac": 1.5548306310939937,
    "J1744-1134_CPSR2_20CM_log10_tnequad": -5.810312206275183,
    "J1744-1134_CPSR2_50CM_efac": 1.3198761133006258,
    "J1744-1134_CPSR2_50CM_log10_tnequad": -6.24338552610387,
    "J1744-1134_PDFB1_10CM_efac": 1.6210245360557618,
    "J1744-1134_PDFB1_10CM_log10_tnequad": -5.615167123898614,
    "J1744-1134_PDFB1_20CM_efac": 1.5313567902885243,
    "J1744-1134_PDFB1_20CM_log10_tnequad": -6.76336088248245,
    "J1744-1134_PDFB1_early_20CM_efac": 1.8631939472243424,
    "J1744-1134_PDFB1_early_20CM_log10_tnequad": -6.218710751098524,
    "J1744-1134_PDFB_10CM_efac": 1.0824335026114742,
    "J1744-1134_PDFB_10CM_log10_tnequad": -6.54744663353849,
    "J1744-1134_PDFB_20CM_efac": 1.1099328005110616,
    "J1744-1134_PDFB_20CM_log10_tnequad": -7.006371073858216,
    "J1744-1134_PDFB_40CM_efac": 1.231606071400944,
    "J1744-1134_PDFB_40CM_log10_tnequad": -6.633296795359775,
    "J1744-1134_UWL_CASPSR_40CM_efac": 1.3882888364319466,
    "J1744-1134_UWL_CASPSR_40CM_log10_tnequad": -5.860783801989354,
    "J1744-1134_UWL_PDFB4_20CM_efac": 1.3159929620673005,
    "J1744-1134_UWL_PDFB4_20CM_log10_tnequad": -6.861723088776344,
    "J1744-1134_UWL_sbA_efac": 1.4361043846752788,
    "J1744-1134_UWL_sbA_log10_tnequad": -6.463131092163215,
    "J1744-1134_UWL_sbB_efac": 1.664620036422925,
    "J1744-1134_UWL_sbB_log10_tnequad": -6.8298004942766255,
    "J1744-1134_UWL_sbC_efac": 1.2795482175154325,
    "J1744-1134_UWL_sbC_log10_tnequad": -6.657995318447563,
    "J1744-1134_UWL_sbD_efac": 1.3062185773205883,
    "J1744-1134_UWL_sbD_log10_tnequad": -6.896947138723057,
    "J1744-1134_UWL_sbE_efac": 1.2924633789609359,
    "J1744-1134_UWL_sbE_log10_tnequad": -6.825649975998807,
    "J1744-1134_UWL_sbF_efac": 1.2158650714825037,
    "J1744-1134_UWL_sbF_log10_tnequad": -6.978332036282097,
    "J1744-1134_UWL_sbG_efac": 1.2508831813414498,
    "J1744-1134_UWL_sbG_log10_tnequad": -6.560461495759252,
    "J1744-1134_UWL_sbH_efac": 1.3260986459947013,
    "J1744-1134_UWL_sbH_log10_tnequad": -6.523884145973121,
    "J1744-1134_WBCORR_10CM_efac": 1.5824959448205311,
    "J1744-1134_WBCORR_10CM_log10_tnequad": -5.804324461187981,
    "J1744-1134_basis_ecorr_10CM_log10_ecorr": -6.598599111438172,
    "J1744-1134_basis_ecorr_10CM_uwl_log10_ecorr": -6.597059753388912,
    "J1744-1134_basis_ecorr_20CM_log10_ecorr": -6.546158883485958,
    "J1744-1134_basis_ecorr_20CM_uwl_log10_ecorr": -7.058995225491078,
    "J1744-1134_basis_ecorr_40CM_log10_ecorr": -6.284846033276142,
    "J1744-1134_basis_ecorr_40CM_uwl_log10_ecorr": -6.895040678114874,
    "J1744-1134_basis_ecorr_all_dr2_log10_ecorr": -6.554011589004577,
    "J1744-1134_basis_ecorr_all_uwl_log10_ecorr": -6.58374673236566,
    "J1744-1134_dm_gp_gamma": 6.518804999501463,
    "J1744-1134_dm_gp_log10_A": -13.72333754683807,
    "J1744-1134_gp_sw_gamma": 3.9354080267215266,
    "J1744-1134_gp_sw_log10_A": -6.325341518242453,
    "J1744-1134_hf_noise_gamma": 6.957853314237666,
    "J1744-1134_hf_noise_log10_A": -13.40627464213554,
    "J1744-1134_red_noise_gamma": 6.975093565923701,
    "J1744-1134_red_noise_log10_A": -13.329670220033494,
    "n_earth": 2.4946922245289067,
    "nmodel": 0.49840616756545997
}