{
    "J1741+1351_UWL_sbB_efac": 2.4448650234262006,
    "J1741+1351_UWL_sbB_log10_tnequad": -5.6416351767214445,
    "J1741+1351_UWL_sbC_efac": 2.0290310018424926,
    "J1741+1351_UWL_sbC_log10_tnequad": -5.745584560137358,
    "J1741+1351_UWL_sbD_efac": 2.0303307026518027,
    "J1741+1351_UWL_sbD_log10_tnequad": -6.0280416971613855,
    "J1741+1351_UWL_sbE_efac": 1.7443557864598371,
    "J1741+1351_UWL_sbE_log10_tnequad": -5.780344938238843,
    "J1741+1351_basis_ecorr_20CM_uwl_log10_ecorr": -5.448967495141343,
    "J1741+1351_basis_ecorr_40CM_uwl_log10_ecorr": -5.364250692689883,
    "J1741+1351_basis_ecorr_all_uwl_log10_ecorr": -5.007947839905184,
    "J1741+1351_dm_gp_gamma": 6.988857471928412,
    "J1741+1351_dm_gp_log10_A": -12.511379008846918,
    "J1741+1351_red_noise_gamma": 6.989253218967126,
    "J1741+1351_red_noise_log10_A": -11.014027377192427,
    "nmodel": 0.49855602788996856
}