{
    "J1741+1351_UWL_sbB_efac": 0.6850499649870975,
    "J1741+1351_UWL_sbB_log10_tnequad": -9.994019477855797,
    "J1741+1351_UWL_sbC_efac": 0.05370854741994821,
    "J1741+1351_UWL_sbC_log10_tnequad": -9.994132294135118,
    "J1741+1351_UWL_sbD_efac": 0.6995260489040375,
    "J1741+1351_UWL_sbD_log10_tnequad": -9.99442035341522,
    "J1741+1351_UWL_sbE_efac": 0.055172096569338726,
    "J1741+1351_UWL_sbE_log10_tnequad": -9.994068501377763,
    "J1741+1351_basis_ecorr_20CM_uwl_log10_ecorr": -9.990435081408773,
    "J1741+1351_basis_ecorr_40CM_uwl_log10_ecorr": -9.99000452273827,
    "J1741+1351_basis_ecorr_all_uwl_log10_ecorr": -9.992645914579642,
    "J1741+1351_dm_gp_gamma": 0.010487546056223707,
    "J1741+1351_dm_gp_log10_A": -19.989481586722977,
    "J1741+1351_gp_sw_gamma": -3.9765014765752746,
    "J1741+1351_gp_sw_log10_A": -9.992663935869873,
    "J1741+1351_red_noise_gamma": 0.010502290470165043,
    "J1741+1351_red_noise_log10_A": -19.98648606608588,
    "n_earth": 0.023511210278423428,
    "nmodel": -0.49852744740543037
}