{
    "J1744-1134_CASPSR_40CM_efac": 1.5823152494970738,
    "J1744-1134_CASPSR_40CM_log10_tnequad": -6.520321003982441,
    "J1744-1134_CPSR2_20CM_efac": 1.5025364449996057,
    "J1744-1134_CPSR2_20CM_log10_tnequad": -5.811074268805112,
    "J1744-1134_CPSR2_50CM_efac": 1.3180080576247242,
    "J1744-1134_CPSR2_50CM_log10_tnequad": -6.23453988088633,
    "J1744-1134_PDFB1_10CM_efac": 1.4964760099807943,
    "J1744-1134_PDFB1_10CM_log10_tnequad": -5.798767077268428,
    "J1744-1134_PDFB1_20CM_efac": 1.5325683753385435,
    "J1744-1134_PDFB1_20CM_log10_tnequad": -6.73262959221647,
    "J1744-1134_PDFB1_early_20CM_efac": 1.7778743362260518,
    "J1744-1134_PDFB1_early_20CM_log10_tnequad": -6.274456213940967,
    "J1744-1134_PDFB_10CM_efac": 1.0777015230695735,
    "J1744-1134_PDFB_10CM_log10_tnequad": -6.58385659586971,
    "J1744-1134_PDFB_20CM_efac": 1.1119235848065823,
    "J1744-1134_PDFB_20CM_log10_tnequad": -6.947929977855959,
    "J1744-1134_PDFB_40CM_efac": 1.226821070937437,
    "J1744-1134_PDFB_40CM_log10_tnequad": -6.62432505112461,
    "J1744-1134_UWL_CASPSR_40CM_efac": 1.4858056939169282,
    "J1744-1134_UWL_CASPSR_40CM_log10_tnequad": -5.868559545026686,
    "J1744-1134_UWL_PDFB4_20CM_efac": 1.2974557502697106,
    "J1744-1134_UWL_PDFB4_20CM_log10_tnequad": -6.890907564436929,
    "J1744-1134_UWL_sbA_efac": 1.4763602898716648,
    "J1744-1134_UWL_sbA_log10_tnequad": -6.43344280631811,
    "J1744-1134_UWL_sbB_efac": 1.3241797240554685,
    "J1744-1134_UWL_sbB_log10_tnequad": -6.831535308149277,
    "J1744-1134_UWL_sbC_efac": 1.2963002715657566,
    "J1744-1134_UWL_sbC_log10_tnequad": -6.659704574060855,
    "J1744-1134_UWL_sbD_efac": 1.2975503382369333,
    "J1744-1134_UWL_sbD_log10_tnequad": -6.891178982844973,
    "J1744-1134_UWL_sbE_efac": 1.282670012175208,
    "J1744-1134_UWL_sbE_log10_tnequad": -6.8373468026601785,
    "J1744-1134_UWL_sbF_efac": 1.1969979708664684,
    "J1744-1134_UWL_sbF_log10_tnequad": -6.957707604581615,
    "J1744-1134_UWL_sbG_efac": 1.2646234994304268,
    "J1744-1134_UWL_sbG_log10_tnequad": -6.557724107239418,
    "J1744-1134_UWL_sbH_efac": 1.3268234365692262,
    "J1744-1134_UWL_sbH_log10_tnequad": -6.5471074079228755,
    "J1744-1134_WBCORR_10CM_efac": 1.5657317821280992,
    "J1744-1134_WBCORR_10CM_log10_tnequad": -5.852020789157386,
    "J1744-1134_basis_ecorr_10CM_log10_ecorr": -6.645649990580987,
    "J1744-1134_basis_ecorr_10CM_uwl_log10_ecorr": -6.590558231498665,
    "J1744-1134_basis_ecorr_20CM_log10_ecorr": -6.575307199995828,
    "J1744-1134_basis_ecorr_20CM_uwl_log10_ecorr": -7.025768333866269,
    "J1744-1134_basis_ecorr_40CM_log10_ecorr": -6.32179048994058,
    "J1744-1134_basis_ecorr_40CM_uwl_log10_ecorr": -6.821381172276764,
    "J1744-1134_basis_ecorr_all_dr2_log10_ecorr": -6.57319878001437,
    "J1744-1134_basis_ecorr_all_uwl_log10_ecorr": -6.5998306611783,
    "J1744-1134_dm_gp_gamma": 3.609494692248046,
    "J1744-1134_dm_gp_log10_A": -13.474804498401141,
    "J1744-1134_hf_noise_gamma": 6.48065513067797,
    "J1744-1134_hf_noise_log10_A": -13.32238255912927,
    "J1744-1134_red_noise_gamma": 6.983213471738069,
    "J1744-1134_red_noise_log10_A": -13.364381155364422,
    "nmodel": 0.4986075324368213
}