{
    "J1741+1351_UWL_sbB_efac": 2.438025922892623,
    "J1741+1351_UWL_sbB_log10_tnequad": -5.636230929834659,
    "J1741+1351_UWL_sbC_efac": 2.0168603873024016,
    "J1741+1351_UWL_sbC_log10_tnequad": -5.732521894446794,
    "J1741+1351_UWL_sbD_efac": 2.0544343946804,
    "J1741+1351_UWL_sbD_log10_tnequad": -6.010508855676732,
    "J1741+1351_UWL_sbE_efac": 1.7755313400199868,
    "J1741+1351_UWL_sbE_log10_tnequad": -5.781577713780789,
    "J1741+1351_basis_ecorr_20CM_uwl_log10_ecorr": -5.44782251245059,
    "J1741+1351_basis_ecorr_40CM_uwl_log10_ecorr": -5.352716933383771,
    "J1741+1351_basis_ecorr_all_uwl_log10_ecorr": -5.007754655245388,
    "J1741+1351_dm_gp_gamma": 6.988553780636781,
    "J1741+1351_dm_gp_log10_A": -12.49815118010136,
    "J1741+1351_gp_sw_gamma": 3.9882635556399495,
    "J1741+1351_gp_sw_log10_A": -4.677051618201836,
    "J1741+1351_red_noise_gamma": 6.989311952290821,
    "J1741+1351_red_noise_log10_A": -11.013133596343184,
    "n_earth": 19.962360447836847,
    "nmodel": 0.49856116298444864
}