{
    "J1824-2452A_CASPSR_40CM_efac": 2.5667072605160897,
    "J1824-2452A_CASPSR_40CM_log10_tnequad": -5.637565022007154,
    "J1824-2452A_CPSR2_20CM_efac": 1.20021090708131,
    "J1824-2452A_CPSR2_20CM_log10_tnequad": -6.051196343265646,
    "J1824-2452A_CPSR2_50CM_efac": 1.7352239330505528,
    "J1824-2452A_CPSR2_50CM_log10_tnequad": -5.844173986942255,
    "J1824-2452A_PDFB1_20CM_efac": 2.4073574066357963,
    "J1824-2452A_PDFB1_20CM_log10_tnequad": -5.229672889260566,
    "J1824-2452A_PDFB_10CM_efac": 1.489079450256856,
    "J1824-2452A_PDFB_10CM_log10_tnequad": -5.740043161933296,
    "J1824-2452A_PDFB_20CM_efac": 1.1351846073439824,
    "J1824-2452A_PDFB_20CM_log10_tnequad": -6.532948268010234,
    "J1824-2452A_UWL_sbA_efac": 3.4293948039840396,
    "J1824-2452A_UWL_sbA_log10_tnequad": -5.38267763718509,
    "J1824-2452A_UWL_sbB_efac": 1.9982671026113334,
    "J1824-2452A_UWL_sbB_log10_tnequad": -6.095049820920089,
    "J1824-2452A_UWL_sbC_efac": 1.7578599065186322,
    "J1824-2452A_UWL_sbC_log10_tnequad": -6.027707499416487,
    "J1824-2452A_UWL_sbD_efac": 2.265257902886494,
    "J1824-2452A_UWL_sbD_log10_tnequad": -6.017507017993986,
    "J1824-2452A_UWL_sbE_efac": 1.4800101236579386,
    "J1824-2452A_UWL_sbE_log10_tnequad": -6.2078422890513405,
    "J1824-2452A_UWL_sbF_efac": 1.588518319791309,
    "J1824-2452A_UWL_sbF_log10_tnequad": -6.097561210457326,
    "J1824-2452A_basis_ecorr_10CM_log10_ecorr": -5.811480040513282,
    "J1824-2452A_basis_ecorr_20CM_log10_ecorr": -5.97118863010375,
    "J1824-2452A_basis_ecorr_20CM_uwl_log10_ecorr": -5.950522945542111,
    "J1824-2452A_basis_ecorr_40CM_log10_ecorr": -5.313975340195596,
    "J1824-2452A_basis_ecorr_40CM_uwl_log10_ecorr": -5.685275648683214,
    "J1824-2452A_basis_ecorr_all_dr2_log10_ecorr": -5.94594921719354,
    "J1824-2452A_basis_ecorr_all_uwl_log10_ecorr": -5.867581767802572,
    "J1824-2452A_dm_gp_gamma": 3.3085958216473648,
    "J1824-2452A_dm_gp_log10_A": -12.299950518177765,
    "J1824-2452A_gp_sw_gamma": 3.981039252779649,
    "J1824-2452A_gp_sw_log10_A": -6.357897305185723,
    "J1824-2452A_red_noise_gamma": 6.949727159365863,
    "J1824-2452A_red_noise_log10_A": -12.584416147616821,
    "n_earth": 6.290639938766045,
    "nmodel": 0.49852890641365755
}