{
    "J1824-2452A_CASPSR_40CM_efac": 0.47925810791880735,
    "J1824-2452A_CASPSR_40CM_log10_tnequad": -9.993768758265302,
    "J1824-2452A_CPSR2_20CM_efac": 0.4451882980675023,
    "J1824-2452A_CPSR2_20CM_log10_tnequad": -9.993760069515682,
    "J1824-2452A_CPSR2_50CM_efac": 1.1051406936243686,
    "J1824-2452A_CPSR2_50CM_log10_tnequad": -9.99394538091436,
    "J1824-2452A_PDFB1_20CM_efac": 0.030223089005201317,
    "J1824-2452A_PDFB1_20CM_log10_tnequad": -9.992149621416633,
    "J1824-2452A_PDFB_10CM_efac": 0.625553308681538,
    "J1824-2452A_PDFB_10CM_log10_tnequad": -9.994628185160545,
    "J1824-2452A_PDFB_20CM_efac": 0.9191813765090576,
    "J1824-2452A_PDFB_20CM_log10_tnequad": -9.995455595562985,
    "J1824-2452A_UWL_sbA_efac": 0.03248820567514653,
    "J1824-2452A_UWL_sbA_log10_tnequad": -9.99071381601075,
    "J1824-2452A_UWL_sbB_efac": 0.881724720588924,
    "J1824-2452A_UWL_sbB_log10_tnequad": -9.994564047399049,
    "J1824-2452A_UWL_sbC_efac": 0.600609397956577,
    "J1824-2452A_UWL_sbC_log10_tnequad": -9.993963010033186,
    "J1824-2452A_UWL_sbD_efac": 0.02152738598423882,
    "J1824-2452A_UWL_sbD_log10_tnequad": -9.99193372701063,
    "J1824-2452A_UWL_sbE_efac": 0.2904607543109262,
    "J1824-2452A_UWL_sbE_log10_tnequad": -9.99431208010917,
    "J1824-2452A_UWL_sbF_efac": 0.03813103545253756,
    "J1824-2452A_UWL_sbF_log10_tnequad": -9.993103049817131,
    "J1824-2452A_basis_ecorr_10CM_log10_ecorr": -9.994233199320961,
    "J1824-2452A_basis_ecorr_20CM_log10_ecorr": -9.992701843606621,
    "J1824-2452A_basis_ecorr_20CM_uwl_log10_ecorr": -9.99451767319578,
    "J1824-2452A_basis_ecorr_40CM_log10_ecorr": -9.793261449998095,
    "J1824-2452A_basis_ecorr_40CM_uwl_log10_ecorr": -9.988600120877178,
    "J1824-2452A_basis_ecorr_all_dr2_log10_ecorr": -9.974452723559205,
    "J1824-2452A_basis_ecorr_all_uwl_log10_ecorr": -9.994461856191473,
    "J1824-2452A_dm_gp_gamma": 2.105142041977877,
    "J1824-2452A_dm_gp_log10_A": -12.557555726096487,
    "J1824-2452A_gp_sw_gamma": -3.9834714428078524,
    "J1824-2452A_gp_sw_log10_A": -9.99580851022391,
    "J1824-2452A_red_noise_gamma": 3.758670799884616,
    "J1824-2452A_red_noise_log10_A": -13.693865502708368,
    "n_earth": 1.61364536099901,
    "nmodel": -0.4984970804862998
}