{
    "J1824-2452A_CASPSR_40CM_efac": 2.3724313690310446,
    "J1824-2452A_CASPSR_40CM_log10_tnequad": -5.669176130844232,
    "J1824-2452A_CPSR2_20CM_efac": 1.1976355666458525,
    "J1824-2452A_CPSR2_20CM_log10_tnequad": -6.047008863719897,
    "J1824-2452A_CPSR2_50CM_efac": 1.730596568020321,
    "J1824-2452A_CPSR2_50CM_log10_tnequad": -5.8322162713893215,
    "J1824-2452A_PDFB1_20CM_efac": 2.331904253294624,
    "J1824-2452A_PDFB1_20CM_log10_tnequad": -5.214848403403055,
    "J1824-2452A_PDFB_10CM_efac": 1.4971137517863435,
    "J1824-2452A_PDFB_10CM_log10_tnequad": -5.768071312764909,
    "J1824-2452A_PDFB_20CM_efac": 1.1361449599643005,
    "J1824-2452A_PDFB_20CM_log10_tnequad": -6.537551629084286,
    "J1824-2452A_UWL_sbA_efac": 3.470598082053558,
    "J1824-2452A_UWL_sbA_log10_tnequad": -5.384877202678055,
    "J1824-2452A_UWL_sbB_efac": 2.013922705544284,
    "J1824-2452A_UWL_sbB_log10_tnequad": -6.108784262942581,
    "J1824-2452A_UWL_sbC_efac": 1.7211706956159258,
    "J1824-2452A_UWL_sbC_log10_tnequad": -6.030285470500374,
    "J1824-2452A_UWL_sbD_efac": 2.2497328490203206,
    "J1824-2452A_UWL_sbD_log10_tnequad": -6.019349948948206,
    "J1824-2452A_UWL_sbE_efac": 1.4791587089693061,
    "J1824-2452A_UWL_sbE_log10_tnequad": -6.211383977311234,
    "J1824-2452A_UWL_sbF_efac": 1.5882536637193276,
    "J1824-2452A_UWL_sbF_log10_tnequad": -6.105389113016307,
    "J1824-2452A_basis_ecorr_10CM_log10_ecorr": -5.808529588341383,
    "J1824-2452A_basis_ecorr_20CM_log10_ecorr": -5.964903583043762,
    "J1824-2452A_basis_ecorr_20CM_uwl_log10_ecorr": -5.967117137532057,
    "J1824-2452A_basis_ecorr_40CM_log10_ecorr": -5.3175773419669365,
    "J1824-2452A_basis_ecorr_40CM_uwl_log10_ecorr": -5.6862627328119295,
    "J1824-2452A_basis_ecorr_all_dr2_log10_ecorr": -5.950339720468568,
    "J1824-2452A_basis_ecorr_all_uwl_log10_ecorr": -5.863066977196187,
    "J1824-2452A_dm_gp_gamma": 3.3107159780484032,
    "J1824-2452A_dm_gp_log10_A": -12.299649127423942,
    "J1824-2452A_gp_sw_gamma": 3.9809104459807383,
    "J1824-2452A_gp_sw_log10_A": -6.370605656462191,
    "J1824-2452A_red_noise_gamma": 6.942346994875345,
    "J1824-2452A_red_noise_log10_A": -12.583615129849235,
    "n_earth": 6.25306699343161,
    "nmodel": 0.4984111159633875
}