{
    "J1824-2452A_CASPSR_40CM_efac": 0.6408411302706425,
    "J1824-2452A_CASPSR_40CM_log10_tnequad": -9.994023217988525,
    "J1824-2452A_CPSR2_20CM_efac": 0.3993657083109155,
    "J1824-2452A_CPSR2_20CM_log10_tnequad": -9.993899734297573,
    "J1824-2452A_CPSR2_50CM_efac": 1.082259187076665,
    "J1824-2452A_CPSR2_50CM_log10_tnequad": -9.994507934747125,
    "J1824-2452A_PDFB1_20CM_efac": 0.02889967158790071,
    "J1824-2452A_PDFB1_20CM_log10_tnequad": -9.992529641353627,
    "J1824-2452A_PDFB_10CM_efac": 0.5152764924547328,
    "J1824-2452A_PDFB_10CM_log10_tnequad": -9.993999692279697,
    "J1824-2452A_PDFB_20CM_efac": 0.9231235749048473,
    "J1824-2452A_PDFB_20CM_log10_tnequad": -9.995327315051453,
    "J1824-2452A_UWL_sbA_efac": 0.03261664327319722,
    "J1824-2452A_UWL_sbA_log10_tnequad": -9.98986197687958,
    "J1824-2452A_UWL_sbB_efac": 0.8807636773924905,
    "J1824-2452A_UWL_sbB_log10_tnequad": -9.994082950928103,
    "J1824-2452A_UWL_sbC_efac": 0.5730176504203758,
    "J1824-2452A_UWL_sbC_log10_tnequad": -9.994302834143866,
    "J1824-2452A_UWL_sbD_efac": 0.023631096708146393,
    "J1824-2452A_UWL_sbD_log10_tnequad": -9.991954904945292,
    "J1824-2452A_UWL_sbE_efac": 0.2301042354026975,
    "J1824-2452A_UWL_sbE_log10_tnequad": -9.993428619931471,
    "J1824-2452A_UWL_sbF_efac": 0.045128285712394633,
    "J1824-2452A_UWL_sbF_log10_tnequad": -9.994152625498732,
    "J1824-2452A_basis_ecorr_10CM_log10_ecorr": -9.993932163478553,
    "J1824-2452A_basis_ecorr_20CM_log10_ecorr": -9.993193643668665,
    "J1824-2452A_basis_ecorr_20CM_uwl_log10_ecorr": -9.993939665275795,
    "J1824-2452A_basis_ecorr_40CM_log10_ecorr": -9.935128020575606,
    "J1824-2452A_basis_ecorr_40CM_uwl_log10_ecorr": -9.989842673955176,
    "J1824-2452A_basis_ecorr_all_dr2_log10_ecorr": -9.971763095730969,
    "J1824-2452A_basis_ecorr_all_uwl_log10_ecorr": -9.994856179493828,
    "J1824-2452A_dm_gp_gamma": 2.0847450472185263,
    "J1824-2452A_dm_gp_log10_A": -12.546414989597293,
    "J1824-2452A_red_noise_gamma": 3.6616358276280643,
    "J1824-2452A_red_noise_log10_A": -13.682021373447546,
    "nmodel": -0.4984808177793316
}