{
    "J1824-2452A_CASPSR_40CM_efac": 0.6544903400910169,
    "J1824-2452A_CASPSR_40CM_log10_tnequad": -9.994086565284736,
    "J1824-2452A_CPSR2_20CM_efac": 0.44417510604207616,
    "J1824-2452A_CPSR2_20CM_log10_tnequad": -9.994034893615504,
    "J1824-2452A_CPSR2_50CM_efac": 1.0913417869339788,
    "J1824-2452A_CPSR2_50CM_log10_tnequad": -9.993562180485487,
    "J1824-2452A_PDFB1_20CM_efac": 0.03207395057774701,
    "J1824-2452A_PDFB1_20CM_log10_tnequad": -9.992867695908444,
    "J1824-2452A_PDFB_10CM_efac": 0.701573899028377,
    "J1824-2452A_PDFB_10CM_log10_tnequad": -9.994418139319643,
    "J1824-2452A_PDFB_20CM_efac": 0.9199293144948463,
    "J1824-2452A_PDFB_20CM_log10_tnequad": -9.995768234286562,
    "J1824-2452A_UWL_sbA_efac": 0.03272911389449098,
    "J1824-2452A_UWL_sbA_log10_tnequad": -9.990581618088438,
    "J1824-2452A_UWL_sbB_efac": 0.8829657146411329,
    "J1824-2452A_UWL_sbB_log10_tnequad": -9.99518276596765,
    "J1824-2452A_UWL_sbC_efac": 0.5948190705891683,
    "J1824-2452A_UWL_sbC_log10_tnequad": -9.994340391087732,
    "J1824-2452A_UWL_sbD_efac": 0.021002095605621232,
    "J1824-2452A_UWL_sbD_log10_tnequad": -9.991660716617993,
    "J1824-2452A_UWL_sbE_efac": 0.30658516118350937,
    "J1824-2452A_UWL_sbE_log10_tnequad": -9.994224308683076,
    "J1824-2452A_UWL_sbF_efac": 0.04721435103484005,
    "J1824-2452A_UWL_sbF_log10_tnequad": -9.99466454801016,
    "J1824-2452A_basis_ecorr_10CM_log10_ecorr": -9.99439415818957,
    "J1824-2452A_basis_ecorr_20CM_log10_ecorr": -9.990388443333055,
    "J1824-2452A_basis_ecorr_20CM_uwl_log10_ecorr": -9.993768795615313,
    "J1824-2452A_basis_ecorr_40CM_log10_ecorr": -9.760788811154491,
    "J1824-2452A_basis_ecorr_40CM_uwl_log10_ecorr": -9.99026477598865,
    "J1824-2452A_basis_ecorr_all_dr2_log10_ecorr": -9.977107827009064,
    "J1824-2452A_basis_ecorr_all_uwl_log10_ecorr": -9.995004457528786,
    "J1824-2452A_dm_gp_gamma": 2.1020731006574858,
    "J1824-2452A_dm_gp_log10_A": -12.558562437701037,
    "J1824-2452A_gp_sw_gamma": -3.982743990290452,
    "J1824-2452A_gp_sw_log10_A": -9.995628224811194,
    "J1824-2452A_red_noise_gamma": 3.767130871233422,
    "J1824-2452A_red_noise_log10_A": -13.692723955412353,
    "n_earth": 1.6098412157753539,
    "nmodel": -0.498537003634452
}