{
    "J1824-2452A_CASPSR_40CM_efac": 2.307943143448854,
    "J1824-2452A_CASPSR_40CM_log10_tnequad": -5.657704713607278,
    "J1824-2452A_CPSR2_20CM_efac": 1.2031356600413223,
    "J1824-2452A_CPSR2_20CM_log10_tnequad": -6.040693810084792,
    "J1824-2452A_CPSR2_50CM_efac": 1.7321591182313323,
    "J1824-2452A_CPSR2_50CM_log10_tnequad": -5.825673187700353,
    "J1824-2452A_PDFB1_20CM_efac": 2.36672193077012,
    "J1824-2452A_PDFB1_20CM_log10_tnequad": -5.233158621878388,
    "J1824-2452A_PDFB_10CM_efac": 1.483443824141798,
    "J1824-2452A_PDFB_10CM_log10_tnequad": -5.727955934017028,
    "J1824-2452A_PDFB_20CM_efac": 1.1394071513297745,
    "J1824-2452A_PDFB_20CM_log10_tnequad": -6.53513635793212,
    "J1824-2452A_UWL_sbA_efac": 3.4198073492254735,
    "J1824-2452A_UWL_sbA_log10_tnequad": -5.377137540844418,
    "J1824-2452A_UWL_sbB_efac": 1.9895316150618065,
    "J1824-2452A_UWL_sbB_log10_tnequad": -6.117398049712039,
    "J1824-2452A_UWL_sbC_efac": 1.740944966394042,
    "J1824-2452A_UWL_sbC_log10_tnequad": -6.014798418022291,
    "J1824-2452A_UWL_sbD_efac": 2.2373668068489474,
    "J1824-2452A_UWL_sbD_log10_tnequad": -6.023627235661034,
    "J1824-2452A_UWL_sbE_efac": 1.4666391074329923,
    "J1824-2452A_UWL_sbE_log10_tnequad": -6.186108057421821,
    "J1824-2452A_UWL_sbF_efac": 1.5895349229051037,
    "J1824-2452A_UWL_sbF_log10_tnequad": -6.100575231088299,
    "J1824-2452A_basis_ecorr_10CM_log10_ecorr": -5.821692720213519,
    "J1824-2452A_basis_ecorr_20CM_log10_ecorr": -5.912487668524722,
    "J1824-2452A_basis_ecorr_20CM_uwl_log10_ecorr": -5.938345792424127,
    "J1824-2452A_basis_ecorr_40CM_log10_ecorr": -5.3550792705575985,
    "J1824-2452A_basis_ecorr_40CM_uwl_log10_ecorr": -5.691836704981913,
    "J1824-2452A_basis_ecorr_all_dr2_log10_ecorr": -5.892512397354519,
    "J1824-2452A_basis_ecorr_all_uwl_log10_ecorr": -5.858927978710155,
    "J1824-2452A_dm_gp_gamma": 3.2653886572903703,
    "J1824-2452A_dm_gp_log10_A": -12.290962283667643,
    "J1824-2452A_red_noise_gamma": 6.941124837779519,
    "J1824-2452A_red_noise_log10_A": -12.532465422415134,
    "nmodel": 0.4985262589100673
}