{
    "J1832-0836_PDFB_10CM_efac": 0.02226101166823473,
    "J1832-0836_PDFB_10CM_log10_tnequad": -9.99181061185279,
    "J1832-0836_PDFB_20CM_efac": 0.15215270923177665,
    "J1832-0836_PDFB_20CM_log10_tnequad": -9.990006177932035,
    "J1832-0836_UWL_sbD_efac": 0.04178026209145753,
    "J1832-0836_UWL_sbD_log10_tnequad": -9.993461134326784,
    "J1832-0836_UWL_sbE_efac": 0.08521591890439284,
    "J1832-0836_UWL_sbE_log10_tnequad": -9.994402219123137,
    "J1832-0836_UWL_sbF_efac": 0.732460346932249,
    "J1832-0836_UWL_sbF_log10_tnequad": -9.994570380656757,
    "J1832-0836_UWL_sbH_efac": 0.09494236953553746,
    "J1832-0836_UWL_sbH_log10_tnequad": -9.994993335768946,
    "J1832-0836_basis_ecorr_10CM_log10_ecorr": -9.994581544478057,
    "J1832-0836_basis_ecorr_10CM_uwl_log10_ecorr": -9.994051391256779,
    "J1832-0836_basis_ecorr_20CM_log10_ecorr": -9.995133156543575,
    "J1832-0836_basis_ecorr_20CM_uwl_log10_ecorr": -9.99489080490974,
    "J1832-0836_basis_ecorr_all_dr2_log10_ecorr": -9.995091635433718,
    "J1832-0836_basis_ecorr_all_uwl_log10_ecorr": -9.99461979394067,
    "J1832-0836_dm_gp_gamma": 2.212947022392554,
    "J1832-0836_dm_gp_log10_A": -14.4122818478062,
    "J1832-0836_red_noise_gamma": 0.008718818246196391,
    "J1832-0836_red_noise_log10_A": -19.99076354372572,
    "nmodel": -0.4984778175031236
}