{
    "J1832-0836_PDFB_10CM_efac": 1.6658160460208338,
    "J1832-0836_PDFB_10CM_log10_tnequad": -5.844891954117592,
    "J1832-0836_PDFB_20CM_efac": 1.1400465849351673,
    "J1832-0836_PDFB_20CM_log10_tnequad": -5.928777724735599,
    "J1832-0836_UWL_sbD_efac": 1.5062006617726915,
    "J1832-0836_UWL_sbD_log10_tnequad": -5.898539586842017,
    "J1832-0836_UWL_sbE_efac": 1.4033139267717907,
    "J1832-0836_UWL_sbE_log10_tnequad": -5.9838237895780395,
    "J1832-0836_UWL_sbF_efac": 1.6277392995156623,
    "J1832-0836_UWL_sbF_log10_tnequad": -6.078510321219957,
    "J1832-0836_UWL_sbH_efac": 1.9963883328819578,
    "J1832-0836_UWL_sbH_log10_tnequad": -5.895215278580528,
    "J1832-0836_basis_ecorr_10CM_log10_ecorr": -5.99220606533777,
    "J1832-0836_basis_ecorr_10CM_uwl_log10_ecorr": -5.850403850895454,
    "J1832-0836_basis_ecorr_20CM_log10_ecorr": -6.294290571726796,
    "J1832-0836_basis_ecorr_20CM_uwl_log10_ecorr": -6.214645755025182,
    "J1832-0836_basis_ecorr_all_dr2_log10_ecorr": -6.332161239223384,
    "J1832-0836_basis_ecorr_all_uwl_log10_ecorr": -6.252587322201679,
    "J1832-0836_dm_gp_gamma": 6.975168700344465,
    "J1832-0836_dm_gp_log10_A": -12.75241986047198,
    "J1832-0836_gp_sw_gamma": 3.98405857255247,
    "J1832-0836_gp_sw_log10_A": -5.549867099767409,
    "J1832-0836_red_noise_gamma": 6.986755274600071,
    "J1832-0836_red_noise_log10_A": -12.95199394041321,
    "n_earth": 10.68140810865385,
    "nmodel": 0.4984888887604054
}