{
    "J1832-0836_PDFB_10CM_efac": 1.6660514733173166,
    "J1832-0836_PDFB_10CM_log10_tnequad": -5.842370121966583,
    "J1832-0836_PDFB_20CM_efac": 1.144762352974036,
    "J1832-0836_PDFB_20CM_log10_tnequad": -5.92963963141407,
    "J1832-0836_UWL_sbD_efac": 1.521936449322264,
    "J1832-0836_UWL_sbD_log10_tnequad": -5.896961429989805,
    "J1832-0836_UWL_sbE_efac": 1.4116863109129953,
    "J1832-0836_UWL_sbE_log10_tnequad": -5.98172520180414,
    "J1832-0836_UWL_sbF_efac": 1.61704621606689,
    "J1832-0836_UWL_sbF_log10_tnequad": -6.0951734111250895,
    "J1832-0836_UWL_sbH_efac": 1.9684194334224554,
    "J1832-0836_UWL_sbH_log10_tnequad": -5.906264445331437,
    "J1832-0836_basis_ecorr_10CM_log10_ecorr": -5.9939455110251085,
    "J1832-0836_basis_ecorr_10CM_uwl_log10_ecorr": -5.851878996625993,
    "J1832-0836_basis_ecorr_20CM_log10_ecorr": -6.292577799097496,
    "J1832-0836_basis_ecorr_20CM_uwl_log10_ecorr": -6.214889562591699,
    "J1832-0836_basis_ecorr_all_dr2_log10_ecorr": -6.33293325283143,
    "J1832-0836_basis_ecorr_all_uwl_log10_ecorr": -6.257611888332901,
    "J1832-0836_dm_gp_gamma": 6.976830697771548,
    "J1832-0836_dm_gp_log10_A": -12.755411946985296,
    "J1832-0836_gp_sw_gamma": 3.9893316368929366,
    "J1832-0836_gp_sw_log10_A": -5.534437251128602,
    "J1832-0836_red_noise_gamma": 6.985980756952446,
    "J1832-0836_red_noise_log10_A": -12.960453508783587,
    "n_earth": 10.781201639308982,
    "nmodel": 0.4984547145667809
}