{
    "J1832-0836_PDFB_10CM_efac": 0.022140439803673563,
    "J1832-0836_PDFB_10CM_log10_tnequad": -9.99117192468709,
    "J1832-0836_PDFB_20CM_efac": 0.15200120527983868,
    "J1832-0836_PDFB_20CM_log10_tnequad": -9.991464160371,
    "J1832-0836_UWL_sbD_efac": 0.05761584582290574,
    "J1832-0836_UWL_sbD_log10_tnequad": -9.993673608006949,
    "J1832-0836_UWL_sbE_efac": 0.07543628503789547,
    "J1832-0836_UWL_sbE_log10_tnequad": -9.993992475593746,
    "J1832-0836_UWL_sbF_efac": 0.6842130525024485,
    "J1832-0836_UWL_sbF_log10_tnequad": -9.994369920100315,
    "J1832-0836_UWL_sbH_efac": 0.12072245636750964,
    "J1832-0836_UWL_sbH_log10_tnequad": -9.993317592449376,
    "J1832-0836_basis_ecorr_10CM_log10_ecorr": -9.994966935230046,
    "J1832-0836_basis_ecorr_10CM_uwl_log10_ecorr": -9.99424845843328,
    "J1832-0836_basis_ecorr_20CM_log10_ecorr": -9.994827107626381,
    "J1832-0836_basis_ecorr_20CM_uwl_log10_ecorr": -9.995174789741835,
    "J1832-0836_basis_ecorr_all_dr2_log10_ecorr": -9.99511525846536,
    "J1832-0836_basis_ecorr_all_uwl_log10_ecorr": -9.994973672239297,
    "J1832-0836_dm_gp_gamma": 2.1857946744704875,
    "J1832-0836_dm_gp_log10_A": -14.469652705748183,
    "J1832-0836_gp_sw_gamma": -3.977741352545843,
    "J1832-0836_gp_sw_log10_A": -9.993871856050479,
    "J1832-0836_red_noise_gamma": 0.008790960243955011,
    "J1832-0836_red_noise_log10_A": -19.991008786921007,
    "n_earth": 0.003174153302243976,
    "nmodel": -0.49848008543011657
}