{
    "J1832-0836_PDFB_10CM_efac": 1.666639107720658,
    "J1832-0836_PDFB_10CM_log10_tnequad": -5.846453420749165,
    "J1832-0836_PDFB_20CM_efac": 1.142818446199821,
    "J1832-0836_PDFB_20CM_log10_tnequad": -5.928603851955346,
    "J1832-0836_UWL_sbD_efac": 1.5029446320118687,
    "J1832-0836_UWL_sbD_log10_tnequad": -5.89385187040945,
    "J1832-0836_UWL_sbE_efac": 1.3918067105961454,
    "J1832-0836_UWL_sbE_log10_tnequad": -5.978202407628197,
    "J1832-0836_UWL_sbF_efac": 1.6276505767674372,
    "J1832-0836_UWL_sbF_log10_tnequad": -6.1170408194452,
    "J1832-0836_UWL_sbH_efac": 1.9685171615953188,
    "J1832-0836_UWL_sbH_log10_tnequad": -5.909735090164269,
    "J1832-0836_basis_ecorr_10CM_log10_ecorr": -5.9993288916065435,
    "J1832-0836_basis_ecorr_10CM_uwl_log10_ecorr": -5.859068506678607,
    "J1832-0836_basis_ecorr_20CM_log10_ecorr": -6.289439482825353,
    "J1832-0836_basis_ecorr_20CM_uwl_log10_ecorr": -6.237943592033006,
    "J1832-0836_basis_ecorr_all_dr2_log10_ecorr": -6.336117692329705,
    "J1832-0836_basis_ecorr_all_uwl_log10_ecorr": -6.269866074847775,
    "J1832-0836_dm_gp_gamma": 6.972935929553501,
    "J1832-0836_dm_gp_log10_A": -12.762925979976442,
    "J1832-0836_red_noise_gamma": 6.986618617280295,
    "J1832-0836_red_noise_log10_A": -12.966740843339478,
    "nmodel": 0.4984811350519642
}