{
    "J1832-0836_PDFB_10CM_efac": 0.023947341072073892,
    "J1832-0836_PDFB_10CM_log10_tnequad": -9.9917000335684,
    "J1832-0836_PDFB_20CM_efac": 0.13357821065272724,
    "J1832-0836_PDFB_20CM_log10_tnequad": -9.990421824732993,
    "J1832-0836_UWL_sbD_efac": 0.049840686181728155,
    "J1832-0836_UWL_sbD_log10_tnequad": -9.993417985156263,
    "J1832-0836_UWL_sbE_efac": 0.08638085242315119,
    "J1832-0836_UWL_sbE_log10_tnequad": -9.993613098420575,
    "J1832-0836_UWL_sbF_efac": 0.6741641710414555,
    "J1832-0836_UWL_sbF_log10_tnequad": -9.9944831020055,
    "J1832-0836_UWL_sbH_efac": 0.09031943721745371,
    "J1832-0836_UWL_sbH_log10_tnequad": -9.994227281106065,
    "J1832-0836_basis_ecorr_10CM_log10_ecorr": -9.994638190104924,
    "J1832-0836_basis_ecorr_10CM_uwl_log10_ecorr": -9.993921265656034,
    "J1832-0836_basis_ecorr_20CM_log10_ecorr": -9.995043181975667,
    "J1832-0836_basis_ecorr_20CM_uwl_log10_ecorr": -9.994764399581566,
    "J1832-0836_basis_ecorr_all_dr2_log10_ecorr": -9.994356887412152,
    "J1832-0836_basis_ecorr_all_uwl_log10_ecorr": -9.994988948223254,
    "J1832-0836_dm_gp_gamma": 2.1819213704137534,
    "J1832-0836_dm_gp_log10_A": -14.457700849724237,
    "J1832-0836_gp_sw_gamma": -3.9641393155949336,
    "J1832-0836_gp_sw_log10_A": -9.993873683430028,
    "J1832-0836_red_noise_gamma": 0.008844981961415945,
    "J1832-0836_red_noise_log10_A": -19.990406789875532,
    "n_earth": 0.0032142527520268,
    "nmodel": -0.49850616355847405
}