{
    "J1857+0943_CASPSR_40CM_efac": 1.225609720521172,
    "J1857+0943_CASPSR_40CM_log10_tnequad": -5.826862710369928,
    "J1857+0943_CPSR2_20CM_efac": 1.2123064422973504,
    "J1857+0943_CPSR2_20CM_log10_tnequad": -5.614969874726045,
    "J1857+0943_CPSR2_50CM_efac": 1.227542847602105,
    "J1857+0943_CPSR2_50CM_log10_tnequad": -5.562650258058566,
    "J1857+0943_PDFB1_20CM_efac": 1.3701220126591358,
    "J1857+0943_PDFB1_20CM_log10_tnequad": -5.664344186373172,
    "J1857+0943_PDFB_10CM_efac": 1.2592925923218365,
    "J1857+0943_PDFB_10CM_log10_tnequad": -5.971093472397294,
    "J1857+0943_PDFB_20CM_efac": 1.1378857943801965,
    "J1857+0943_PDFB_20CM_log10_tnequad": -6.362987105363771,
    "J1857+0943_PDFB_40CM_efac": 1.2145575970120108,
    "J1857+0943_PDFB_40CM_log10_tnequad": -5.705605586237064,
    "J1857+0943_UWL_sbA_efac": 1.5815640564220623,
    "J1857+0943_UWL_sbA_log10_tnequad": -5.34261953446749,
    "J1857+0943_UWL_sbB_efac": 1.3888163396382074,
    "J1857+0943_UWL_sbB_log10_tnequad": -5.628836374484168,
    "J1857+0943_UWL_sbC_efac": 1.6170478818319949,
    "J1857+0943_UWL_sbC_log10_tnequad": -5.488348752620694,
    "J1857+0943_UWL_sbD_efac": 1.1285597761684643,
    "J1857+0943_UWL_sbD_log10_tnequad": -5.985835511820256,
    "J1857+0943_UWL_sbE_efac": 1.4720808077387408,
    "J1857+0943_UWL_sbE_log10_tnequad": -5.955283139166796,
    "J1857+0943_UWL_sbF_efac": 1.09532274693884,
    "J1857+0943_UWL_sbF_log10_tnequad": -6.065745891566449,
    "J1857+0943_UWL_sbG_efac": 1.5396359472454575,
    "J1857+0943_UWL_sbG_log10_tnequad": -6.065617257201083,
    "J1857+0943_UWL_sbH_efac": 1.5011882642246865,
    "J1857+0943_UWL_sbH_log10_tnequad": -6.101435331326627,
    "J1857+0943_WBCORR_10CM_efac": 1.6665186657067426,
    "J1857+0943_WBCORR_10CM_log10_tnequad": -5.470665935718142,
    "J1857+0943_basis_ecorr_10CM_log10_ecorr": -6.017799091408495,
    "J1857+0943_basis_ecorr_10CM_uwl_log10_ecorr": -6.178772846087935,
    "J1857+0943_basis_ecorr_20CM_log10_ecorr": -6.20035121188148,
    "J1857+0943_basis_ecorr_20CM_uwl_log10_ecorr": -6.401879459690062,
    "J1857+0943_basis_ecorr_40CM_log10_ecorr": -6.065958984350469,
    "J1857+0943_basis_ecorr_40CM_uwl_log10_ecorr": -5.946567569453767,
    "J1857+0943_basis_ecorr_all_dr2_log10_ecorr": -6.230271990442497,
    "J1857+0943_basis_ecorr_all_uwl_log10_ecorr": -6.321938412624229,
    "J1857+0943_dm_gp_gamma": 4.183128278267103,
    "J1857+0943_dm_gp_log10_A": -13.045920932334287,
    "J1857+0943_gp_sw_gamma": 3.983501182153604,
    "J1857+0943_gp_sw_log10_A": -6.050153190045195,
    "J1857+0943_red_noise_gamma": 6.993361498392314,
    "J1857+0943_red_noise_log10_A": -13.082769516443994,
    "n_earth": 17.89196777635212,
    "nmodel": 0.4984947548546174
}