{
    "J1857+0943_CASPSR_40CM_efac": 1.2272793892574365,
    "J1857+0943_CASPSR_40CM_log10_tnequad": -5.823883369763733,
    "J1857+0943_CPSR2_20CM_efac": 1.2263279102978402,
    "J1857+0943_CPSR2_20CM_log10_tnequad": -5.619281327690788,
    "J1857+0943_CPSR2_50CM_efac": 1.2326769620316675,
    "J1857+0943_CPSR2_50CM_log10_tnequad": -5.557271588068237,
    "J1857+0943_PDFB1_20CM_efac": 1.3705557526028223,
    "J1857+0943_PDFB1_20CM_log10_tnequad": -5.659462368187264,
    "J1857+0943_PDFB_10CM_efac": 1.262029506898209,
    "J1857+0943_PDFB_10CM_log10_tnequad": -5.964777750145811,
    "J1857+0943_PDFB_20CM_efac": 1.1407690703224866,
    "J1857+0943_PDFB_20CM_log10_tnequad": -6.356599487459771,
    "J1857+0943_PDFB_40CM_efac": 1.2124557315238724,
    "J1857+0943_PDFB_40CM_log10_tnequad": -5.724372524646471,
    "J1857+0943_UWL_sbA_efac": 1.5891707141420068,
    "J1857+0943_UWL_sbA_log10_tnequad": -5.331972812826262,
    "J1857+0943_UWL_sbB_efac": 1.4055207002561891,
    "J1857+0943_UWL_sbB_log10_tnequad": -5.625451859476254,
    "J1857+0943_UWL_sbC_efac": 1.6138247961290764,
    "J1857+0943_UWL_sbC_log10_tnequad": -5.48747637682113,
    "J1857+0943_UWL_sbD_efac": 1.1339075273764239,
    "J1857+0943_UWL_sbD_log10_tnequad": -5.991908711886539,
    "J1857+0943_UWL_sbE_efac": 1.4665668014229312,
    "J1857+0943_UWL_sbE_log10_tnequad": -5.946902512577861,
    "J1857+0943_UWL_sbF_efac": 1.0975854767542725,
    "J1857+0943_UWL_sbF_log10_tnequad": -6.069024204096632,
    "J1857+0943_UWL_sbG_efac": 1.528019190541789,
    "J1857+0943_UWL_sbG_log10_tnequad": -6.072766786294478,
    "J1857+0943_UWL_sbH_efac": 1.4986797794089888,
    "J1857+0943_UWL_sbH_log10_tnequad": -6.097818858581188,
    "J1857+0943_WBCORR_10CM_efac": 1.7099279407746804,
    "J1857+0943_WBCORR_10CM_log10_tnequad": -5.454743071075807,
    "J1857+0943_basis_ecorr_10CM_log10_ecorr": -6.0024705405423315,
    "J1857+0943_basis_ecorr_10CM_uwl_log10_ecorr": -6.1808548910804735,
    "J1857+0943_basis_ecorr_20CM_log10_ecorr": -6.199807336438582,
    "J1857+0943_basis_ecorr_20CM_uwl_log10_ecorr": -6.401594991708281,
    "J1857+0943_basis_ecorr_40CM_log10_ecorr": -6.078973023319944,
    "J1857+0943_basis_ecorr_40CM_uwl_log10_ecorr": -5.941129377021607,
    "J1857+0943_basis_ecorr_all_dr2_log10_ecorr": -6.223088306143656,
    "J1857+0943_basis_ecorr_all_uwl_log10_ecorr": -6.326944632032104,
    "J1857+0943_dm_gp_gamma": 4.113891098874663,
    "J1857+0943_dm_gp_log10_A": -13.046944849117878,
    "J1857+0943_red_noise_gamma": 6.99299785134042,
    "J1857+0943_red_noise_log10_A": -13.073639745694644,
    "nmodel": 0.4984888436718452
}