{
    "J1857+0943_CASPSR_40CM_efac": 0.7696176677595516,
    "J1857+0943_CASPSR_40CM_log10_tnequad": -9.993657656902041,
    "J1857+0943_CPSR2_20CM_efac": 0.7482786267137079,
    "J1857+0943_CPSR2_20CM_log10_tnequad": -9.200963332554194,
    "J1857+0943_CPSR2_50CM_efac": 0.8811643409691783,
    "J1857+0943_CPSR2_50CM_log10_tnequad": -9.994130480832014,
    "J1857+0943_PDFB1_20CM_efac": 0.5694657040456491,
    "J1857+0943_PDFB1_20CM_log10_tnequad": -9.988624367136024,
    "J1857+0943_PDFB_10CM_efac": 0.9755654607293264,
    "J1857+0943_PDFB_10CM_log10_tnequad": -9.995575906608533,
    "J1857+0943_PDFB_20CM_efac": 0.9598102108060143,
    "J1857+0943_PDFB_20CM_log10_tnequad": -9.995229567515729,
    "J1857+0943_PDFB_40CM_efac": 0.9535741906906392,
    "J1857+0943_PDFB_40CM_log10_tnequad": -9.993961973572121,
    "J1857+0943_UWL_sbA_efac": 0.7289446840955692,
    "J1857+0943_UWL_sbA_log10_tnequad": -9.994793227145061,
    "J1857+0943_UWL_sbB_efac": 0.8118141254957408,
    "J1857+0943_UWL_sbB_log10_tnequad": -9.992809664347245,
    "J1857+0943_UWL_sbC_efac": 0.9697919886273273,
    "J1857+0943_UWL_sbC_log10_tnequad": -9.993059307940143,
    "J1857+0943_UWL_sbD_efac": 0.6713144576501008,
    "J1857+0943_UWL_sbD_log10_tnequad": -9.99470725605275,
    "J1857+0943_UWL_sbE_efac": 0.9222071449172551,
    "J1857+0943_UWL_sbE_log10_tnequad": -9.993343138449179,
    "J1857+0943_UWL_sbF_efac": 0.5993505953370942,
    "J1857+0943_UWL_sbF_log10_tnequad": -9.992368921533766,
    "J1857+0943_UWL_sbG_efac": 0.8689170910192192,
    "J1857+0943_UWL_sbG_log10_tnequad": -9.992878332000094,
    "J1857+0943_UWL_sbH_efac": 0.8606071833410698,
    "J1857+0943_UWL_sbH_log10_tnequad": -9.995775369241342,
    "J1857+0943_WBCORR_10CM_efac": 0.5689475387227033,
    "J1857+0943_WBCORR_10CM_log10_tnequad": -9.99216073760164,
    "J1857+0943_basis_ecorr_10CM_log10_ecorr": -9.995509577875811,
    "J1857+0943_basis_ecorr_10CM_uwl_log10_ecorr": -9.994279131933661,
    "J1857+0943_basis_ecorr_20CM_log10_ecorr": -9.993429453986401,
    "J1857+0943_basis_ecorr_20CM_uwl_log10_ecorr": -9.995759355138418,
    "J1857+0943_basis_ecorr_40CM_log10_ecorr": -9.993191268894023,
    "J1857+0943_basis_ecorr_40CM_uwl_log10_ecorr": -9.993157371577194,
    "J1857+0943_basis_ecorr_all_dr2_log10_ecorr": -9.993179995402304,
    "J1857+0943_basis_ecorr_all_uwl_log10_ecorr": -9.994374233794217,
    "J1857+0943_dm_gp_gamma": 1.4258876392106166,
    "J1857+0943_dm_gp_log10_A": -13.890958269489948,
    "J1857+0943_gp_sw_gamma": -3.9815022844254413,
    "J1857+0943_gp_sw_log10_A": -9.99498391824627,
    "J1857+0943_red_noise_gamma": 1.3869068909102742,
    "J1857+0943_red_noise_log10_A": -16.324442162601326,
    "n_earth": 0.01877656701507071,
    "nmodel": -0.498526709004143
}