{
    "J1857+0943_CASPSR_40CM_efac": 0.7722939598853592,
    "J1857+0943_CASPSR_40CM_log10_tnequad": -9.995146404975458,
    "J1857+0943_CPSR2_20CM_efac": 0.7470259425777762,
    "J1857+0943_CPSR2_20CM_log10_tnequad": -9.321204922749768,
    "J1857+0943_CPSR2_50CM_efac": 0.8769754094270992,
    "J1857+0943_CPSR2_50CM_log10_tnequad": -9.993985914625403,
    "J1857+0943_PDFB1_20CM_efac": 0.554771965710814,
    "J1857+0943_PDFB1_20CM_log10_tnequad": -9.990523003309935,
    "J1857+0943_PDFB_10CM_efac": 0.9723837416580026,
    "J1857+0943_PDFB_10CM_log10_tnequad": -9.9943042372051,
    "J1857+0943_PDFB_20CM_efac": 0.9608235950979634,
    "J1857+0943_PDFB_20CM_log10_tnequad": -9.994843379739265,
    "J1857+0943_PDFB_40CM_efac": 0.9539230731184363,
    "J1857+0943_PDFB_40CM_log10_tnequad": -9.994213532001345,
    "J1857+0943_UWL_sbA_efac": 0.7985541660332836,
    "J1857+0943_UWL_sbA_log10_tnequad": -9.993882266659229,
    "J1857+0943_UWL_sbB_efac": 0.8109447953324844,
    "J1857+0943_UWL_sbB_log10_tnequad": -9.993029992408896,
    "J1857+0943_UWL_sbC_efac": 0.919997301490189,
    "J1857+0943_UWL_sbC_log10_tnequad": -9.993321002722361,
    "J1857+0943_UWL_sbD_efac": 0.6661630177516358,
    "J1857+0943_UWL_sbD_log10_tnequad": -9.994641739870955,
    "J1857+0943_UWL_sbE_efac": 0.9198859142731299,
    "J1857+0943_UWL_sbE_log10_tnequad": -9.9936664969027,
    "J1857+0943_UWL_sbF_efac": 0.5945513942209117,
    "J1857+0943_UWL_sbF_log10_tnequad": -9.993216671920703,
    "J1857+0943_UWL_sbG_efac": 0.8735785179736283,
    "J1857+0943_UWL_sbG_log10_tnequad": -9.995046832896714,
    "J1857+0943_UWL_sbH_efac": 0.8611777780109802,
    "J1857+0943_UWL_sbH_log10_tnequad": -9.994991143812133,
    "J1857+0943_WBCORR_10CM_efac": 0.5550912105402905,
    "J1857+0943_WBCORR_10CM_log10_tnequad": -9.993927841316193,
    "J1857+0943_basis_ecorr_10CM_log10_ecorr": -9.993377403164796,
    "J1857+0943_basis_ecorr_10CM_uwl_log10_ecorr": -9.99459659833147,
    "J1857+0943_basis_ecorr_20CM_log10_ecorr": -9.992412891448717,
    "J1857+0943_basis_ecorr_20CM_uwl_log10_ecorr": -9.99490496150114,
    "J1857+0943_basis_ecorr_40CM_log10_ecorr": -9.994375544747653,
    "J1857+0943_basis_ecorr_40CM_uwl_log10_ecorr": -9.994622181844028,
    "J1857+0943_basis_ecorr_all_dr2_log10_ecorr": -9.992554610076215,
    "J1857+0943_basis_ecorr_all_uwl_log10_ecorr": -9.994591793484,
    "J1857+0943_dm_gp_gamma": 1.4282583943632765,
    "J1857+0943_dm_gp_log10_A": -13.887150274616232,
    "J1857+0943_gp_sw_gamma": -3.984097283138552,
    "J1857+0943_gp_sw_log10_A": -9.995328692642968,
    "J1857+0943_red_noise_gamma": 1.3909727827996754,
    "J1857+0943_red_noise_log10_A": -16.324996663000192,
    "n_earth": 0.018362665819134337,
    "nmodel": -0.49851294418412806
}