{
    "J1857+0943_CASPSR_40CM_efac": 1.2322827475879636,
    "J1857+0943_CASPSR_40CM_log10_tnequad": -5.841647079575921,
    "J1857+0943_CPSR2_20CM_efac": 1.2171085948429468,
    "J1857+0943_CPSR2_20CM_log10_tnequad": -5.616899507085338,
    "J1857+0943_CPSR2_50CM_efac": 1.2227901417216331,
    "J1857+0943_CPSR2_50CM_log10_tnequad": -5.582724806223147,
    "J1857+0943_PDFB1_20CM_efac": 1.3507709647247381,
    "J1857+0943_PDFB1_20CM_log10_tnequad": -5.666120186841842,
    "J1857+0943_PDFB_10CM_efac": 1.258712319840277,
    "J1857+0943_PDFB_10CM_log10_tnequad": -5.972386735681579,
    "J1857+0943_PDFB_20CM_efac": 1.1367386096157495,
    "J1857+0943_PDFB_20CM_log10_tnequad": -6.356538187100762,
    "J1857+0943_PDFB_40CM_efac": 1.212510454831276,
    "J1857+0943_PDFB_40CM_log10_tnequad": -5.704542909331119,
    "J1857+0943_UWL_sbA_efac": 1.5494034071862235,
    "J1857+0943_UWL_sbA_log10_tnequad": -5.308365610857509,
    "J1857+0943_UWL_sbB_efac": 1.389476464052196,
    "J1857+0943_UWL_sbB_log10_tnequad": -5.647758853153844,
    "J1857+0943_UWL_sbC_efac": 1.6109913685168897,
    "J1857+0943_UWL_sbC_log10_tnequad": -5.522469875398523,
    "J1857+0943_UWL_sbD_efac": 1.1428931635931117,
    "J1857+0943_UWL_sbD_log10_tnequad": -6.007429475434963,
    "J1857+0943_UWL_sbE_efac": 1.4703387827133,
    "J1857+0943_UWL_sbE_log10_tnequad": -5.957845782220021,
    "J1857+0943_UWL_sbF_efac": 1.0924379283278887,
    "J1857+0943_UWL_sbF_log10_tnequad": -6.078930382291551,
    "J1857+0943_UWL_sbG_efac": 1.500518867821194,
    "J1857+0943_UWL_sbG_log10_tnequad": -6.050123015839393,
    "J1857+0943_UWL_sbH_efac": 1.4751073114348516,
    "J1857+0943_UWL_sbH_log10_tnequad": -6.105502695831346,
    "J1857+0943_WBCORR_10CM_efac": 1.6195910836534992,
    "J1857+0943_WBCORR_10CM_log10_tnequad": -5.489589628997109,
    "J1857+0943_basis_ecorr_10CM_log10_ecorr": -6.021792270788367,
    "J1857+0943_basis_ecorr_10CM_uwl_log10_ecorr": -6.167905497578428,
    "J1857+0943_basis_ecorr_20CM_log10_ecorr": -6.191152482817199,
    "J1857+0943_basis_ecorr_20CM_uwl_log10_ecorr": -6.400589544749083,
    "J1857+0943_basis_ecorr_40CM_log10_ecorr": -6.060608764819729,
    "J1857+0943_basis_ecorr_40CM_uwl_log10_ecorr": -5.960424273733311,
    "J1857+0943_basis_ecorr_all_dr2_log10_ecorr": -6.227704607519649,
    "J1857+0943_basis_ecorr_all_uwl_log10_ecorr": -6.334160486242013,
    "J1857+0943_dm_gp_gamma": 4.173075647253389,
    "J1857+0943_dm_gp_log10_A": -13.044507369389157,
    "J1857+0943_gp_sw_gamma": 3.9830067183267306,
    "J1857+0943_gp_sw_log10_A": -6.038599472953826,
    "J1857+0943_red_noise_gamma": 6.993110396033649,
    "J1857+0943_red_noise_log10_A": -13.090334615275285,
    "n_earth": 18.0351329462102,
    "nmodel": 0.49858235121972916
}