{
    "J1857+0943_CASPSR_40CM_efac": 0.7719179400089996,
    "J1857+0943_CASPSR_40CM_log10_tnequad": -9.994647695041857,
    "J1857+0943_CPSR2_20CM_efac": 0.7518522317092617,
    "J1857+0943_CPSR2_20CM_log10_tnequad": -9.055433057186042,
    "J1857+0943_CPSR2_50CM_efac": 0.8764177126565624,
    "J1857+0943_CPSR2_50CM_log10_tnequad": -9.992817155146268,
    "J1857+0943_PDFB1_20CM_efac": 0.5455930770872928,
    "J1857+0943_PDFB1_20CM_log10_tnequad": -9.99100373277897,
    "J1857+0943_PDFB_10CM_efac": 0.9716590086801568,
    "J1857+0943_PDFB_10CM_log10_tnequad": -9.994492168738233,
    "J1857+0943_PDFB_20CM_efac": 0.9593402302062649,
    "J1857+0943_PDFB_20CM_log10_tnequad": -9.995207420430916,
    "J1857+0943_PDFB_40CM_efac": 0.9564784076888073,
    "J1857+0943_PDFB_40CM_log10_tnequad": -9.994376879376828,
    "J1857+0943_UWL_sbA_efac": 0.7589225911233218,
    "J1857+0943_UWL_sbA_log10_tnequad": -9.992307810068928,
    "J1857+0943_UWL_sbB_efac": 0.8112021558275094,
    "J1857+0943_UWL_sbB_log10_tnequad": -9.993290506443113,
    "J1857+0943_UWL_sbC_efac": 0.9266498119086,
    "J1857+0943_UWL_sbC_log10_tnequad": -9.993874675008861,
    "J1857+0943_UWL_sbD_efac": 0.6581883127992237,
    "J1857+0943_UWL_sbD_log10_tnequad": -9.994355495752794,
    "J1857+0943_UWL_sbE_efac": 0.9177678035140224,
    "J1857+0943_UWL_sbE_log10_tnequad": -9.993353619416357,
    "J1857+0943_UWL_sbF_efac": 0.5949907181549439,
    "J1857+0943_UWL_sbF_log10_tnequad": -9.992413773467577,
    "J1857+0943_UWL_sbG_efac": 0.8693447066525762,
    "J1857+0943_UWL_sbG_log10_tnequad": -9.994605987627763,
    "J1857+0943_UWL_sbH_efac": 0.8538108844692173,
    "J1857+0943_UWL_sbH_log10_tnequad": -9.994351120230071,
    "J1857+0943_WBCORR_10CM_efac": 0.5248261896059018,
    "J1857+0943_WBCORR_10CM_log10_tnequad": -9.993176357306794,
    "J1857+0943_basis_ecorr_10CM_log10_ecorr": -9.99315771052823,
    "J1857+0943_basis_ecorr_10CM_uwl_log10_ecorr": -9.99501579887042,
    "J1857+0943_basis_ecorr_20CM_log10_ecorr": -9.991393758594347,
    "J1857+0943_basis_ecorr_20CM_uwl_log10_ecorr": -9.994866583681649,
    "J1857+0943_basis_ecorr_40CM_log10_ecorr": -9.994749641930147,
    "J1857+0943_basis_ecorr_40CM_uwl_log10_ecorr": -9.994010669773335,
    "J1857+0943_basis_ecorr_all_dr2_log10_ecorr": -9.992092585437977,
    "J1857+0943_basis_ecorr_all_uwl_log10_ecorr": -9.995227378958704,
    "J1857+0943_dm_gp_gamma": 1.4202255564931163,
    "J1857+0943_dm_gp_log10_A": -13.870744310385327,
    "J1857+0943_red_noise_gamma": 1.3728178858627085,
    "J1857+0943_red_noise_log10_A": -16.3371683818356,
    "nmodel": -0.4984626804278616
}