{
    "J1902-5105_UWL_sbA_efac": 1.6232092761446764,
    "J1902-5105_UWL_sbA_log10_tnequad": -5.722307256090596,
    "J1902-5105_UWL_sbB_efac": 1.1605520868886146,
    "J1902-5105_UWL_sbB_log10_tnequad": -6.15105279878507,
    "J1902-5105_UWL_sbC_efac": 1.423042289654863,
    "J1902-5105_UWL_sbC_log10_tnequad": -5.913092852669873,
    "J1902-5105_UWL_sbD_efac": 1.249733564384235,
    "J1902-5105_UWL_sbD_log10_tnequad": -6.016993476132562,
    "J1902-5105_UWL_sbE_efac": 1.2698811470934421,
    "J1902-5105_UWL_sbE_log10_tnequad": -5.861511733507792,
    "J1902-5105_UWL_sbF_efac": 1.710308882298226,
    "J1902-5105_UWL_sbF_log10_tnequad": -5.4931508409729,
    "J1902-5105_basis_ecorr_20CM_uwl_log10_ecorr": -6.101527179860295,
    "J1902-5105_basis_ecorr_40CM_uwl_log10_ecorr": -6.0188898711807415,
    "J1902-5105_basis_ecorr_all_uwl_log10_ecorr": -6.078521665504946,
    "J1902-5105_dm_gp_gamma": 6.9543074520700126,
    "J1902-5105_dm_gp_log10_A": -12.568118675295024,
    "J1902-5105_gp_sw_gamma": 3.984878334927055,
    "J1902-5105_gp_sw_log10_A": -4.964129510592355,
    "J1902-5105_red_noise_gamma": 6.988364437446526,
    "J1902-5105_red_noise_log10_A": -12.023816519044738,
    "n_earth": 19.835122607811545,
    "nmodel": 0.4985305270905164
}