{
    "J1902-5105_UWL_sbA_efac": 1.6012663233575428,
    "J1902-5105_UWL_sbA_log10_tnequad": -5.727120958786906,
    "J1902-5105_UWL_sbB_efac": 1.1563750587877424,
    "J1902-5105_UWL_sbB_log10_tnequad": -6.146881979550154,
    "J1902-5105_UWL_sbC_efac": 1.4223671938599174,
    "J1902-5105_UWL_sbC_log10_tnequad": -5.911551540639575,
    "J1902-5105_UWL_sbD_efac": 1.2493427464336624,
    "J1902-5105_UWL_sbD_log10_tnequad": -6.015148046081447,
    "J1902-5105_UWL_sbE_efac": 1.269276796101339,
    "J1902-5105_UWL_sbE_log10_tnequad": -5.865158131228823,
    "J1902-5105_UWL_sbF_efac": 1.7068982247444158,
    "J1902-5105_UWL_sbF_log10_tnequad": -5.492891667416464,
    "J1902-5105_basis_ecorr_20CM_uwl_log10_ecorr": -6.1089186241647155,
    "J1902-5105_basis_ecorr_40CM_uwl_log10_ecorr": -6.009963552138859,
    "J1902-5105_basis_ecorr_all_uwl_log10_ecorr": -6.0704967555153955,
    "J1902-5105_dm_gp_gamma": 6.71965316076443,
    "J1902-5105_dm_gp_log10_A": -12.588933138848212,
    "J1902-5105_red_noise_gamma": 6.98840282290647,
    "J1902-5105_red_noise_log10_A": -12.034351670275194,
    "nmodel": 0.49848631409168703
}