{
    "J1909-3744_CASPSR_40CM_efac": 1.4785165849668607,
    "J1909-3744_CASPSR_40CM_log10_tnequad": -6.689235433945214,
    "J1909-3744_CPSR2_20CM_efac": 1.1724583325042417,
    "J1909-3744_CPSR2_20CM_log10_tnequad": -7.412417454086141,
    "J1909-3744_CPSR2_50CM_efac": 1.3332376686288616,
    "J1909-3744_CPSR2_50CM_log10_tnequad": -6.596334937849898,
    "J1909-3744_PDFB1_10CM_efac": 1.511626585418681,
    "J1909-3744_PDFB1_10CM_log10_tnequad": -6.529313315486651,
    "J1909-3744_PDFB1_1433_efac": 1.9453507981513778,
    "J1909-3744_PDFB1_1433_log10_tnequad": -6.377114371158348,
    "J1909-3744_PDFB1_20CM_efac": 1.1698616570284328,
    "J1909-3744_PDFB1_20CM_log10_tnequad": -7.282545170534704,
    "J1909-3744_PDFB1_early_20CM_efac": 1.3787262419756101,
    "J1909-3744_PDFB1_early_20CM_log10_tnequad": -7.187502856757164,
    "J1909-3744_PDFB_10CM_efac": 1.0693610779814378,
    "J1909-3744_PDFB_10CM_log10_tnequad": -7.347551846252603,
    "J1909-3744_PDFB_20CM_efac": 1.157034867477345,
    "J1909-3744_PDFB_20CM_log10_tnequad": -7.580270001437831,
    "J1909-3744_PDFB_40CM_efac": 1.107377225808777,
    "J1909-3744_PDFB_40CM_log10_tnequad": -6.380060395643856,
    "J1909-3744_UWL_CASPSR_20CM_efac": 1.499529748850949,
    "J1909-3744_UWL_CASPSR_20CM_log10_tnequad": -6.488662339479222,
    "J1909-3744_UWL_CASPSR_40CM_efac": 2.4766189148509787,
    "J1909-3744_UWL_CASPSR_40CM_log10_tnequad": -6.166742189650409,
    "J1909-3744_UWL_PDFB4_10CM_efac": 1.8702355157257418,
    "J1909-3744_UWL_PDFB4_10CM_log10_tnequad": -7.142183923465479,
    "J1909-3744_UWL_PDFB4_20CM_efac": 1.3887797484281994,
    "J1909-3744_UWL_PDFB4_20CM_log10_tnequad": -7.014640281355081,
    "J1909-3744_UWL_sbA_efac": 1.744366232219467,
    "J1909-3744_UWL_sbA_log10_tnequad": -6.522973960369528,
    "J1909-3744_UWL_sbB_efac": 1.1649622488949833,
    "J1909-3744_UWL_sbB_log10_tnequad": -6.765357879345193,
    "J1909-3744_UWL_sbC_efac": 1.244186618882616,
    "J1909-3744_UWL_sbC_log10_tnequad": -6.433365626477777,
    "J1909-3744_UWL_sbD_efac": 1.329748674458611,
    "J1909-3744_UWL_sbD_log10_tnequad": -6.953357874156813,
    "J1909-3744_UWL_sbE_efac": 1.239653874285439,
    "J1909-3744_UWL_sbE_log10_tnequad": -6.888363635619626,
    "J1909-3744_UWL_sbF_efac": 1.276539945768131,
    "J1909-3744_UWL_sbF_log10_tnequad": -7.364816556763348,
    "J1909-3744_UWL_sbG_efac": 1.139469937533999,
    "J1909-3744_UWL_sbG_log10_tnequad": -7.269921663388504,
    "J1909-3744_UWL_sbH_efac": 1.1506000889239116,
    "J1909-3744_UWL_sbH_log10_tnequad": -7.243626535090704,
    "J1909-3744_WBCORR_10CM_efac": 1.7344790063497357,
    "J1909-3744_WBCORR_10CM_log10_tnequad": -6.35404451516791,
    "J1909-3744_band_noise_low_gamma": 6.974140017145235,
    "J1909-3744_band_noise_low_log10_A": -13.458253895414051,
    "J1909-3744_basis_ecorr_10CM_log10_ecorr": -7.310518730348925,
    "J1909-3744_basis_ecorr_10CM_uwl_log10_ecorr": -7.493952875228089,
    "J1909-3744_basis_ecorr_20CM_log10_ecorr": -7.174464403116477,
    "J1909-3744_basis_ecorr_20CM_uwl_log10_ecorr": -7.510449031245108,
    "J1909-3744_basis_ecorr_40CM_log10_ecorr": -6.843001291646326,
    "J1909-3744_basis_ecorr_40CM_uwl_log10_ecorr": -6.9470513071645525,
    "J1909-3744_basis_ecorr_all_dr2_log10_ecorr": -7.235322671138862,
    "J1909-3744_basis_ecorr_all_uwl_log10_ecorr": -7.193247755460519,
    "J1909-3744_dm_gp_gamma": 2.193782523149294,
    "J1909-3744_dm_gp_log10_A": -13.513449758119314,
    "J1909-3744_group_noise_CASPSR_40CM_gamma": 6.89694250868032,
    "J1909-3744_group_noise_CASPSR_40CM_log10_A": -13.065244644043963,
    "J1909-3744_group_noise_CPSR2_50CM_gamma": 6.966525585199457,
    "J1909-3744_group_noise_CPSR2_50CM_log10_A": -13.03899936972424,
    "J1909-3744_group_noise_PDFB1_1433_gamma": 4.266065559796482,
    "J1909-3744_group_noise_PDFB1_1433_log10_A": -11.034962133478874,
    "J1909-3744_group_noise_PDFB1_early_20CM_gamma": 6.990841609384711,
    "J1909-3744_group_noise_PDFB1_early_20CM_log10_A": -12.105886393911518,
    "J1909-3744_hf_noise_gamma": 6.616242305222918,
    "J1909-3744_hf_noise_log10_A": -14.065666833131834,
    "J1909-3744_red_noise_gamma": 6.98055497890581,
    "J1909-3744_red_noise_log10_A": -14.17370434524784,
    "nmodel": 0.4983661414338228
}