{
    "J1909-3744_CASPSR_40CM_efac": 1.1168689744297913,
    "J1909-3744_CASPSR_40CM_log10_tnequad": -6.773028184349799,
    "J1909-3744_CPSR2_20CM_efac": 1.1432022477075776,
    "J1909-3744_CPSR2_20CM_log10_tnequad": -7.478859960817852,
    "J1909-3744_CPSR2_50CM_efac": 1.2615399008159116,
    "J1909-3744_CPSR2_50CM_log10_tnequad": -6.686317581765181,
    "J1909-3744_PDFB1_10CM_efac": 1.2751295348307348,
    "J1909-3744_PDFB1_10CM_log10_tnequad": -6.74368565101479,
    "J1909-3744_PDFB1_1433_efac": 2.1283646704853036,
    "J1909-3744_PDFB1_1433_log10_tnequad": -6.601570412195486,
    "J1909-3744_PDFB1_20CM_efac": 1.1475641972268993,
    "J1909-3744_PDFB1_20CM_log10_tnequad": -7.005489035835654,
    "J1909-3744_PDFB1_early_20CM_efac": 1.0840477075101254,
    "J1909-3744_PDFB1_early_20CM_log10_tnequad": -7.685557348208929,
    "J1909-3744_PDFB_10CM_efac": 1.0593477203135486,
    "J1909-3744_PDFB_10CM_log10_tnequad": -7.348893355074754,
    "J1909-3744_PDFB_20CM_efac": 1.1631328251628301,
    "J1909-3744_PDFB_20CM_log10_tnequad": -7.563456448325313,
    "J1909-3744_PDFB_40CM_efac": 1.078323947207073,
    "J1909-3744_PDFB_40CM_log10_tnequad": -6.3282621918784425,
    "J1909-3744_UWL_CASPSR_20CM_efac": 1.7325897427581087,
    "J1909-3744_UWL_CASPSR_20CM_log10_tnequad": -7.033335305717256,
    "J1909-3744_UWL_CASPSR_40CM_efac": 2.63330306042548,
    "J1909-3744_UWL_CASPSR_40CM_log10_tnequad": -6.350707775498666,
    "J1909-3744_UWL_PDFB4_10CM_efac": 1.3002117955336843,
    "J1909-3744_UWL_PDFB4_10CM_log10_tnequad": -7.153425096304667,
    "J1909-3744_UWL_PDFB4_20CM_efac": 1.4689932647721682,
    "J1909-3744_UWL_PDFB4_20CM_log10_tnequad": -7.182650808849488,
    "J1909-3744_UWL_sbA_efac": 1.278081292270253,
    "J1909-3744_UWL_sbA_log10_tnequad": -6.635406618125257,
    "J1909-3744_UWL_sbB_efac": 1.1073523926200066,
    "J1909-3744_UWL_sbB_log10_tnequad": -6.79888867526931,
    "J1909-3744_UWL_sbC_efac": 1.2683309750368619,
    "J1909-3744_UWL_sbC_log10_tnequad": -7.0959150840638285,
    "J1909-3744_UWL_sbD_efac": 1.333517592392669,
    "J1909-3744_UWL_sbD_log10_tnequad": -6.9868882156429395,
    "J1909-3744_UWL_sbE_efac": 1.2203004891374183,
    "J1909-3744_UWL_sbE_log10_tnequad": -8.058755213519621,
    "J1909-3744_UWL_sbF_efac": 1.2415974730922514,
    "J1909-3744_UWL_sbF_log10_tnequad": -7.569623409199313,
    "J1909-3744_UWL_sbG_efac": 1.1265518473665581,
    "J1909-3744_UWL_sbG_log10_tnequad": -7.359940372977667,
    "J1909-3744_UWL_sbH_efac": 1.1394921285759447,
    "J1909-3744_UWL_sbH_log10_tnequad": -7.416010092909945,
    "J1909-3744_WBCORR_10CM_efac": 1.6083993535922954,
    "J1909-3744_WBCORR_10CM_log10_tnequad": -6.564656556484417,
    "J1909-3744_band_noise_low_gamma": 6.931026413232421,
    "J1909-3744_band_noise_low_log10_A": -13.726927582744464,
    "J1909-3744_basis_ecorr_10CM_log10_ecorr": -7.305593352375923,
    "J1909-3744_basis_ecorr_10CM_uwl_log10_ecorr": -7.53129564386712,
    "J1909-3744_basis_ecorr_20CM_log10_ecorr": -7.126773064424184,
    "J1909-3744_basis_ecorr_20CM_uwl_log10_ecorr": -7.54277859880456,
    "J1909-3744_basis_ecorr_40CM_log10_ecorr": -7.077975567922917,
    "J1909-3744_basis_ecorr_40CM_uwl_log10_ecorr": -6.948041934807768,
    "J1909-3744_basis_ecorr_all_dr2_log10_ecorr": -7.240498461346056,
    "J1909-3744_basis_ecorr_all_uwl_log10_ecorr": -7.204898064812415,
    "J1909-3744_dm_gp_gamma": 2.453626918752406,
    "J1909-3744_dm_gp_log10_A": -13.58642305870557,
    "J1909-3744_gp_sw_gamma": 2.0236778414238823,
    "J1909-3744_gp_sw_log10_A": -6.440922969921104,
    "J1909-3744_group_noise_CASPSR_40CM_gamma": 4.753014932338067,
    "J1909-3744_group_noise_CASPSR_40CM_log10_A": -13.25816917673659,
    "J1909-3744_group_noise_CPSR2_50CM_gamma": 6.524995188896096,
    "J1909-3744_group_noise_CPSR2_50CM_log10_A": -13.122118014108308,
    "J1909-3744_group_noise_PDFB1_1433_gamma": 2.9646156154604903,
    "J1909-3744_group_noise_PDFB1_1433_log10_A": -11.67296587362251,
    "J1909-3744_group_noise_PDFB1_early_20CM_gamma": 6.993276490010331,
    "J1909-3744_group_noise_PDFB1_early_20CM_log10_A": -13.004809156767895,
    "J1909-3744_hf_noise_gamma": 6.894376337226201,
    "J1909-3744_hf_noise_log10_A": -14.195654685543687,
    "J1909-3744_red_noise_gamma": 6.628924209374191,
    "J1909-3744_red_noise_log10_A": -14.234288728194079,
    "n_earth": 1.46450855965747,
    "nmodel": 0.498982537162368
}