{
    "J1909-3744_CASPSR_40CM_efac": 0.7680008384629432,
    "J1909-3744_CASPSR_40CM_log10_tnequad": -9.816616013973666,
    "J1909-3744_CPSR2_20CM_efac": 1.0029283120109302,
    "J1909-3744_CPSR2_20CM_log10_tnequad": -9.99918565338531,
    "J1909-3744_CPSR2_50CM_efac": 0.819753913963002,
    "J1909-3744_CPSR2_50CM_log10_tnequad": -9.995899611506596,
    "J1909-3744_PDFB1_10CM_efac": 0.4632579559001433,
    "J1909-3744_PDFB1_10CM_log10_tnequad": -9.971207056277912,
    "J1909-3744_PDFB1_1433_efac": 0.04354401161111648,
    "J1909-3744_PDFB1_1433_log10_tnequad": -9.965459826506775,
    "J1909-3744_PDFB1_20CM_efac": 0.8283331580288106,
    "J1909-3744_PDFB1_20CM_log10_tnequad": -9.987530917754691,
    "J1909-3744_PDFB1_early_20CM_efac": 0.7020077696099527,
    "J1909-3744_PDFB1_early_20CM_log10_tnequad": -9.992618825768528,
    "J1909-3744_PDFB_10CM_efac": 0.9389530494741835,
    "J1909-3744_PDFB_10CM_log10_tnequad": -9.883246054753855,
    "J1909-3744_PDFB_20CM_efac": 1.0322440919022144,
    "J1909-3744_PDFB_20CM_log10_tnequad": -9.990902777392039,
    "J1909-3744_PDFB_40CM_efac": 0.3774878149431462,
    "J1909-3744_PDFB_40CM_log10_tnequad": -9.99079818892457,
    "J1909-3744_UWL_CASPSR_20CM_efac": 0.012476862557711771,
    "J1909-3744_UWL_CASPSR_20CM_log10_tnequad": -9.987918632392562,
    "J1909-3744_UWL_CASPSR_40CM_efac": 0.012441388292997235,
    "J1909-3744_UWL_CASPSR_40CM_log10_tnequad": -9.998233709185577,
    "J1909-3744_UWL_PDFB4_10CM_efac": 0.9453949918490555,
    "J1909-3744_UWL_PDFB4_10CM_log10_tnequad": -9.994520130428173,
    "J1909-3744_UWL_PDFB4_20CM_efac": 0.8423512550978194,
    "J1909-3744_UWL_PDFB4_20CM_log10_tnequad": -9.783221520791082,
    "J1909-3744_UWL_sbA_efac": 0.7090016473868271,
    "J1909-3744_UWL_sbA_log10_tnequad": -9.982827368733847,
    "J1909-3744_UWL_sbB_efac": 0.7258416468967932,
    "J1909-3744_UWL_sbB_log10_tnequad": -9.68212149342166,
    "J1909-3744_UWL_sbC_efac": 0.15219526453711418,
    "J1909-3744_UWL_sbC_log10_tnequad": -9.937616306001367,
    "J1909-3744_UWL_sbD_efac": 0.9794430001775808,
    "J1909-3744_UWL_sbD_log10_tnequad": -8.028036496178,
    "J1909-3744_UWL_sbE_efac": 0.7112091441172693,
    "J1909-3744_UWL_sbE_log10_tnequad": -9.989676922925062,
    "J1909-3744_UWL_sbF_efac": 1.0415991339354878,
    "J1909-3744_UWL_sbF_log10_tnequad": -9.99782553045106,
    "J1909-3744_UWL_sbG_efac": 0.8584280763923293,
    "J1909-3744_UWL_sbG_log10_tnequad": -7.726166788635148,
    "J1909-3744_UWL_sbH_efac": 0.8144761331115401,
    "J1909-3744_UWL_sbH_log10_tnequad": -9.995823297480664,
    "J1909-3744_WBCORR_10CM_efac": 0.08880404800478554,
    "J1909-3744_WBCORR_10CM_log10_tnequad": -9.985947662818651,
    "J1909-3744_band_noise_low_gamma": 0.0015432979232835587,
    "J1909-3744_band_noise_low_log10_A": -19.959438427192097,
    "J1909-3744_basis_ecorr_10CM_log10_ecorr": -9.992220481101672,
    "J1909-3744_basis_ecorr_10CM_uwl_log10_ecorr": -9.998203334563177,
    "J1909-3744_basis_ecorr_20CM_log10_ecorr": -9.995189371079238,
    "J1909-3744_basis_ecorr_20CM_uwl_log10_ecorr": -9.995750450777633,
    "J1909-3744_basis_ecorr_40CM_log10_ecorr": -9.979537003183209,
    "J1909-3744_basis_ecorr_40CM_uwl_log10_ecorr": -9.925313912943862,
    "J1909-3744_basis_ecorr_all_dr2_log10_ecorr": -9.991287533853278,
    "J1909-3744_basis_ecorr_all_uwl_log10_ecorr": -7.46553682727065,
    "J1909-3744_dm_gp_gamma": 1.4940327818715013,
    "J1909-3744_dm_gp_log10_A": -13.71216538643416,
    "J1909-3744_group_noise_CASPSR_40CM_gamma": 0.03564098003990088,
    "J1909-3744_group_noise_CASPSR_40CM_log10_A": -19.297645394253315,
    "J1909-3744_group_noise_CPSR2_50CM_gamma": 0.004818016034455766,
    "J1909-3744_group_noise_CPSR2_50CM_log10_A": -19.990171343779572,
    "J1909-3744_group_noise_PDFB1_1433_gamma": 0.005690963891035069,
    "J1909-3744_group_noise_PDFB1_1433_log10_A": -13.500984458526357,
    "J1909-3744_group_noise_PDFB1_early_20CM_gamma": 0.001390620802087384,
    "J1909-3744_group_noise_PDFB1_early_20CM_log10_A": -19.9994321090287,
    "J1909-3744_hf_noise_gamma": 0.004043380365749314,
    "J1909-3744_hf_noise_log10_A": -19.590056189505546,
    "J1909-3744_red_noise_gamma": 0.6676314218806383,
    "J1909-3744_red_noise_log10_A": -19.376541877076704,
    "nmodel": -0.4988326799533602
}