{
    "J1902-5105_UWL_sbA_efac": 1.617360696770239,
    "J1902-5105_UWL_sbA_log10_tnequad": -5.726009256010912,
    "J1902-5105_UWL_sbB_efac": 1.1538629064389423,
    "J1902-5105_UWL_sbB_log10_tnequad": -6.1505050940396755,
    "J1902-5105_UWL_sbC_efac": 1.421165206499411,
    "J1902-5105_UWL_sbC_log10_tnequad": -5.918222558353762,
    "J1902-5105_UWL_sbD_efac": 1.2477080363413224,
    "J1902-5105_UWL_sbD_log10_tnequad": -6.013810220144279,
    "J1902-5105_UWL_sbE_efac": 1.2704979841196091,
    "J1902-5105_UWL_sbE_log10_tnequad": -5.861881917173913,
    "J1902-5105_UWL_sbF_efac": 1.7115585835950564,
    "J1902-5105_UWL_sbF_log10_tnequad": -5.49148595395404,
    "J1902-5105_basis_ecorr_20CM_uwl_log10_ecorr": -6.1005651488764085,
    "J1902-5105_basis_ecorr_40CM_uwl_log10_ecorr": -6.018287397177509,
    "J1902-5105_basis_ecorr_all_uwl_log10_ecorr": -6.073836859937101,
    "J1902-5105_dm_gp_gamma": 6.957881970989834,
    "J1902-5105_dm_gp_log10_A": -12.570330126996918,
    "J1902-5105_gp_sw_gamma": 3.9761174058713915,
    "J1902-5105_gp_sw_log10_A": -4.9956611404706806,
    "J1902-5105_red_noise_gamma": 6.988303991295725,
    "J1902-5105_red_noise_log10_A": -12.02595178716275,
    "n_earth": 19.850603016205493,
    "nmodel": 0.49849593664088915
}