{
    "J1902-5105_UWL_sbA_efac": 0.5807072860125587,
    "J1902-5105_UWL_sbA_log10_tnequad": -9.992647612490957,
    "J1902-5105_UWL_sbB_efac": 0.6642668419081207,
    "J1902-5105_UWL_sbB_log10_tnequad": -9.994544690869562,
    "J1902-5105_UWL_sbC_efac": 0.7082225023172057,
    "J1902-5105_UWL_sbC_log10_tnequad": -9.993995699776077,
    "J1902-5105_UWL_sbD_efac": 0.6712549005688511,
    "J1902-5105_UWL_sbD_log10_tnequad": -9.994718161624458,
    "J1902-5105_UWL_sbE_efac": 0.7759489002888945,
    "J1902-5105_UWL_sbE_log10_tnequad": -9.993676330078875,
    "J1902-5105_UWL_sbF_efac": 0.06286870930279696,
    "J1902-5105_UWL_sbF_log10_tnequad": -9.992486282282226,
    "J1902-5105_basis_ecorr_20CM_uwl_log10_ecorr": -9.993839009788019,
    "J1902-5105_basis_ecorr_40CM_uwl_log10_ecorr": -9.994357948636262,
    "J1902-5105_basis_ecorr_all_uwl_log10_ecorr": -9.994348618465665,
    "J1902-5105_dm_gp_gamma": 0.004992835460014333,
    "J1902-5105_dm_gp_log10_A": -19.89090000014452,
    "J1902-5105_gp_sw_gamma": -3.9840738524252144,
    "J1902-5105_gp_sw_log10_A": -9.992610677146041,
    "J1902-5105_red_noise_gamma": 0.010328403512855022,
    "J1902-5105_red_noise_log10_A": -19.98852645735408,
    "n_earth": 0.01134684421506682,
    "nmodel": -0.49849789127345673
}