{
    "J1909-3744_CASPSR_40CM_efac": 0.9214516710736941,
    "J1909-3744_CASPSR_40CM_log10_tnequad": -6.976972754089223,
    "J1909-3744_CPSR2_20CM_efac": 1.0006556134600624,
    "J1909-3744_CPSR2_20CM_log10_tnequad": -9.935879178724171,
    "J1909-3744_CPSR2_50CM_efac": 0.8903886200298748,
    "J1909-3744_CPSR2_50CM_log10_tnequad": -9.962419496003605,
    "J1909-3744_PDFB1_10CM_efac": 0.8276197956746801,
    "J1909-3744_PDFB1_10CM_log10_tnequad": -9.998902008398499,
    "J1909-3744_PDFB1_1433_efac": 0.16771602636094357,
    "J1909-3744_PDFB1_1433_log10_tnequad": -9.506246114379971,
    "J1909-3744_PDFB1_20CM_efac": 0.696250343536809,
    "J1909-3744_PDFB1_20CM_log10_tnequad": -9.947923237480934,
    "J1909-3744_PDFB1_early_20CM_efac": 0.6501999415129642,
    "J1909-3744_PDFB1_early_20CM_log10_tnequad": -9.864957178648977,
    "J1909-3744_PDFB_10CM_efac": 0.9184507529385607,
    "J1909-3744_PDFB_10CM_log10_tnequad": -9.981167806719931,
    "J1909-3744_PDFB_20CM_efac": 1.0305008536891882,
    "J1909-3744_PDFB_20CM_log10_tnequad": -9.99854994189445,
    "J1909-3744_PDFB_40CM_efac": 0.17367274253885864,
    "J1909-3744_PDFB_40CM_log10_tnequad": -9.746584962969168,
    "J1909-3744_UWL_CASPSR_20CM_efac": 0.722263436411835,
    "J1909-3744_UWL_CASPSR_20CM_log10_tnequad": -9.6525470449537,
    "J1909-3744_UWL_CASPSR_40CM_efac": 0.7821275941476032,
    "J1909-3744_UWL_CASPSR_40CM_log10_tnequad": -9.921094144258037,
    "J1909-3744_UWL_PDFB4_10CM_efac": 0.9328887179159928,
    "J1909-3744_UWL_PDFB4_10CM_log10_tnequad": -9.98305494094229,
    "J1909-3744_UWL_PDFB4_20CM_efac": 0.9898524279826499,
    "J1909-3744_UWL_PDFB4_20CM_log10_tnequad": -9.706762198127253,
    "J1909-3744_UWL_sbA_efac": 0.7438629523456239,
    "J1909-3744_UWL_sbA_log10_tnequad": -9.871870963602895,
    "J1909-3744_UWL_sbB_efac": 0.8187604539960722,
    "J1909-3744_UWL_sbB_log10_tnequad": -7.308699630794505,
    "J1909-3744_UWL_sbC_efac": 1.0418469157011943,
    "J1909-3744_UWL_sbC_log10_tnequad": -9.999685105110993,
    "J1909-3744_UWL_sbD_efac": 1.000532857624393,
    "J1909-3744_UWL_sbD_log10_tnequad": -7.359550695859493,
    "J1909-3744_UWL_sbE_efac": 1.0246969001109647,
    "J1909-3744_UWL_sbE_log10_tnequad": -9.844749825630437,
    "J1909-3744_UWL_sbF_efac": 1.0541300436019723,
    "J1909-3744_UWL_sbF_log10_tnequad": -9.150867607353154,
    "J1909-3744_UWL_sbG_efac": 0.9082705791138267,
    "J1909-3744_UWL_sbG_log10_tnequad": -7.673269548225335,
    "J1909-3744_UWL_sbH_efac": 0.953516538034026,
    "J1909-3744_UWL_sbH_log10_tnequad": -9.989330223746688,
    "J1909-3744_WBCORR_10CM_efac": 1.0720687780383558,
    "J1909-3744_WBCORR_10CM_log10_tnequad": -9.979742906007147,
    "J1909-3744_band_noise_low_gamma": 0.01437362103890305,
    "J1909-3744_band_noise_low_log10_A": -19.966690964082943,
    "J1909-3744_basis_ecorr_10CM_log10_ecorr": -9.950564829743179,
    "J1909-3744_basis_ecorr_10CM_uwl_log10_ecorr": -9.999007870732179,
    "J1909-3744_basis_ecorr_20CM_log10_ecorr": -9.940143407393172,
    "J1909-3744_basis_ecorr_20CM_uwl_log10_ecorr": -9.949656665718146,
    "J1909-3744_basis_ecorr_40CM_log10_ecorr": -9.962393086434272,
    "J1909-3744_basis_ecorr_40CM_uwl_log10_ecorr": -7.353907640310471,
    "J1909-3744_basis_ecorr_all_dr2_log10_ecorr": -9.961686596152557,
    "J1909-3744_basis_ecorr_all_uwl_log10_ecorr": -7.45824438418738,
    "J1909-3744_dm_gp_gamma": 1.6489002256639638,
    "J1909-3744_dm_gp_log10_A": -13.763895009432268,
    "J1909-3744_gp_sw_gamma": -1.6354242975768287,
    "J1909-3744_gp_sw_log10_A": -7.167280581362734,
    "J1909-3744_group_noise_CASPSR_40CM_gamma": 0.16728092955692667,
    "J1909-3744_group_noise_CASPSR_40CM_log10_A": -19.827022552881065,
    "J1909-3744_group_noise_CPSR2_50CM_gamma": 0.009073588461362352,
    "J1909-3744_group_noise_CPSR2_50CM_log10_A": -19.63485473270311,
    "J1909-3744_group_noise_PDFB1_1433_gamma": 0.3256358430859855,
    "J1909-3744_group_noise_PDFB1_1433_log10_A": -13.161646587707574,
    "J1909-3744_group_noise_PDFB1_early_20CM_gamma": 3.5193729595317524e-06,
    "J1909-3744_group_noise_PDFB1_early_20CM_log10_A": -19.62894590856537,
    "J1909-3744_hf_noise_gamma": 0.01882679450454713,
    "J1909-3744_hf_noise_log10_A": -19.937550142065902,
    "J1909-3744_red_noise_gamma": 0.13222401456717486,
    "J1909-3744_red_noise_log10_A": -19.97950440853759,
    "n_earth": 0.001023492269276588,
    "nmodel": -0.49908937977148365
}