{
    "J1902-5105_UWL_sbA_efac": 0.594676745395342,
    "J1902-5105_UWL_sbA_log10_tnequad": -9.992829452520605,
    "J1902-5105_UWL_sbB_efac": 0.6589922098044565,
    "J1902-5105_UWL_sbB_log10_tnequad": -9.994991648526799,
    "J1902-5105_UWL_sbC_efac": 0.7242279098629962,
    "J1902-5105_UWL_sbC_log10_tnequad": -9.994156936375624,
    "J1902-5105_UWL_sbD_efac": 0.6595953395868331,
    "J1902-5105_UWL_sbD_log10_tnequad": -9.994216683313368,
    "J1902-5105_UWL_sbE_efac": 0.7756686675277343,
    "J1902-5105_UWL_sbE_log10_tnequad": -9.994550477654245,
    "J1902-5105_UWL_sbF_efac": 0.06623535417461296,
    "J1902-5105_UWL_sbF_log10_tnequad": -9.992584892543075,
    "J1902-5105_basis_ecorr_20CM_uwl_log10_ecorr": -9.993958006578707,
    "J1902-5105_basis_ecorr_40CM_uwl_log10_ecorr": -9.994151647815201,
    "J1902-5105_basis_ecorr_all_uwl_log10_ecorr": -9.994725683876622,
    "J1902-5105_dm_gp_gamma": 0.005192801723041509,
    "J1902-5105_dm_gp_log10_A": -19.881119089375538,
    "J1902-5105_gp_sw_gamma": -3.9742029227784488,
    "J1902-5105_gp_sw_log10_A": -9.992224344212724,
    "J1902-5105_red_noise_gamma": 0.009865360912939547,
    "J1902-5105_red_noise_log10_A": -19.988171861320637,
    "n_earth": 0.011450302577054101,
    "nmodel": -0.4984978076962615
}