{
    "J1902-5105_UWL_sbA_efac": 0.602728074856734,
    "J1902-5105_UWL_sbA_log10_tnequad": -9.992995342109857,
    "J1902-5105_UWL_sbB_efac": 0.6618462474781476,
    "J1902-5105_UWL_sbB_log10_tnequad": -9.994498138680637,
    "J1902-5105_UWL_sbC_efac": 0.7047430451811014,
    "J1902-5105_UWL_sbC_log10_tnequad": -9.993535608261704,
    "J1902-5105_UWL_sbD_efac": 0.6634363459263437,
    "J1902-5105_UWL_sbD_log10_tnequad": -9.99410545325786,
    "J1902-5105_UWL_sbE_efac": 0.7740199564969567,
    "J1902-5105_UWL_sbE_log10_tnequad": -9.994104921239748,
    "J1902-5105_UWL_sbF_efac": 0.0711060899326845,
    "J1902-5105_UWL_sbF_log10_tnequad": -9.99321462060619,
    "J1902-5105_basis_ecorr_20CM_uwl_log10_ecorr": -9.993993155639012,
    "J1902-5105_basis_ecorr_40CM_uwl_log10_ecorr": -9.993882625043652,
    "J1902-5105_basis_ecorr_all_uwl_log10_ecorr": -9.994435412022295,
    "J1902-5105_dm_gp_gamma": 0.003940833009146523,
    "J1902-5105_dm_gp_log10_A": -19.12867206181012,
    "J1902-5105_red_noise_gamma": 0.010356599109971559,
    "J1902-5105_red_noise_log10_A": -19.988601038487882,
    "nmodel": -0.49844633478605693
}