{
    "J1933-6211_UWL_sbA_efac": 0.7790633569564641,
    "J1933-6211_UWL_sbA_log10_tnequad": -9.994007078758322,
    "J1933-6211_UWL_sbB_efac": 0.8873832061323258,
    "J1933-6211_UWL_sbB_log10_tnequad": -9.993830845639991,
    "J1933-6211_UWL_sbC_efac": 0.8609967429494283,
    "J1933-6211_UWL_sbC_log10_tnequad": -9.994575125948078,
    "J1933-6211_UWL_sbD_efac": 0.8632826948064913,
    "J1933-6211_UWL_sbD_log10_tnequad": -9.995082126794719,
    "J1933-6211_UWL_sbE_efac": 0.8086051978288906,
    "J1933-6211_UWL_sbE_log10_tnequad": -9.993892712209702,
    "J1933-6211_UWL_sbF_efac": 0.8721167997466502,
    "J1933-6211_UWL_sbF_log10_tnequad": -9.995164287238135,
    "J1933-6211_UWL_sbG_efac": 0.6769234067654977,
    "J1933-6211_UWL_sbG_log10_tnequad": -9.993511905478039,
    "J1933-6211_UWL_sbH_efac": 0.5457975551032458,
    "J1933-6211_UWL_sbH_log10_tnequad": -9.993302676072682,
    "J1933-6211_basis_ecorr_10CM_uwl_log10_ecorr": -9.994438460051976,
    "J1933-6211_basis_ecorr_20CM_uwl_log10_ecorr": -9.993098559404281,
    "J1933-6211_basis_ecorr_40CM_uwl_log10_ecorr": -9.993844230158272,
    "J1933-6211_basis_ecorr_all_uwl_log10_ecorr": -9.96641368266977,
    "J1933-6211_dm_gp_gamma": 0.009938301491897228,
    "J1933-6211_dm_gp_log10_A": -19.990614742496813,
    "J1933-6211_gp_sw_gamma": -3.981294506719003,
    "J1933-6211_gp_sw_log10_A": -9.99415933911476,
    "J1933-6211_red_noise_gamma": 0.009849613737790253,
    "J1933-6211_red_noise_log10_A": -19.989151431864933,
    "n_earth": 0.014366605903816776,
    "nmodel": -0.498476952242776
}