{
    "J1933-6211_UWL_sbA_efac": 1.546670909681507,
    "J1933-6211_UWL_sbA_log10_tnequad": -5.764332470800056,
    "J1933-6211_UWL_sbB_efac": 1.4048516765092534,
    "J1933-6211_UWL_sbB_log10_tnequad": -5.872071960026131,
    "J1933-6211_UWL_sbC_efac": 1.369087990040047,
    "J1933-6211_UWL_sbC_log10_tnequad": -5.919932729686354,
    "J1933-6211_UWL_sbD_efac": 1.268363343183822,
    "J1933-6211_UWL_sbD_log10_tnequad": -6.11286075855277,
    "J1933-6211_UWL_sbE_efac": 1.2426307323076888,
    "J1933-6211_UWL_sbE_log10_tnequad": -5.808062182627995,
    "J1933-6211_UWL_sbF_efac": 1.2430482939504401,
    "J1933-6211_UWL_sbF_log10_tnequad": -6.210599660863935,
    "J1933-6211_UWL_sbG_efac": 1.1467259012116655,
    "J1933-6211_UWL_sbG_log10_tnequad": -5.79931657522274,
    "J1933-6211_UWL_sbH_efac": 1.318135957229929,
    "J1933-6211_UWL_sbH_log10_tnequad": -5.528219343496864,
    "J1933-6211_basis_ecorr_10CM_uwl_log10_ecorr": -5.951332939445618,
    "J1933-6211_basis_ecorr_20CM_uwl_log10_ecorr": -5.961878161073189,
    "J1933-6211_basis_ecorr_40CM_uwl_log10_ecorr": -5.936797008568831,
    "J1933-6211_basis_ecorr_all_uwl_log10_ecorr": -5.986607164891277,
    "J1933-6211_dm_gp_gamma": 6.988147725842343,
    "J1933-6211_dm_gp_log10_A": -13.20083540246112,
    "J1933-6211_gp_sw_gamma": 3.982829176764168,
    "J1933-6211_gp_sw_log10_A": -5.4073037893688305,
    "J1933-6211_red_noise_gamma": 6.9885083762642894,
    "J1933-6211_red_noise_log10_A": -12.245987513943541,
    "n_earth": 19.829938950260203,
    "nmodel": 0.49850494232960196
}