{
    "J1933-6211_UWL_sbA_efac": 0.782568015362122,
    "J1933-6211_UWL_sbA_log10_tnequad": -9.994421700572598,
    "J1933-6211_UWL_sbB_efac": 0.8876835993271954,
    "J1933-6211_UWL_sbB_log10_tnequad": -9.993356024550357,
    "J1933-6211_UWL_sbC_efac": 0.8600521813382345,
    "J1933-6211_UWL_sbC_log10_tnequad": -9.994314019527614,
    "J1933-6211_UWL_sbD_efac": 0.8628435400859527,
    "J1933-6211_UWL_sbD_log10_tnequad": -9.995048806940554,
    "J1933-6211_UWL_sbE_efac": 0.81168302186604,
    "J1933-6211_UWL_sbE_log10_tnequad": -9.993106787386688,
    "J1933-6211_UWL_sbF_efac": 0.8711288225913535,
    "J1933-6211_UWL_sbF_log10_tnequad": -9.994868784913864,
    "J1933-6211_UWL_sbG_efac": 0.6754121159246527,
    "J1933-6211_UWL_sbG_log10_tnequad": -9.993508509920817,
    "J1933-6211_UWL_sbH_efac": 0.5490699012568026,
    "J1933-6211_UWL_sbH_log10_tnequad": -9.99253933339884,
    "J1933-6211_basis_ecorr_10CM_uwl_log10_ecorr": -9.994361812541184,
    "J1933-6211_basis_ecorr_20CM_uwl_log10_ecorr": -9.993229553176734,
    "J1933-6211_basis_ecorr_40CM_uwl_log10_ecorr": -9.994294380078326,
    "J1933-6211_basis_ecorr_all_uwl_log10_ecorr": -9.965550143963796,
    "J1933-6211_dm_gp_gamma": 0.010306499109133171,
    "J1933-6211_dm_gp_log10_A": -19.990535952145724,
    "J1933-6211_gp_sw_gamma": -3.9709811457226367,
    "J1933-6211_gp_sw_log10_A": -9.994101586384126,
    "J1933-6211_red_noise_gamma": 0.009498571561033842,
    "J1933-6211_red_noise_log10_A": -19.988995499012166,
    "n_earth": 0.014409540485192076,
    "nmodel": -0.4985098483643174
}