{
    "J1939+2134_CASPSR_40CM_efac": 2.0281713511609545,
    "J1939+2134_CASPSR_40CM_log10_tnequad": -6.778535397798055,
    "J1939+2134_CPSR2_20CM_efac": 1.316456377285688,
    "J1939+2134_CPSR2_20CM_log10_tnequad": -6.9504278499938525,
    "J1939+2134_CPSR2_50CM_efac": 2.1544568715144923,
    "J1939+2134_CPSR2_50CM_log10_tnequad": -6.995844925746834,
    "J1939+2134_PDFB_10CM_efac": 1.107498323454356,
    "J1939+2134_PDFB_10CM_log10_tnequad": -6.869888287896762,
    "J1939+2134_PDFB_20CM_efac": 0.6893992801692174,
    "J1939+2134_PDFB_20CM_log10_tnequad": -6.532287842814951,
    "J1939+2134_UWL_sbA_efac": 3.7878246812308674,
    "J1939+2134_UWL_sbA_log10_tnequad": -6.423629207047628,
    "J1939+2134_UWL_sbB_efac": 2.4991461263219223,
    "J1939+2134_UWL_sbB_log10_tnequad": -6.734333261672972,
    "J1939+2134_UWL_sbC_efac": 2.970747797427661,
    "J1939+2134_UWL_sbC_log10_tnequad": -6.954556912991067,
    "J1939+2134_UWL_sbD_efac": 2.7549932488901594,
    "J1939+2134_UWL_sbD_log10_tnequad": -6.880476099084253,
    "J1939+2134_UWL_sbE_efac": 2.0064806717324934,
    "J1939+2134_UWL_sbE_log10_tnequad": -7.011629937203646,
    "J1939+2134_UWL_sbF_efac": 1.931548892437887,
    "J1939+2134_UWL_sbF_log10_tnequad": -6.830052404611153,
    "J1939+2134_UWL_sbG_efac": 1.7108424487810707,
    "J1939+2134_UWL_sbG_log10_tnequad": -6.829411108870404,
    "J1939+2134_UWL_sbH_efac": 2.0014640038775187,
    "J1939+2134_UWL_sbH_log10_tnequad": -6.712212017265097,
    "J1939+2134_band_noise_low_gamma": 6.979469968626333,
    "J1939+2134_band_noise_low_log10_A": -13.268801369307088,
    "J1939+2134_basis_ecorr_10CM_log10_ecorr": -7.073179981160806,
    "J1939+2134_basis_ecorr_10CM_uwl_log10_ecorr": -6.693717530979337,
    "J1939+2134_basis_ecorr_20CM_log10_ecorr": -6.964741124236219,
    "J1939+2134_basis_ecorr_20CM_uwl_log10_ecorr": -6.947935028013472,
    "J1939+2134_basis_ecorr_40CM_log10_ecorr": -6.173422420641285,
    "J1939+2134_basis_ecorr_40CM_uwl_log10_ecorr": -6.446794639804431,
    "J1939+2134_basis_ecorr_all_dr2_log10_ecorr": -7.060766011121091,
    "J1939+2134_basis_ecorr_all_uwl_log10_ecorr": -6.822059369711353,
    "J1939+2134_chrom_gp_gamma": 2.9088211053813953,
    "J1939+2134_chrom_gp_log10_A": -13.573663574052535,
    "J1939+2134_dm_gp_gamma": 3.3884589539042294,
    "J1939+2134_dm_gp_log10_A": -12.784357430279245,
    "J1939+2134_red_noise_gamma": 6.997294661735354,
    "J1939+2134_red_noise_log10_A": -13.747705906531746,
    "nmodel": 0.4985012444866857
}