{
    "J1939+2134_CASPSR_40CM_efac": 2.0091168282332346,
    "J1939+2134_CASPSR_40CM_log10_tnequad": -6.804962385603081,
    "J1939+2134_CPSR2_20CM_efac": 1.3146873303802915,
    "J1939+2134_CPSR2_20CM_log10_tnequad": -6.957061244017485,
    "J1939+2134_CPSR2_50CM_efac": 2.1505302479805657,
    "J1939+2134_CPSR2_50CM_log10_tnequad": -7.002895231999654,
    "J1939+2134_PDFB_10CM_efac": 1.1045278662171745,
    "J1939+2134_PDFB_10CM_log10_tnequad": -6.87618582409007,
    "J1939+2134_PDFB_20CM_efac": 0.7145811149727219,
    "J1939+2134_PDFB_20CM_log10_tnequad": -6.520271165624334,
    "J1939+2134_UWL_sbA_efac": 3.6885054995308235,
    "J1939+2134_UWL_sbA_log10_tnequad": -6.422484051245119,
    "J1939+2134_UWL_sbB_efac": 2.517428387516456,
    "J1939+2134_UWL_sbB_log10_tnequad": -6.733648232936577,
    "J1939+2134_UWL_sbC_efac": 2.9490965704050947,
    "J1939+2134_UWL_sbC_log10_tnequad": -6.963395871936228,
    "J1939+2134_UWL_sbD_efac": 2.7423229026536218,
    "J1939+2134_UWL_sbD_log10_tnequad": -6.880581863109832,
    "J1939+2134_UWL_sbE_efac": 1.9786795593889936,
    "J1939+2134_UWL_sbE_log10_tnequad": -7.0150170555668385,
    "J1939+2134_UWL_sbF_efac": 1.8136060813556616,
    "J1939+2134_UWL_sbF_log10_tnequad": -6.826639102666716,
    "J1939+2134_UWL_sbG_efac": 1.6876363654405413,
    "J1939+2134_UWL_sbG_log10_tnequad": -6.825532368809362,
    "J1939+2134_UWL_sbH_efac": 1.9778766757028678,
    "J1939+2134_UWL_sbH_log10_tnequad": -6.6902228648913065,
    "J1939+2134_band_noise_low_gamma": 6.9806729460238195,
    "J1939+2134_band_noise_low_log10_A": -13.260517266756844,
    "J1939+2134_basis_ecorr_10CM_log10_ecorr": -7.08662720983912,
    "J1939+2134_basis_ecorr_10CM_uwl_log10_ecorr": -6.695867966605205,
    "J1939+2134_basis_ecorr_20CM_log10_ecorr": -6.958428569027166,
    "J1939+2134_basis_ecorr_20CM_uwl_log10_ecorr": -6.952975575156544,
    "J1939+2134_basis_ecorr_40CM_log10_ecorr": -6.170155979807642,
    "J1939+2134_basis_ecorr_40CM_uwl_log10_ecorr": -6.452458846933082,
    "J1939+2134_basis_ecorr_all_dr2_log10_ecorr": -7.068311146137443,
    "J1939+2134_basis_ecorr_all_uwl_log10_ecorr": -6.822907911078069,
    "J1939+2134_chrom_gp_gamma": 2.902253678176619,
    "J1939+2134_chrom_gp_log10_A": -13.567306077477523,
    "J1939+2134_dm_gp_gamma": 3.3797454638404583,
    "J1939+2134_dm_gp_log10_A": -12.786052212935934,
    "J1939+2134_gp_sw_gamma": 3.9890162693303273,
    "J1939+2134_gp_sw_log10_A": -5.597141760461805,
    "J1939+2134_red_noise_gamma": 6.997320529535872,
    "J1939+2134_red_noise_log10_A": -13.738809074178246,
    "n_earth": 19.667586362282293,
    "nmodel": 0.4984545289443819
}