{
    "J1939+2134_CASPSR_40CM_efac": 0.409630647633648,
    "J1939+2134_CASPSR_40CM_log10_tnequad": -9.995681075327335,
    "J1939+2134_CPSR2_20CM_efac": 0.7784791887854802,
    "J1939+2134_CPSR2_20CM_log10_tnequad": -9.794948889735302,
    "J1939+2134_CPSR2_50CM_efac": 1.4724330590568526,
    "J1939+2134_CPSR2_50CM_log10_tnequad": -9.995222141165282,
    "J1939+2134_PDFB_10CM_efac": 0.8645454083659595,
    "J1939+2134_PDFB_10CM_log10_tnequad": -9.99595786692742,
    "J1939+2134_PDFB_20CM_efac": 0.0145832872890541,
    "J1939+2134_PDFB_20CM_log10_tnequad": -9.99429831708154,
    "J1939+2134_UWL_sbA_efac": 0.26994325213428394,
    "J1939+2134_UWL_sbA_log10_tnequad": -9.994792790235724,
    "J1939+2134_UWL_sbB_efac": 0.035975262221259546,
    "J1939+2134_UWL_sbB_log10_tnequad": -9.782018298733298,
    "J1939+2134_UWL_sbC_efac": 1.4958665239702271,
    "J1939+2134_UWL_sbC_log10_tnequad": -9.996157960119039,
    "J1939+2134_UWL_sbD_efac": 0.11281160082299778,
    "J1939+2134_UWL_sbD_log10_tnequad": -9.99366702734485,
    "J1939+2134_UWL_sbE_efac": 0.6904012716588288,
    "J1939+2134_UWL_sbE_log10_tnequad": -9.99559768344629,
    "J1939+2134_UWL_sbF_efac": 0.07127324063951446,
    "J1939+2134_UWL_sbF_log10_tnequad": -9.903646830881776,
    "J1939+2134_UWL_sbG_efac": 0.7039517786420059,
    "J1939+2134_UWL_sbG_log10_tnequad": -9.994521153010671,
    "J1939+2134_UWL_sbH_efac": 0.7283614128995117,
    "J1939+2134_UWL_sbH_log10_tnequad": -9.994720038861844,
    "J1939+2134_band_noise_low_gamma": 0.0065612215711020605,
    "J1939+2134_band_noise_low_log10_A": -19.98869674514425,
    "J1939+2134_basis_ecorr_10CM_log10_ecorr": -9.996030849641935,
    "J1939+2134_basis_ecorr_10CM_uwl_log10_ecorr": -9.994066402111144,
    "J1939+2134_basis_ecorr_20CM_log10_ecorr": -9.985154852694453,
    "J1939+2134_basis_ecorr_20CM_uwl_log10_ecorr": -9.995828061575168,
    "J1939+2134_basis_ecorr_40CM_log10_ecorr": -6.4935634386259835,
    "J1939+2134_basis_ecorr_40CM_uwl_log10_ecorr": -9.986332591748692,
    "J1939+2134_basis_ecorr_all_dr2_log10_ecorr": -9.994923368813048,
    "J1939+2134_basis_ecorr_all_uwl_log10_ecorr": -9.994920095473379,
    "J1939+2134_chrom_gp_gamma": 0.018852659743123334,
    "J1939+2134_chrom_gp_log10_A": -14.201322551134199,
    "J1939+2134_dm_gp_gamma": 2.3048642547673373,
    "J1939+2134_dm_gp_log10_A": -13.044454088500933,
    "J1939+2134_gp_sw_gamma": -3.979022915043278,
    "J1939+2134_gp_sw_log10_A": -9.993721233099402,
    "J1939+2134_red_noise_gamma": 4.1933697601921525,
    "J1939+2134_red_noise_log10_A": -15.144738088508534,
    "n_earth": 0.016142701748723676,
    "nmodel": -0.49851482157622073
}