{
    "J1933-6211_UWL_sbA_efac": 0.779802632351019,
    "J1933-6211_UWL_sbA_log10_tnequad": -9.994184355274816,
    "J1933-6211_UWL_sbB_efac": 0.8840683857053565,
    "J1933-6211_UWL_sbB_log10_tnequad": -9.99365010381561,
    "J1933-6211_UWL_sbC_efac": 0.8587116830946561,
    "J1933-6211_UWL_sbC_log10_tnequad": -9.994567674622756,
    "J1933-6211_UWL_sbD_efac": 0.8627160098297644,
    "J1933-6211_UWL_sbD_log10_tnequad": -9.994962110463469,
    "J1933-6211_UWL_sbE_efac": 0.8075107082538165,
    "J1933-6211_UWL_sbE_log10_tnequad": -9.993740106310412,
    "J1933-6211_UWL_sbF_efac": 0.869293188752798,
    "J1933-6211_UWL_sbF_log10_tnequad": -9.995013350434435,
    "J1933-6211_UWL_sbG_efac": 0.6787469061394443,
    "J1933-6211_UWL_sbG_log10_tnequad": -9.993821661307681,
    "J1933-6211_UWL_sbH_efac": 0.545016423370238,
    "J1933-6211_UWL_sbH_log10_tnequad": -9.992781131920431,
    "J1933-6211_basis_ecorr_10CM_uwl_log10_ecorr": -9.994317801588245,
    "J1933-6211_basis_ecorr_20CM_uwl_log10_ecorr": -9.993019260091557,
    "J1933-6211_basis_ecorr_40CM_uwl_log10_ecorr": -9.994386583724516,
    "J1933-6211_basis_ecorr_all_uwl_log10_ecorr": -9.96777921841152,
    "J1933-6211_dm_gp_gamma": 0.009844799790708387,
    "J1933-6211_dm_gp_log10_A": -19.991033607254785,
    "J1933-6211_red_noise_gamma": 0.009566379440446022,
    "J1933-6211_red_noise_log10_A": -19.98904042705165,
    "nmodel": -0.4984598701436392
}