{
    "J1933-6211_UWL_sbA_efac": 1.5449565340868219,
    "J1933-6211_UWL_sbA_log10_tnequad": -5.753607594863057,
    "J1933-6211_UWL_sbB_efac": 1.404462694638643,
    "J1933-6211_UWL_sbB_log10_tnequad": -5.873656378820793,
    "J1933-6211_UWL_sbC_efac": 1.3632891367763988,
    "J1933-6211_UWL_sbC_log10_tnequad": -5.92435001583713,
    "J1933-6211_UWL_sbD_efac": 1.2677061261945524,
    "J1933-6211_UWL_sbD_log10_tnequad": -6.113138129930695,
    "J1933-6211_UWL_sbE_efac": 1.2392828405797958,
    "J1933-6211_UWL_sbE_log10_tnequad": -5.805743263315612,
    "J1933-6211_UWL_sbF_efac": 1.2429396039570755,
    "J1933-6211_UWL_sbF_log10_tnequad": -6.216554530834697,
    "J1933-6211_UWL_sbG_efac": 1.1508887436399382,
    "J1933-6211_UWL_sbG_log10_tnequad": -5.803314269072335,
    "J1933-6211_UWL_sbH_efac": 1.3183717153931311,
    "J1933-6211_UWL_sbH_log10_tnequad": -5.534250937385544,
    "J1933-6211_basis_ecorr_10CM_uwl_log10_ecorr": -5.941346077803745,
    "J1933-6211_basis_ecorr_20CM_uwl_log10_ecorr": -5.958660344182285,
    "J1933-6211_basis_ecorr_40CM_uwl_log10_ecorr": -5.941605383213258,
    "J1933-6211_basis_ecorr_all_uwl_log10_ecorr": -5.990183309235397,
    "J1933-6211_dm_gp_gamma": 6.9880283488603805,
    "J1933-6211_dm_gp_log10_A": -13.200398149539254,
    "J1933-6211_red_noise_gamma": 6.9886406671528425,
    "J1933-6211_red_noise_log10_A": -12.209449696033184,
    "nmodel": 0.49848805034230614
}