{
    "J1939+2134_CASPSR_40CM_efac": 0.1813582754112544,
    "J1939+2134_CASPSR_40CM_log10_tnequad": -9.994975610418825,
    "J1939+2134_CPSR2_20CM_efac": 0.7885314069082116,
    "J1939+2134_CPSR2_20CM_log10_tnequad": -9.769534955955077,
    "J1939+2134_CPSR2_50CM_efac": 1.4273756696019004,
    "J1939+2134_CPSR2_50CM_log10_tnequad": -9.995990043371593,
    "J1939+2134_PDFB_10CM_efac": 0.8680525566671339,
    "J1939+2134_PDFB_10CM_log10_tnequad": -9.994342037151872,
    "J1939+2134_PDFB_20CM_efac": 0.014962821681717657,
    "J1939+2134_PDFB_20CM_log10_tnequad": -9.994621330622818,
    "J1939+2134_UWL_sbA_efac": 0.14997302134272933,
    "J1939+2134_UWL_sbA_log10_tnequad": -9.99460942129784,
    "J1939+2134_UWL_sbB_efac": 0.033116876187050545,
    "J1939+2134_UWL_sbB_log10_tnequad": -9.897146598979777,
    "J1939+2134_UWL_sbC_efac": 1.4550007958107214,
    "J1939+2134_UWL_sbC_log10_tnequad": -9.99654115141676,
    "J1939+2134_UWL_sbD_efac": 0.11297401449194999,
    "J1939+2134_UWL_sbD_log10_tnequad": -9.99212882026471,
    "J1939+2134_UWL_sbE_efac": 0.6903509696796508,
    "J1939+2134_UWL_sbE_log10_tnequad": -9.99553131442768,
    "J1939+2134_UWL_sbF_efac": 0.0714683325160377,
    "J1939+2134_UWL_sbF_log10_tnequad": -9.872218875766329,
    "J1939+2134_UWL_sbG_efac": 0.658351416626592,
    "J1939+2134_UWL_sbG_log10_tnequad": -9.995322053832181,
    "J1939+2134_UWL_sbH_efac": 0.6906129212923222,
    "J1939+2134_UWL_sbH_log10_tnequad": -9.995825327126543,
    "J1939+2134_band_noise_low_gamma": 0.007422726178874517,
    "J1939+2134_band_noise_low_log10_A": -19.9885936831913,
    "J1939+2134_basis_ecorr_10CM_log10_ecorr": -9.995892742541258,
    "J1939+2134_basis_ecorr_10CM_uwl_log10_ecorr": -9.994166894680873,
    "J1939+2134_basis_ecorr_20CM_log10_ecorr": -9.982763512392335,
    "J1939+2134_basis_ecorr_20CM_uwl_log10_ecorr": -9.99500745498359,
    "J1939+2134_basis_ecorr_40CM_log10_ecorr": -6.491064868483808,
    "J1939+2134_basis_ecorr_40CM_uwl_log10_ecorr": -9.984302890997197,
    "J1939+2134_basis_ecorr_all_dr2_log10_ecorr": -9.995011985185677,
    "J1939+2134_basis_ecorr_all_uwl_log10_ecorr": -9.995266595369044,
    "J1939+2134_chrom_gp_gamma": 0.019864379103793423,
    "J1939+2134_chrom_gp_log10_A": -14.210819093179676,
    "J1939+2134_dm_gp_gamma": 2.3164439919822946,
    "J1939+2134_dm_gp_log10_A": -13.007236562120726,
    "J1939+2134_red_noise_gamma": 4.226249952889082,
    "J1939+2134_red_noise_log10_A": -15.145905042813649,
    "nmodel": -0.4984581080995871
}