{
    "J1939+2134_CASPSR_40CM_efac": 0.3200627314072201,
    "J1939+2134_CASPSR_40CM_log10_tnequad": -9.993607489991833,
    "J1939+2134_CPSR2_20CM_efac": 0.8006889852175751,
    "J1939+2134_CPSR2_20CM_log10_tnequad": -9.699733582491612,
    "J1939+2134_CPSR2_50CM_efac": 1.4618167448227892,
    "J1939+2134_CPSR2_50CM_log10_tnequad": -9.994932723117692,
    "J1939+2134_PDFB_10CM_efac": 0.874066410171418,
    "J1939+2134_PDFB_10CM_log10_tnequad": -9.996503753424927,
    "J1939+2134_PDFB_20CM_efac": 0.013644946728444293,
    "J1939+2134_PDFB_20CM_log10_tnequad": -9.995184632016322,
    "J1939+2134_UWL_sbA_efac": 0.270189724714863,
    "J1939+2134_UWL_sbA_log10_tnequad": -9.994554998238337,
    "J1939+2134_UWL_sbB_efac": 0.03142027399975737,
    "J1939+2134_UWL_sbB_log10_tnequad": -9.771492815721555,
    "J1939+2134_UWL_sbC_efac": 1.4813009754874502,
    "J1939+2134_UWL_sbC_log10_tnequad": -9.996166371894352,
    "J1939+2134_UWL_sbD_efac": 0.12091070337718707,
    "J1939+2134_UWL_sbD_log10_tnequad": -9.991475111817737,
    "J1939+2134_UWL_sbE_efac": 0.6910104183187218,
    "J1939+2134_UWL_sbE_log10_tnequad": -9.994111817891376,
    "J1939+2134_UWL_sbF_efac": 0.08363693389395986,
    "J1939+2134_UWL_sbF_log10_tnequad": -9.814605402291754,
    "J1939+2134_UWL_sbG_efac": 0.6930708203937006,
    "J1939+2134_UWL_sbG_log10_tnequad": -9.996245248920056,
    "J1939+2134_UWL_sbH_efac": 0.6315001646489841,
    "J1939+2134_UWL_sbH_log10_tnequad": -9.996509087823227,
    "J1939+2134_band_noise_low_gamma": 0.008217164798381714,
    "J1939+2134_band_noise_low_log10_A": -19.988495636547636,
    "J1939+2134_basis_ecorr_10CM_log10_ecorr": -9.996133680827333,
    "J1939+2134_basis_ecorr_10CM_uwl_log10_ecorr": -9.993834918560218,
    "J1939+2134_basis_ecorr_20CM_log10_ecorr": -9.982898112648567,
    "J1939+2134_basis_ecorr_20CM_uwl_log10_ecorr": -9.99495646339017,
    "J1939+2134_basis_ecorr_40CM_log10_ecorr": -6.485686949719852,
    "J1939+2134_basis_ecorr_40CM_uwl_log10_ecorr": -9.986305862704144,
    "J1939+2134_basis_ecorr_all_dr2_log10_ecorr": -9.99468966885823,
    "J1939+2134_basis_ecorr_all_uwl_log10_ecorr": -9.994947476557872,
    "J1939+2134_chrom_gp_gamma": 0.018856984703359322,
    "J1939+2134_chrom_gp_log10_A": -14.199282129923759,
    "J1939+2134_dm_gp_gamma": 2.3090847717434664,
    "J1939+2134_dm_gp_log10_A": -13.042585907078344,
    "J1939+2134_gp_sw_gamma": -3.9787758489700944,
    "J1939+2134_gp_sw_log10_A": -9.993934507762102,
    "J1939+2134_red_noise_gamma": 4.189776196359521,
    "J1939+2134_red_noise_log10_A": -15.13698743698409,
    "n_earth": 0.017141410249517985,
    "nmodel": -0.4985487485012814
}