{
    "J1939+2134_CASPSR_40CM_efac": 2.07830532525675,
    "J1939+2134_CASPSR_40CM_log10_tnequad": -6.802357096490866,
    "J1939+2134_CPSR2_20CM_efac": 1.3085905925391876,
    "J1939+2134_CPSR2_20CM_log10_tnequad": -6.946084467707477,
    "J1939+2134_CPSR2_50CM_efac": 2.1586866805191782,
    "J1939+2134_CPSR2_50CM_log10_tnequad": -7.003317611199567,
    "J1939+2134_PDFB_10CM_efac": 1.1024227909569135,
    "J1939+2134_PDFB_10CM_log10_tnequad": -6.87939048064173,
    "J1939+2134_PDFB_20CM_efac": 0.7205405088844093,
    "J1939+2134_PDFB_20CM_log10_tnequad": -6.527347834474229,
    "J1939+2134_UWL_sbA_efac": 3.7728265279161484,
    "J1939+2134_UWL_sbA_log10_tnequad": -6.430480277158847,
    "J1939+2134_UWL_sbB_efac": 2.563475776100145,
    "J1939+2134_UWL_sbB_log10_tnequad": -6.731857282694034,
    "J1939+2134_UWL_sbC_efac": 2.905362594109867,
    "J1939+2134_UWL_sbC_log10_tnequad": -6.965324778525999,
    "J1939+2134_UWL_sbD_efac": 2.7642546104017063,
    "J1939+2134_UWL_sbD_log10_tnequad": -6.876547266320716,
    "J1939+2134_UWL_sbE_efac": 1.9896080421838533,
    "J1939+2134_UWL_sbE_log10_tnequad": -7.011534782562104,
    "J1939+2134_UWL_sbF_efac": 1.8855688082653574,
    "J1939+2134_UWL_sbF_log10_tnequad": -6.824055658904568,
    "J1939+2134_UWL_sbG_efac": 1.6678634439643045,
    "J1939+2134_UWL_sbG_log10_tnequad": -6.854932782747271,
    "J1939+2134_UWL_sbH_efac": 1.9576069481279237,
    "J1939+2134_UWL_sbH_log10_tnequad": -6.738714079479493,
    "J1939+2134_band_noise_low_gamma": 6.978595614656312,
    "J1939+2134_band_noise_low_log10_A": -13.265483227094423,
    "J1939+2134_basis_ecorr_10CM_log10_ecorr": -7.079200508956333,
    "J1939+2134_basis_ecorr_10CM_uwl_log10_ecorr": -6.702306224703397,
    "J1939+2134_basis_ecorr_20CM_log10_ecorr": -6.961387436952657,
    "J1939+2134_basis_ecorr_20CM_uwl_log10_ecorr": -6.9544691350900125,
    "J1939+2134_basis_ecorr_40CM_log10_ecorr": -6.174542346048593,
    "J1939+2134_basis_ecorr_40CM_uwl_log10_ecorr": -6.455566260501362,
    "J1939+2134_basis_ecorr_all_dr2_log10_ecorr": -7.063263216920907,
    "J1939+2134_basis_ecorr_all_uwl_log10_ecorr": -6.825513582447223,
    "J1939+2134_chrom_gp_gamma": 2.873283020355109,
    "J1939+2134_chrom_gp_log10_A": -13.569169975757946,
    "J1939+2134_dm_gp_gamma": 3.366438181954207,
    "J1939+2134_dm_gp_log10_A": -12.789334713426918,
    "J1939+2134_gp_sw_gamma": 3.990731197893577,
    "J1939+2134_gp_sw_log10_A": 0.9505528746001879,
    "J1939+2134_red_noise_gamma": 6.99755125547539,
    "J1939+2134_red_noise_log10_A": -13.731252845641906,
    "n_earth": 19.660044474715278,
    "nmodel": 0.49853246660052253
}