{
    "J1933-6211_UWL_sbA_efac": 1.5462584671563568,
    "J1933-6211_UWL_sbA_log10_tnequad": -5.751861098184781,
    "J1933-6211_UWL_sbB_efac": 1.4067498378430727,
    "J1933-6211_UWL_sbB_log10_tnequad": -5.87427724757557,
    "J1933-6211_UWL_sbC_efac": 1.3657280506734624,
    "J1933-6211_UWL_sbC_log10_tnequad": -5.916148668749473,
    "J1933-6211_UWL_sbD_efac": 1.2637003536364073,
    "J1933-6211_UWL_sbD_log10_tnequad": -6.119158310669015,
    "J1933-6211_UWL_sbE_efac": 1.2452384604948166,
    "J1933-6211_UWL_sbE_log10_tnequad": -5.804530784637434,
    "J1933-6211_UWL_sbF_efac": 1.2483992701377238,
    "J1933-6211_UWL_sbF_log10_tnequad": -6.217550402055761,
    "J1933-6211_UWL_sbG_efac": 1.1526126776349588,
    "J1933-6211_UWL_sbG_log10_tnequad": -5.8030774584268165,
    "J1933-6211_UWL_sbH_efac": 1.320840805406808,
    "J1933-6211_UWL_sbH_log10_tnequad": -5.530902543188169,
    "J1933-6211_basis_ecorr_10CM_uwl_log10_ecorr": -5.948361682536638,
    "J1933-6211_basis_ecorr_20CM_uwl_log10_ecorr": -5.963564264411352,
    "J1933-6211_basis_ecorr_40CM_uwl_log10_ecorr": -5.93852831613307,
    "J1933-6211_basis_ecorr_all_uwl_log10_ecorr": -5.986180563543515,
    "J1933-6211_dm_gp_gamma": 6.988447868807566,
    "J1933-6211_dm_gp_log10_A": -13.201302824117281,
    "J1933-6211_gp_sw_gamma": 3.989574168579411,
    "J1933-6211_gp_sw_log10_A": -5.373004934729934,
    "J1933-6211_red_noise_gamma": 6.9879099559022295,
    "J1933-6211_red_noise_log10_A": -12.255587574778545,
    "n_earth": 19.839687690199863,
    "nmodel": 0.4984841874197452
}