{
    "J2129-5721_CASPSR_40CM_efac": 0.8918938138169376,
    "J2129-5721_CASPSR_40CM_log10_tnequad": -9.994313124033805,
    "J2129-5721_CPSR2_50CM_efac": 0.8653642503357651,
    "J2129-5721_CPSR2_50CM_log10_tnequad": -9.995509966796602,
    "J2129-5721_PDFB1_20CM_efac": 0.8656719021530883,
    "J2129-5721_PDFB1_20CM_log10_tnequad": -9.995560583877593,
    "J2129-5721_PDFB1_early_20CM_efac": 0.5695054165323025,
    "J2129-5721_PDFB1_early_20CM_log10_tnequad": -9.993004539568982,
    "J2129-5721_PDFB_20CM_efac": 0.9578518491231415,
    "J2129-5721_PDFB_20CM_log10_tnequad": -9.991281695876724,
    "J2129-5721_PDFB_40CM_efac": 0.8134822085334643,
    "J2129-5721_PDFB_40CM_log10_tnequad": -9.993959694079193,
    "J2129-5721_UWL_CASPSR_40CM_efac": 0.35440887733912696,
    "J2129-5721_UWL_CASPSR_40CM_log10_tnequad": -9.989114452525031,
    "J2129-5721_UWL_PDFB4_20CM_efac": 0.9596082524119752,
    "J2129-5721_UWL_PDFB4_20CM_log10_tnequad": -9.99235016947744,
    "J2129-5721_UWL_sbA_efac": 0.8662533779260992,
    "J2129-5721_UWL_sbA_log10_tnequad": -9.99400807505275,
    "J2129-5721_UWL_sbB_efac": 1.0761836298957483,
    "J2129-5721_UWL_sbB_log10_tnequad": -9.994036748981344,
    "J2129-5721_UWL_sbC_efac": 1.0121113158548398,
    "J2129-5721_UWL_sbC_log10_tnequad": -9.994077515234126,
    "J2129-5721_UWL_sbD_efac": 1.1575817800329102,
    "J2129-5721_UWL_sbD_log10_tnequad": -9.99223936292907,
    "J2129-5721_UWL_sbE_efac": 0.8569001871302137,
    "J2129-5721_UWL_sbE_log10_tnequad": -9.993661122384728,
    "J2129-5721_UWL_sbF_efac": 0.8673644624863237,
    "J2129-5721_UWL_sbF_log10_tnequad": -9.99324509547162,
    "J2129-5721_UWL_sbG_efac": 0.6818107490348312,
    "J2129-5721_UWL_sbG_log10_tnequad": -9.994202518556522,
    "J2129-5721_basis_ecorr_10CM_uwl_log10_ecorr": -9.994092171767173,
    "J2129-5721_basis_ecorr_20CM_log10_ecorr": -9.99269007208625,
    "J2129-5721_basis_ecorr_20CM_uwl_log10_ecorr": -9.995751011077079,
    "J2129-5721_basis_ecorr_40CM_log10_ecorr": -9.995795791274658,
    "J2129-5721_basis_ecorr_40CM_uwl_log10_ecorr": -9.993591185212177,
    "J2129-5721_basis_ecorr_all_dr2_log10_ecorr": -9.988293327048007,
    "J2129-5721_basis_ecorr_all_uwl_log10_ecorr": -9.987533640648737,
    "J2129-5721_dm_gp_gamma": 2.054403210387171,
    "J2129-5721_dm_gp_log10_A": -14.254191231547056,
    "J2129-5721_gp_sw_gamma": -3.983770708527021,
    "J2129-5721_gp_sw_log10_A": -9.9948803038882,
    "J2129-5721_red_noise_gamma": 0.010082242283984055,
    "J2129-5721_red_noise_log10_A": -19.988711707800846,
    "n_earth": 0.006765294550093337,
    "nmodel": -0.4985744408617644
}