{
    "J2124-3358_CASPSR_40CM_efac": 0.9307600059106184,
    "J2124-3358_CASPSR_40CM_log10_tnequad": -9.99185437270398,
    "J2124-3358_CPSR2_20CM_efac": 1.2479782027352877,
    "J2124-3358_CPSR2_20CM_log10_tnequad": -9.742894767276532,
    "J2124-3358_CPSR2_50CM_efac": 0.9708536062498513,
    "J2124-3358_CPSR2_50CM_log10_tnequad": -9.992693238620747,
    "J2124-3358_PDFB1_1433_efac": 0.24315702481997495,
    "J2124-3358_PDFB1_1433_log10_tnequad": -9.992962457537695,
    "J2124-3358_PDFB1_20CM_efac": 1.115768982134036,
    "J2124-3358_PDFB1_20CM_log10_tnequad": -9.99215145150946,
    "J2124-3358_PDFB1_early_20CM_efac": 0.7717492942224189,
    "J2124-3358_PDFB1_early_20CM_log10_tnequad": -9.993759078963599,
    "J2124-3358_PDFB_10CM_efac": 0.11923364345543065,
    "J2124-3358_PDFB_10CM_log10_tnequad": -9.992265417788845,
    "J2124-3358_PDFB_20CM_efac": 1.0608450504376132,
    "J2124-3358_PDFB_20CM_log10_tnequad": -9.996769129547411,
    "J2124-3358_PDFB_40CM_efac": 0.8343825911265208,
    "J2124-3358_PDFB_40CM_log10_tnequad": -9.995321425953339,
    "J2124-3358_UWL_PDFB4_20CM_efac": 0.8972694921184694,
    "J2124-3358_UWL_PDFB4_20CM_log10_tnequad": -9.99479095719164,
    "J2124-3358_UWL_sbA_efac": 1.123289015717107,
    "J2124-3358_UWL_sbA_log10_tnequad": -9.996039989275223,
    "J2124-3358_UWL_sbB_efac": 1.0463314891161684,
    "J2124-3358_UWL_sbB_log10_tnequad": -9.992647842750971,
    "J2124-3358_UWL_sbC_efac": 0.9339431474277745,
    "J2124-3358_UWL_sbC_log10_tnequad": -9.996137867241787,
    "J2124-3358_UWL_sbD_efac": 1.3232713068560256,
    "J2124-3358_UWL_sbD_log10_tnequad": -9.991785809170914,
    "J2124-3358_UWL_sbE_efac": 1.1725107544988476,
    "J2124-3358_UWL_sbE_log10_tnequad": -9.994682529585408,
    "J2124-3358_UWL_sbF_efac": 0.89727883790149,
    "J2124-3358_UWL_sbF_log10_tnequad": -9.992983240923516,
    "J2124-3358_UWL_sbG_efac": 0.9337437126854499,
    "J2124-3358_UWL_sbG_log10_tnequad": -9.993925411065218,
    "J2124-3358_UWL_sbH_efac": 0.12633653263216943,
    "J2124-3358_UWL_sbH_log10_tnequad": -9.994186853696654,
    "J2124-3358_basis_ecorr_10CM_log10_ecorr": -9.993807097501765,
    "J2124-3358_basis_ecorr_10CM_uwl_log10_ecorr": -9.993375940091918,
    "J2124-3358_basis_ecorr_20CM_log10_ecorr": -9.994131224486754,
    "J2124-3358_basis_ecorr_20CM_uwl_log10_ecorr": -9.993315189465093,
    "J2124-3358_basis_ecorr_40CM_log10_ecorr": -9.99345825951718,
    "J2124-3358_basis_ecorr_40CM_uwl_log10_ecorr": -9.995458878557386,
    "J2124-3358_basis_ecorr_all_dr2_log10_ecorr": -9.99514906192462,
    "J2124-3358_basis_ecorr_all_uwl_log10_ecorr": -9.994208656333914,
    "J2124-3358_dm_gp_gamma": 0.010056583617812776,
    "J2124-3358_dm_gp_log10_A": -19.990823733451712,
    "J2124-3358_gp_sw_gamma": -3.9824026641070827,
    "J2124-3358_gp_sw_log10_A": -9.994567412633478,
    "J2124-3358_red_noise_gamma": 0.08654876091617136,
    "J2124-3358_red_noise_log10_A": -19.8702014179653,
    "n_earth": 0.009831821025869325,
    "nmodel": -0.498560621248194
}