{
    "J2124-3358_CASPSR_40CM_efac": 1.4608862132468754,
    "J2124-3358_CASPSR_40CM_log10_tnequad": -5.765647269221339,
    "J2124-3358_CPSR2_20CM_efac": 1.8578009628658452,
    "J2124-3358_CPSR2_20CM_log10_tnequad": -5.136733114701165,
    "J2124-3358_CPSR2_50CM_efac": 1.3624847907838469,
    "J2124-3358_CPSR2_50CM_log10_tnequad": -5.69234407519158,
    "J2124-3358_PDFB1_1433_efac": 1.4140702266002667,
    "J2124-3358_PDFB1_1433_log10_tnequad": -5.519987196169102,
    "J2124-3358_PDFB1_20CM_efac": 1.6350656398571404,
    "J2124-3358_PDFB1_20CM_log10_tnequad": -5.678091394656165,
    "J2124-3358_PDFB1_early_20CM_efac": 1.325552095004991,
    "J2124-3358_PDFB1_early_20CM_log10_tnequad": -5.562566084013266,
    "J2124-3358_PDFB_10CM_efac": 2.659737441894004,
    "J2124-3358_PDFB_10CM_log10_tnequad": -5.004596193719699,
    "J2124-3358_PDFB_20CM_efac": 1.2098630632203753,
    "J2124-3358_PDFB_20CM_log10_tnequad": -6.197509980488431,
    "J2124-3358_PDFB_40CM_efac": 1.0886137850042168,
    "J2124-3358_PDFB_40CM_log10_tnequad": -6.013311432459525,
    "J2124-3358_UWL_PDFB4_20CM_efac": 1.5928636548137136,
    "J2124-3358_UWL_PDFB4_20CM_log10_tnequad": -5.622833179474073,
    "J2124-3358_UWL_sbA_efac": 1.891109572366366,
    "J2124-3358_UWL_sbA_log10_tnequad": -5.5330594351091085,
    "J2124-3358_UWL_sbB_efac": 1.5606083327256304,
    "J2124-3358_UWL_sbB_log10_tnequad": -6.0944668931841175,
    "J2124-3358_UWL_sbC_efac": 1.396742509669063,
    "J2124-3358_UWL_sbC_log10_tnequad": -5.912468610949858,
    "J2124-3358_UWL_sbD_efac": 1.8199401295804312,
    "J2124-3358_UWL_sbD_log10_tnequad": -6.060870953893147,
    "J2124-3358_UWL_sbE_efac": 1.6248057069118609,
    "J2124-3358_UWL_sbE_log10_tnequad": -5.913882873363008,
    "J2124-3358_UWL_sbF_efac": 1.2415718380663114,
    "J2124-3358_UWL_sbF_log10_tnequad": -5.602066449055203,
    "J2124-3358_UWL_sbG_efac": 1.4202835334448425,
    "J2124-3358_UWL_sbG_log10_tnequad": -5.399638425393812,
    "J2124-3358_UWL_sbH_efac": 1.3957088678814416,
    "J2124-3358_UWL_sbH_log10_tnequad": -5.112782720119031,
    "J2124-3358_basis_ecorr_10CM_log10_ecorr": -5.017375338195346,
    "J2124-3358_basis_ecorr_10CM_uwl_log10_ecorr": -5.461117374676432,
    "J2124-3358_basis_ecorr_20CM_log10_ecorr": -6.220580899926837,
    "J2124-3358_basis_ecorr_20CM_uwl_log10_ecorr": -5.894448775246265,
    "J2124-3358_basis_ecorr_40CM_log10_ecorr": -6.014811153306557,
    "J2124-3358_basis_ecorr_40CM_uwl_log10_ecorr": -6.137353791814199,
    "J2124-3358_basis_ecorr_all_dr2_log10_ecorr": -6.266113232879943,
    "J2124-3358_basis_ecorr_all_uwl_log10_ecorr": -6.096205106831711,
    "J2124-3358_dm_gp_gamma": 6.984820171754,
    "J2124-3358_dm_gp_log10_A": -13.506573433605917,
    "J2124-3358_gp_sw_gamma": 3.9826127187348623,
    "J2124-3358_gp_sw_log10_A": -6.161167168494996,
    "J2124-3358_red_noise_gamma": 6.9935762006589695,
    "J2124-3358_red_noise_log10_A": -12.908013058566198,
    "n_earth": 8.286201790941657,
    "nmodel": 0.4984834269176838
}