{
    "J2129-5721_CASPSR_40CM_efac": 1.3200357837937695,
    "J2129-5721_CASPSR_40CM_log10_tnequad": -6.165899619650704,
    "J2129-5721_CPSR2_50CM_efac": 1.307705247377965,
    "J2129-5721_CPSR2_50CM_log10_tnequad": -5.811792190790192,
    "J2129-5721_PDFB1_20CM_efac": 1.3947162725244753,
    "J2129-5721_PDFB1_20CM_log10_tnequad": -6.257020892783594,
    "J2129-5721_PDFB1_early_20CM_efac": 1.3607825428996774,
    "J2129-5721_PDFB1_early_20CM_log10_tnequad": -5.709397562530473,
    "J2129-5721_PDFB_20CM_efac": 1.1295730627213738,
    "J2129-5721_PDFB_20CM_log10_tnequad": -6.336102831571198,
    "J2129-5721_PDFB_40CM_efac": 1.0884952263150671,
    "J2129-5721_PDFB_40CM_log10_tnequad": -5.92415224896482,
    "J2129-5721_UWL_CASPSR_40CM_efac": 2.153961254851318,
    "J2129-5721_UWL_CASPSR_40CM_log10_tnequad": -5.311957522417561,
    "J2129-5721_UWL_PDFB4_20CM_efac": 1.6798036635620428,
    "J2129-5721_UWL_PDFB4_20CM_log10_tnequad": -5.86765802847158,
    "J2129-5721_UWL_sbA_efac": 1.2757611724744862,
    "J2129-5721_UWL_sbA_log10_tnequad": -5.998991724284508,
    "J2129-5721_UWL_sbB_efac": 1.4101991475871882,
    "J2129-5721_UWL_sbB_log10_tnequad": -6.245941365670161,
    "J2129-5721_UWL_sbC_efac": 1.3860592412880246,
    "J2129-5721_UWL_sbC_log10_tnequad": -6.012324360094278,
    "J2129-5721_UWL_sbD_efac": 1.5226503295299179,
    "J2129-5721_UWL_sbD_log10_tnequad": -6.244486281295805,
    "J2129-5721_UWL_sbE_efac": 1.231489358002718,
    "J2129-5721_UWL_sbE_log10_tnequad": -6.242329808469599,
    "J2129-5721_UWL_sbF_efac": 1.2280282824945918,
    "J2129-5721_UWL_sbF_log10_tnequad": -6.103588283937739,
    "J2129-5721_UWL_sbG_efac": 1.401279753407151,
    "J2129-5721_UWL_sbG_log10_tnequad": -5.903447888284302,
    "J2129-5721_basis_ecorr_10CM_uwl_log10_ecorr": -5.938456707192203,
    "J2129-5721_basis_ecorr_20CM_log10_ecorr": -6.259626530193948,
    "J2129-5721_basis_ecorr_20CM_uwl_log10_ecorr": -6.306325970923831,
    "J2129-5721_basis_ecorr_40CM_log10_ecorr": -6.167262800907765,
    "J2129-5721_basis_ecorr_40CM_uwl_log10_ecorr": -6.146746293010568,
    "J2129-5721_basis_ecorr_all_dr2_log10_ecorr": -6.275471059820624,
    "J2129-5721_basis_ecorr_all_uwl_log10_ecorr": -6.134401844050152,
    "J2129-5721_dm_gp_gamma": 4.887999646398922,
    "J2129-5721_dm_gp_log10_A": -13.351270951269612,
    "J2129-5721_red_noise_gamma": 6.988185953510628,
    "J2129-5721_red_noise_log10_A": -13.217067858509472,
    "nmodel": 0.4985186617136454
}