{
    "J2129-5721_CASPSR_40CM_efac": 0.8939268951859799,
    "J2129-5721_CASPSR_40CM_log10_tnequad": -9.99398022933932,
    "J2129-5721_CPSR2_50CM_efac": 0.8585122703109591,
    "J2129-5721_CPSR2_50CM_log10_tnequad": -9.993652298730385,
    "J2129-5721_PDFB1_20CM_efac": 0.851487908016747,
    "J2129-5721_PDFB1_20CM_log10_tnequad": -9.994458910055704,
    "J2129-5721_PDFB1_early_20CM_efac": 0.548312475227907,
    "J2129-5721_PDFB1_early_20CM_log10_tnequad": -9.991752843491977,
    "J2129-5721_PDFB_20CM_efac": 0.9547700063319455,
    "J2129-5721_PDFB_20CM_log10_tnequad": -9.994911614552084,
    "J2129-5721_PDFB_40CM_efac": 0.8072902940498958,
    "J2129-5721_PDFB_40CM_log10_tnequad": -9.99247677971245,
    "J2129-5721_UWL_CASPSR_40CM_efac": 0.13172962338988384,
    "J2129-5721_UWL_CASPSR_40CM_log10_tnequad": -9.993801468328778,
    "J2129-5721_UWL_PDFB4_20CM_efac": 0.9569181738601368,
    "J2129-5721_UWL_PDFB4_20CM_log10_tnequad": -9.993904328805456,
    "J2129-5721_UWL_sbA_efac": 0.8697192485868828,
    "J2129-5721_UWL_sbA_log10_tnequad": -9.993349228106263,
    "J2129-5721_UWL_sbB_efac": 1.0725398724804056,
    "J2129-5721_UWL_sbB_log10_tnequad": -9.99462265235342,
    "J2129-5721_UWL_sbC_efac": 1.003172041569862,
    "J2129-5721_UWL_sbC_log10_tnequad": -9.994389700864158,
    "J2129-5721_UWL_sbD_efac": 1.1523565879640676,
    "J2129-5721_UWL_sbD_log10_tnequad": -9.994472571072947,
    "J2129-5721_UWL_sbE_efac": 0.8566934141520026,
    "J2129-5721_UWL_sbE_log10_tnequad": -9.996087228244107,
    "J2129-5721_UWL_sbF_efac": 0.860056257154501,
    "J2129-5721_UWL_sbF_log10_tnequad": -9.994758674859234,
    "J2129-5721_UWL_sbG_efac": 0.6778324294407247,
    "J2129-5721_UWL_sbG_log10_tnequad": -9.993947938456229,
    "J2129-5721_basis_ecorr_10CM_uwl_log10_ecorr": -9.994658327893266,
    "J2129-5721_basis_ecorr_20CM_log10_ecorr": -9.992035160112183,
    "J2129-5721_basis_ecorr_20CM_uwl_log10_ecorr": -9.994786655532744,
    "J2129-5721_basis_ecorr_40CM_log10_ecorr": -9.993606163325655,
    "J2129-5721_basis_ecorr_40CM_uwl_log10_ecorr": -9.99396951895858,
    "J2129-5721_basis_ecorr_all_dr2_log10_ecorr": -9.988853950197704,
    "J2129-5721_basis_ecorr_all_uwl_log10_ecorr": -9.987543337089136,
    "J2129-5721_dm_gp_gamma": 2.073722437156124,
    "J2129-5721_dm_gp_log10_A": -14.267458905765228,
    "J2129-5721_red_noise_gamma": 0.01034067060752386,
    "J2129-5721_red_noise_log10_A": -19.989984046388898,
    "nmodel": -0.49849082528692634
}