{
    "J2124-3358_CASPSR_40CM_efac": 0.9242456419762235,
    "J2124-3358_CASPSR_40CM_log10_tnequad": -9.994300120772813,
    "J2124-3358_CPSR2_20CM_efac": 1.200469505687788,
    "J2124-3358_CPSR2_20CM_log10_tnequad": -9.613726332157173,
    "J2124-3358_CPSR2_50CM_efac": 0.9824534057778943,
    "J2124-3358_CPSR2_50CM_log10_tnequad": -9.994057552762767,
    "J2124-3358_PDFB1_1433_efac": 0.2986259625364199,
    "J2124-3358_PDFB1_1433_log10_tnequad": -9.993937174767648,
    "J2124-3358_PDFB1_20CM_efac": 1.1451419135357634,
    "J2124-3358_PDFB1_20CM_log10_tnequad": -9.99389417610908,
    "J2124-3358_PDFB1_early_20CM_efac": 0.7223581215671679,
    "J2124-3358_PDFB1_early_20CM_log10_tnequad": -9.993281634855213,
    "J2124-3358_PDFB_10CM_efac": 0.04690020513718767,
    "J2124-3358_PDFB_10CM_log10_tnequad": -9.992197478912262,
    "J2124-3358_PDFB_20CM_efac": 1.061782215095428,
    "J2124-3358_PDFB_20CM_log10_tnequad": -9.994662780202546,
    "J2124-3358_PDFB_40CM_efac": 0.837929170001265,
    "J2124-3358_PDFB_40CM_log10_tnequad": -9.99360953182777,
    "J2124-3358_UWL_PDFB4_20CM_efac": 0.9126151445267292,
    "J2124-3358_UWL_PDFB4_20CM_log10_tnequad": -9.99476954088942,
    "J2124-3358_UWL_sbA_efac": 1.1359239126837544,
    "J2124-3358_UWL_sbA_log10_tnequad": -9.992222668260494,
    "J2124-3358_UWL_sbB_efac": 1.0454765991723336,
    "J2124-3358_UWL_sbB_log10_tnequad": -9.995284194502608,
    "J2124-3358_UWL_sbC_efac": 0.9323070206605872,
    "J2124-3358_UWL_sbC_log10_tnequad": -9.99391835379675,
    "J2124-3358_UWL_sbD_efac": 1.3252358760718952,
    "J2124-3358_UWL_sbD_log10_tnequad": -9.99300418392593,
    "J2124-3358_UWL_sbE_efac": 1.1707191300491075,
    "J2124-3358_UWL_sbE_log10_tnequad": -9.994479785272517,
    "J2124-3358_UWL_sbF_efac": 0.8488926528391961,
    "J2124-3358_UWL_sbF_log10_tnequad": -9.994284050936225,
    "J2124-3358_UWL_sbG_efac": 0.9167549764109916,
    "J2124-3358_UWL_sbG_log10_tnequad": -9.992615871076083,
    "J2124-3358_UWL_sbH_efac": 0.1706365984481815,
    "J2124-3358_UWL_sbH_log10_tnequad": -9.991940554329831,
    "J2124-3358_basis_ecorr_10CM_log10_ecorr": -9.991631720896457,
    "J2124-3358_basis_ecorr_10CM_uwl_log10_ecorr": -9.99400752307872,
    "J2124-3358_basis_ecorr_20CM_log10_ecorr": -9.994565011381749,
    "J2124-3358_basis_ecorr_20CM_uwl_log10_ecorr": -9.9924759744913,
    "J2124-3358_basis_ecorr_40CM_log10_ecorr": -9.994293703424718,
    "J2124-3358_basis_ecorr_40CM_uwl_log10_ecorr": -9.994642680369656,
    "J2124-3358_basis_ecorr_all_dr2_log10_ecorr": -9.994723706793318,
    "J2124-3358_basis_ecorr_all_uwl_log10_ecorr": -9.995371000845088,
    "J2124-3358_dm_gp_gamma": 0.008116535885607496,
    "J2124-3358_dm_gp_log10_A": -19.992446231620637,
    "J2124-3358_gp_sw_gamma": -3.9850230266817297,
    "J2124-3358_gp_sw_log10_A": -9.995528387643994,
    "J2124-3358_red_noise_gamma": 0.0853258386688166,
    "J2124-3358_red_noise_log10_A": -19.885097352237764,
    "n_earth": 0.010061300514496274,
    "nmodel": -0.4985279530388324
}