{
    "J2124-3358_CASPSR_40CM_efac": 0.9250041849132158,
    "J2124-3358_CASPSR_40CM_log10_tnequad": -9.994009216769625,
    "J2124-3358_CPSR2_20CM_efac": 1.1922389992296347,
    "J2124-3358_CPSR2_20CM_log10_tnequad": -9.50753425047427,
    "J2124-3358_CPSR2_50CM_efac": 0.9865390052682379,
    "J2124-3358_CPSR2_50CM_log10_tnequad": -9.993141394147713,
    "J2124-3358_PDFB1_1433_efac": 0.1715060337517778,
    "J2124-3358_PDFB1_1433_log10_tnequad": -9.993229305908793,
    "J2124-3358_PDFB1_20CM_efac": 1.1470896375925934,
    "J2124-3358_PDFB1_20CM_log10_tnequad": -9.993408721887782,
    "J2124-3358_PDFB1_early_20CM_efac": 0.7292217396796554,
    "J2124-3358_PDFB1_early_20CM_log10_tnequad": -9.993177905278538,
    "J2124-3358_PDFB_10CM_efac": 0.04493898617241353,
    "J2124-3358_PDFB_10CM_log10_tnequad": -9.991559780490787,
    "J2124-3358_PDFB_20CM_efac": 1.0612150497099042,
    "J2124-3358_PDFB_20CM_log10_tnequad": -9.994358921108624,
    "J2124-3358_PDFB_40CM_efac": 0.8354611269479305,
    "J2124-3358_PDFB_40CM_log10_tnequad": -9.994525399494519,
    "J2124-3358_UWL_PDFB4_20CM_efac": 0.908794424937431,
    "J2124-3358_UWL_PDFB4_20CM_log10_tnequad": -9.993840585750114,
    "J2124-3358_UWL_sbA_efac": 1.127191718668561,
    "J2124-3358_UWL_sbA_log10_tnequad": -9.994235146284613,
    "J2124-3358_UWL_sbB_efac": 1.042532868764376,
    "J2124-3358_UWL_sbB_log10_tnequad": -9.994631051472314,
    "J2124-3358_UWL_sbC_efac": 0.9264495486361977,
    "J2124-3358_UWL_sbC_log10_tnequad": -9.994069807125191,
    "J2124-3358_UWL_sbD_efac": 1.321511211245154,
    "J2124-3358_UWL_sbD_log10_tnequad": -9.99477625432106,
    "J2124-3358_UWL_sbE_efac": 1.1702450062783716,
    "J2124-3358_UWL_sbE_log10_tnequad": -9.994686071479974,
    "J2124-3358_UWL_sbF_efac": 0.853038431765175,
    "J2124-3358_UWL_sbF_log10_tnequad": -9.993032923586405,
    "J2124-3358_UWL_sbG_efac": 0.9194134845334279,
    "J2124-3358_UWL_sbG_log10_tnequad": -9.992883858638283,
    "J2124-3358_UWL_sbH_efac": 0.33880375232513454,
    "J2124-3358_UWL_sbH_log10_tnequad": -9.992780140608248,
    "J2124-3358_basis_ecorr_10CM_log10_ecorr": -9.992516086899958,
    "J2124-3358_basis_ecorr_10CM_uwl_log10_ecorr": -9.99246411774552,
    "J2124-3358_basis_ecorr_20CM_log10_ecorr": -9.994518692882089,
    "J2124-3358_basis_ecorr_20CM_uwl_log10_ecorr": -9.993983150820679,
    "J2124-3358_basis_ecorr_40CM_log10_ecorr": -9.993983666748226,
    "J2124-3358_basis_ecorr_40CM_uwl_log10_ecorr": -9.995099387913717,
    "J2124-3358_basis_ecorr_all_dr2_log10_ecorr": -9.994536556988495,
    "J2124-3358_basis_ecorr_all_uwl_log10_ecorr": -9.99476084172525,
    "J2124-3358_dm_gp_gamma": 0.008775616014509846,
    "J2124-3358_dm_gp_log10_A": -19.991921300382433,
    "J2124-3358_red_noise_gamma": 0.06451197305184257,
    "J2124-3358_red_noise_log10_A": -19.90583382252652,
    "nmodel": -0.49845495528319567
}