{
    "J2124-3358_CASPSR_40CM_efac": 1.4690625038634648,
    "J2124-3358_CASPSR_40CM_log10_tnequad": -5.777205315430592,
    "J2124-3358_CPSR2_20CM_efac": 1.8499624184928178,
    "J2124-3358_CPSR2_20CM_log10_tnequad": -5.130593152494216,
    "J2124-3358_CPSR2_50CM_efac": 1.3753521073328325,
    "J2124-3358_CPSR2_50CM_log10_tnequad": -5.676016841659041,
    "J2124-3358_PDFB1_1433_efac": 1.3721323281519484,
    "J2124-3358_PDFB1_1433_log10_tnequad": -5.495007663584918,
    "J2124-3358_PDFB1_20CM_efac": 1.6453850027324735,
    "J2124-3358_PDFB1_20CM_log10_tnequad": -5.688274112812049,
    "J2124-3358_PDFB1_early_20CM_efac": 1.3325024620000778,
    "J2124-3358_PDFB1_early_20CM_log10_tnequad": -5.563219587827221,
    "J2124-3358_PDFB_10CM_efac": 2.7434956638285395,
    "J2124-3358_PDFB_10CM_log10_tnequad": -5.003662527928193,
    "J2124-3358_PDFB_20CM_efac": 1.208682442070988,
    "J2124-3358_PDFB_20CM_log10_tnequad": -6.192861805537481,
    "J2124-3358_PDFB_40CM_efac": 1.094645834329357,
    "J2124-3358_PDFB_40CM_log10_tnequad": -6.004662073666645,
    "J2124-3358_UWL_PDFB4_20CM_efac": 1.5961791319413023,
    "J2124-3358_UWL_PDFB4_20CM_log10_tnequad": -5.619383147656706,
    "J2124-3358_UWL_sbA_efac": 1.9130693870201454,
    "J2124-3358_UWL_sbA_log10_tnequad": -5.53395238520702,
    "J2124-3358_UWL_sbB_efac": 1.5619445955086573,
    "J2124-3358_UWL_sbB_log10_tnequad": -6.103634992609525,
    "J2124-3358_UWL_sbC_efac": 1.396731986705832,
    "J2124-3358_UWL_sbC_log10_tnequad": -5.907949268130571,
    "J2124-3358_UWL_sbD_efac": 1.803061969099436,
    "J2124-3358_UWL_sbD_log10_tnequad": -6.059016965037272,
    "J2124-3358_UWL_sbE_efac": 1.630916201843646,
    "J2124-3358_UWL_sbE_log10_tnequad": -5.910378410731193,
    "J2124-3358_UWL_sbF_efac": 1.2375805526920671,
    "J2124-3358_UWL_sbF_log10_tnequad": -5.605979283344682,
    "J2124-3358_UWL_sbG_efac": 1.4176986835616983,
    "J2124-3358_UWL_sbG_log10_tnequad": -5.397886347803059,
    "J2124-3358_UWL_sbH_efac": 1.4116480236953743,
    "J2124-3358_UWL_sbH_log10_tnequad": -5.138470195144888,
    "J2124-3358_basis_ecorr_10CM_log10_ecorr": -5.019064028328904,
    "J2124-3358_basis_ecorr_10CM_uwl_log10_ecorr": -5.463961267749342,
    "J2124-3358_basis_ecorr_20CM_log10_ecorr": -6.214218509645179,
    "J2124-3358_basis_ecorr_20CM_uwl_log10_ecorr": -5.915401524537095,
    "J2124-3358_basis_ecorr_40CM_log10_ecorr": -6.000748951671945,
    "J2124-3358_basis_ecorr_40CM_uwl_log10_ecorr": -6.157036310139748,
    "J2124-3358_basis_ecorr_all_dr2_log10_ecorr": -6.261972244768236,
    "J2124-3358_basis_ecorr_all_uwl_log10_ecorr": -6.145012541341238,
    "J2124-3358_dm_gp_gamma": 6.983704518370347,
    "J2124-3358_dm_gp_log10_A": -13.496200856151527,
    "J2124-3358_red_noise_gamma": 6.9928986044823835,
    "J2124-3358_red_noise_log10_A": -12.894373305970156,
    "nmodel": 0.49850711532166864
}