{
    "J2129-5721_CASPSR_40CM_efac": 0.8932072805425874,
    "J2129-5721_CASPSR_40CM_log10_tnequad": -9.994974926438152,
    "J2129-5721_CPSR2_50CM_efac": 0.858518258520788,
    "J2129-5721_CPSR2_50CM_log10_tnequad": -9.994369953820678,
    "J2129-5721_PDFB1_20CM_efac": 0.8565219565701357,
    "J2129-5721_PDFB1_20CM_log10_tnequad": -9.995410704092347,
    "J2129-5721_PDFB1_early_20CM_efac": 0.5502551829807631,
    "J2129-5721_PDFB1_early_20CM_log10_tnequad": -9.991404963012753,
    "J2129-5721_PDFB_20CM_efac": 0.9562548658062259,
    "J2129-5721_PDFB_20CM_log10_tnequad": -9.994021278600558,
    "J2129-5721_PDFB_40CM_efac": 0.8102033581331112,
    "J2129-5721_PDFB_40CM_log10_tnequad": -9.993011276887014,
    "J2129-5721_UWL_CASPSR_40CM_efac": 0.1773861671581848,
    "J2129-5721_UWL_CASPSR_40CM_log10_tnequad": -9.993642083636253,
    "J2129-5721_UWL_PDFB4_20CM_efac": 0.9649227205672571,
    "J2129-5721_UWL_PDFB4_20CM_log10_tnequad": -9.993996726866701,
    "J2129-5721_UWL_sbA_efac": 0.8684889607053357,
    "J2129-5721_UWL_sbA_log10_tnequad": -9.99452677614945,
    "J2129-5721_UWL_sbB_efac": 1.075405569462504,
    "J2129-5721_UWL_sbB_log10_tnequad": -9.99393909107999,
    "J2129-5721_UWL_sbC_efac": 1.0063928063570597,
    "J2129-5721_UWL_sbC_log10_tnequad": -9.993643446918151,
    "J2129-5721_UWL_sbD_efac": 1.1494210560959337,
    "J2129-5721_UWL_sbD_log10_tnequad": -9.994292557456976,
    "J2129-5721_UWL_sbE_efac": 0.8546288360756459,
    "J2129-5721_UWL_sbE_log10_tnequad": -9.995237455193182,
    "J2129-5721_UWL_sbF_efac": 0.8590142112494508,
    "J2129-5721_UWL_sbF_log10_tnequad": -9.995085693950683,
    "J2129-5721_UWL_sbG_efac": 0.6774893998204019,
    "J2129-5721_UWL_sbG_log10_tnequad": -9.993815779437185,
    "J2129-5721_basis_ecorr_10CM_uwl_log10_ecorr": -9.994720807845786,
    "J2129-5721_basis_ecorr_20CM_log10_ecorr": -9.991788964953919,
    "J2129-5721_basis_ecorr_20CM_uwl_log10_ecorr": -9.994642638524228,
    "J2129-5721_basis_ecorr_40CM_log10_ecorr": -9.99387694826791,
    "J2129-5721_basis_ecorr_40CM_uwl_log10_ecorr": -9.994201394858152,
    "J2129-5721_basis_ecorr_all_dr2_log10_ecorr": -9.987377789323707,
    "J2129-5721_basis_ecorr_all_uwl_log10_ecorr": -9.987710892972796,
    "J2129-5721_dm_gp_gamma": 2.0656621806389133,
    "J2129-5721_dm_gp_log10_A": -14.251192375665553,
    "J2129-5721_gp_sw_gamma": -3.984135755670794,
    "J2129-5721_gp_sw_log10_A": -9.994936821625918,
    "J2129-5721_red_noise_gamma": 0.011646069336613411,
    "J2129-5721_red_noise_log10_A": -19.98863607253583,
    "n_earth": 0.006036322268086388,
    "nmodel": -0.4984950368542142
}