{
    "J2129-5721_CASPSR_40CM_efac": 1.3140968420896622,
    "J2129-5721_CASPSR_40CM_log10_tnequad": -6.160983745703743,
    "J2129-5721_CPSR2_50CM_efac": 1.308312140044459,
    "J2129-5721_CPSR2_50CM_log10_tnequad": -5.8160572735605625,
    "J2129-5721_PDFB1_20CM_efac": 1.4012262030133034,
    "J2129-5721_PDFB1_20CM_log10_tnequad": -6.259843868185306,
    "J2129-5721_PDFB1_early_20CM_efac": 1.3599203221419756,
    "J2129-5721_PDFB1_early_20CM_log10_tnequad": -5.706944717917289,
    "J2129-5721_PDFB_20CM_efac": 1.1288444525439896,
    "J2129-5721_PDFB_20CM_log10_tnequad": -6.340397205008911,
    "J2129-5721_PDFB_40CM_efac": 1.0905531345349309,
    "J2129-5721_PDFB_40CM_log10_tnequad": -5.928040929990801,
    "J2129-5721_UWL_CASPSR_40CM_efac": 2.1206165481778205,
    "J2129-5721_UWL_CASPSR_40CM_log10_tnequad": -5.302933474094013,
    "J2129-5721_UWL_PDFB4_20CM_efac": 1.70198339432294,
    "J2129-5721_UWL_PDFB4_20CM_log10_tnequad": -5.889331199341286,
    "J2129-5721_UWL_sbA_efac": 1.2682030969309066,
    "J2129-5721_UWL_sbA_log10_tnequad": -5.987519596623743,
    "J2129-5721_UWL_sbB_efac": 1.409942153821796,
    "J2129-5721_UWL_sbB_log10_tnequad": -6.236606187547615,
    "J2129-5721_UWL_sbC_efac": 1.3799506489941071,
    "J2129-5721_UWL_sbC_log10_tnequad": -6.02532649267854,
    "J2129-5721_UWL_sbD_efac": 1.5248306339367175,
    "J2129-5721_UWL_sbD_log10_tnequad": -6.2383831247308255,
    "J2129-5721_UWL_sbE_efac": 1.2291866170277617,
    "J2129-5721_UWL_sbE_log10_tnequad": -6.252247173082494,
    "J2129-5721_UWL_sbF_efac": 1.220654229980331,
    "J2129-5721_UWL_sbF_log10_tnequad": -6.108574847157532,
    "J2129-5721_UWL_sbG_efac": 1.4267657721151952,
    "J2129-5721_UWL_sbG_log10_tnequad": -5.9151882657104,
    "J2129-5721_basis_ecorr_10CM_uwl_log10_ecorr": -5.940332052429505,
    "J2129-5721_basis_ecorr_20CM_log10_ecorr": -6.261548480238172,
    "J2129-5721_basis_ecorr_20CM_uwl_log10_ecorr": -6.3093775515620525,
    "J2129-5721_basis_ecorr_40CM_log10_ecorr": -6.17359518645211,
    "J2129-5721_basis_ecorr_40CM_uwl_log10_ecorr": -6.138138531989879,
    "J2129-5721_basis_ecorr_all_dr2_log10_ecorr": -6.2781278384106765,
    "J2129-5721_basis_ecorr_all_uwl_log10_ecorr": -6.131373592503091,
    "J2129-5721_dm_gp_gamma": 4.8795910746235585,
    "J2129-5721_dm_gp_log10_A": -13.347706958492509,
    "J2129-5721_gp_sw_gamma": 3.9832362195318276,
    "J2129-5721_gp_sw_log10_A": -6.235282907103989,
    "J2129-5721_red_noise_gamma": 6.988406470841687,
    "J2129-5721_red_noise_log10_A": -13.206606411155958,
    "n_earth": 11.571193852763,
    "nmodel": 0.49854194513641636
}