{
    "J2124-3358_CASPSR_40CM_efac": 1.4534056182652308,
    "J2124-3358_CASPSR_40CM_log10_tnequad": -5.805391127375135,
    "J2124-3358_CPSR2_20CM_efac": 1.8612015797263302,
    "J2124-3358_CPSR2_20CM_log10_tnequad": -5.149678616678015,
    "J2124-3358_CPSR2_50CM_efac": 1.3594922142802013,
    "J2124-3358_CPSR2_50CM_log10_tnequad": -5.677733134065014,
    "J2124-3358_PDFB1_1433_efac": 1.3444833112222052,
    "J2124-3358_PDFB1_1433_log10_tnequad": -5.498265798997496,
    "J2124-3358_PDFB1_20CM_efac": 1.6555329561865437,
    "J2124-3358_PDFB1_20CM_log10_tnequad": -5.661795766246404,
    "J2124-3358_PDFB1_early_20CM_efac": 1.3155166923846433,
    "J2124-3358_PDFB1_early_20CM_log10_tnequad": -5.602705391263348,
    "J2124-3358_PDFB_10CM_efac": 2.5302155883189754,
    "J2124-3358_PDFB_10CM_log10_tnequad": -5.006370312086911,
    "J2124-3358_PDFB_20CM_efac": 1.2075554204568586,
    "J2124-3358_PDFB_20CM_log10_tnequad": -6.1794259455182,
    "J2124-3358_PDFB_40CM_efac": 1.0837139941813974,
    "J2124-3358_PDFB_40CM_log10_tnequad": -6.01038510643903,
    "J2124-3358_UWL_PDFB4_20CM_efac": 1.6012274401948485,
    "J2124-3358_UWL_PDFB4_20CM_log10_tnequad": -5.631594778534714,
    "J2124-3358_UWL_sbA_efac": 2.0331659408828613,
    "J2124-3358_UWL_sbA_log10_tnequad": -5.5391787368758,
    "J2124-3358_UWL_sbB_efac": 1.5591971185229478,
    "J2124-3358_UWL_sbB_log10_tnequad": -6.084443521161653,
    "J2124-3358_UWL_sbC_efac": 1.3925681362859206,
    "J2124-3358_UWL_sbC_log10_tnequad": -5.921509315255355,
    "J2124-3358_UWL_sbD_efac": 1.818086572119167,
    "J2124-3358_UWL_sbD_log10_tnequad": -6.069568460773997,
    "J2124-3358_UWL_sbE_efac": 1.6391706983321048,
    "J2124-3358_UWL_sbE_log10_tnequad": -5.926734777517499,
    "J2124-3358_UWL_sbF_efac": 1.2367180109087272,
    "J2124-3358_UWL_sbF_log10_tnequad": -5.636577493096626,
    "J2124-3358_UWL_sbG_efac": 1.4847160207519112,
    "J2124-3358_UWL_sbG_log10_tnequad": -5.416025542097904,
    "J2124-3358_UWL_sbH_efac": 1.3970397603281675,
    "J2124-3358_UWL_sbH_log10_tnequad": -5.075088282268342,
    "J2124-3358_basis_ecorr_10CM_log10_ecorr": -5.0154288687334585,
    "J2124-3358_basis_ecorr_10CM_uwl_log10_ecorr": -5.455523749097954,
    "J2124-3358_basis_ecorr_20CM_log10_ecorr": -6.21993415365949,
    "J2124-3358_basis_ecorr_20CM_uwl_log10_ecorr": -5.90357224826408,
    "J2124-3358_basis_ecorr_40CM_log10_ecorr": -6.020273811728748,
    "J2124-3358_basis_ecorr_40CM_uwl_log10_ecorr": -6.139396373197581,
    "J2124-3358_basis_ecorr_all_dr2_log10_ecorr": -6.2698295711100105,
    "J2124-3358_basis_ecorr_all_uwl_log10_ecorr": -6.101487907428686,
    "J2124-3358_dm_gp_gamma": 6.9841681914248,
    "J2124-3358_dm_gp_log10_A": -13.506177386996592,
    "J2124-3358_gp_sw_gamma": 3.9825725447948495,
    "J2124-3358_gp_sw_log10_A": -6.162771871816279,
    "J2124-3358_red_noise_gamma": 6.993810589527224,
    "J2124-3358_red_noise_log10_A": -12.906871031433436,
    "n_earth": 8.330677414980835,
    "nmodel": 0.4984604730787105
}