{
    "J2129-5721_CASPSR_40CM_efac": 1.3059144213361968,
    "J2129-5721_CASPSR_40CM_log10_tnequad": -6.156897822115943,
    "J2129-5721_CPSR2_50CM_efac": 1.3099375524399128,
    "J2129-5721_CPSR2_50CM_log10_tnequad": -5.807226963186847,
    "J2129-5721_PDFB1_20CM_efac": 1.3673300198839415,
    "J2129-5721_PDFB1_20CM_log10_tnequad": -6.304844455688556,
    "J2129-5721_PDFB1_early_20CM_efac": 1.3360923161437661,
    "J2129-5721_PDFB1_early_20CM_log10_tnequad": -5.702764042856195,
    "J2129-5721_PDFB_20CM_efac": 1.124441996706607,
    "J2129-5721_PDFB_20CM_log10_tnequad": -6.330105431442822,
    "J2129-5721_PDFB_40CM_efac": 1.0880165001688502,
    "J2129-5721_PDFB_40CM_log10_tnequad": -5.930515818653936,
    "J2129-5721_UWL_CASPSR_40CM_efac": 2.17746804870386,
    "J2129-5721_UWL_CASPSR_40CM_log10_tnequad": -5.343955003352759,
    "J2129-5721_UWL_PDFB4_20CM_efac": 1.626296494374591,
    "J2129-5721_UWL_PDFB4_20CM_log10_tnequad": -5.872078528123117,
    "J2129-5721_UWL_sbA_efac": 1.2870485022591196,
    "J2129-5721_UWL_sbA_log10_tnequad": -5.998476179166562,
    "J2129-5721_UWL_sbB_efac": 1.409624049002147,
    "J2129-5721_UWL_sbB_log10_tnequad": -6.2417619277319965,
    "J2129-5721_UWL_sbC_efac": 1.3755622867560464,
    "J2129-5721_UWL_sbC_log10_tnequad": -6.033638830773656,
    "J2129-5721_UWL_sbD_efac": 1.5180958825280857,
    "J2129-5721_UWL_sbD_log10_tnequad": -6.234167757729215,
    "J2129-5721_UWL_sbE_efac": 1.2376894673762378,
    "J2129-5721_UWL_sbE_log10_tnequad": -6.259310363317576,
    "J2129-5721_UWL_sbF_efac": 1.2191430947477182,
    "J2129-5721_UWL_sbF_log10_tnequad": -6.105163291902524,
    "J2129-5721_UWL_sbG_efac": 1.36862310341754,
    "J2129-5721_UWL_sbG_log10_tnequad": -5.936929535424932,
    "J2129-5721_basis_ecorr_10CM_uwl_log10_ecorr": -5.923588260941463,
    "J2129-5721_basis_ecorr_20CM_log10_ecorr": -6.260868962762119,
    "J2129-5721_basis_ecorr_20CM_uwl_log10_ecorr": -6.309432304305278,
    "J2129-5721_basis_ecorr_40CM_log10_ecorr": -6.1687811042746725,
    "J2129-5721_basis_ecorr_40CM_uwl_log10_ecorr": -6.133361480661358,
    "J2129-5721_basis_ecorr_all_dr2_log10_ecorr": -6.284366250498503,
    "J2129-5721_basis_ecorr_all_uwl_log10_ecorr": -6.130561589721333,
    "J2129-5721_dm_gp_gamma": 4.8633081234681015,
    "J2129-5721_dm_gp_log10_A": -13.343686540360313,
    "J2129-5721_gp_sw_gamma": 3.9809514293906645,
    "J2129-5721_gp_sw_log10_A": -6.227210153765111,
    "J2129-5721_red_noise_gamma": 6.988137057948274,
    "J2129-5721_red_noise_log10_A": -13.221199317424492,
    "n_earth": 11.41005595480008,
    "nmodel": 0.498433117541002
}