{
    "J2145-0750_CASPSR_40CM_efac": 1.6104729960353534,
    "J2145-0750_CASPSR_40CM_log10_tnequad": -6.069444332229602,
    "J2145-0750_CPSR2_20CM_efac": 1.7762590835088246,
    "J2145-0750_CPSR2_20CM_log10_tnequad": -5.322774630917072,
    "J2145-0750_CPSR2_50CM_efac": 1.4216998909394256,
    "J2145-0750_CPSR2_50CM_log10_tnequad": -5.862468143370592,
    "J2145-0750_PDFB1_10CM_efac": 1.683853454905885,
    "J2145-0750_PDFB1_10CM_log10_tnequad": -5.252822058918348,
    "J2145-0750_PDFB1_1433_efac": 3.063800586011778,
    "J2145-0750_PDFB1_1433_log10_tnequad": -5.533127282915533,
    "J2145-0750_PDFB1_20CM_efac": 1.6142760589747251,
    "J2145-0750_PDFB1_20CM_log10_tnequad": -5.915676276480981,
    "J2145-0750_PDFB1_early_10CM_efac": 2.541953080721274,
    "J2145-0750_PDFB1_early_10CM_log10_tnequad": -5.187890298907252,
    "J2145-0750_PDFB1_early_20CM_efac": 1.8371000446526946,
    "J2145-0750_PDFB1_early_20CM_log10_tnequad": -6.060862450723805,
    "J2145-0750_PDFB_10CM_efac": 1.3460441455045093,
    "J2145-0750_PDFB_10CM_log10_tnequad": -6.215265413565542,
    "J2145-0750_PDFB_20CM_efac": 1.1572700582045679,
    "J2145-0750_PDFB_20CM_log10_tnequad": -6.747300984251403,
    "J2145-0750_PDFB_40CM_efac": 1.1318222730852543,
    "J2145-0750_PDFB_40CM_log10_tnequad": -6.454166098772952,
    "J2145-0750_UWL_PDFB4_20CM_efac": 2.505808286666142,
    "J2145-0750_UWL_PDFB4_20CM_log10_tnequad": -6.106305774355205,
    "J2145-0750_UWL_sbA_efac": 1.7253419877470626,
    "J2145-0750_UWL_sbA_log10_tnequad": -6.114211493007107,
    "J2145-0750_UWL_sbB_efac": 1.4266243565155095,
    "J2145-0750_UWL_sbB_log10_tnequad": -6.51129907839494,
    "J2145-0750_UWL_sbC_efac": 1.2834795828958754,
    "J2145-0750_UWL_sbC_log10_tnequad": -6.50074911407569,
    "J2145-0750_UWL_sbD_efac": 1.4180594985340154,
    "J2145-0750_UWL_sbD_log10_tnequad": -6.477091248155811,
    "J2145-0750_UWL_sbE_efac": 2.36604604945999,
    "J2145-0750_UWL_sbE_log10_tnequad": -6.457248516622441,
    "J2145-0750_UWL_sbF_efac": 1.1584912612432219,
    "J2145-0750_UWL_sbF_log10_tnequad": -6.509932946841815,
    "J2145-0750_UWL_sbG_efac": 1.5419174572336802,
    "J2145-0750_UWL_sbG_log10_tnequad": -6.057853592983271,
    "J2145-0750_UWL_sbH_efac": 1.18453741161714,
    "J2145-0750_UWL_sbH_log10_tnequad": -6.17143350156174,
    "J2145-0750_WBCORR_10CM_efac": 2.3330841041039982,
    "J2145-0750_WBCORR_10CM_log10_tnequad": -5.681558474993687,
    "J2145-0750_basis_ecorr_10CM_log10_ecorr": -6.258697676735725,
    "J2145-0750_basis_ecorr_10CM_uwl_log10_ecorr": -6.470339482463003,
    "J2145-0750_basis_ecorr_20CM_log10_ecorr": -6.222227800254128,
    "J2145-0750_basis_ecorr_20CM_uwl_log10_ecorr": -6.434280438534633,
    "J2145-0750_basis_ecorr_40CM_log10_ecorr": -5.992800468583577,
    "J2145-0750_basis_ecorr_40CM_uwl_log10_ecorr": -6.5339195104978565,
    "J2145-0750_basis_ecorr_all_dr2_log10_ecorr": -6.224673707471931,
    "J2145-0750_basis_ecorr_all_uwl_log10_ecorr": -6.304966268091793,
    "J2145-0750_dm_gp_gamma": 6.771724949182421,
    "J2145-0750_dm_gp_log10_A": -13.30016626420748,
    "J2145-0750_gp_sw_gamma": 3.2037324127589364,
    "J2145-0750_gp_sw_log10_A": -5.996047441905594,
    "J2145-0750_red_noise_gamma": 3.3702890778839154,
    "J2145-0750_red_noise_log10_A": -12.821172660733742,
    "n_earth": 4.257962525639629,
    "nmodel": 0.49864607201290445
}