{
    "J2145-0750_CASPSR_40CM_efac": 1.5585295563832853,
    "J2145-0750_CASPSR_40CM_log10_tnequad": -6.087665333063186,
    "J2145-0750_CPSR2_20CM_efac": 1.5572482091128066,
    "J2145-0750_CPSR2_20CM_log10_tnequad": -5.431477491913217,
    "J2145-0750_CPSR2_50CM_efac": 1.4042865696397198,
    "J2145-0750_CPSR2_50CM_log10_tnequad": -5.8337647594987745,
    "J2145-0750_PDFB1_10CM_efac": 1.3439509516085282,
    "J2145-0750_PDFB1_10CM_log10_tnequad": -5.430189836151746,
    "J2145-0750_PDFB1_1433_efac": 1.6684797151411699,
    "J2145-0750_PDFB1_1433_log10_tnequad": -5.790730364646009,
    "J2145-0750_PDFB1_20CM_efac": 1.27784279280992,
    "J2145-0750_PDFB1_20CM_log10_tnequad": -5.935749294114301,
    "J2145-0750_PDFB1_early_10CM_efac": 1.33275772748338,
    "J2145-0750_PDFB1_early_10CM_log10_tnequad": -5.17414921817107,
    "J2145-0750_PDFB1_early_20CM_efac": 1.3257432303141303,
    "J2145-0750_PDFB1_early_20CM_log10_tnequad": -6.001160498438089,
    "J2145-0750_PDFB_10CM_efac": 1.1146911686390741,
    "J2145-0750_PDFB_10CM_log10_tnequad": -6.23543832204904,
    "J2145-0750_PDFB_20CM_efac": 1.1562278405860091,
    "J2145-0750_PDFB_20CM_log10_tnequad": -6.765680032648652,
    "J2145-0750_PDFB_40CM_efac": 1.1276015902080982,
    "J2145-0750_PDFB_40CM_log10_tnequad": -6.4600753462206155,
    "J2145-0750_UWL_PDFB4_20CM_efac": 1.8170529449032333,
    "J2145-0750_UWL_PDFB4_20CM_log10_tnequad": -6.108599448003187,
    "J2145-0750_UWL_sbA_efac": 1.541590822389034,
    "J2145-0750_UWL_sbA_log10_tnequad": -6.093973482122034,
    "J2145-0750_UWL_sbB_efac": 1.3520837913223687,
    "J2145-0750_UWL_sbB_log10_tnequad": -6.470375748896712,
    "J2145-0750_UWL_sbC_efac": 1.2569951959331032,
    "J2145-0750_UWL_sbC_log10_tnequad": -6.504672549780944,
    "J2145-0750_UWL_sbD_efac": 1.239589472482149,
    "J2145-0750_UWL_sbD_log10_tnequad": -6.4665600005194745,
    "J2145-0750_UWL_sbE_efac": 1.3084003100982888,
    "J2145-0750_UWL_sbE_log10_tnequad": -6.456182287789773,
    "J2145-0750_UWL_sbF_efac": 1.1579212937012193,
    "J2145-0750_UWL_sbF_log10_tnequad": -6.493357833821442,
    "J2145-0750_UWL_sbG_efac": 1.3559404439059373,
    "J2145-0750_UWL_sbG_log10_tnequad": -6.215743975003822,
    "J2145-0750_UWL_sbH_efac": 1.182218027641875,
    "J2145-0750_UWL_sbH_log10_tnequad": -6.213371507989661,
    "J2145-0750_WBCORR_10CM_efac": 1.4238033343243692,
    "J2145-0750_WBCORR_10CM_log10_tnequad": -5.644776368349316,
    "J2145-0750_basis_ecorr_10CM_log10_ecorr": -6.248294471183755,
    "J2145-0750_basis_ecorr_10CM_uwl_log10_ecorr": -6.447713285303521,
    "J2145-0750_basis_ecorr_20CM_log10_ecorr": -6.227058856502967,
    "J2145-0750_basis_ecorr_20CM_uwl_log10_ecorr": -6.487881716074956,
    "J2145-0750_basis_ecorr_40CM_log10_ecorr": -6.024701859279752,
    "J2145-0750_basis_ecorr_40CM_uwl_log10_ecorr": -6.523411152569283,
    "J2145-0750_basis_ecorr_all_dr2_log10_ecorr": -6.2180995142892055,
    "J2145-0750_basis_ecorr_all_uwl_log10_ecorr": -6.300579147213105,
    "J2145-0750_dm_gp_gamma": 6.7295508669322315,
    "J2145-0750_dm_gp_log10_A": -13.304577235036096,
    "J2145-0750_gp_sw_gamma": 3.128823403599046,
    "J2145-0750_gp_sw_log10_A": -5.998013111036917,
    "J2145-0750_red_noise_gamma": 3.370778535206854,
    "J2145-0750_red_noise_log10_A": -12.824623820677413,
    "n_earth": 4.33327679915251,
    "nmodel": 0.49850262285633506
}