{
    "J2145-0750_CASPSR_40CM_efac": 1.0574320369116312,
    "J2145-0750_CASPSR_40CM_log10_tnequad": -9.993641903539025,
    "J2145-0750_CPSR2_20CM_efac": 0.9691619254423078,
    "J2145-0750_CPSR2_20CM_log10_tnequad": -5.790528871031022,
    "J2145-0750_CPSR2_50CM_efac": 1.0390851101795322,
    "J2145-0750_CPSR2_50CM_log10_tnequad": -9.993925252549806,
    "J2145-0750_PDFB1_10CM_efac": 0.7374510761893952,
    "J2145-0750_PDFB1_10CM_log10_tnequad": -9.991923861845612,
    "J2145-0750_PDFB1_1433_efac": 0.7879638314882919,
    "J2145-0750_PDFB1_1433_log10_tnequad": -9.99344705359942,
    "J2145-0750_PDFB1_20CM_efac": 0.8582210542869967,
    "J2145-0750_PDFB1_20CM_log10_tnequad": -9.99287633429589,
    "J2145-0750_PDFB1_early_10CM_efac": 0.023892372666967726,
    "J2145-0750_PDFB1_early_10CM_log10_tnequad": -9.990497123200328,
    "J2145-0750_PDFB1_early_20CM_efac": 0.780666278953394,
    "J2145-0750_PDFB1_early_20CM_log10_tnequad": -9.993919697859937,
    "J2145-0750_PDFB_10CM_efac": 0.9567595613222275,
    "J2145-0750_PDFB_10CM_log10_tnequad": -9.99422306617736,
    "J2145-0750_PDFB_20CM_efac": 1.0065082808275525,
    "J2145-0750_PDFB_20CM_log10_tnequad": -9.994795784940846,
    "J2145-0750_PDFB_40CM_efac": 0.9131291108699285,
    "J2145-0750_PDFB_40CM_log10_tnequad": -9.995054114538481,
    "J2145-0750_UWL_PDFB4_20CM_efac": 1.018171488507785,
    "J2145-0750_UWL_PDFB4_20CM_log10_tnequad": -9.994923203472016,
    "J2145-0750_UWL_sbA_efac": 1.0886159171489271,
    "J2145-0750_UWL_sbA_log10_tnequad": -9.99387419650832,
    "J2145-0750_UWL_sbB_efac": 0.9735306067448553,
    "J2145-0750_UWL_sbB_log10_tnequad": -9.99571721252581,
    "J2145-0750_UWL_sbC_efac": 0.8873140815244617,
    "J2145-0750_UWL_sbC_log10_tnequad": -9.996443907598687,
    "J2145-0750_UWL_sbD_efac": 0.8892214919045687,
    "J2145-0750_UWL_sbD_log10_tnequad": -9.995070046983052,
    "J2145-0750_UWL_sbE_efac": 0.9269767225825124,
    "J2145-0750_UWL_sbE_log10_tnequad": -9.994142767658781,
    "J2145-0750_UWL_sbF_efac": 0.8595441310991689,
    "J2145-0750_UWL_sbF_log10_tnequad": -9.994392590827362,
    "J2145-0750_UWL_sbG_efac": 0.9715692936785072,
    "J2145-0750_UWL_sbG_log10_tnequad": -9.993576815122957,
    "J2145-0750_UWL_sbH_efac": 0.8826447080475732,
    "J2145-0750_UWL_sbH_log10_tnequad": -9.993773351843888,
    "J2145-0750_WBCORR_10CM_efac": 0.937662624910137,
    "J2145-0750_WBCORR_10CM_log10_tnequad": -9.994748037144902,
    "J2145-0750_basis_ecorr_10CM_log10_ecorr": -9.994088412030168,
    "J2145-0750_basis_ecorr_10CM_uwl_log10_ecorr": -9.996060014110313,
    "J2145-0750_basis_ecorr_20CM_log10_ecorr": -9.993858432467443,
    "J2145-0750_basis_ecorr_20CM_uwl_log10_ecorr": -9.994933012666252,
    "J2145-0750_basis_ecorr_40CM_log10_ecorr": -9.991976565018433,
    "J2145-0750_basis_ecorr_40CM_uwl_log10_ecorr": -9.994904682771994,
    "J2145-0750_basis_ecorr_all_dr2_log10_ecorr": -9.972609395782955,
    "J2145-0750_basis_ecorr_all_uwl_log10_ecorr": -9.689396704790745,
    "J2145-0750_dm_gp_gamma": 0.7263898133476396,
    "J2145-0750_dm_gp_log10_A": -15.345936264461551,
    "J2145-0750_red_noise_gamma": 0.09515832219793585,
    "J2145-0750_red_noise_log10_A": -13.880837645564128,
    "nmodel": -0.4984974654736872
}