{
    "J2145-0750_CASPSR_40CM_efac": 1.008378300967292,
    "J2145-0750_CASPSR_40CM_log10_tnequad": -9.995492231561752,
    "J2145-0750_CPSR2_20CM_efac": 0.9816355564273319,
    "J2145-0750_CPSR2_20CM_log10_tnequad": -5.78857250055628,
    "J2145-0750_CPSR2_50CM_efac": 1.0433635077913792,
    "J2145-0750_CPSR2_50CM_log10_tnequad": -9.992013831914065,
    "J2145-0750_PDFB1_10CM_efac": 0.7152979026680035,
    "J2145-0750_PDFB1_10CM_log10_tnequad": -9.99293378913064,
    "J2145-0750_PDFB1_1433_efac": 0.7837469255332226,
    "J2145-0750_PDFB1_1433_log10_tnequad": -9.992598938818146,
    "J2145-0750_PDFB1_20CM_efac": 0.8224930504758634,
    "J2145-0750_PDFB1_20CM_log10_tnequad": -9.992900850661936,
    "J2145-0750_PDFB1_early_10CM_efac": 0.025503296513478914,
    "J2145-0750_PDFB1_early_10CM_log10_tnequad": -9.988472841082022,
    "J2145-0750_PDFB1_early_20CM_efac": 0.7877267113861728,
    "J2145-0750_PDFB1_early_20CM_log10_tnequad": -9.992902257004546,
    "J2145-0750_PDFB_10CM_efac": 0.9578511953007368,
    "J2145-0750_PDFB_10CM_log10_tnequad": -9.994113208609583,
    "J2145-0750_PDFB_20CM_efac": 1.004423840933278,
    "J2145-0750_PDFB_20CM_log10_tnequad": -9.995313883058575,
    "J2145-0750_PDFB_40CM_efac": 0.9112481499533964,
    "J2145-0750_PDFB_40CM_log10_tnequad": -9.995751840505122,
    "J2145-0750_UWL_PDFB4_20CM_efac": 1.0267529217808928,
    "J2145-0750_UWL_PDFB4_20CM_log10_tnequad": -9.995788425764253,
    "J2145-0750_UWL_sbA_efac": 1.0626978740759199,
    "J2145-0750_UWL_sbA_log10_tnequad": -9.993739854798262,
    "J2145-0750_UWL_sbB_efac": 0.9686738868686102,
    "J2145-0750_UWL_sbB_log10_tnequad": -9.993315049025604,
    "J2145-0750_UWL_sbC_efac": 0.8884832427312431,
    "J2145-0750_UWL_sbC_log10_tnequad": -9.99493499846346,
    "J2145-0750_UWL_sbD_efac": 0.8833730898802526,
    "J2145-0750_UWL_sbD_log10_tnequad": -9.992909311503578,
    "J2145-0750_UWL_sbE_efac": 0.9180403939347612,
    "J2145-0750_UWL_sbE_log10_tnequad": -9.996386259426425,
    "J2145-0750_UWL_sbF_efac": 0.8526866193433927,
    "J2145-0750_UWL_sbF_log10_tnequad": -9.99563583605104,
    "J2145-0750_UWL_sbG_efac": 0.9672411015581716,
    "J2145-0750_UWL_sbG_log10_tnequad": -9.994837755778546,
    "J2145-0750_UWL_sbH_efac": 0.8850538667234961,
    "J2145-0750_UWL_sbH_log10_tnequad": -9.99467573116588,
    "J2145-0750_WBCORR_10CM_efac": 0.9279295729437539,
    "J2145-0750_WBCORR_10CM_log10_tnequad": -9.993901108142673,
    "J2145-0750_basis_ecorr_10CM_log10_ecorr": -9.994720374076023,
    "J2145-0750_basis_ecorr_10CM_uwl_log10_ecorr": -9.995027493584459,
    "J2145-0750_basis_ecorr_20CM_log10_ecorr": -9.993883589109796,
    "J2145-0750_basis_ecorr_20CM_uwl_log10_ecorr": -9.995022941211312,
    "J2145-0750_basis_ecorr_40CM_log10_ecorr": -9.992357058205437,
    "J2145-0750_basis_ecorr_40CM_uwl_log10_ecorr": -9.995471536710589,
    "J2145-0750_basis_ecorr_all_dr2_log10_ecorr": -9.972870953398196,
    "J2145-0750_basis_ecorr_all_uwl_log10_ecorr": -9.464055171108471,
    "J2145-0750_dm_gp_gamma": 0.9620366868946819,
    "J2145-0750_dm_gp_log10_A": -15.829409754394787,
    "J2145-0750_gp_sw_gamma": -3.9562664367271037,
    "J2145-0750_gp_sw_log10_A": -8.008901490520957,
    "J2145-0750_red_noise_gamma": 0.14475614241641974,
    "J2145-0750_red_noise_log10_A": -13.810099054490857,
    "n_earth": 0.02214435542233195,
    "nmodel": -0.4984939286442252
}