{
    "J2145-0750_CASPSR_40CM_efac": 1.631569555935407,
    "J2145-0750_CASPSR_40CM_log10_tnequad": -6.116778658130615,
    "J2145-0750_CPSR2_20CM_efac": 1.5565878588145172,
    "J2145-0750_CPSR2_20CM_log10_tnequad": -5.421982152032243,
    "J2145-0750_CPSR2_50CM_efac": 1.3927110978263877,
    "J2145-0750_CPSR2_50CM_log10_tnequad": -5.910517780677642,
    "J2145-0750_PDFB1_10CM_efac": 1.3300828078662403,
    "J2145-0750_PDFB1_10CM_log10_tnequad": -5.409043185595312,
    "J2145-0750_PDFB1_1433_efac": 1.6924058737136438,
    "J2145-0750_PDFB1_1433_log10_tnequad": -5.807632189878241,
    "J2145-0750_PDFB1_20CM_efac": 1.2744175932321136,
    "J2145-0750_PDFB1_20CM_log10_tnequad": -5.96420316028555,
    "J2145-0750_PDFB1_early_10CM_efac": 1.309096896349243,
    "J2145-0750_PDFB1_early_10CM_log10_tnequad": -5.182248095386476,
    "J2145-0750_PDFB1_early_20CM_efac": 1.3049476357349894,
    "J2145-0750_PDFB1_early_20CM_log10_tnequad": -6.001169765038108,
    "J2145-0750_PDFB_10CM_efac": 1.1129049372511381,
    "J2145-0750_PDFB_10CM_log10_tnequad": -6.223308484357593,
    "J2145-0750_PDFB_20CM_efac": 1.155177112459095,
    "J2145-0750_PDFB_20CM_log10_tnequad": -6.7351916114691655,
    "J2145-0750_PDFB_40CM_efac": 1.131466676649384,
    "J2145-0750_PDFB_40CM_log10_tnequad": -6.44830151690558,
    "J2145-0750_UWL_PDFB4_20CM_efac": 1.8900072887379582,
    "J2145-0750_UWL_PDFB4_20CM_log10_tnequad": -6.1106542654777805,
    "J2145-0750_UWL_sbA_efac": 1.5997135232520414,
    "J2145-0750_UWL_sbA_log10_tnequad": -6.056820910126527,
    "J2145-0750_UWL_sbB_efac": 1.3635736071829094,
    "J2145-0750_UWL_sbB_log10_tnequad": -6.442939350323069,
    "J2145-0750_UWL_sbC_efac": 1.2538939035843781,
    "J2145-0750_UWL_sbC_log10_tnequad": -6.445136441990158,
    "J2145-0750_UWL_sbD_efac": 1.259186428411195,
    "J2145-0750_UWL_sbD_log10_tnequad": -6.4907369553110374,
    "J2145-0750_UWL_sbE_efac": 1.3112327120097498,
    "J2145-0750_UWL_sbE_log10_tnequad": -6.429051146821974,
    "J2145-0750_UWL_sbF_efac": 1.1682914559136186,
    "J2145-0750_UWL_sbF_log10_tnequad": -6.4733151309437655,
    "J2145-0750_UWL_sbG_efac": 1.3632803954277417,
    "J2145-0750_UWL_sbG_log10_tnequad": -6.239446233562673,
    "J2145-0750_UWL_sbH_efac": 1.1860510864472085,
    "J2145-0750_UWL_sbH_log10_tnequad": -6.235908549703528,
    "J2145-0750_WBCORR_10CM_efac": 1.4909042361123783,
    "J2145-0750_WBCORR_10CM_log10_tnequad": -5.627500069463058,
    "J2145-0750_basis_ecorr_10CM_log10_ecorr": -6.232586603180481,
    "J2145-0750_basis_ecorr_10CM_uwl_log10_ecorr": -6.4659197560638955,
    "J2145-0750_basis_ecorr_20CM_log10_ecorr": -6.208464125139977,
    "J2145-0750_basis_ecorr_20CM_uwl_log10_ecorr": -6.50478241345039,
    "J2145-0750_basis_ecorr_40CM_log10_ecorr": -5.98940323937961,
    "J2145-0750_basis_ecorr_40CM_uwl_log10_ecorr": -6.489621248542209,
    "J2145-0750_basis_ecorr_all_dr2_log10_ecorr": -6.2020626650139485,
    "J2145-0750_basis_ecorr_all_uwl_log10_ecorr": -6.318503495240135,
    "J2145-0750_dm_gp_gamma": 5.850333226545114,
    "J2145-0750_dm_gp_log10_A": -13.23373815472677,
    "J2145-0750_red_noise_gamma": 3.507929117607723,
    "J2145-0750_red_noise_log10_A": -12.820527111692996,
    "nmodel": 0.49858951280555214
}