{
    "J2145-0750_CASPSR_40CM_efac": 0.9276574797129328,
    "J2145-0750_CASPSR_40CM_log10_tnequad": -9.992022007763326,
    "J2145-0750_CPSR2_20CM_efac": 0.7259302590401319,
    "J2145-0750_CPSR2_20CM_log10_tnequad": -8.655362514467438,
    "J2145-0750_CPSR2_50CM_efac": 1.0472063092694193,
    "J2145-0750_CPSR2_50CM_log10_tnequad": -9.99062985069628,
    "J2145-0750_PDFB1_10CM_efac": 0.4093264701141924,
    "J2145-0750_PDFB1_10CM_log10_tnequad": -9.994406548081066,
    "J2145-0750_PDFB1_1433_efac": 0.15043296280321375,
    "J2145-0750_PDFB1_1433_log10_tnequad": -9.990831522782733,
    "J2145-0750_PDFB1_20CM_efac": 0.830989345722459,
    "J2145-0750_PDFB1_20CM_log10_tnequad": -9.990908191331206,
    "J2145-0750_PDFB1_early_10CM_efac": 0.017152935685088622,
    "J2145-0750_PDFB1_early_10CM_log10_tnequad": -9.992010883035336,
    "J2145-0750_PDFB1_early_20CM_efac": 0.7616357790948314,
    "J2145-0750_PDFB1_early_20CM_log10_tnequad": -9.993581641383255,
    "J2145-0750_PDFB_10CM_efac": 0.9566650001499216,
    "J2145-0750_PDFB_10CM_log10_tnequad": -9.990697093934726,
    "J2145-0750_PDFB_20CM_efac": 1.005972579508944,
    "J2145-0750_PDFB_20CM_log10_tnequad": -9.995433346834973,
    "J2145-0750_PDFB_40CM_efac": 0.8772257342462907,
    "J2145-0750_PDFB_40CM_log10_tnequad": -9.99302497668336,
    "J2145-0750_UWL_PDFB4_20CM_efac": 1.002516639105375,
    "J2145-0750_UWL_PDFB4_20CM_log10_tnequad": -9.989473457596898,
    "J2145-0750_UWL_sbA_efac": 0.931734670327743,
    "J2145-0750_UWL_sbA_log10_tnequad": -9.991374752015604,
    "J2145-0750_UWL_sbB_efac": 0.9631013343939031,
    "J2145-0750_UWL_sbB_log10_tnequad": -9.991979969686772,
    "J2145-0750_UWL_sbC_efac": 0.8804475665781625,
    "J2145-0750_UWL_sbC_log10_tnequad": -9.995370257616756,
    "J2145-0750_UWL_sbD_efac": 0.8554767557111533,
    "J2145-0750_UWL_sbD_log10_tnequad": -9.994457173986612,
    "J2145-0750_UWL_sbE_efac": 0.8994530933312794,
    "J2145-0750_UWL_sbE_log10_tnequad": -9.991940729580502,
    "J2145-0750_UWL_sbF_efac": 0.8132526779807036,
    "J2145-0750_UWL_sbF_log10_tnequad": -9.992057769125028,
    "J2145-0750_UWL_sbG_efac": 0.834619637679452,
    "J2145-0750_UWL_sbG_log10_tnequad": -9.993572001053746,
    "J2145-0750_UWL_sbH_efac": 0.8834905768476038,
    "J2145-0750_UWL_sbH_log10_tnequad": -9.992535817195037,
    "J2145-0750_WBCORR_10CM_efac": 0.9040506178304681,
    "J2145-0750_WBCORR_10CM_log10_tnequad": -9.991245677843693,
    "J2145-0750_basis_ecorr_10CM_log10_ecorr": -9.993716536637828,
    "J2145-0750_basis_ecorr_10CM_uwl_log10_ecorr": -9.996298219448782,
    "J2145-0750_basis_ecorr_20CM_log10_ecorr": -9.993647849169001,
    "J2145-0750_basis_ecorr_20CM_uwl_log10_ecorr": -9.99523370688486,
    "J2145-0750_basis_ecorr_40CM_log10_ecorr": -9.990934236168432,
    "J2145-0750_basis_ecorr_40CM_uwl_log10_ecorr": -9.99558788745065,
    "J2145-0750_basis_ecorr_all_dr2_log10_ecorr": -9.961222833509078,
    "J2145-0750_basis_ecorr_all_uwl_log10_ecorr": -9.622421337262823,
    "J2145-0750_dm_gp_gamma": 0.9559957361066397,
    "J2145-0750_dm_gp_log10_A": -15.84986212355829,
    "J2145-0750_gp_sw_gamma": -3.932457249443686,
    "J2145-0750_gp_sw_log10_A": -8.049367124648692,
    "J2145-0750_red_noise_gamma": 0.11500979801465722,
    "J2145-0750_red_noise_log10_A": -13.74947659913113,
    "n_earth": 0.020739818352300765,
    "nmodel": -0.4984975327089797
}