{
    "J2241-5236_CASPSR_40CM_efac": 1.3258615845184947,
    "J2241-5236_CASPSR_40CM_log10_tnequad": -6.965238061381891,
    "J2241-5236_PDFB_10CM_efac": 1.1575923277406481,
    "J2241-5236_PDFB_10CM_log10_tnequad": -6.238920313333609,
    "J2241-5236_PDFB_20CM_efac": 1.131757568822905,
    "J2241-5236_PDFB_20CM_log10_tnequad": -7.22928987422385,
    "J2241-5236_PDFB_40CM_efac": 1.0706288669247501,
    "J2241-5236_PDFB_40CM_log10_tnequad": -7.124292585449865,
    "J2241-5236_UWL_CASPSR_40CM_efac": 2.352277559566727,
    "J2241-5236_UWL_CASPSR_40CM_log10_tnequad": -6.199376057578613,
    "J2241-5236_UWL_PDFB4_20CM_efac": 1.2965846579183797,
    "J2241-5236_UWL_PDFB4_20CM_log10_tnequad": -6.721030560943186,
    "J2241-5236_UWL_sbA_efac": 1.1986678175013363,
    "J2241-5236_UWL_sbA_log10_tnequad": -6.548535788533514,
    "J2241-5236_UWL_sbB_efac": 1.2278181230528324,
    "J2241-5236_UWL_sbB_log10_tnequad": -6.857644187437267,
    "J2241-5236_UWL_sbC_efac": 1.2794638736387827,
    "J2241-5236_UWL_sbC_log10_tnequad": -6.965435098563912,
    "J2241-5236_UWL_sbD_efac": 1.2814713999957408,
    "J2241-5236_UWL_sbD_log10_tnequad": -6.872398869976523,
    "J2241-5236_UWL_sbE_efac": 1.213872895991093,
    "J2241-5236_UWL_sbE_log10_tnequad": -7.065711486421659,
    "J2241-5236_UWL_sbF_efac": 1.1216408997060527,
    "J2241-5236_UWL_sbF_log10_tnequad": -6.98514786273753,
    "J2241-5236_UWL_sbG_efac": 1.1124344372422732,
    "J2241-5236_UWL_sbG_log10_tnequad": -6.3712756900350875,
    "J2241-5236_UWL_sbH_efac": 1.182732684687127,
    "J2241-5236_UWL_sbH_log10_tnequad": -6.296018073478586,
    "J2241-5236_basis_ecorr_10CM_log10_ecorr": -6.46565488389878,
    "J2241-5236_basis_ecorr_10CM_uwl_log10_ecorr": -6.584365716243418,
    "J2241-5236_basis_ecorr_20CM_log10_ecorr": -6.54344178678082,
    "J2241-5236_basis_ecorr_20CM_uwl_log10_ecorr": -6.958568368258512,
    "J2241-5236_basis_ecorr_40CM_log10_ecorr": -6.4250840868362635,
    "J2241-5236_basis_ecorr_40CM_uwl_log10_ecorr": -6.719571586262697,
    "J2241-5236_basis_ecorr_all_dr2_log10_ecorr": -6.520027597058526,
    "J2241-5236_basis_ecorr_all_uwl_log10_ecorr": -6.784658768016977,
    "J2241-5236_dm_gp_gamma": 5.564950572775112,
    "J2241-5236_dm_gp_log10_A": -13.743228333939784,
    "J2241-5236_gp_sw_gamma": 3.983690361823116,
    "J2241-5236_gp_sw_log10_A": -6.472403177758708,
    "J2241-5236_hf_noise_gamma": 6.95465353855953,
    "J2241-5236_hf_noise_log10_A": -13.404175323262994,
    "J2241-5236_red_noise_gamma": 6.967022591357853,
    "J2241-5236_red_noise_log10_A": -13.243307898834564,
    "n_earth": 3.3640092444784866,
    "nmodel": 0.4985807124261873
}