{
    "J2241-5236_CASPSR_40CM_efac": 1.7225629033394698,
    "J2241-5236_CASPSR_40CM_log10_tnequad": -6.947963213289009,
    "J2241-5236_PDFB_10CM_efac": 1.1600302401935043,
    "J2241-5236_PDFB_10CM_log10_tnequad": -6.042053456499863,
    "J2241-5236_PDFB_20CM_efac": 1.1248816273058775,
    "J2241-5236_PDFB_20CM_log10_tnequad": -7.243391524526364,
    "J2241-5236_PDFB_40CM_efac": 1.0733774789694257,
    "J2241-5236_PDFB_40CM_log10_tnequad": -7.1350460343125945,
    "J2241-5236_UWL_CASPSR_40CM_efac": 2.4793432407019824,
    "J2241-5236_UWL_CASPSR_40CM_log10_tnequad": -6.163963706175607,
    "J2241-5236_UWL_PDFB4_20CM_efac": 1.2822304066443688,
    "J2241-5236_UWL_PDFB4_20CM_log10_tnequad": -6.6744999849529885,
    "J2241-5236_UWL_sbA_efac": 1.5359138430476946,
    "J2241-5236_UWL_sbA_log10_tnequad": -6.5559002579944226,
    "J2241-5236_UWL_sbB_efac": 1.3085882101841395,
    "J2241-5236_UWL_sbB_log10_tnequad": -6.8565525931966445,
    "J2241-5236_UWL_sbC_efac": 1.295915583743139,
    "J2241-5236_UWL_sbC_log10_tnequad": -6.898203547766299,
    "J2241-5236_UWL_sbD_efac": 1.8327133594347988,
    "J2241-5236_UWL_sbD_log10_tnequad": -6.871605470973401,
    "J2241-5236_UWL_sbE_efac": 1.1859086395049836,
    "J2241-5236_UWL_sbE_log10_tnequad": -7.07037995132086,
    "J2241-5236_UWL_sbF_efac": 1.1298183970828966,
    "J2241-5236_UWL_sbF_log10_tnequad": -6.982130521349546,
    "J2241-5236_UWL_sbG_efac": 1.1316364885684091,
    "J2241-5236_UWL_sbG_log10_tnequad": -6.3932586610159206,
    "J2241-5236_UWL_sbH_efac": 1.1778942540991608,
    "J2241-5236_UWL_sbH_log10_tnequad": -6.23981019843256,
    "J2241-5236_basis_ecorr_10CM_log10_ecorr": -6.5085831288628055,
    "J2241-5236_basis_ecorr_10CM_uwl_log10_ecorr": -6.596190296288222,
    "J2241-5236_basis_ecorr_20CM_log10_ecorr": -6.543923415297225,
    "J2241-5236_basis_ecorr_20CM_uwl_log10_ecorr": -6.983077868333351,
    "J2241-5236_basis_ecorr_40CM_log10_ecorr": -6.418906413281654,
    "J2241-5236_basis_ecorr_40CM_uwl_log10_ecorr": -6.7194860644603995,
    "J2241-5236_basis_ecorr_all_dr2_log10_ecorr": -6.5205187687634965,
    "J2241-5236_basis_ecorr_all_uwl_log10_ecorr": -6.776827504910896,
    "J2241-5236_dm_gp_gamma": 5.517138146510176,
    "J2241-5236_dm_gp_log10_A": -13.735435372361835,
    "J2241-5236_gp_sw_gamma": 3.9823871159955697,
    "J2241-5236_gp_sw_log10_A": -6.485136279996331,
    "J2241-5236_hf_noise_gamma": 6.952617277188617,
    "J2241-5236_hf_noise_log10_A": -13.39840645410571,
    "J2241-5236_red_noise_gamma": 6.964044528202274,
    "J2241-5236_red_noise_log10_A": -13.259718431928285,
    "n_earth": 3.400630396637805,
    "nmodel": 0.498393132306757
}