{
    "J2241-5236_CASPSR_40CM_efac": 0.8439217411011594,
    "J2241-5236_CASPSR_40CM_log10_tnequad": -9.996143719006827,
    "J2241-5236_PDFB_10CM_efac": 0.8807477287172533,
    "J2241-5236_PDFB_10CM_log10_tnequad": -9.993351754483758,
    "J2241-5236_PDFB_20CM_efac": 0.9985647966809089,
    "J2241-5236_PDFB_20CM_log10_tnequad": -9.996323305391105,
    "J2241-5236_PDFB_40CM_efac": 0.8149681695842785,
    "J2241-5236_PDFB_40CM_log10_tnequad": -9.997115263259671,
    "J2241-5236_UWL_CASPSR_40CM_efac": 0.49745736622740966,
    "J2241-5236_UWL_CASPSR_40CM_log10_tnequad": -9.993506552724984,
    "J2241-5236_UWL_PDFB4_20CM_efac": 0.912797238857692,
    "J2241-5236_UWL_PDFB4_20CM_log10_tnequad": -9.993715626015307,
    "J2241-5236_UWL_sbA_efac": 0.6597501024979864,
    "J2241-5236_UWL_sbA_log10_tnequad": -9.60960154991861,
    "J2241-5236_UWL_sbB_efac": 0.9104902524257974,
    "J2241-5236_UWL_sbB_log10_tnequad": -7.325526786467312,
    "J2241-5236_UWL_sbC_efac": 0.9777393457456071,
    "J2241-5236_UWL_sbC_log10_tnequad": -9.993332556013193,
    "J2241-5236_UWL_sbD_efac": 0.9735460342055765,
    "J2241-5236_UWL_sbD_log10_tnequad": -7.205327898269215,
    "J2241-5236_UWL_sbE_efac": 0.9354332258540187,
    "J2241-5236_UWL_sbE_log10_tnequad": -9.995562676803516,
    "J2241-5236_UWL_sbF_efac": 0.9362198387600636,
    "J2241-5236_UWL_sbF_log10_tnequad": -9.995828157203594,
    "J2241-5236_UWL_sbG_efac": 0.8365113660179933,
    "J2241-5236_UWL_sbG_log10_tnequad": -9.994989484784432,
    "J2241-5236_UWL_sbH_efac": 0.858351337846294,
    "J2241-5236_UWL_sbH_log10_tnequad": -9.992833940666129,
    "J2241-5236_basis_ecorr_10CM_log10_ecorr": -9.995555512837193,
    "J2241-5236_basis_ecorr_10CM_uwl_log10_ecorr": -9.993385214504132,
    "J2241-5236_basis_ecorr_20CM_log10_ecorr": -9.99397921469016,
    "J2241-5236_basis_ecorr_20CM_uwl_log10_ecorr": -9.99559805687122,
    "J2241-5236_basis_ecorr_40CM_log10_ecorr": -9.991185090244928,
    "J2241-5236_basis_ecorr_40CM_uwl_log10_ecorr": -7.3244708584294616,
    "J2241-5236_basis_ecorr_all_dr2_log10_ecorr": -9.958524210802546,
    "J2241-5236_basis_ecorr_all_uwl_log10_ecorr": -9.13716380474765,
    "J2241-5236_dm_gp_gamma": 1.573152522316794,
    "J2241-5236_dm_gp_log10_A": -14.677690095873487,
    "J2241-5236_hf_noise_gamma": 0.006326437838977496,
    "J2241-5236_hf_noise_log10_A": -19.973262307482457,
    "J2241-5236_red_noise_gamma": 0.012657510920050661,
    "J2241-5236_red_noise_log10_A": -19.98258599099402,
    "nmodel": -0.4986048510350486
}