{
    "J2241-5236_CASPSR_40CM_efac": 0.85294163739926,
    "J2241-5236_CASPSR_40CM_log10_tnequad": -9.994773022848122,
    "J2241-5236_PDFB_10CM_efac": 0.6623951458710371,
    "J2241-5236_PDFB_10CM_log10_tnequad": -9.988020378302105,
    "J2241-5236_PDFB_20CM_efac": 0.9959024697353244,
    "J2241-5236_PDFB_20CM_log10_tnequad": -9.994632477185196,
    "J2241-5236_PDFB_40CM_efac": 0.8086122954865368,
    "J2241-5236_PDFB_40CM_log10_tnequad": -9.991374302796912,
    "J2241-5236_UWL_CASPSR_40CM_efac": 0.5043946926510379,
    "J2241-5236_UWL_CASPSR_40CM_log10_tnequad": -9.992756928050623,
    "J2241-5236_UWL_PDFB4_20CM_efac": 0.9359269197557947,
    "J2241-5236_UWL_PDFB4_20CM_log10_tnequad": -9.994658915267307,
    "J2241-5236_UWL_sbA_efac": 0.6905213990102488,
    "J2241-5236_UWL_sbA_log10_tnequad": -9.797451749703464,
    "J2241-5236_UWL_sbB_efac": 0.9106269641068035,
    "J2241-5236_UWL_sbB_log10_tnequad": -7.372240505748562,
    "J2241-5236_UWL_sbC_efac": 0.9459934078213476,
    "J2241-5236_UWL_sbC_log10_tnequad": -9.985748218224014,
    "J2241-5236_UWL_sbD_efac": 0.9572528608904518,
    "J2241-5236_UWL_sbD_log10_tnequad": -7.221073640236203,
    "J2241-5236_UWL_sbE_efac": 0.9422646097000601,
    "J2241-5236_UWL_sbE_log10_tnequad": -9.996781893254507,
    "J2241-5236_UWL_sbF_efac": 0.9298321999946675,
    "J2241-5236_UWL_sbF_log10_tnequad": -9.99596595983475,
    "J2241-5236_UWL_sbG_efac": 0.8443534543410046,
    "J2241-5236_UWL_sbG_log10_tnequad": -9.990947819942983,
    "J2241-5236_UWL_sbH_efac": 0.8257832622532505,
    "J2241-5236_UWL_sbH_log10_tnequad": -9.998215153058938,
    "J2241-5236_basis_ecorr_10CM_log10_ecorr": -9.996356437832615,
    "J2241-5236_basis_ecorr_10CM_uwl_log10_ecorr": -9.995409278835023,
    "J2241-5236_basis_ecorr_20CM_log10_ecorr": -9.989918914089525,
    "J2241-5236_basis_ecorr_20CM_uwl_log10_ecorr": -9.996861683820729,
    "J2241-5236_basis_ecorr_40CM_log10_ecorr": -9.978359833340473,
    "J2241-5236_basis_ecorr_40CM_uwl_log10_ecorr": -7.29641212176526,
    "J2241-5236_basis_ecorr_all_dr2_log10_ecorr": -9.987971377082506,
    "J2241-5236_basis_ecorr_all_uwl_log10_ecorr": -9.788305587017389,
    "J2241-5236_dm_gp_gamma": 1.5382570342359227,
    "J2241-5236_dm_gp_log10_A": -14.660938248535869,
    "J2241-5236_gp_sw_gamma": -3.981350501044476,
    "J2241-5236_gp_sw_log10_A": -9.994752207453176,
    "J2241-5236_hf_noise_gamma": 0.0031628863024444342,
    "J2241-5236_hf_noise_log10_A": -19.96875234329232,
    "J2241-5236_red_noise_gamma": 0.015786392927988727,
    "J2241-5236_red_noise_log10_A": -19.98166639627162,
    "n_earth": 0.0018262732563869843,
    "nmodel": -0.49841045099738607
}