{
    "J2241-5236_CASPSR_40CM_efac": 1.3752042921732859,
    "J2241-5236_CASPSR_40CM_log10_tnequad": -6.974645921914931,
    "J2241-5236_PDFB_10CM_efac": 1.1512821460504308,
    "J2241-5236_PDFB_10CM_log10_tnequad": -6.2060319683906116,
    "J2241-5236_PDFB_20CM_efac": 1.1271324623028416,
    "J2241-5236_PDFB_20CM_log10_tnequad": -7.2436716610530985,
    "J2241-5236_PDFB_40CM_efac": 1.0646578085558125,
    "J2241-5236_PDFB_40CM_log10_tnequad": -7.116716641869879,
    "J2241-5236_UWL_CASPSR_40CM_efac": 2.1609783896346872,
    "J2241-5236_UWL_CASPSR_40CM_log10_tnequad": -6.20700806315239,
    "J2241-5236_UWL_PDFB4_20CM_efac": 1.297260076128266,
    "J2241-5236_UWL_PDFB4_20CM_log10_tnequad": -6.703220483616373,
    "J2241-5236_UWL_sbA_efac": 1.1869973290066187,
    "J2241-5236_UWL_sbA_log10_tnequad": -6.546796509250677,
    "J2241-5236_UWL_sbB_efac": 1.2277618184882935,
    "J2241-5236_UWL_sbB_log10_tnequad": -6.856832250610454,
    "J2241-5236_UWL_sbC_efac": 1.2755873790818157,
    "J2241-5236_UWL_sbC_log10_tnequad": -6.993614734671837,
    "J2241-5236_UWL_sbD_efac": 1.2665721989795442,
    "J2241-5236_UWL_sbD_log10_tnequad": -6.862675459814899,
    "J2241-5236_UWL_sbE_efac": 1.1905410670951289,
    "J2241-5236_UWL_sbE_log10_tnequad": -7.050887157611348,
    "J2241-5236_UWL_sbF_efac": 1.1221206751043202,
    "J2241-5236_UWL_sbF_log10_tnequad": -6.993525629818279,
    "J2241-5236_UWL_sbG_efac": 1.1111568680875679,
    "J2241-5236_UWL_sbG_log10_tnequad": -6.405941095874348,
    "J2241-5236_UWL_sbH_efac": 1.1881078773412703,
    "J2241-5236_UWL_sbH_log10_tnequad": -6.293586848228559,
    "J2241-5236_basis_ecorr_10CM_log10_ecorr": -6.479120295402737,
    "J2241-5236_basis_ecorr_10CM_uwl_log10_ecorr": -6.58221486895368,
    "J2241-5236_basis_ecorr_20CM_log10_ecorr": -6.546963740441329,
    "J2241-5236_basis_ecorr_20CM_uwl_log10_ecorr": -6.965245553317619,
    "J2241-5236_basis_ecorr_40CM_log10_ecorr": -6.429708880400277,
    "J2241-5236_basis_ecorr_40CM_uwl_log10_ecorr": -6.733376091316231,
    "J2241-5236_basis_ecorr_all_dr2_log10_ecorr": -6.519799340736718,
    "J2241-5236_basis_ecorr_all_uwl_log10_ecorr": -6.7842960793284215,
    "J2241-5236_dm_gp_gamma": 5.555837588075793,
    "J2241-5236_dm_gp_log10_A": -13.74512532683032,
    "J2241-5236_hf_noise_gamma": 6.9497669882620245,
    "J2241-5236_hf_noise_log10_A": -13.406253996388976,
    "J2241-5236_red_noise_gamma": 6.96753832289521,
    "J2241-5236_red_noise_log10_A": -13.24332165760685,
    "nmodel": 0.49840524157968363
}