{
    "J2241-5236_CASPSR_40CM_efac": 0.8497358193662297,
    "J2241-5236_CASPSR_40CM_log10_tnequad": -9.993403373906949,
    "J2241-5236_PDFB_10CM_efac": 0.9199537665075912,
    "J2241-5236_PDFB_10CM_log10_tnequad": -9.994335985876553,
    "J2241-5236_PDFB_20CM_efac": 0.9976733036810103,
    "J2241-5236_PDFB_20CM_log10_tnequad": -9.994786050716087,
    "J2241-5236_PDFB_40CM_efac": 0.8155742091795597,
    "J2241-5236_PDFB_40CM_log10_tnequad": -9.995525670652324,
    "J2241-5236_UWL_CASPSR_40CM_efac": 0.6308366874634179,
    "J2241-5236_UWL_CASPSR_40CM_log10_tnequad": -9.99553336837513,
    "J2241-5236_UWL_PDFB4_20CM_efac": 0.9394800915867577,
    "J2241-5236_UWL_PDFB4_20CM_log10_tnequad": -9.997060494097855,
    "J2241-5236_UWL_sbA_efac": 0.660540020143069,
    "J2241-5236_UWL_sbA_log10_tnequad": -8.185925410709892,
    "J2241-5236_UWL_sbB_efac": 0.9122575603670414,
    "J2241-5236_UWL_sbB_log10_tnequad": -7.288876524076556,
    "J2241-5236_UWL_sbC_efac": 0.9715916742013919,
    "J2241-5236_UWL_sbC_log10_tnequad": -9.99529516399707,
    "J2241-5236_UWL_sbD_efac": 0.9886653326691671,
    "J2241-5236_UWL_sbD_log10_tnequad": -7.219707066843894,
    "J2241-5236_UWL_sbE_efac": 0.9391998505710795,
    "J2241-5236_UWL_sbE_log10_tnequad": -9.996673740730058,
    "J2241-5236_UWL_sbF_efac": 0.9338062407944483,
    "J2241-5236_UWL_sbF_log10_tnequad": -9.994809147832427,
    "J2241-5236_UWL_sbG_efac": 0.8286037855682039,
    "J2241-5236_UWL_sbG_log10_tnequad": -9.987551728819758,
    "J2241-5236_UWL_sbH_efac": 0.8646616373087911,
    "J2241-5236_UWL_sbH_log10_tnequad": -9.996510721908342,
    "J2241-5236_basis_ecorr_10CM_log10_ecorr": -9.994414484149315,
    "J2241-5236_basis_ecorr_10CM_uwl_log10_ecorr": -9.99624983840553,
    "J2241-5236_basis_ecorr_20CM_log10_ecorr": -9.994591999169323,
    "J2241-5236_basis_ecorr_20CM_uwl_log10_ecorr": -9.995613968331138,
    "J2241-5236_basis_ecorr_40CM_log10_ecorr": -9.990110068428907,
    "J2241-5236_basis_ecorr_40CM_uwl_log10_ecorr": -7.259157735605988,
    "J2241-5236_basis_ecorr_all_dr2_log10_ecorr": -9.96034257112947,
    "J2241-5236_basis_ecorr_all_uwl_log10_ecorr": -9.088862919883706,
    "J2241-5236_dm_gp_gamma": 1.5424147625471634,
    "J2241-5236_dm_gp_log10_A": -14.694948052474846,
    "J2241-5236_gp_sw_gamma": -3.9826001250368313,
    "J2241-5236_gp_sw_log10_A": -9.995895812560263,
    "J2241-5236_hf_noise_gamma": 0.006169523419001735,
    "J2241-5236_hf_noise_log10_A": -19.97667215303639,
    "J2241-5236_red_noise_gamma": 0.014084622194199954,
    "J2241-5236_red_noise_log10_A": -19.982745854511254,
    "n_earth": 0.0024409788627648074,
    "nmodel": -0.49849624713481355
}