{
    "J1909-3744_CASPSR_40CM_efac": 1.2752535686930249,
    "J1909-3744_CASPSR_40CM_log10_tnequad": -6.673154349113184,
    "J1909-3744_CPSR2_20CM_efac": 1.1617889728740478,
    "J1909-3744_CPSR2_20CM_log10_tnequad": -6.490734774039465,
    "J1909-3744_CPSR2_50CM_efac": 1.2902607127611225,
    "J1909-3744_CPSR2_50CM_log10_tnequad": -6.788156804682434,
    "J1909-3744_PDFB1_10CM_efac": 1.1375087992112425,
    "J1909-3744_PDFB1_10CM_log10_tnequad": -6.817928256143039,
    "J1909-3744_PDFB1_1433_efac": 1.8328796264421774,
    "J1909-3744_PDFB1_1433_log10_tnequad": -6.585409553882484,
    "J1909-3744_PDFB1_20CM_efac": 1.1254829359895817,
    "J1909-3744_PDFB1_20CM_log10_tnequad": -7.606249819947096,
    "J1909-3744_PDFB1_early_20CM_efac": 0.9585757553422732,
    "J1909-3744_PDFB1_early_20CM_log10_tnequad": -7.294275842459023,
    "J1909-3744_PDFB_10CM_efac": 1.0715151286466087,
    "J1909-3744_PDFB_10CM_log10_tnequad": -7.456338870413801,
    "J1909-3744_PDFB_20CM_efac": 1.1450056368115302,
    "J1909-3744_PDFB_20CM_log10_tnequad": -7.778724186657066,
    "J1909-3744_PDFB_40CM_efac": 1.073104122325822,
    "J1909-3744_PDFB_40CM_log10_tnequad": -7.198679294033822,
    "J1909-3744_UWL_CASPSR_20CM_efac": 1.6810064522322807,
    "J1909-3744_UWL_CASPSR_20CM_log10_tnequad": -7.168523966314922,
    "J1909-3744_UWL_CASPSR_40CM_efac": 1.8244096337673774,
    "J1909-3744_UWL_CASPSR_40CM_log10_tnequad": -6.268823523207795,
    "J1909-3744_UWL_PDFB4_10CM_efac": 1.2839522960391663,
    "J1909-3744_UWL_PDFB4_10CM_log10_tnequad": -6.961307431923175,
    "J1909-3744_UWL_PDFB4_20CM_efac": 1.3134378584697453,
    "J1909-3744_UWL_PDFB4_20CM_log10_tnequad": -7.009830384926738,
    "J1909-3744_UWL_sbA_efac": 1.3207462781979384,
    "J1909-3744_UWL_sbA_log10_tnequad": -6.49827105794737,
    "J1909-3744_UWL_sbB_efac": 1.141197061900171,
    "J1909-3744_UWL_sbB_log10_tnequad": -6.720721063500733,
    "J1909-3744_UWL_sbC_efac": 1.2847245965603886,
    "J1909-3744_UWL_sbC_log10_tnequad": -7.068399113004913,
    "J1909-3744_UWL_sbD_efac": 1.2120649200499836,
    "J1909-3744_UWL_sbD_log10_tnequad": -6.955091925926475,
    "J1909-3744_UWL_sbE_efac": 1.1973155925153973,
    "J1909-3744_UWL_sbE_log10_tnequad": -7.528719936626178,
    "J1909-3744_UWL_sbF_efac": 1.222217683321033,
    "J1909-3744_UWL_sbF_log10_tnequad": -7.605347717297257,
    "J1909-3744_UWL_sbG_efac": 1.098938853095861,
    "J1909-3744_UWL_sbG_log10_tnequad": -7.305824932682315,
    "J1909-3744_UWL_sbH_efac": 1.1357465854606619,
    "J1909-3744_UWL_sbH_log10_tnequad": -7.288399773452146,
    "J1909-3744_WBCORR_10CM_efac": 1.701905815508792,
    "J1909-3744_WBCORR_10CM_log10_tnequad": -6.408393946917658,
    "J1909-3744_band_noise_low_gamma": 6.882371057232022,
    "J1909-3744_band_noise_low_log10_A": -13.42794825363086,
    "J1909-3744_basis_ecorr_10CM_log10_ecorr": -7.349045840236253,
    "J1909-3744_basis_ecorr_10CM_uwl_log10_ecorr": -7.565745930109358,
    "J1909-3744_basis_ecorr_20CM_log10_ecorr": -7.139747820623776,
    "J1909-3744_basis_ecorr_20CM_uwl_log10_ecorr": -7.440517040141415,
    "J1909-3744_basis_ecorr_40CM_log10_ecorr": -6.927792747595179,
    "J1909-3744_basis_ecorr_40CM_uwl_log10_ecorr": -6.97065362116167,
    "J1909-3744_basis_ecorr_CASPSR_40CM_log10_ecorr": -7.104754945552019,
    "J1909-3744_basis_ecorr_CPSR2_50CM_log10_ecorr": -6.735132021367194,
    "J1909-3744_basis_ecorr_PDFB1_1433_log10_ecorr": -6.240115049462655,
    "J1909-3744_basis_ecorr_PDFB1_early_20CM_log10_ecorr": -6.514995754071491,
    "J1909-3744_basis_ecorr_all_dr2_log10_ecorr": -7.228502259608725,
    "J1909-3744_basis_ecorr_all_uwl_log10_ecorr": -7.21728599273303,
    "J1909-3744_dm_gp_gamma": 2.5381689655123467,
    "J1909-3744_dm_gp_log10_A": -13.560292100000412,
    "J1909-3744_gp_sw_gamma": 2.0707533068624002,
    "J1909-3744_gp_sw_log10_A": -6.397786536694622,
    "J1909-3744_group_noise_CPSR2_50CM_gamma": 6.972387905690656,
    "J1909-3744_group_noise_CPSR2_50CM_log10_A": -12.999771586433464,
    "J1909-3744_gwb_log10_A": -14.391650026214101,
    "J1909-3744_hf_noise_gamma": 6.887783342151534,
    "J1909-3744_hf_noise_log10_A": -14.075553459122723,
    "J1909-3744_red_noise_gamma": 6.980636129282069,
    "J1909-3744_red_noise_log10_A": -14.140289522106245,
    "n_earth": 5.211565389932801,
    "nmodel": 0.4987109071062649
}