{
    "J1909-3744_CASPSR_40CM_efac": 0.776498527138041,
    "J1909-3744_CASPSR_40CM_log10_tnequad": -7.277444333963247,
    "J1909-3744_CPSR2_20CM_efac": 0.29890541787131264,
    "J1909-3744_CPSR2_20CM_log10_tnequad": -9.999483554209137,
    "J1909-3744_CPSR2_50CM_efac": 0.9870633981397542,
    "J1909-3744_CPSR2_50CM_log10_tnequad": -9.987362722477,
    "J1909-3744_PDFB1_10CM_efac": 0.8157954156566661,
    "J1909-3744_PDFB1_10CM_log10_tnequad": -9.9900563379016,
    "J1909-3744_PDFB1_1433_efac": 0.8690558966453062,
    "J1909-3744_PDFB1_1433_log10_tnequad": -9.986682361273653,
    "J1909-3744_PDFB1_20CM_efac": 0.8867507302089432,
    "J1909-3744_PDFB1_20CM_log10_tnequad": -9.973825504577364,
    "J1909-3744_PDFB1_early_20CM_efac": 0.656686060098732,
    "J1909-3744_PDFB1_early_20CM_log10_tnequad": -9.983932165364157,
    "J1909-3744_PDFB_10CM_efac": 0.9705471033123106,
    "J1909-3744_PDFB_10CM_log10_tnequad": -9.986339582545899,
    "J1909-3744_PDFB_20CM_efac": 1.0211214665173212,
    "J1909-3744_PDFB_20CM_log10_tnequad": -9.990548856144656,
    "J1909-3744_PDFB_40CM_efac": 0.8711364043858937,
    "J1909-3744_PDFB_40CM_log10_tnequad": -9.980239944493302,
    "J1909-3744_UWL_CASPSR_20CM_efac": 0.9217818831514312,
    "J1909-3744_UWL_CASPSR_20CM_log10_tnequad": -9.97850972409979,
    "J1909-3744_UWL_CASPSR_40CM_efac": 0.180442201202582,
    "J1909-3744_UWL_CASPSR_40CM_log10_tnequad": -9.899014542598382,
    "J1909-3744_UWL_PDFB4_10CM_efac": 0.7961929505909315,
    "J1909-3744_UWL_PDFB4_10CM_log10_tnequad": -9.977633198587599,
    "J1909-3744_UWL_PDFB4_20CM_efac": 0.8698464222457747,
    "J1909-3744_UWL_PDFB4_20CM_log10_tnequad": -9.938610533167793,
    "J1909-3744_UWL_sbA_efac": 0.5965592631459409,
    "J1909-3744_UWL_sbA_log10_tnequad": -9.983960966953552,
    "J1909-3744_UWL_sbB_efac": 0.7590304612293333,
    "J1909-3744_UWL_sbB_log10_tnequad": -9.974011884133713,
    "J1909-3744_UWL_sbC_efac": 1.0157907961394324,
    "J1909-3744_UWL_sbC_log10_tnequad": -9.973680724555495,
    "J1909-3744_UWL_sbD_efac": 0.9784984948088322,
    "J1909-3744_UWL_sbD_log10_tnequad": -7.260370468408938,
    "J1909-3744_UWL_sbE_efac": 0.996587374450238,
    "J1909-3744_UWL_sbE_log10_tnequad": -9.994637638123374,
    "J1909-3744_UWL_sbF_efac": 1.0412458587185707,
    "J1909-3744_UWL_sbF_log10_tnequad": -9.940376747555293,
    "J1909-3744_UWL_sbG_efac": 0.9114167054659392,
    "J1909-3744_UWL_sbG_log10_tnequad": -7.657570479902261,
    "J1909-3744_UWL_sbH_efac": 0.8578000998778081,
    "J1909-3744_UWL_sbH_log10_tnequad": -9.999108807527275,
    "J1909-3744_WBCORR_10CM_efac": 0.782702271340063,
    "J1909-3744_WBCORR_10CM_log10_tnequad": -9.856757704960218,
    "J1909-3744_band_noise_low_gamma": 0.002249834388011296,
    "J1909-3744_band_noise_low_log10_A": -19.916305468896887,
    "J1909-3744_basis_ecorr_10CM_log10_ecorr": -9.988732404275623,
    "J1909-3744_basis_ecorr_10CM_uwl_log10_ecorr": -9.990027536513963,
    "J1909-3744_basis_ecorr_20CM_log10_ecorr": -9.966308338784467,
    "J1909-3744_basis_ecorr_20CM_uwl_log10_ecorr": -9.999260349313525,
    "J1909-3744_basis_ecorr_40CM_log10_ecorr": -9.994815960614245,
    "J1909-3744_basis_ecorr_40CM_uwl_log10_ecorr": -9.312456858456468,
    "J1909-3744_basis_ecorr_CASPSR_40CM_log10_ecorr": -9.998929240809952,
    "J1909-3744_basis_ecorr_CPSR2_50CM_log10_ecorr": -9.989012342405154,
    "J1909-3744_basis_ecorr_PDFB1_1433_log10_ecorr": -9.66248840840799,
    "J1909-3744_basis_ecorr_PDFB1_early_20CM_log10_ecorr": -7.609676493722866,
    "J1909-3744_basis_ecorr_all_dr2_log10_ecorr": -9.96892051639012,
    "J1909-3744_basis_ecorr_all_uwl_log10_ecorr": -7.5241455002700315,
    "J1909-3744_dm_gp_gamma": 1.6514015374591888,
    "J1909-3744_dm_gp_log10_A": -13.770586779157915,
    "J1909-3744_gp_sw_gamma": -0.5894059422795922,
    "J1909-3744_gp_sw_log10_A": -7.0641902401233425,
    "J1909-3744_group_noise_CPSR2_50CM_gamma": 0.0450638276803337,
    "J1909-3744_group_noise_CPSR2_50CM_log10_A": -19.953823353078754,
    "J1909-3744_gwb_log10_A": -19.96360748235353,
    "J1909-3744_hf_noise_gamma": 0.0010729371272805155,
    "J1909-3744_hf_noise_log10_A": -19.921102102898747,
    "J1909-3744_red_noise_gamma": 0.029008120714941854,
    "J1909-3744_red_noise_log10_A": -19.961035335083057,
    "n_earth": 2.9026546031483416,
    "nmodel": -0.49835633683922964
}