{
    "J0030+0451_UWL_sbA_efac": 1.0045330176386325,
    "J0030+0451_UWL_sbA_log10_tnequad": -5.874733057096906,
    "J0030+0451_UWL_sbB_efac": 1.1512719876595812,
    "J0030+0451_UWL_sbB_log10_tnequad": -9.53950983115383,
    "J0030+0451_UWL_sbC_efac": 1.0887773638170495,
    "J0030+0451_UWL_sbC_log10_tnequad": -8.39043089260891,
    "J0030+0451_UWL_sbD_efac": 1.109869486671879,
    "J0030+0451_UWL_sbD_log10_tnequad": -6.777131037603356,
    "J0030+0451_UWL_sbE_efac": 0.9359271949099593,
    "J0030+0451_UWL_sbE_log10_tnequad": -5.991464863829754,
    "J0030+0451_UWL_sbF_efac": 0.9356145933035437,
    "J0030+0451_UWL_sbF_log10_tnequad": -8.756331228036284,
    "J0030+0451_UWL_sbG_efac": 0.9753204183086992,
    "J0030+0451_UWL_sbG_log10_tnequad": -7.859678786816884,
    "J0030+0451_UWL_sbH_efac": 0.6555170167460443,
    "J0030+0451_UWL_sbH_log10_tnequad": -9.634412276951121,
    "J0030+0451_basis_ecorr_10CM_uwl_log10_ecorr": -5.773068663879776,
    "J0030+0451_basis_ecorr_20CM_uwl_log10_ecorr": -7.85644096532716,
    "J0030+0451_basis_ecorr_40CM_uwl_log10_ecorr": -8.43002895982219,
    "J0030+0451_basis_ecorr_all_uwl_log10_ecorr": -9.461536466682302,
    "J0030+0451_dm_gp_gamma": 4.032051565052472,
    "J0030+0451_dm_gp_log10_A": -19.618087109155464,
    "J0030+0451_gp_sw_gamma": 2.181132126373538,
    "J0030+0451_gp_sw_log10_A": -9.649831696613067,
    "J0030+0451_red_noise_gamma": 0.9999302077664773,
    "J0030+0451_red_noise_log10_A": -13.484216104912143,
    "n_earth": 5.440420331428864,
    "nmodel": -0.20387659840103445
}