{
    "J0125-2327_UWL_sbA_efac": 1.1328818382703452,
    "J0125-2327_UWL_sbA_log10_tnequad": -9.200659057015468,
    "J0125-2327_UWL_sbB_efac": 0.9932519517608303,
    "J0125-2327_UWL_sbB_log10_tnequad": -6.201761025074442,
    "J0125-2327_UWL_sbC_efac": 1.0639634689837683,
    "J0125-2327_UWL_sbC_log10_tnequad": -6.5029071158839065,
    "J0125-2327_UWL_sbD_efac": 1.1002760781871268,
    "J0125-2327_UWL_sbD_log10_tnequad": -6.47724979474432,
    "J0125-2327_UWL_sbE_efac": 1.003201265339709,
    "J0125-2327_UWL_sbE_log10_tnequad": -6.5817405023508515,
    "J0125-2327_UWL_sbF_efac": 1.0054567667922616,
    "J0125-2327_UWL_sbF_log10_tnequad": -7.281958824313881,
    "J0125-2327_UWL_sbG_efac": 0.9391812674047176,
    "J0125-2327_UWL_sbG_log10_tnequad": -7.819627913785307,
    "J0125-2327_UWL_sbH_efac": 1.026817537922844,
    "J0125-2327_UWL_sbH_log10_tnequad": -9.057800126577082,
    "J0125-2327_basis_ecorr_10CM_uwl_log10_ecorr": -9.923716231185288,
    "J0125-2327_basis_ecorr_20CM_uwl_log10_ecorr": -7.184243724552069,
    "J0125-2327_basis_ecorr_40CM_uwl_log10_ecorr": -8.404289672645254,
    "J0125-2327_basis_ecorr_all_uwl_log10_ecorr": -6.774218303471169,
    "J0125-2327_dm_gp_gamma": 3.2216384759716097,
    "J0125-2327_dm_gp_log10_A": -13.398522267506836,
    "J0125-2327_gp_sw_gamma": -1.3614642849481493,
    "J0125-2327_gp_sw_log10_A": -7.195135303148175,
    "J0125-2327_red_noise_gamma": 3.804678105075804,
    "J0125-2327_red_noise_log10_A": -18.1095834566628,
    "n_earth": 0.18394683406683757,
    "nmodel": 0.19581367370618097
}