{
    "J0437-4715_CASPSR_40CM_efac": 0.6179023726236619,
    "J0437-4715_CASPSR_40CM_log10_tnequad": -7.673133521852244,
    "J0437-4715_PDFB_10CM_efac": 0.11233686427969854,
    "J0437-4715_PDFB_10CM_log10_tnequad": -7.331088999603319,
    "J0437-4715_PDFB_20CM_efac": 0.6073687538627757,
    "J0437-4715_PDFB_20CM_log10_tnequad": -9.73450142253231,
    "J0437-4715_PDFB_40CM_efac": 0.44934588121196867,
    "J0437-4715_PDFB_40CM_log10_tnequad": -8.64308868748691,
    "J0437-4715_UWL_CASPSR_40CM_efac": 1.187641335243801,
    "J0437-4715_UWL_CASPSR_40CM_log10_tnequad": -9.007573665788074,
    "J0437-4715_UWL_PDFB4_10CM_efac": 0.3963108075905003,
    "J0437-4715_UWL_PDFB4_10CM_log10_tnequad": -7.39513958795844,
    "J0437-4715_UWL_PDFB4_20CM_efac": 1.0219730187473917,
    "J0437-4715_UWL_PDFB4_20CM_log10_tnequad": -9.17049280256658,
    "J0437-4715_UWL_sbA_efac": 0.871939335878981,
    "J0437-4715_UWL_sbA_log10_tnequad": -6.920931105420436,
    "J0437-4715_UWL_sbB_efac": 0.7498648049451211,
    "J0437-4715_UWL_sbB_log10_tnequad": -7.062295808871229,
    "J0437-4715_UWL_sbC_efac": 0.7695258311091613,
    "J0437-4715_UWL_sbC_log10_tnequad": -7.622510177752385,
    "J0437-4715_UWL_sbD_efac": 0.3084364757023406,
    "J0437-4715_UWL_sbD_log10_tnequad": -7.355840524234332,
    "J0437-4715_UWL_sbE_efac": 0.1278224239483903,
    "J0437-4715_UWL_sbE_log10_tnequad": -7.3409395066756264,
    "J0437-4715_UWL_sbF_efac": 0.11165385786537639,
    "J0437-4715_UWL_sbF_log10_tnequad": -7.733356361847588,
    "J0437-4715_UWL_sbG_efac": 0.09557268162522334,
    "J0437-4715_UWL_sbG_log10_tnequad": -7.458044174611292,
    "J0437-4715_UWL_sbH_efac": 0.048848943060702074,
    "J0437-4715_UWL_sbH_log10_tnequad": -7.407948815259511,
    "J0437-4715_band_noise_high_high_gamma": 3.334514775706303,
    "J0437-4715_band_noise_high_high_log10_A": -14.604625765167812,
    "J0437-4715_band_noise_low_gamma": 2.8996426397241177,
    "J0437-4715_band_noise_low_log10_A": -19.702628211093774,
    "J0437-4715_band_noise_mid_mid_gamma": 4.211574087768112,
    "J0437-4715_band_noise_mid_mid_log10_A": -18.96793476822068,
    "J0437-4715_basis_ecorr_10CM_log10_ecorr": -7.719324190320103,
    "J0437-4715_basis_ecorr_10CM_uwl_log10_ecorr": -7.943004289801817,
    "J0437-4715_basis_ecorr_20CM_log10_ecorr": -8.510068324994085,
    "J0437-4715_basis_ecorr_20CM_uwl_log10_ecorr": -7.642737515124681,
    "J0437-4715_basis_ecorr_40CM_log10_ecorr": -6.921593991914467,
    "J0437-4715_basis_ecorr_40CM_uwl_log10_ecorr": -7.14438069031525,
    "J0437-4715_basis_ecorr_all_dr2_log10_ecorr": -7.447082253471585,
    "J0437-4715_basis_ecorr_all_uwl_log10_ecorr": -7.396532949308143,
    "J0437-4715_basis_ecorr_group_CASPSR_40CM_log10_ecorr": -8.913408959289661,
    "J0437-4715_basis_ecorr_group_PDFB_20CM_log10_ecorr": -7.3036695081928045,
    "J0437-4715_basis_ecorr_group_UWL_PDFB4_20CM_log10_ecorr": -8.743408163417248,
    "J0437-4715_basis_ecorr_group_UWL_sbA_log10_ecorr": -9.542524735589295,
    "J0437-4715_basis_ecorr_group_UWL_sbG_log10_ecorr": -9.662966180393033,
    "J0437-4715_chrom_gp_gamma": 3.029551357178465,
    "J0437-4715_chrom_gp_log10_A": -14.42528082085084,
    "J0437-4715_dm_gp_gamma": 2.7187646336083935,
    "J0437-4715_dm_gp_log10_A": -13.481630596026449,
    "J0437-4715_dmexp_1_idx": 0.743575316736105,
    "J0437-4715_dmexp_1_log10_Amp": -6.214139402159207,
    "J0437-4715_dmexp_1_log10_tau": 3.0493531007407157,
    "J0437-4715_dmexp_1_t0": 57077.13054650676,
    "J0437-4715_gp_sw_gamma": 0.2741435908038116,
    "J0437-4715_gp_sw_log10_A": -6.613052535692092,
    "J0437-4715_group_noise_CASPSR_40CM_gamma": 5.864267466510351,
    "J0437-4715_group_noise_CASPSR_40CM_log10_A": -14.930072922182562,
    "J0437-4715_group_noise_UWL_PDFB4_20CM_gamma": 2.690734181661836,
    "J0437-4715_group_noise_UWL_PDFB4_20CM_log10_A": -14.007706791402931,
    "J0437-4715_group_noise_UWL_sbA_gamma": 2.347955689308267,
    "J0437-4715_group_noise_UWL_sbA_log10_A": -18.20524654869771,
    "J0437-4715_group_noise_UWL_sbG_gamma": 1.101698916095131,
    "J0437-4715_group_noise_UWL_sbG_log10_A": -14.935282192664541,
    "J0437-4715_hf_noise_gamma": 0.32741834328231073,
    "J0437-4715_hf_noise_log10_A": -14.37349417859595,
    "J0437-4715_red_noise_gamma": 3.5683035535058427,
    "J0437-4715_red_noise_log10_A": -14.373766622030374,
    "n_earth": 3.249057269136159,
    "nmodel": 0.08165753339200976
}