{
    "J0614-3329_UWL_sbA_efac": 0.6686515426197333,
    "J0614-3329_UWL_sbA_log10_tnequad": -9.607529113934573,
    "J0614-3329_UWL_sbB_efac": 0.975381484699196,
    "J0614-3329_UWL_sbB_log10_tnequad": -7.943045228122993,
    "J0614-3329_UWL_sbC_efac": 1.089322893763914,
    "J0614-3329_UWL_sbC_log10_tnequad": -8.647060526966897,
    "J0614-3329_UWL_sbD_efac": 1.0441086694329456,
    "J0614-3329_UWL_sbD_log10_tnequad": -7.696197791610452,
    "J0614-3329_UWL_sbE_efac": 1.0170659787254503,
    "J0614-3329_UWL_sbE_log10_tnequad": -7.899673471276879,
    "J0614-3329_UWL_sbF_efac": 0.9808200336912263,
    "J0614-3329_UWL_sbF_log10_tnequad": -7.22443535486333,
    "J0614-3329_UWL_sbG_efac": 0.9607124430506903,
    "J0614-3329_UWL_sbG_log10_tnequad": -8.63287556214219,
    "J0614-3329_UWL_sbH_efac": 0.7959575137962274,
    "J0614-3329_UWL_sbH_log10_tnequad": -9.347463253202685,
    "J0614-3329_basis_ecorr_10CM_uwl_log10_ecorr": -9.938025735689076,
    "J0614-3329_basis_ecorr_20CM_uwl_log10_ecorr": -8.748917350319655,
    "J0614-3329_basis_ecorr_40CM_uwl_log10_ecorr": -9.35935619616567,
    "J0614-3329_basis_ecorr_all_uwl_log10_ecorr": -6.180359337667422,
    "J0614-3329_dm_gp_gamma": 6.1009462143798405,
    "J0614-3329_dm_gp_log10_A": -13.93795957543409,
    "J0614-3329_gp_sw_gamma": 0.5569481562249203,
    "J0614-3329_gp_sw_log10_A": -6.7090733756607595,
    "J0614-3329_red_noise_gamma": 0.2964109548948626,
    "J0614-3329_red_noise_log10_A": -12.598469778208363,
    "n_earth": 13.693517955663545,
    "nmodel": 0.3733019829147005
}