{
    "J0613-0200_CASPSR_40CM_efac": 0.9192190659541455,
    "J0613-0200_CASPSR_40CM_log10_tnequad": -8.239807392116044,
    "J0613-0200_CPSR2_20CM_efac": 1.0114729041636095,
    "J0613-0200_CPSR2_20CM_log10_tnequad": -7.770221497815639,
    "J0613-0200_CPSR2_50CM_efac": 1.0952294279033743,
    "J0613-0200_CPSR2_50CM_log10_tnequad": -8.366479515322212,
    "J0613-0200_PDFB1_20CM_efac": 1.097247926020976,
    "J0613-0200_PDFB1_20CM_log10_tnequad": -7.308382178373583,
    "J0613-0200_PDFB1_early_20CM_efac": 1.3681451924376495,
    "J0613-0200_PDFB1_early_20CM_log10_tnequad": -9.457066798061186,
    "J0613-0200_PDFB_10CM_efac": 1.0384993310495325,
    "J0613-0200_PDFB_10CM_log10_tnequad": -7.554542259417967,
    "J0613-0200_PDFB_20CM_efac": 1.0885864060485397,
    "J0613-0200_PDFB_20CM_log10_tnequad": -7.933826001626669,
    "J0613-0200_PDFB_40CM_efac": 1.1826423859688893,
    "J0613-0200_PDFB_40CM_log10_tnequad": -7.982110149486747,
    "J0613-0200_UWL_CASPSR_40CM_efac": 0.8178353473743549,
    "J0613-0200_UWL_CASPSR_40CM_log10_tnequad": -6.578978398349702,
    "J0613-0200_UWL_PDFB4_20CM_efac": 1.1562639254477263,
    "J0613-0200_UWL_PDFB4_20CM_log10_tnequad": -7.546269110840363,
    "J0613-0200_UWL_sbA_efac": 1.0350159449195513,
    "J0613-0200_UWL_sbA_log10_tnequad": -8.519671835763129,
    "J0613-0200_UWL_sbB_efac": 1.0403181515214408,
    "J0613-0200_UWL_sbB_log10_tnequad": -6.813351554799212,
    "J0613-0200_UWL_sbC_efac": 0.9361361043872076,
    "J0613-0200_UWL_sbC_log10_tnequad": -9.386856288913464,
    "J0613-0200_UWL_sbD_efac": 1.059347185688497,
    "J0613-0200_UWL_sbD_log10_tnequad": -7.24845001517313,
    "J0613-0200_UWL_sbE_efac": 1.0987353971046003,
    "J0613-0200_UWL_sbE_log10_tnequad": -8.62970791043462,
    "J0613-0200_UWL_sbF_efac": 1.065820455200706,
    "J0613-0200_UWL_sbF_log10_tnequad": -7.199375958649015,
    "J0613-0200_UWL_sbG_efac": 0.9997428862868811,
    "J0613-0200_UWL_sbG_log10_tnequad": -8.372824098842354,
    "J0613-0200_UWL_sbH_efac": 1.004481820229841,
    "J0613-0200_UWL_sbH_log10_tnequad": -5.851501996298893,
    "J0613-0200_WBCORR_10CM_efac": 1.2039703512205973,
    "J0613-0200_WBCORR_10CM_log10_tnequad": -5.124408827156197,
    "J0613-0200_band_noise_low_gamma": 0.13271095996192317,
    "J0613-0200_band_noise_low_log10_A": -14.207132616742314,
    "J0613-0200_basis_ecorr_10CM_log10_ecorr": -5.992818769438526,
    "J0613-0200_basis_ecorr_10CM_uwl_log10_ecorr": -9.1680959122705,
    "J0613-0200_basis_ecorr_20CM_log10_ecorr": -6.939386771745782,
    "J0613-0200_basis_ecorr_20CM_uwl_log10_ecorr": -7.474765129352066,
    "J0613-0200_basis_ecorr_40CM_log10_ecorr": -6.7948381248851675,
    "J0613-0200_basis_ecorr_40CM_uwl_log10_ecorr": -6.97418114263319,
    "J0613-0200_basis_ecorr_all_dr2_log10_ecorr": -8.439473543507237,
    "J0613-0200_basis_ecorr_all_uwl_log10_ecorr": -6.882540107855688,
    "J0613-0200_chrom_gp_gamma": 6.345126374102103,
    "J0613-0200_chrom_gp_log10_A": -16.72381838698564,
    "J0613-0200_dm1yr_log10_Amp": -6.621805703524663,
    "J0613-0200_dm1yr_phase": 2.729517886613485,
    "J0613-0200_dm_gp_gamma": 2.503855201217123,
    "J0613-0200_dm_gp_log10_A": -13.597767313280215,
    "J0613-0200_gp_sw_gamma": 2.730732689710539,
    "J0613-0200_gp_sw_log10_A": -7.712561641425115,
    "J0613-0200_red_noise_gamma": 6.1546789716723,
    "J0613-0200_red_noise_log10_A": -15.653635543035419,
    "n_earth": 0.12672446788822211,
    "nmodel": 0.3284572331484803
}