{
    "J0711-6830_CASPSR_40CM_efac": 1.0944757346468628,
    "J0711-6830_CASPSR_40CM_log10_tnequad": -7.499213261411002,
    "J0711-6830_CPSR2_20CM_efac": 1.193518054322881,
    "J0711-6830_CPSR2_20CM_log10_tnequad": -9.148308962594307,
    "J0711-6830_CPSR2_50CM_efac": 1.0434307727816179,
    "J0711-6830_CPSR2_50CM_log10_tnequad": -9.31884624237737,
    "J0711-6830_PDFB1_20CM_efac": 1.106707793960505,
    "J0711-6830_PDFB1_20CM_log10_tnequad": -8.053568126834316,
    "J0711-6830_PDFB1_early_20CM_efac": 1.0952072888601039,
    "J0711-6830_PDFB1_early_20CM_log10_tnequad": -7.240704002102888,
    "J0711-6830_PDFB_10CM_efac": 1.059554878917604,
    "J0711-6830_PDFB_10CM_log10_tnequad": -9.677929803557205,
    "J0711-6830_PDFB_20CM_efac": 1.0453056299262469,
    "J0711-6830_PDFB_20CM_log10_tnequad": -8.92959563504428,
    "J0711-6830_PDFB_40CM_efac": 1.0649330531021175,
    "J0711-6830_PDFB_40CM_log10_tnequad": -9.837606718403826,
    "J0711-6830_UWL_CASPSR_40CM_efac": 1.139825215437485,
    "J0711-6830_UWL_CASPSR_40CM_log10_tnequad": -9.566176724752427,
    "J0711-6830_UWL_PDFB4_20CM_efac": 1.1541502436289541,
    "J0711-6830_UWL_PDFB4_20CM_log10_tnequad": -7.141936113191478,
    "J0711-6830_UWL_sbA_efac": 1.2780648603497828,
    "J0711-6830_UWL_sbA_log10_tnequad": -7.413676631842527,
    "J0711-6830_UWL_sbB_efac": 1.1767713820840486,
    "J0711-6830_UWL_sbB_log10_tnequad": -6.330286155324436,
    "J0711-6830_UWL_sbC_efac": 1.116773923442571,
    "J0711-6830_UWL_sbC_log10_tnequad": -7.79200729629537,
    "J0711-6830_UWL_sbD_efac": 1.1191996301478782,
    "J0711-6830_UWL_sbD_log10_tnequad": -7.217101000462276,
    "J0711-6830_UWL_sbE_efac": 1.0335320805911883,
    "J0711-6830_UWL_sbE_log10_tnequad": -9.015347991541384,
    "J0711-6830_UWL_sbF_efac": 1.0710357137879,
    "J0711-6830_UWL_sbF_log10_tnequad": -7.450160494435721,
    "J0711-6830_UWL_sbG_efac": 1.024686475835947,
    "J0711-6830_UWL_sbG_log10_tnequad": -6.914147722489522,
    "J0711-6830_UWL_sbH_efac": 1.0320152116379777,
    "J0711-6830_UWL_sbH_log10_tnequad": -5.942295939130271,
    "J0711-6830_WBCORR_10CM_efac": 0.896665072545153,
    "J0711-6830_WBCORR_10CM_log10_tnequad": -6.527866477533613,
    "J0711-6830_basis_ecorr_10CM_log10_ecorr": -7.169487651207795,
    "J0711-6830_basis_ecorr_10CM_uwl_log10_ecorr": -7.045895657539603,
    "J0711-6830_basis_ecorr_20CM_log10_ecorr": -6.951685063327261,
    "J0711-6830_basis_ecorr_20CM_uwl_log10_ecorr": -7.403966888161142,
    "J0711-6830_basis_ecorr_40CM_log10_ecorr": -7.9530132313049675,
    "J0711-6830_basis_ecorr_40CM_uwl_log10_ecorr": -9.349409464225673,
    "J0711-6830_basis_ecorr_all_dr2_log10_ecorr": -6.60445294374238,
    "J0711-6830_basis_ecorr_all_uwl_log10_ecorr": -6.729329734979775,
    "J0711-6830_dm_gp_gamma": 6.914817603146059,
    "J0711-6830_dm_gp_log10_A": -16.288297838039995,
    "J0711-6830_gp_sw_gamma": 1.6775483173722376,
    "J0711-6830_gp_sw_log10_A": -5.878510404650935,
    "J0711-6830_red_noise_gamma": 1.0190135395437596,
    "J0711-6830_red_noise_log10_A": -13.013978164333954,
    "n_earth": 14.600920367688627,
    "nmodel": -0.024192594130964806
}