{
    "J0900-3144_UWL_sbA_efac": 1.225129226456277,
    "J0900-3144_UWL_sbA_log10_tnequad": -9.189549969534278,
    "J0900-3144_UWL_sbB_efac": 1.0413604888441217,
    "J0900-3144_UWL_sbB_log10_tnequad": -7.8887235773364885,
    "J0900-3144_UWL_sbC_efac": 0.862380426993088,
    "J0900-3144_UWL_sbC_log10_tnequad": -5.719330566996824,
    "J0900-3144_UWL_sbD_efac": 1.0821865684912062,
    "J0900-3144_UWL_sbD_log10_tnequad": -8.051877455335745,
    "J0900-3144_UWL_sbE_efac": 0.9942591350941573,
    "J0900-3144_UWL_sbE_log10_tnequad": -8.00379979493581,
    "J0900-3144_UWL_sbF_efac": 1.052333927381039,
    "J0900-3144_UWL_sbF_log10_tnequad": -9.537365192455836,
    "J0900-3144_UWL_sbG_efac": 0.9946538815687787,
    "J0900-3144_UWL_sbG_log10_tnequad": -6.490831301570454,
    "J0900-3144_UWL_sbH_efac": 0.8999549407858661,
    "J0900-3144_UWL_sbH_log10_tnequad": -5.611513543909044,
    "J0900-3144_basis_ecorr_10CM_uwl_log10_ecorr": -5.8305734139901215,
    "J0900-3144_basis_ecorr_20CM_uwl_log10_ecorr": -6.092859503652525,
    "J0900-3144_basis_ecorr_40CM_uwl_log10_ecorr": -5.748975980949484,
    "J0900-3144_basis_ecorr_all_uwl_log10_ecorr": -6.070673135890101,
    "J0900-3144_dm_gp_gamma": 2.3590158633545544,
    "J0900-3144_dm_gp_log10_A": -12.633816761146951,
    "J0900-3144_gp_sw_gamma": 3.2122476287966517,
    "J0900-3144_gp_sw_log10_A": -8.929143598055456,
    "J0900-3144_red_noise_gamma": 1.3157378016758345,
    "J0900-3144_red_noise_log10_A": -17.739017496088987,
    "n_earth": 1.7552652877398158,
    "nmodel": 0.054966861403543454
}