{
    "J1017-7156_CASPSR_40CM_efac": 1.0179487317833649,
    "J1017-7156_CASPSR_40CM_log10_tnequad": -7.818306571314595,
    "J1017-7156_PDFB_10CM_efac": 1.0296183314803908,
    "J1017-7156_PDFB_10CM_log10_tnequad": -8.268580273732265,
    "J1017-7156_PDFB_20CM_efac": 1.0365116920787432,
    "J1017-7156_PDFB_20CM_log10_tnequad": -8.870155753799365,
    "J1017-7156_PDFB_40CM_efac": 0.8389537117615503,
    "J1017-7156_PDFB_40CM_log10_tnequad": -6.345716066295248,
    "J1017-7156_UWL_CASPSR_40CM_efac": 0.8363280478844543,
    "J1017-7156_UWL_CASPSR_40CM_log10_tnequad": -5.99249426838047,
    "J1017-7156_UWL_PDFB4_20CM_efac": 1.1209421754009663,
    "J1017-7156_UWL_PDFB4_20CM_log10_tnequad": -9.227149290953411,
    "J1017-7156_UWL_sbA_efac": 1.1170516084713746,
    "J1017-7156_UWL_sbA_log10_tnequad": -9.889716002946786,
    "J1017-7156_UWL_sbB_efac": 1.0797127639840178,
    "J1017-7156_UWL_sbB_log10_tnequad": -7.818084359301732,
    "J1017-7156_UWL_sbC_efac": 1.018636931902737,
    "J1017-7156_UWL_sbC_log10_tnequad": -6.613566892184759,
    "J1017-7156_UWL_sbD_efac": 0.981234172976875,
    "J1017-7156_UWL_sbD_log10_tnequad": -6.87111774402168,
    "J1017-7156_UWL_sbE_efac": 1.1441878339948925,
    "J1017-7156_UWL_sbE_log10_tnequad": -7.280196104460476,
    "J1017-7156_UWL_sbF_efac": 1.0447047508940392,
    "J1017-7156_UWL_sbF_log10_tnequad": -6.85820906963995,
    "J1017-7156_UWL_sbG_efac": 1.1138356874851685,
    "J1017-7156_UWL_sbG_log10_tnequad": -7.890777680754768,
    "J1017-7156_UWL_sbH_efac": 1.0475489780571567,
    "J1017-7156_UWL_sbH_log10_tnequad": -9.595709629369775,
    "J1017-7156_band_noise_low_gamma": 6.522110554728999,
    "J1017-7156_band_noise_low_log10_A": -17.213829926317967,
    "J1017-7156_basis_ecorr_10CM_log10_ecorr": -9.515002068907163,
    "J1017-7156_basis_ecorr_10CM_uwl_log10_ecorr": -8.623340638358261,
    "J1017-7156_basis_ecorr_20CM_log10_ecorr": -8.813010648766694,
    "J1017-7156_basis_ecorr_20CM_uwl_log10_ecorr": -8.511367238598353,
    "J1017-7156_basis_ecorr_40CM_log10_ecorr": -6.3599193165761285,
    "J1017-7156_basis_ecorr_40CM_uwl_log10_ecorr": -6.56171560896093,
    "J1017-7156_basis_ecorr_UWL_sbA_log10_ecorr": -8.517236425709635,
    "J1017-7156_basis_ecorr_UWL_sbD_log10_ecorr": -6.687532159738835,
    "J1017-7156_basis_ecorr_all_dr2_log10_ecorr": -9.328462469156383,
    "J1017-7156_basis_ecorr_all_uwl_log10_ecorr": -7.076845192802716,
    "J1017-7156_chrom_gp_gamma": 0.557556437274177,
    "J1017-7156_chrom_gp_log10_A": -13.635409143442267,
    "J1017-7156_dm_gp_gamma": 2.2544823217923406,
    "J1017-7156_dm_gp_log10_A": -12.906037401776944,
    "J1017-7156_gp_sw_gamma": -0.03634132008991209,
    "J1017-7156_gp_sw_log10_A": -8.07105453933246,
    "J1017-7156_group_noise_UWL_sbA_gamma": 6.56439045429441,
    "J1017-7156_group_noise_UWL_sbA_log10_A": -14.034212127930989,
    "J1017-7156_group_noise_UWL_sbD_gamma": 0.26512386386718373,
    "J1017-7156_group_noise_UWL_sbD_log10_A": -13.752735139772312,
    "J1017-7156_hf_noise_gamma": 1.1293067059451207,
    "J1017-7156_hf_noise_log10_A": -13.334928850124726,
    "J1017-7156_red_noise_gamma": 6.041721538853729,
    "J1017-7156_red_noise_log10_A": -18.410417692058378,
    "n_earth": 17.520351300085476,
    "nmodel": 0.44529767083519267
}