{
    "J1024-0719_CPSR2_20CM_efac": 1.1087915503248917,
    "J1024-0719_CPSR2_20CM_log10_tnequad": -6.358424229493853,
    "J1024-0719_CPSR2_50CM_efac": 1.1261755986149091,
    "J1024-0719_CPSR2_50CM_log10_tnequad": -9.435015201565268,
    "J1024-0719_PDFB1_20CM_efac": 1.0102037577657172,
    "J1024-0719_PDFB1_20CM_log10_tnequad": -6.735932546610489,
    "J1024-0719_PDFB1_early_20CM_efac": 0.9834506943392568,
    "J1024-0719_PDFB1_early_20CM_log10_tnequad": -9.816985840535489,
    "J1024-0719_PDFB_10CM_efac": 0.9036762538862285,
    "J1024-0719_PDFB_10CM_log10_tnequad": -8.930174092691436,
    "J1024-0719_PDFB_20CM_efac": 1.0302558523551923,
    "J1024-0719_PDFB_20CM_log10_tnequad": -8.850278975065093,
    "J1024-0719_PDFB_40CM_efac": 1.0301386243975292,
    "J1024-0719_PDFB_40CM_log10_tnequad": -6.71964146246853,
    "J1024-0719_UWL_sbA_efac": 1.191737660329383,
    "J1024-0719_UWL_sbA_log10_tnequad": -8.508559848486378,
    "J1024-0719_UWL_sbB_efac": 1.0856157369986699,
    "J1024-0719_UWL_sbB_log10_tnequad": -7.004976660357922,
    "J1024-0719_UWL_sbC_efac": 0.9671809296980315,
    "J1024-0719_UWL_sbC_log10_tnequad": -7.774532635836773,
    "J1024-0719_UWL_sbD_efac": 0.9573147576787723,
    "J1024-0719_UWL_sbD_log10_tnequad": -9.641491577168162,
    "J1024-0719_UWL_sbE_efac": 0.9454231141300522,
    "J1024-0719_UWL_sbE_log10_tnequad": -6.623344789402362,
    "J1024-0719_UWL_sbF_efac": 0.9391007256785193,
    "J1024-0719_UWL_sbF_log10_tnequad": -8.881463373534373,
    "J1024-0719_UWL_sbG_efac": 0.866725169627064,
    "J1024-0719_UWL_sbG_log10_tnequad": -7.809277506748046,
    "J1024-0719_UWL_sbH_efac": 0.8680843594791811,
    "J1024-0719_UWL_sbH_log10_tnequad": -5.780367917335037,
    "J1024-0719_basis_ecorr_10CM_log10_ecorr": -6.008172391405739,
    "J1024-0719_basis_ecorr_10CM_uwl_log10_ecorr": -7.8469304046189405,
    "J1024-0719_basis_ecorr_20CM_log10_ecorr": -8.414232696171535,
    "J1024-0719_basis_ecorr_20CM_uwl_log10_ecorr": -7.956097960112607,
    "J1024-0719_basis_ecorr_40CM_log10_ecorr": -9.626367679297815,
    "J1024-0719_basis_ecorr_40CM_uwl_log10_ecorr": -6.751819568875986,
    "J1024-0719_basis_ecorr_all_dr2_log10_ecorr": -6.750626021282542,
    "J1024-0719_basis_ecorr_all_uwl_log10_ecorr": -9.299300677351301,
    "J1024-0719_dm_gp_gamma": 3.4421896783402484,
    "J1024-0719_dm_gp_log10_A": -13.865618322520872,
    "J1024-0719_gp_sw_gamma": 3.9746622123146884,
    "J1024-0719_gp_sw_log10_A": -7.881861265589958,
    "J1024-0719_red_noise_gamma": 5.533497483302853,
    "J1024-0719_red_noise_log10_A": -19.109980988136954,
    "n_earth": 4.523860644733056,
    "nmodel": -0.41587559364439464
}