{
    "J1022+1001_CASPSR_40CM_efac": 1.021987772438181,
    "J1022+1001_CASPSR_40CM_log10_tnequad": -7.512760291371467,
    "J1022+1001_CPSR2_20CM_efac": 1.2389858161055674,
    "J1022+1001_CPSR2_20CM_log10_tnequad": -5.554316501687055,
    "J1022+1001_CPSR2_50CM_efac": 1.054878159912256,
    "J1022+1001_CPSR2_50CM_log10_tnequad": -6.235145850599933,
    "J1022+1001_PDFB1_10CM_efac": 1.040214953001958,
    "J1022+1001_PDFB1_10CM_log10_tnequad": -6.569754591971848,
    "J1022+1001_PDFB1_20CM_efac": 1.0560669128136742,
    "J1022+1001_PDFB1_20CM_log10_tnequad": -8.76926397428778,
    "J1022+1001_PDFB1_early_10CM_efac": 0.9968567216142595,
    "J1022+1001_PDFB1_early_10CM_log10_tnequad": -7.114894379372002,
    "J1022+1001_PDFB1_early_20CM_efac": 1.053165479883893,
    "J1022+1001_PDFB1_early_20CM_log10_tnequad": -9.89772088573504,
    "J1022+1001_PDFB_10CM_efac": 1.0162787851597073,
    "J1022+1001_PDFB_10CM_log10_tnequad": -9.620526102564401,
    "J1022+1001_PDFB_20CM_efac": 1.0548593293313548,
    "J1022+1001_PDFB_20CM_log10_tnequad": -6.676669905984578,
    "J1022+1001_PDFB_40CM_efac": 1.0952702923004476,
    "J1022+1001_PDFB_40CM_log10_tnequad": -8.91183822615368,
    "J1022+1001_UWL_CASPSR_40CM_efac": 1.340006777222368,
    "J1022+1001_UWL_CASPSR_40CM_log10_tnequad": -7.272603663957542,
    "J1022+1001_UWL_PDFB4_20CM_efac": 1.0567307278733038,
    "J1022+1001_UWL_PDFB4_20CM_log10_tnequad": -6.6332580429558945,
    "J1022+1001_UWL_sbA_efac": 1.1543545345676294,
    "J1022+1001_UWL_sbA_log10_tnequad": -6.728518002502663,
    "J1022+1001_UWL_sbB_efac": 1.1360313119030097,
    "J1022+1001_UWL_sbB_log10_tnequad": -7.957133408289968,
    "J1022+1001_UWL_sbC_efac": 1.0328328891845164,
    "J1022+1001_UWL_sbC_log10_tnequad": -9.916292748379872,
    "J1022+1001_UWL_sbD_efac": 1.1350655013214905,
    "J1022+1001_UWL_sbD_log10_tnequad": -7.429771691416045,
    "J1022+1001_UWL_sbE_efac": 0.8699966611074043,
    "J1022+1001_UWL_sbE_log10_tnequad": -9.08064752163625,
    "J1022+1001_UWL_sbF_efac": 0.9992234432287718,
    "J1022+1001_UWL_sbF_log10_tnequad": -7.9932635205380835,
    "J1022+1001_UWL_sbG_efac": 1.072899299504861,
    "J1022+1001_UWL_sbG_log10_tnequad": -9.382610278519131,
    "J1022+1001_UWL_sbH_efac": 1.0747219299945352,
    "J1022+1001_UWL_sbH_log10_tnequad": -8.81801155232311,
    "J1022+1001_WBCORR_10CM_efac": 1.0969398055749657,
    "J1022+1001_WBCORR_10CM_log10_tnequad": -6.250423952437506,
    "J1022+1001_basis_ecorr_10CM_log10_ecorr": -5.802141380344872,
    "J1022+1001_basis_ecorr_10CM_uwl_log10_ecorr": -5.7783581434883855,
    "J1022+1001_basis_ecorr_20CM_log10_ecorr": -5.97956862578366,
    "J1022+1001_basis_ecorr_20CM_uwl_log10_ecorr": -6.080442024750986,
    "J1022+1001_basis_ecorr_40CM_log10_ecorr": -6.2609973332157685,
    "J1022+1001_basis_ecorr_40CM_uwl_log10_ecorr": -7.273360328771002,
    "J1022+1001_basis_ecorr_UWL_sbE_log10_ecorr": -6.4478501588334485,
    "J1022+1001_basis_ecorr_UWL_sbH_log10_ecorr": -8.572721435567397,
    "J1022+1001_basis_ecorr_all_dr2_log10_ecorr": -6.308973242069051,
    "J1022+1001_basis_ecorr_all_uwl_log10_ecorr": -6.224242702191832,
    "J1022+1001_dm_gp_gamma": 2.4010679224196987,
    "J1022+1001_dm_gp_log10_A": -13.687783874205769,
    "J1022+1001_gp_sw_gamma": -0.8353407041084391,
    "J1022+1001_gp_sw_log10_A": -8.025496443883057,
    "J1022+1001_group_noise_UWL_sbE_gamma": 2.900257677831161,
    "J1022+1001_group_noise_UWL_sbE_log10_A": -13.627709103604316,
    "J1022+1001_group_noise_UWL_sbH_gamma": 0.8743926555171097,
    "J1022+1001_group_noise_UWL_sbH_log10_A": -12.87843534186733,
    "J1022+1001_hf_noise_gamma": 0.41900608633856895,
    "J1022+1001_hf_noise_log10_A": -13.236637535960941,
    "J1022+1001_red_noise_gamma": 4.891968225162604,
    "J1022+1001_red_noise_log10_A": -17.21979687033631,
    "n_earth": 8.910499037889062,
    "nmodel": 0.04449605709205695
}