{
    "J1045-4509_CASPSR_40CM_efac": 1.5049381895248013,
    "J1045-4509_CASPSR_40CM_log10_tnequad": -7.821784177968335,
    "J1045-4509_CPSR2_20CM_efac": 1.0811824138777302,
    "J1045-4509_CPSR2_20CM_log10_tnequad": -8.455080984652138,
    "J1045-4509_CPSR2_50CM_efac": 1.1407110423598597,
    "J1045-4509_CPSR2_50CM_log10_tnequad": -6.454661294011841,
    "J1045-4509_PDFB1_20CM_efac": 1.2235230096628513,
    "J1045-4509_PDFB1_20CM_log10_tnequad": -7.839343798068258,
    "J1045-4509_PDFB1_early_20CM_efac": 1.450831007733967,
    "J1045-4509_PDFB1_early_20CM_log10_tnequad": -7.0170196912314164,
    "J1045-4509_PDFB_10CM_efac": 1.0524865486774666,
    "J1045-4509_PDFB_10CM_log10_tnequad": -6.9174709052752,
    "J1045-4509_PDFB_20CM_efac": 0.9553002066908899,
    "J1045-4509_PDFB_20CM_log10_tnequad": -5.875537636860407,
    "J1045-4509_PDFB_40CM_efac": 0.9537537187020785,
    "J1045-4509_PDFB_40CM_log10_tnequad": -7.644825641281226,
    "J1045-4509_UWL_PDFB4_20CM_efac": 1.2476197471418704,
    "J1045-4509_UWL_PDFB4_20CM_log10_tnequad": -7.013582691794688,
    "J1045-4509_UWL_sbA_efac": 1.2252939437530945,
    "J1045-4509_UWL_sbA_log10_tnequad": -9.269882409584902,
    "J1045-4509_UWL_sbB_efac": 1.0395322235625044,
    "J1045-4509_UWL_sbB_log10_tnequad": -7.98231162404212,
    "J1045-4509_UWL_sbC_efac": 1.118097283276779,
    "J1045-4509_UWL_sbC_log10_tnequad": -9.069329185671121,
    "J1045-4509_UWL_sbD_efac": 1.2142311886395927,
    "J1045-4509_UWL_sbD_log10_tnequad": -8.966558033445706,
    "J1045-4509_UWL_sbE_efac": 1.0960454447275083,
    "J1045-4509_UWL_sbE_log10_tnequad": -7.898668208060901,
    "J1045-4509_UWL_sbF_efac": 0.9241688117682098,
    "J1045-4509_UWL_sbF_log10_tnequad": -5.685262628300085,
    "J1045-4509_UWL_sbG_efac": 1.0422465201365023,
    "J1045-4509_UWL_sbG_log10_tnequad": -5.326517916546982,
    "J1045-4509_UWL_sbH_efac": 1.0143370122198652,
    "J1045-4509_UWL_sbH_log10_tnequad": -9.9029998552753,
    "J1045-4509_band_noise_low_gamma": 4.354677480904798,
    "J1045-4509_band_noise_low_log10_A": -19.045372760345035,
    "J1045-4509_basis_ecorr_10CM_log10_ecorr": -8.631784485834762,
    "J1045-4509_basis_ecorr_10CM_uwl_log10_ecorr": -6.958781606138518,
    "J1045-4509_basis_ecorr_20CM_log10_ecorr": -9.020639751896573,
    "J1045-4509_basis_ecorr_20CM_uwl_log10_ecorr": -7.491173563106989,
    "J1045-4509_basis_ecorr_40CM_log10_ecorr": -7.8872692978734396,
    "J1045-4509_basis_ecorr_40CM_uwl_log10_ecorr": -6.520414853232788,
    "J1045-4509_basis_ecorr_all_dr2_log10_ecorr": -7.657368653463368,
    "J1045-4509_basis_ecorr_all_uwl_log10_ecorr": -6.1266627429717655,
    "J1045-4509_chrom_gp_gamma": 3.279597019028125,
    "J1045-4509_chrom_gp_log10_A": -14.06393262131041,
    "J1045-4509_dm_gp_gamma": 2.9038789832214054,
    "J1045-4509_dm_gp_log10_A": -12.397660656723815,
    "J1045-4509_gp_sw_gamma": -2.9652638262211397,
    "J1045-4509_gp_sw_log10_A": -7.179999370136529,
    "J1045-4509_red_noise_gamma": 0.2656548675538697,
    "J1045-4509_red_noise_log10_A": -12.554366312316505,
    "n_earth": 15.071819259062867,
    "nmodel": -0.3193229435527467
}