{
    "J1125-6014_CASPSR_40CM_efac": 1.0569041110908386,
    "J1125-6014_CASPSR_40CM_log10_tnequad": -6.7348648514551614,
    "J1125-6014_PDFB_10CM_efac": 1.115129210913961,
    "J1125-6014_PDFB_10CM_log10_tnequad": -9.655284140673757,
    "J1125-6014_PDFB_20CM_efac": 1.3494129136902167,
    "J1125-6014_PDFB_20CM_log10_tnequad": -9.656642627438979,
    "J1125-6014_UWL_CASPSR_40CM_efac": 1.3361655507153307,
    "J1125-6014_UWL_CASPSR_40CM_log10_tnequad": -8.719779624995597,
    "J1125-6014_UWL_PDFB4_20CM_efac": 1.2860716585316512,
    "J1125-6014_UWL_PDFB4_20CM_log10_tnequad": -9.123182462457208,
    "J1125-6014_UWL_sbA_efac": 1.0928083027326283,
    "J1125-6014_UWL_sbA_log10_tnequad": -8.628939814295975,
    "J1125-6014_UWL_sbB_efac": 1.11898023222932,
    "J1125-6014_UWL_sbB_log10_tnequad": -8.427066932960797,
    "J1125-6014_UWL_sbC_efac": 0.923241275335677,
    "J1125-6014_UWL_sbC_log10_tnequad": -6.356354949516269,
    "J1125-6014_UWL_sbD_efac": 0.809676070771373,
    "J1125-6014_UWL_sbD_log10_tnequad": -6.495230926909694,
    "J1125-6014_UWL_sbE_efac": 1.062399053104367,
    "J1125-6014_UWL_sbE_log10_tnequad": -6.689162724686839,
    "J1125-6014_UWL_sbF_efac": 0.9558247487272339,
    "J1125-6014_UWL_sbF_log10_tnequad": -6.513605382825875,
    "J1125-6014_UWL_sbG_efac": 1.003241914085715,
    "J1125-6014_UWL_sbG_log10_tnequad": -8.416838595418852,
    "J1125-6014_UWL_sbH_efac": 1.0539793097828658,
    "J1125-6014_UWL_sbH_log10_tnequad": -9.99956721940791,
    "J1125-6014_basis_ecorr_10CM_log10_ecorr": -6.568319503804323,
    "J1125-6014_basis_ecorr_10CM_uwl_log10_ecorr": -9.150664045642236,
    "J1125-6014_basis_ecorr_20CM_log10_ecorr": -8.483932073760393,
    "J1125-6014_basis_ecorr_20CM_uwl_log10_ecorr": -8.628936632082969,
    "J1125-6014_basis_ecorr_40CM_log10_ecorr": -9.368407199403123,
    "J1125-6014_basis_ecorr_40CM_uwl_log10_ecorr": -7.956477195630316,
    "J1125-6014_basis_ecorr_all_dr2_log10_ecorr": -7.693310800282247,
    "J1125-6014_basis_ecorr_all_uwl_log10_ecorr": -6.843167855369631,
    "J1125-6014_dm_gp_gamma": 3.522461454750143,
    "J1125-6014_dm_gp_log10_A": -13.131307831130917,
    "J1125-6014_gp_sw_gamma": -1.6757349988692964,
    "J1125-6014_gp_sw_log10_A": -9.024826068623208,
    "J1125-6014_red_noise_gamma": 4.114836991820675,
    "J1125-6014_red_noise_log10_A": -14.305289050396263,
    "n_earth": 16.248204893345765,
    "nmodel": -0.29768155174107
}