{
    "J1446-4701_CASPSR_40CM_efac": 1.0486479630792083,
    "J1446-4701_CASPSR_40CM_log10_tnequad": -5.748682581172288,
    "J1446-4701_PDFB_10CM_efac": 1.0241419999536565,
    "J1446-4701_PDFB_10CM_log10_tnequad": -6.856579959117444,
    "J1446-4701_PDFB_20CM_efac": 1.2080291885613863,
    "J1446-4701_PDFB_20CM_log10_tnequad": -9.936852621336017,
    "J1446-4701_UWL_PDFB4_20CM_efac": 0.8586448348145567,
    "J1446-4701_UWL_PDFB4_20CM_log10_tnequad": -9.41266688648261,
    "J1446-4701_UWL_sbB_efac": 0.9217755636528214,
    "J1446-4701_UWL_sbB_log10_tnequad": -9.699142315024595,
    "J1446-4701_UWL_sbC_efac": 0.9924832026169914,
    "J1446-4701_UWL_sbC_log10_tnequad": -9.042259907509651,
    "J1446-4701_UWL_sbD_efac": 1.1042982502344625,
    "J1446-4701_UWL_sbD_log10_tnequad": -9.676916662495328,
    "J1446-4701_UWL_sbE_efac": 1.0331446621635973,
    "J1446-4701_UWL_sbE_log10_tnequad": -7.3293628327646125,
    "J1446-4701_UWL_sbF_efac": 1.050754486315356,
    "J1446-4701_UWL_sbF_log10_tnequad": -8.868771815188785,
    "J1446-4701_UWL_sbG_efac": 0.7656520001401196,
    "J1446-4701_UWL_sbG_log10_tnequad": -9.975329492155808,
    "J1446-4701_UWL_sbH_efac": 0.726179201938151,
    "J1446-4701_UWL_sbH_log10_tnequad": -9.906276880311559,
    "J1446-4701_basis_ecorr_10CM_log10_ecorr": -5.947256966332116,
    "J1446-4701_basis_ecorr_10CM_uwl_log10_ecorr": -6.568744572367392,
    "J1446-4701_basis_ecorr_20CM_log10_ecorr": -5.878840361738845,
    "J1446-4701_basis_ecorr_20CM_uwl_log10_ecorr": -8.205506818476946,
    "J1446-4701_basis_ecorr_40CM_log10_ecorr": -8.182057970024589,
    "J1446-4701_basis_ecorr_40CM_uwl_log10_ecorr": -8.17288419485281,
    "J1446-4701_basis_ecorr_all_dr2_log10_ecorr": -9.739357908633394,
    "J1446-4701_basis_ecorr_all_uwl_log10_ecorr": -6.173359743349506,
    "J1446-4701_dm_gp_gamma": 0.0365590251755189,
    "J1446-4701_dm_gp_log10_A": -13.353855539170707,
    "J1446-4701_gp_sw_gamma": -2.775770469729033,
    "J1446-4701_gp_sw_log10_A": -9.335962223165765,
    "J1446-4701_red_noise_gamma": 0.4429275142067757,
    "J1446-4701_red_noise_log10_A": -17.573473535307514,
    "n_earth": 0.24486145978585272,
    "nmodel": 0.24530585691880136
}