{
    "J1545-4550_PDFB_10CM_efac": 1.0950024374912677,
    "J1545-4550_PDFB_10CM_log10_tnequad": -7.31405318494743,
    "J1545-4550_PDFB_20CM_efac": 1.1754005351315657,
    "J1545-4550_PDFB_20CM_log10_tnequad": -8.494019241250324,
    "J1545-4550_UWL_PDFB4_20CM_efac": 1.2001095705512081,
    "J1545-4550_UWL_PDFB4_20CM_log10_tnequad": -8.734609164199485,
    "J1545-4550_UWL_sbB_efac": 0.8892711761477129,
    "J1545-4550_UWL_sbB_log10_tnequad": -6.817300528056373,
    "J1545-4550_UWL_sbC_efac": 1.010302765014892,
    "J1545-4550_UWL_sbC_log10_tnequad": -7.599983401540111,
    "J1545-4550_UWL_sbD_efac": 1.0756771091206423,
    "J1545-4550_UWL_sbD_log10_tnequad": -6.545761632954661,
    "J1545-4550_UWL_sbE_efac": 1.0473462559968518,
    "J1545-4550_UWL_sbE_log10_tnequad": -7.518986267204924,
    "J1545-4550_UWL_sbF_efac": 0.9234389901186827,
    "J1545-4550_UWL_sbF_log10_tnequad": -6.863382774812204,
    "J1545-4550_UWL_sbG_efac": 1.0761087508090263,
    "J1545-4550_UWL_sbG_log10_tnequad": -7.67520934240149,
    "J1545-4550_UWL_sbH_efac": 0.9143882265058959,
    "J1545-4550_UWL_sbH_log10_tnequad": -6.264933885634401,
    "J1545-4550_basis_ecorr_10CM_log10_ecorr": -6.836263575394052,
    "J1545-4550_basis_ecorr_10CM_uwl_log10_ecorr": -9.421158414698914,
    "J1545-4550_basis_ecorr_20CM_log10_ecorr": -8.947789078237554,
    "J1545-4550_basis_ecorr_20CM_uwl_log10_ecorr": -6.736928372482048,
    "J1545-4550_basis_ecorr_40CM_uwl_log10_ecorr": -7.03136524517716,
    "J1545-4550_basis_ecorr_all_dr2_log10_ecorr": -8.24143431059143,
    "J1545-4550_basis_ecorr_all_uwl_log10_ecorr": -9.952387764180617,
    "J1545-4550_dm_gp_gamma": 4.214475878559472,
    "J1545-4550_dm_gp_log10_A": -13.628242991625896,
    "J1545-4550_gp_sw_gamma": 2.362755467113236,
    "J1545-4550_gp_sw_log10_A": -6.805481843533277,
    "J1545-4550_red_noise_gamma": 6.792292306114813,
    "J1545-4550_red_noise_log10_A": -15.89427708304291,
    "n_earth": 0.4736474881908488,
    "nmodel": 0.3437069608631681
}