{
    "J1600-3053_CASPSR_40CM_efac": 1.1731503884993375,
    "J1600-3053_CASPSR_40CM_log10_tnequad": -9.07128252024134,
    "J1600-3053_CPSR2_20CM_efac": 1.0391030612345475,
    "J1600-3053_CPSR2_20CM_log10_tnequad": -9.02536088904801,
    "J1600-3053_CPSR2_50CM_efac": 1.221073006674046,
    "J1600-3053_CPSR2_50CM_log10_tnequad": -5.959536594790451,
    "J1600-3053_PDFB1_10CM_efac": 0.8994411721599531,
    "J1600-3053_PDFB1_10CM_log10_tnequad": -8.944641131396176,
    "J1600-3053_PDFB1_20CM_efac": 0.7369991165640819,
    "J1600-3053_PDFB1_20CM_log10_tnequad": -9.60818925043412,
    "J1600-3053_PDFB1_early_10CM_efac": 0.9956541380672048,
    "J1600-3053_PDFB1_early_10CM_log10_tnequad": -7.128687962528175,
    "J1600-3053_PDFB1_early_20CM_efac": 0.8552271724174606,
    "J1600-3053_PDFB1_early_20CM_log10_tnequad": -9.782240351356181,
    "J1600-3053_PDFB_10CM_efac": 1.0402520510678404,
    "J1600-3053_PDFB_10CM_log10_tnequad": -7.08219595944628,
    "J1600-3053_PDFB_20CM_efac": 1.0645577433108344,
    "J1600-3053_PDFB_20CM_log10_tnequad": -8.39216816040663,
    "J1600-3053_PDFB_40CM_efac": 1.0588557229410014,
    "J1600-3053_PDFB_40CM_log10_tnequad": -9.6320491849762,
    "J1600-3053_UWL_PDFB4_20CM_efac": 1.0713586032739506,
    "J1600-3053_UWL_PDFB4_20CM_log10_tnequad": -6.71044651109561,
    "J1600-3053_UWL_sbA_efac": 1.0079291320431334,
    "J1600-3053_UWL_sbA_log10_tnequad": -6.083346222940455,
    "J1600-3053_UWL_sbB_efac": 1.0579168652240454,
    "J1600-3053_UWL_sbB_log10_tnequad": -8.000041276372217,
    "J1600-3053_UWL_sbC_efac": 1.0669410440617093,
    "J1600-3053_UWL_sbC_log10_tnequad": -7.750163279268075,
    "J1600-3053_UWL_sbD_efac": 1.1135870244546198,
    "J1600-3053_UWL_sbD_log10_tnequad": -9.864482087350114,
    "J1600-3053_UWL_sbE_efac": 1.0650361974989246,
    "J1600-3053_UWL_sbE_log10_tnequad": -9.502692570640413,
    "J1600-3053_UWL_sbF_efac": 0.9065950787644199,
    "J1600-3053_UWL_sbF_log10_tnequad": -9.41262308943353,
    "J1600-3053_UWL_sbG_efac": 0.9931287901991452,
    "J1600-3053_UWL_sbG_log10_tnequad": -6.994080405972198,
    "J1600-3053_UWL_sbH_efac": 0.8004360035857535,
    "J1600-3053_UWL_sbH_log10_tnequad": -7.238083956604307,
    "J1600-3053_WBCORR_10CM_efac": 1.2740162208281842,
    "J1600-3053_WBCORR_10CM_log10_tnequad": -6.100748520318248,
    "J1600-3053_band_noise_low_gamma": 3.4459229111385037,
    "J1600-3053_band_noise_low_log10_A": -15.392899111508886,
    "J1600-3053_basis_ecorr_10CM_log10_ecorr": -8.186363221976087,
    "J1600-3053_basis_ecorr_10CM_uwl_log10_ecorr": -8.607446437922377,
    "J1600-3053_basis_ecorr_20CM_log10_ecorr": -6.665127768427832,
    "J1600-3053_basis_ecorr_20CM_uwl_log10_ecorr": -8.948756792011459,
    "J1600-3053_basis_ecorr_40CM_log10_ecorr": -8.75042412151104,
    "J1600-3053_basis_ecorr_40CM_uwl_log10_ecorr": -7.816715534616718,
    "J1600-3053_basis_ecorr_all_dr2_log10_ecorr": -7.607981209661558,
    "J1600-3053_basis_ecorr_all_uwl_log10_ecorr": -9.999823556780381,
    "J1600-3053_chrom_gp_gamma": 1.4697563744000606,
    "J1600-3053_chrom_gp_log10_A": -13.743467326562195,
    "J1600-3053_dm_gp_gamma": 2.446927552031432,
    "J1600-3053_dm_gp_log10_A": -13.222265392417713,
    "J1600-3053_gp_sw_gamma": 0.778781767930111,
    "J1600-3053_gp_sw_log10_A": -9.496854830623217,
    "J1600-3053_hf_noise_gamma": 0.5375886975494805,
    "J1600-3053_hf_noise_log10_A": -13.721871802749954,
    "J1600-3053_red_noise_gamma": 2.573063189941055,
    "J1600-3053_red_noise_log10_A": -13.844622195667348,
    "n_earth": 3.5661319328375245,
    "nmodel": 0.22274935766052106
}