{
    "J1603-7202_CASPSR_40CM_efac": 1.3209295265088257,
    "J1603-7202_CASPSR_40CM_log10_tnequad": -6.706418611136347,
    "J1603-7202_CPSR2_20CM_efac": 0.9590776995956196,
    "J1603-7202_CPSR2_20CM_log10_tnequad": -6.1402945539896345,
    "J1603-7202_CPSR2_50CM_efac": 1.2110419191248503,
    "J1603-7202_CPSR2_50CM_log10_tnequad": -9.164099629971192,
    "J1603-7202_PDFB1_20CM_efac": 0.9432037270372146,
    "J1603-7202_PDFB1_20CM_log10_tnequad": -8.465885964030337,
    "J1603-7202_PDFB1_early_20CM_efac": 1.0099983977011961,
    "J1603-7202_PDFB1_early_20CM_log10_tnequad": -9.308471986978331,
    "J1603-7202_PDFB_10CM_efac": 1.0244042614184072,
    "J1603-7202_PDFB_10CM_log10_tnequad": -9.133032962714317,
    "J1603-7202_PDFB_20CM_efac": 1.0373226236416357,
    "J1603-7202_PDFB_20CM_log10_tnequad": -7.834649430287379,
    "J1603-7202_PDFB_40CM_efac": 1.08926937498995,
    "J1603-7202_PDFB_40CM_log10_tnequad": -8.647316633986755,
    "J1603-7202_UWL_CASPSR_40CM_efac": 1.5278697257695646,
    "J1603-7202_UWL_CASPSR_40CM_log10_tnequad": -7.622897503047887,
    "J1603-7202_UWL_PDFB4_20CM_efac": 1.173859390855421,
    "J1603-7202_UWL_PDFB4_20CM_log10_tnequad": -7.96490521020031,
    "J1603-7202_UWL_sbA_efac": 1.0948170093093224,
    "J1603-7202_UWL_sbA_log10_tnequad": -6.243595969458897,
    "J1603-7202_UWL_sbB_efac": 1.0407773657304817,
    "J1603-7202_UWL_sbB_log10_tnequad": -9.8151725234231,
    "J1603-7202_UWL_sbC_efac": 1.0545374950848354,
    "J1603-7202_UWL_sbC_log10_tnequad": -9.81166481092903,
    "J1603-7202_UWL_sbD_efac": 1.0124862462757833,
    "J1603-7202_UWL_sbD_log10_tnequad": -7.974631866432112,
    "J1603-7202_UWL_sbE_efac": 1.0060653249071556,
    "J1603-7202_UWL_sbE_log10_tnequad": -8.740057922645319,
    "J1603-7202_UWL_sbF_efac": 0.9690041389836694,
    "J1603-7202_UWL_sbF_log10_tnequad": -6.3407359619026,
    "J1603-7202_UWL_sbG_efac": 0.9476626904518675,
    "J1603-7202_UWL_sbG_log10_tnequad": -9.00894638495097,
    "J1603-7202_UWL_sbH_efac": 1.0868515711162139,
    "J1603-7202_UWL_sbH_log10_tnequad": -7.62568283365274,
    "J1603-7202_basis_ecorr_10CM_log10_ecorr": -9.42131939399968,
    "J1603-7202_basis_ecorr_10CM_uwl_log10_ecorr": -6.242568553023349,
    "J1603-7202_basis_ecorr_20CM_log10_ecorr": -6.151828964506946,
    "J1603-7202_basis_ecorr_20CM_uwl_log10_ecorr": -8.523889333001762,
    "J1603-7202_basis_ecorr_40CM_log10_ecorr": -9.421025925769856,
    "J1603-7202_basis_ecorr_40CM_uwl_log10_ecorr": -6.777631766951208,
    "J1603-7202_basis_ecorr_all_dr2_log10_ecorr": -6.689388547475703,
    "J1603-7202_basis_ecorr_all_uwl_log10_ecorr": -6.640153457602149,
    "J1603-7202_dm_gp_gamma": 2.375429645863124,
    "J1603-7202_dm_gp_log10_A": -13.220310018035175,
    "J1603-7202_dmgauss_epoch": 53911.87735554569,
    "J1603-7202_dmgauss_log10_Amp": -5.241394373383088,
    "J1603-7202_dmgauss_log10_sigma": 1.9191612815005568,
    "J1603-7202_gp_sw_gamma": 2.130872361005757,
    "J1603-7202_gp_sw_log10_A": -9.794470293779465,
    "J1603-7202_red_noise_gamma": 0.6047376224487202,
    "J1603-7202_red_noise_log10_A": -18.229407962312543,
    "n_earth": 0.9188872536804021,
    "nmodel": 0.488669954441878
}