{
    "J1643-1224_CASPSR_40CM_efac": 1.2679938044110022,
    "J1643-1224_CASPSR_40CM_log10_tnequad": -6.181334646651422,
    "J1643-1224_CPSR2_20CM_efac": 0.9504002912985478,
    "J1643-1224_CPSR2_20CM_log10_tnequad": -5.7217725550061695,
    "J1643-1224_CPSR2_50CM_efac": 1.2307169011910806,
    "J1643-1224_CPSR2_50CM_log10_tnequad": -9.563029911074976,
    "J1643-1224_PDFB1_10CM_efac": 0.9501045379858409,
    "J1643-1224_PDFB1_10CM_log10_tnequad": -6.88658654040828,
    "J1643-1224_PDFB1_20CM_efac": 0.9476467239503602,
    "J1643-1224_PDFB1_20CM_log10_tnequad": -7.6561352230959026,
    "J1643-1224_PDFB1_early_10CM_efac": 0.9783648666840681,
    "J1643-1224_PDFB1_early_10CM_log10_tnequad": -9.532783144194356,
    "J1643-1224_PDFB_10CM_efac": 1.0618648118799332,
    "J1643-1224_PDFB_10CM_log10_tnequad": -8.084932632137235,
    "J1643-1224_PDFB_20CM_efac": 1.1086805358785394,
    "J1643-1224_PDFB_20CM_log10_tnequad": -9.671084013035495,
    "J1643-1224_PDFB_40CM_efac": 0.906083610344594,
    "J1643-1224_PDFB_40CM_log10_tnequad": -8.679663175398087,
    "J1643-1224_UWL_CASPSR_40CM_efac": 1.8049561784143475,
    "J1643-1224_UWL_CASPSR_40CM_log10_tnequad": -6.151645604810489,
    "J1643-1224_UWL_PDFB4_20CM_efac": 0.973372518723473,
    "J1643-1224_UWL_PDFB4_20CM_log10_tnequad": -9.138347917291775,
    "J1643-1224_UWL_sbA_efac": 1.314484789445791,
    "J1643-1224_UWL_sbA_log10_tnequad": -7.589001700004061,
    "J1643-1224_UWL_sbB_efac": 1.107500330122046,
    "J1643-1224_UWL_sbB_log10_tnequad": -9.671688734691603,
    "J1643-1224_UWL_sbC_efac": 1.0355897160301613,
    "J1643-1224_UWL_sbC_log10_tnequad": -7.438576502813516,
    "J1643-1224_UWL_sbD_efac": 0.9853318415164087,
    "J1643-1224_UWL_sbD_log10_tnequad": -6.023284394547441,
    "J1643-1224_UWL_sbE_efac": 1.0994782764720932,
    "J1643-1224_UWL_sbE_log10_tnequad": -6.275022727411636,
    "J1643-1224_UWL_sbF_efac": 1.0597630045023334,
    "J1643-1224_UWL_sbF_log10_tnequad": -8.419170115288068,
    "J1643-1224_UWL_sbG_efac": 1.1031831278420348,
    "J1643-1224_UWL_sbG_log10_tnequad": -7.938022024537964,
    "J1643-1224_UWL_sbH_efac": 1.0733432662491442,
    "J1643-1224_UWL_sbH_log10_tnequad": -8.691431865050046,
    "J1643-1224_WBCORR_10CM_efac": 0.6566584772404056,
    "J1643-1224_WBCORR_10CM_log10_tnequad": -5.348869443052374,
    "J1643-1224_band_noise_low_gamma": 1.9053221857729694,
    "J1643-1224_band_noise_low_log10_A": -12.300585247315741,
    "J1643-1224_basis_ecorr_10CM_log10_ecorr": -8.63866903934653,
    "J1643-1224_basis_ecorr_10CM_uwl_log10_ecorr": -5.988077580855236,
    "J1643-1224_basis_ecorr_20CM_log10_ecorr": -8.271104092496568,
    "J1643-1224_basis_ecorr_20CM_uwl_log10_ecorr": -7.334057671231445,
    "J1643-1224_basis_ecorr_40CM_log10_ecorr": -8.991766649673734,
    "J1643-1224_basis_ecorr_40CM_uwl_log10_ecorr": -8.120315286948717,
    "J1643-1224_basis_ecorr_all_dr2_log10_ecorr": -6.3729093584373135,
    "J1643-1224_basis_ecorr_all_uwl_log10_ecorr": -6.255036190863324,
    "J1643-1224_chrom_gp_gamma": 0.6568485783443269,
    "J1643-1224_chrom_gp_log10_A": -13.103523308508766,
    "J1643-1224_dm_gp_gamma": 2.2337611392339713,
    "J1643-1224_dm_gp_log10_A": -12.864784473106083,
    "J1643-1224_dmexp_1_idx": -0.9667626737098671,
    "J1643-1224_dmexp_1_log10_Amp": -4.969748011838084,
    "J1643-1224_dmexp_1_log10_tau": 2.052063785502249,
    "J1643-1224_dmexp_1_t0": 57075.17687017618,
    "J1643-1224_gp_sw_gamma": 3.020361843236164,
    "J1643-1224_gp_sw_log10_A": -7.126332669725623,
    "J1643-1224_red_noise_gamma": 0.40245373080405134,
    "J1643-1224_red_noise_log10_A": -12.716122979494015,
    "n_earth": 4.329838279916229,
    "nmodel": -0.013807880228064784
}