{
    "J1713+0747_CASPSR_40CM_efac": 1.1426292352892677,
    "J1713+0747_CASPSR_40CM_log10_tnequad": -9.319432967173078,
    "J1713+0747_CPSR2_20CM_efac": 0.9749188727600865,
    "J1713+0747_CPSR2_20CM_log10_tnequad": -9.984504348180588,
    "J1713+0747_CPSR2_50CM_efac": 0.9609764727599679,
    "J1713+0747_CPSR2_50CM_log10_tnequad": -5.978592021936843,
    "J1713+0747_PDFB1_10CM_efac": 1.1408863885365819,
    "J1713+0747_PDFB1_10CM_log10_tnequad": -9.761685001372662,
    "J1713+0747_PDFB1_20CM_efac": 0.9408881800363709,
    "J1713+0747_PDFB1_20CM_log10_tnequad": -9.90462223499053,
    "J1713+0747_PDFB1_early_10CM_efac": 0.18114033811011637,
    "J1713+0747_PDFB1_early_10CM_log10_tnequad": -6.126996735503328,
    "J1713+0747_PDFB_10CM_efac": 0.9704145182095623,
    "J1713+0747_PDFB_10CM_log10_tnequad": -6.963999002108823,
    "J1713+0747_PDFB_20CM_efac": 1.095328162227171,
    "J1713+0747_PDFB_20CM_log10_tnequad": -7.487335156752522,
    "J1713+0747_PDFB_40CM_efac": 0.947715669460474,
    "J1713+0747_PDFB_40CM_log10_tnequad": -8.514407081383466,
    "J1713+0747_UWL_PDFB4_20CM_efac": 0.8652967445588592,
    "J1713+0747_UWL_PDFB4_20CM_log10_tnequad": -9.823640380897867,
    "J1713+0747_UWL_sbA_efac": 1.0960581077938698,
    "J1713+0747_UWL_sbA_log10_tnequad": -8.83707665662158,
    "J1713+0747_UWL_sbB_efac": 1.0236168594699058,
    "J1713+0747_UWL_sbB_log10_tnequad": -6.662769573004089,
    "J1713+0747_UWL_sbC_efac": 1.1533877771818108,
    "J1713+0747_UWL_sbC_log10_tnequad": -7.739567403473679,
    "J1713+0747_UWL_sbD_efac": 0.9329029846887934,
    "J1713+0747_UWL_sbD_log10_tnequad": -7.008717727675158,
    "J1713+0747_UWL_sbE_efac": 1.3056585201980258,
    "J1713+0747_UWL_sbE_log10_tnequad": -9.800694243474874,
    "J1713+0747_UWL_sbF_efac": 1.0734102072572722,
    "J1713+0747_UWL_sbF_log10_tnequad": -7.172572803527852,
    "J1713+0747_UWL_sbG_efac": 1.0150031772809975,
    "J1713+0747_UWL_sbG_log10_tnequad": -8.293322670019107,
    "J1713+0747_UWL_sbH_efac": 1.0137117930434616,
    "J1713+0747_UWL_sbH_log10_tnequad": -6.885311001298878,
    "J1713+0747_WBCORR_10CM_efac": 0.969298397172669,
    "J1713+0747_WBCORR_10CM_log10_tnequad": -7.743543259040302,
    "J1713+0747_band_noise_low_gamma": 2.8426684430771556,
    "J1713+0747_band_noise_low_log10_A": -13.65329721902218,
    "J1713+0747_basis_ecorr_10CM_log10_ecorr": -9.10777341185933,
    "J1713+0747_basis_ecorr_10CM_uwl_log10_ecorr": -7.542080210086005,
    "J1713+0747_basis_ecorr_20CM_log10_ecorr": -9.944532127052533,
    "J1713+0747_basis_ecorr_20CM_uwl_log10_ecorr": -8.699071769536596,
    "J1713+0747_basis_ecorr_40CM_log10_ecorr": -6.48653841700216,
    "J1713+0747_basis_ecorr_40CM_uwl_log10_ecorr": -8.753790088617013,
    "J1713+0747_basis_ecorr_CPSR2_20CM_log10_ecorr": -9.582711943453033,
    "J1713+0747_basis_ecorr_UWL_sbA_log10_ecorr": -9.0733384745385,
    "J1713+0747_basis_ecorr_UWL_sbE_log10_ecorr": -7.50870123325815,
    "J1713+0747_basis_ecorr_UWL_sbF_log10_ecorr": -7.223123636682053,
    "J1713+0747_basis_ecorr_WBCORR_10CM_log10_ecorr": -8.812636510235944,
    "J1713+0747_basis_ecorr_all_dr2_log10_ecorr": -7.513527307128974,
    "J1713+0747_basis_ecorr_all_uwl_log10_ecorr": -9.800721471125835,
    "J1713+0747_dm_gp_gamma": 2.030577859196633,
    "J1713+0747_dm_gp_log10_A": -13.8819939722027,
    "J1713+0747_dmexp_1_idx": 2.0574899239224926,
    "J1713+0747_dmexp_1_log10_Amp": -5.813921832485981,
    "J1713+0747_dmexp_1_log10_tau": 2.1322284482078198,
    "J1713+0747_dmexp_1_t0": 54764.802363893716,
    "J1713+0747_dmexp_2_idx": 1.3634936884482,
    "J1713+0747_dmexp_2_log10_Amp": -5.737286902443252,
    "J1713+0747_dmexp_2_log10_tau": 1.3869063589256578,
    "J1713+0747_dmexp_2_t0": 57505.640767704754,
    "J1713+0747_gp_sw_gamma": -1.589321479383151,
    "J1713+0747_gp_sw_log10_A": -7.384473928280045,
    "J1713+0747_group_noise_UWL_sbA_gamma": 6.064701589421135,
    "J1713+0747_group_noise_UWL_sbA_log10_A": -13.797217549314775,
    "J1713+0747_group_noise_UWL_sbE_gamma": 3.040671538145335,
    "J1713+0747_group_noise_UWL_sbE_log10_A": -16.219116585906768,
    "J1713+0747_group_noise_UWL_sbF_gamma": 2.459092004818264,
    "J1713+0747_group_noise_UWL_sbF_log10_A": -19.819484890177556,
    "J1713+0747_group_noise_WBCORR_10CM_gamma": 1.68598550024326,
    "J1713+0747_group_noise_WBCORR_10CM_log10_A": -12.994927343149463,
    "J1713+0747_hf_noise_gamma": 0.4515355120371043,
    "J1713+0747_hf_noise_log10_A": -14.247159912399988,
    "J1713+0747_red_noise_gamma": 0.5282816377548605,
    "J1713+0747_red_noise_log10_A": -19.397331040011007,
    "n_earth": 4.140387496712392,
    "nmodel": 0.047140101030836545
}