{
    "J1730-2304_CASPSR_40CM_efac": 1.3711169362929976,
    "J1730-2304_CASPSR_40CM_log10_tnequad": -8.314570069247951,
    "J1730-2304_CPSR2_20CM_efac": 1.2450529423641108,
    "J1730-2304_CPSR2_20CM_log10_tnequad": -5.500385307111513,
    "J1730-2304_CPSR2_50CM_efac": 1.2171314484776128,
    "J1730-2304_CPSR2_50CM_log10_tnequad": -8.847288791286557,
    "J1730-2304_PDFB1_20CM_efac": 0.9165549240909533,
    "J1730-2304_PDFB1_20CM_log10_tnequad": -6.185912195735129,
    "J1730-2304_PDFB1_early_20CM_efac": 0.9663501875914341,
    "J1730-2304_PDFB1_early_20CM_log10_tnequad": -6.822526847623911,
    "J1730-2304_PDFB_10CM_efac": 1.0603850294971406,
    "J1730-2304_PDFB_10CM_log10_tnequad": -8.597383566788752,
    "J1730-2304_PDFB_20CM_efac": 1.0477973005913044,
    "J1730-2304_PDFB_20CM_log10_tnequad": -8.770409533636341,
    "J1730-2304_PDFB_40CM_efac": 1.1014308541931448,
    "J1730-2304_PDFB_40CM_log10_tnequad": -6.116413313929053,
    "J1730-2304_UWL_CASPSR_40CM_efac": 1.0445651881986773,
    "J1730-2304_UWL_CASPSR_40CM_log10_tnequad": -6.745963477889466,
    "J1730-2304_UWL_PDFB4_20CM_efac": 1.1156338331810343,
    "J1730-2304_UWL_PDFB4_20CM_log10_tnequad": -8.157793776073534,
    "J1730-2304_UWL_sbA_efac": 1.320418503620898,
    "J1730-2304_UWL_sbA_log10_tnequad": -8.20292152218287,
    "J1730-2304_UWL_sbB_efac": 1.0607844902389962,
    "J1730-2304_UWL_sbB_log10_tnequad": -8.60135357292997,
    "J1730-2304_UWL_sbC_efac": 1.015533982919796,
    "J1730-2304_UWL_sbC_log10_tnequad": -9.94142155179217,
    "J1730-2304_UWL_sbD_efac": 1.0502704620610146,
    "J1730-2304_UWL_sbD_log10_tnequad": -9.29092736214964,
    "J1730-2304_UWL_sbE_efac": 0.9771456445309376,
    "J1730-2304_UWL_sbE_log10_tnequad": -6.554451563810999,
    "J1730-2304_UWL_sbF_efac": 0.9640323001000172,
    "J1730-2304_UWL_sbF_log10_tnequad": -8.167532434873536,
    "J1730-2304_UWL_sbG_efac": 1.1461591042845376,
    "J1730-2304_UWL_sbG_log10_tnequad": -9.942485725542902,
    "J1730-2304_UWL_sbH_efac": 1.2525524668746852,
    "J1730-2304_UWL_sbH_log10_tnequad": -8.302194384213697,
    "J1730-2304_WBCORR_10CM_efac": 1.4340597947446057,
    "J1730-2304_WBCORR_10CM_log10_tnequad": -7.798194745180102,
    "J1730-2304_basis_ecorr_10CM_log10_ecorr": -7.910085614523629,
    "J1730-2304_basis_ecorr_10CM_uwl_log10_ecorr": -6.303904290988925,
    "J1730-2304_basis_ecorr_20CM_log10_ecorr": -9.929128403476687,
    "J1730-2304_basis_ecorr_20CM_uwl_log10_ecorr": -7.789035747431157,
    "J1730-2304_basis_ecorr_40CM_log10_ecorr": -8.283845967224932,
    "J1730-2304_basis_ecorr_40CM_uwl_log10_ecorr": -6.175244517351372,
    "J1730-2304_basis_ecorr_all_dr2_log10_ecorr": -9.226549911943529,
    "J1730-2304_basis_ecorr_all_uwl_log10_ecorr": -8.760684383093258,
    "J1730-2304_dm_gp_gamma": 2.2783478883809125,
    "J1730-2304_dm_gp_log10_A": -13.542447147524157,
    "J1730-2304_gp_sw_gamma": -1.9948338698992891,
    "J1730-2304_gp_sw_log10_A": -7.1692741752665805,
    "J1730-2304_red_noise_gamma": 0.40122204456620525,
    "J1730-2304_red_noise_log10_A": -13.16944481343174,
    "n_earth": 7.096832523884752,
    "nmodel": -0.16257228337613328
}