{
    "J1741+1351_UWL_sbB_efac": 1.2745844984038714,
    "J1741+1351_UWL_sbB_log10_tnequad": -9.84203892091312,
    "J1741+1351_UWL_sbC_efac": 0.6059526974853467,
    "J1741+1351_UWL_sbC_log10_tnequad": -7.020219747888577,
    "J1741+1351_UWL_sbD_efac": 1.074661078220606,
    "J1741+1351_UWL_sbD_log10_tnequad": -8.024026401704536,
    "J1741+1351_UWL_sbE_efac": 0.9494988635312238,
    "J1741+1351_UWL_sbE_log10_tnequad": -8.448598904226953,
    "J1741+1351_basis_ecorr_20CM_uwl_log10_ecorr": -6.923941512002491,
    "J1741+1351_basis_ecorr_40CM_uwl_log10_ecorr": -5.836432263813891,
    "J1741+1351_basis_ecorr_all_uwl_log10_ecorr": -5.665554858953115,
    "J1741+1351_dm_gp_gamma": 5.4924729275573245,
    "J1741+1351_dm_gp_log10_A": -17.874207273045506,
    "J1741+1351_gp_sw_gamma": -2.085950485587386,
    "J1741+1351_gp_sw_log10_A": -6.1991749248612065,
    "J1741+1351_red_noise_gamma": 1.471641889450616,
    "J1741+1351_red_noise_log10_A": -19.456395498309462,
    "n_earth": 2.403017620271573,
    "nmodel": -0.10904720906455323
}