{
    "J1744-1134_CASPSR_40CM_efac": 1.26659290947644,
    "J1744-1134_CASPSR_40CM_log10_tnequad": -6.630632963417187,
    "J1744-1134_CPSR2_20CM_efac": 1.271093763331942,
    "J1744-1134_CPSR2_20CM_log10_tnequad": -5.96676958815211,
    "J1744-1134_CPSR2_50CM_efac": 1.1305279233754313,
    "J1744-1134_CPSR2_50CM_log10_tnequad": -8.008152158030244,
    "J1744-1134_PDFB1_10CM_efac": 0.9742751209897913,
    "J1744-1134_PDFB1_10CM_log10_tnequad": -9.414249389228763,
    "J1744-1134_PDFB1_20CM_efac": 1.1888523168733172,
    "J1744-1134_PDFB1_20CM_log10_tnequad": -7.5318405285109495,
    "J1744-1134_PDFB1_early_20CM_efac": 1.2241428442153834,
    "J1744-1134_PDFB1_early_20CM_log10_tnequad": -7.059085097658262,
    "J1744-1134_PDFB_10CM_efac": 0.9814090018898145,
    "J1744-1134_PDFB_10CM_log10_tnequad": -8.83242507704379,
    "J1744-1134_PDFB_20CM_efac": 0.9953916413694864,
    "J1744-1134_PDFB_20CM_log10_tnequad": -7.390298169414193,
    "J1744-1134_PDFB_40CM_efac": 1.0968769767274333,
    "J1744-1134_PDFB_40CM_log10_tnequad": -9.681554834432545,
    "J1744-1134_UWL_CASPSR_40CM_efac": 0.9246790778653371,
    "J1744-1134_UWL_CASPSR_40CM_log10_tnequad": -8.391963328331864,
    "J1744-1134_UWL_PDFB4_20CM_efac": 1.0140026721659925,
    "J1744-1134_UWL_PDFB4_20CM_log10_tnequad": -9.987741827601942,
    "J1744-1134_UWL_sbA_efac": 1.185545156658309,
    "J1744-1134_UWL_sbA_log10_tnequad": -8.674913115199036,
    "J1744-1134_UWL_sbB_efac": 1.1665262488606527,
    "J1744-1134_UWL_sbB_log10_tnequad": -8.967015156793483,
    "J1744-1134_UWL_sbC_efac": 1.0426725296207768,
    "J1744-1134_UWL_sbC_log10_tnequad": -6.947316430918782,
    "J1744-1134_UWL_sbD_efac": 1.0795034249860502,
    "J1744-1134_UWL_sbD_log10_tnequad": -7.382633851654774,
    "J1744-1134_UWL_sbE_efac": 1.1090236044048827,
    "J1744-1134_UWL_sbE_log10_tnequad": -9.015772304824978,
    "J1744-1134_UWL_sbF_efac": 1.0570228452262305,
    "J1744-1134_UWL_sbF_log10_tnequad": -8.412178881287321,
    "J1744-1134_UWL_sbG_efac": 1.0360360504763613,
    "J1744-1134_UWL_sbG_log10_tnequad": -9.171687556409942,
    "J1744-1134_UWL_sbH_efac": 1.1905996037256965,
    "J1744-1134_UWL_sbH_log10_tnequad": -8.132988956716709,
    "J1744-1134_WBCORR_10CM_efac": 1.2575421549095593,
    "J1744-1134_WBCORR_10CM_log10_tnequad": -7.635192043416223,
    "J1744-1134_basis_ecorr_10CM_log10_ecorr": -8.213982656534865,
    "J1744-1134_basis_ecorr_10CM_uwl_log10_ecorr": -6.861895116103759,
    "J1744-1134_basis_ecorr_20CM_log10_ecorr": -6.77457734403311,
    "J1744-1134_basis_ecorr_20CM_uwl_log10_ecorr": -8.657873446333715,
    "J1744-1134_basis_ecorr_40CM_log10_ecorr": -6.4527556331346325,
    "J1744-1134_basis_ecorr_40CM_uwl_log10_ecorr": -8.818521506963922,
    "J1744-1134_basis_ecorr_all_dr2_log10_ecorr": -6.85294557537219,
    "J1744-1134_basis_ecorr_all_uwl_log10_ecorr": -6.764048680467588,
    "J1744-1134_dm_gp_gamma": 3.559554156723616,
    "J1744-1134_dm_gp_log10_A": -14.38439873385951,
    "J1744-1134_gp_sw_gamma": 1.2481884701484618,
    "J1744-1134_gp_sw_log10_A": -6.530541003739317,
    "J1744-1134_hf_noise_gamma": 1.165626077720648,
    "J1744-1134_hf_noise_log10_A": -13.62243122083391,
    "J1744-1134_red_noise_gamma": 5.504097867426661,
    "J1744-1134_red_noise_log10_A": -17.557856610729353,
    "n_earth": 4.979745559452548,
    "nmodel": 0.09008692433375542
}