{
    "J1824-2452A_CASPSR_40CM_efac": 1.3150005946473102,
    "J1824-2452A_CASPSR_40CM_log10_tnequad": -7.6668185806530476,
    "J1824-2452A_CPSR2_20CM_efac": 0.8860000258488214,
    "J1824-2452A_CPSR2_20CM_log10_tnequad": -9.570143600325544,
    "J1824-2452A_CPSR2_50CM_efac": 1.3972290051577612,
    "J1824-2452A_CPSR2_50CM_log10_tnequad": -6.500950568060949,
    "J1824-2452A_PDFB1_20CM_efac": 0.8888040888522959,
    "J1824-2452A_PDFB1_20CM_log10_tnequad": -6.107547886396803,
    "J1824-2452A_PDFB_10CM_efac": 1.2250541878101215,
    "J1824-2452A_PDFB_10CM_log10_tnequad": -9.696027177445478,
    "J1824-2452A_PDFB_20CM_efac": 1.0374252951865994,
    "J1824-2452A_PDFB_20CM_log10_tnequad": -9.381477910585717,
    "J1824-2452A_UWL_sbA_efac": 1.1542513406507617,
    "J1824-2452A_UWL_sbA_log10_tnequad": -5.666873503030258,
    "J1824-2452A_UWL_sbB_efac": 1.3466704664576405,
    "J1824-2452A_UWL_sbB_log10_tnequad": -7.75988147496073,
    "J1824-2452A_UWL_sbC_efac": 1.0254802693875278,
    "J1824-2452A_UWL_sbC_log10_tnequad": -7.970731456942058,
    "J1824-2452A_UWL_sbD_efac": 1.5085167881043149,
    "J1824-2452A_UWL_sbD_log10_tnequad": -7.486954904724843,
    "J1824-2452A_UWL_sbE_efac": 0.9040648658768041,
    "J1824-2452A_UWL_sbE_log10_tnequad": -6.565353361022676,
    "J1824-2452A_UWL_sbF_efac": 0.9835052123625385,
    "J1824-2452A_UWL_sbF_log10_tnequad": -7.408680400039023,
    "J1824-2452A_basis_ecorr_10CM_log10_ecorr": -9.184638432423107,
    "J1824-2452A_basis_ecorr_20CM_log10_ecorr": -9.325984077602111,
    "J1824-2452A_basis_ecorr_20CM_uwl_log10_ecorr": -8.390380718060465,
    "J1824-2452A_basis_ecorr_40CM_log10_ecorr": -5.576160295703756,
    "J1824-2452A_basis_ecorr_40CM_uwl_log10_ecorr": -6.233599173908219,
    "J1824-2452A_basis_ecorr_all_dr2_log10_ecorr": -6.059044819745883,
    "J1824-2452A_basis_ecorr_all_uwl_log10_ecorr": -8.832656053715963,
    "J1824-2452A_dm_gp_gamma": 2.6988525969314954,
    "J1824-2452A_dm_gp_log10_A": -12.44686838988065,
    "J1824-2452A_gp_sw_gamma": -0.9237488293546487,
    "J1824-2452A_gp_sw_log10_A": -7.688888787949462,
    "J1824-2452A_red_noise_gamma": 5.03168030228126,
    "J1824-2452A_red_noise_log10_A": -13.07353952789832,
    "n_earth": 8.067317658732513,
    "nmodel": -0.36688372569152083
}