{
    "J1832-0836_PDFB_10CM_efac": 0.6989290147672373,
    "J1832-0836_PDFB_10CM_log10_tnequad": -6.105457380871878,
    "J1832-0836_PDFB_20CM_efac": 0.8759559530625193,
    "J1832-0836_PDFB_20CM_log10_tnequad": -6.364535523486551,
    "J1832-0836_UWL_sbD_efac": 0.9984384597029147,
    "J1832-0836_UWL_sbD_log10_tnequad": -8.777325486842088,
    "J1832-0836_UWL_sbE_efac": 0.9709140399205306,
    "J1832-0836_UWL_sbE_log10_tnequad": -8.50947836502011,
    "J1832-0836_UWL_sbF_efac": 1.1385947737308808,
    "J1832-0836_UWL_sbF_log10_tnequad": -8.4168051742162,
    "J1832-0836_UWL_sbH_efac": 1.1039015049253371,
    "J1832-0836_UWL_sbH_log10_tnequad": -8.847079180002277,
    "J1832-0836_basis_ecorr_10CM_log10_ecorr": -7.691808271401154,
    "J1832-0836_basis_ecorr_10CM_uwl_log10_ecorr": -7.98921136983631,
    "J1832-0836_basis_ecorr_20CM_log10_ecorr": -9.552171458183972,
    "J1832-0836_basis_ecorr_20CM_uwl_log10_ecorr": -8.013070327882597,
    "J1832-0836_basis_ecorr_all_dr2_log10_ecorr": -9.787101230867536,
    "J1832-0836_basis_ecorr_all_uwl_log10_ecorr": -8.523108099311775,
    "J1832-0836_dm_gp_gamma": 4.507164860443084,
    "J1832-0836_dm_gp_log10_A": -13.41654067524026,
    "J1832-0836_gp_sw_gamma": 2.350180267778727,
    "J1832-0836_gp_sw_log10_A": -6.437573142879004,
    "J1832-0836_red_noise_gamma": 0.7400412364112864,
    "J1832-0836_red_noise_log10_A": -18.33490224045856,
    "n_earth": 0.7891162626936339,
    "nmodel": -0.24033313653855365
}