{
    "J1857+0943_CASPSR_40CM_efac": 0.9207079577487681,
    "J1857+0943_CASPSR_40CM_log10_tnequad": -7.680122352256928,
    "J1857+0943_CPSR2_20CM_efac": 0.9245894175128601,
    "J1857+0943_CPSR2_20CM_log10_tnequad": -5.828056473251478,
    "J1857+0943_CPSR2_50CM_efac": 1.0994940476279638,
    "J1857+0943_CPSR2_50CM_log10_tnequad": -7.3252586570408775,
    "J1857+0943_PDFB1_20CM_efac": 0.9483430458360198,
    "J1857+0943_PDFB1_20CM_log10_tnequad": -6.068040179817291,
    "J1857+0943_PDFB_10CM_efac": 1.0911700251378116,
    "J1857+0943_PDFB_10CM_log10_tnequad": -8.413304649813751,
    "J1857+0943_PDFB_20CM_efac": 1.0354505681373045,
    "J1857+0943_PDFB_20CM_log10_tnequad": -9.779395967359005,
    "J1857+0943_PDFB_40CM_efac": 1.0746367644212866,
    "J1857+0943_PDFB_40CM_log10_tnequad": -9.302890390767368,
    "J1857+0943_UWL_sbA_efac": 1.083896494304164,
    "J1857+0943_UWL_sbA_log10_tnequad": -6.192275800952293,
    "J1857+0943_UWL_sbB_efac": 1.0818441128174048,
    "J1857+0943_UWL_sbB_log10_tnequad": -7.5245571569229375,
    "J1857+0943_UWL_sbC_efac": 1.2548285465340419,
    "J1857+0943_UWL_sbC_log10_tnequad": -7.135943509237088,
    "J1857+0943_UWL_sbD_efac": 0.8484272708258206,
    "J1857+0943_UWL_sbD_log10_tnequad": -7.734584554875054,
    "J1857+0943_UWL_sbE_efac": 1.24782868363884,
    "J1857+0943_UWL_sbE_log10_tnequad": -6.862211427009015,
    "J1857+0943_UWL_sbF_efac": 0.7047658296145777,
    "J1857+0943_UWL_sbF_log10_tnequad": -6.2415944934506395,
    "J1857+0943_UWL_sbG_efac": 1.0768585936888284,
    "J1857+0943_UWL_sbG_log10_tnequad": -7.3765927750416544,
    "J1857+0943_UWL_sbH_efac": 1.03901151781375,
    "J1857+0943_UWL_sbH_log10_tnequad": -9.752188994060266,
    "J1857+0943_WBCORR_10CM_efac": 0.8755845997100767,
    "J1857+0943_WBCORR_10CM_log10_tnequad": -9.842681168412257,
    "J1857+0943_basis_ecorr_10CM_log10_ecorr": -6.208870782609253,
    "J1857+0943_basis_ecorr_10CM_uwl_log10_ecorr": -8.86219305357784,
    "J1857+0943_basis_ecorr_20CM_log10_ecorr": -6.369178865008212,
    "J1857+0943_basis_ecorr_20CM_uwl_log10_ecorr": -9.766038250972993,
    "J1857+0943_basis_ecorr_40CM_log10_ecorr": -7.250941208761484,
    "J1857+0943_basis_ecorr_40CM_uwl_log10_ecorr": -9.5765474739143,
    "J1857+0943_basis_ecorr_all_dr2_log10_ecorr": -9.746324840524451,
    "J1857+0943_basis_ecorr_all_uwl_log10_ecorr": -9.615498276659956,
    "J1857+0943_dm_gp_gamma": 2.2839380073836963,
    "J1857+0943_dm_gp_log10_A": -13.307700082495996,
    "J1857+0943_gp_sw_gamma": -2.301319189377982,
    "J1857+0943_gp_sw_log10_A": -7.784713098479698,
    "J1857+0943_red_noise_gamma": 5.686501981468361,
    "J1857+0943_red_noise_log10_A": -15.144021386472124,
    "n_earth": 9.702772178912038,
    "nmodel": 0.006604828056561818
}