{
    "J1902-5105_UWL_sbA_efac": 0.9314575196776098,
    "J1902-5105_UWL_sbA_log10_tnequad": -6.057952138345542,
    "J1902-5105_UWL_sbB_efac": 0.8688184622119257,
    "J1902-5105_UWL_sbB_log10_tnequad": -7.742285734735233,
    "J1902-5105_UWL_sbC_efac": 1.0266453061308933,
    "J1902-5105_UWL_sbC_log10_tnequad": -7.79320222328383,
    "J1902-5105_UWL_sbD_efac": 0.9618571874360088,
    "J1902-5105_UWL_sbD_log10_tnequad": -7.85458152978163,
    "J1902-5105_UWL_sbE_efac": 1.0461016424145275,
    "J1902-5105_UWL_sbE_log10_tnequad": -8.252635293420639,
    "J1902-5105_UWL_sbF_efac": 1.189929963573608,
    "J1902-5105_UWL_sbF_log10_tnequad": -6.131133983340624,
    "J1902-5105_basis_ecorr_20CM_uwl_log10_ecorr": -8.945029765080015,
    "J1902-5105_basis_ecorr_40CM_uwl_log10_ecorr": -6.625832886188429,
    "J1902-5105_basis_ecorr_all_uwl_log10_ecorr": -6.846217642165183,
    "J1902-5105_dm_gp_gamma": 0.8936696055066216,
    "J1902-5105_dm_gp_log10_A": -13.156319272862506,
    "J1902-5105_gp_sw_gamma": -1.4392410223354783,
    "J1902-5105_gp_sw_log10_A": -9.643936340696914,
    "J1902-5105_red_noise_gamma": 5.955834954747439,
    "J1902-5105_red_noise_log10_A": -13.556753816597848,
    "n_earth": 0.18790304481001918,
    "nmodel": 0.3487185607805856
}