{
    "J1909-3744_CASPSR_40CM_efac": 0.969210131906931,
    "J1909-3744_CASPSR_40CM_log10_tnequad": -6.812864700522744,
    "J1909-3744_CPSR2_20CM_efac": 1.067871667304686,
    "J1909-3744_CPSR2_20CM_log10_tnequad": -8.724833963880405,
    "J1909-3744_CPSR2_50CM_efac": 1.195958552754425,
    "J1909-3744_CPSR2_50CM_log10_tnequad": -8.644315283350625,
    "J1909-3744_PDFB1_10CM_efac": 0.953179253912224,
    "J1909-3744_PDFB1_10CM_log10_tnequad": -9.93861630404741,
    "J1909-3744_PDFB1_1433_efac": 1.1722822337200178,
    "J1909-3744_PDFB1_1433_log10_tnequad": -7.191141535658012,
    "J1909-3744_PDFB1_20CM_efac": 0.9816345651701982,
    "J1909-3744_PDFB1_20CM_log10_tnequad": -9.128267181767892,
    "J1909-3744_PDFB1_early_20CM_efac": 0.8370169913652781,
    "J1909-3744_PDFB1_early_20CM_log10_tnequad": -8.452646437561631,
    "J1909-3744_PDFB_10CM_efac": 0.986797519710286,
    "J1909-3744_PDFB_10CM_log10_tnequad": -7.583072268127663,
    "J1909-3744_PDFB_20CM_efac": 1.0941017672549045,
    "J1909-3744_PDFB_20CM_log10_tnequad": -9.440743754879463,
    "J1909-3744_PDFB_40CM_efac": 1.0288808879629372,
    "J1909-3744_PDFB_40CM_log10_tnequad": -8.782285435010015,
    "J1909-3744_UWL_CASPSR_20CM_efac": 1.1097157757217346,
    "J1909-3744_UWL_CASPSR_20CM_log10_tnequad": -7.7336160261623705,
    "J1909-3744_UWL_CASPSR_40CM_efac": 0.1411150166471,
    "J1909-3744_UWL_CASPSR_40CM_log10_tnequad": -6.355043794311308,
    "J1909-3744_UWL_PDFB4_10CM_efac": 1.032378355494799,
    "J1909-3744_UWL_PDFB4_10CM_log10_tnequad": -9.055545091211346,
    "J1909-3744_UWL_PDFB4_20CM_efac": 0.9876298039567011,
    "J1909-3744_UWL_PDFB4_20CM_log10_tnequad": -7.287632856099108,
    "J1909-3744_UWL_sbA_efac": 1.0405878929786458,
    "J1909-3744_UWL_sbA_log10_tnequad": -6.803117071434406,
    "J1909-3744_UWL_sbB_efac": 1.0247859716385324,
    "J1909-3744_UWL_sbB_log10_tnequad": -7.09947790359202,
    "J1909-3744_UWL_sbC_efac": 1.098246492296024,
    "J1909-3744_UWL_sbC_log10_tnequad": -8.475267844127655,
    "J1909-3744_UWL_sbD_efac": 1.0414575736710048,
    "J1909-3744_UWL_sbD_log10_tnequad": -7.047511562679142,
    "J1909-3744_UWL_sbE_efac": 1.1444425268526155,
    "J1909-3744_UWL_sbE_log10_tnequad": -9.666486807559572,
    "J1909-3744_UWL_sbF_efac": 1.1069452156730553,
    "J1909-3744_UWL_sbF_log10_tnequad": -7.953729438514928,
    "J1909-3744_UWL_sbG_efac": 1.063966102657372,
    "J1909-3744_UWL_sbG_log10_tnequad": -7.506394595157708,
    "J1909-3744_UWL_sbH_efac": 1.020134194212822,
    "J1909-3744_UWL_sbH_log10_tnequad": -7.513790601799693,
    "J1909-3744_WBCORR_10CM_efac": 1.0970840366361676,
    "J1909-3744_WBCORR_10CM_log10_tnequad": -6.74068314628354,
    "J1909-3744_band_noise_low_gamma": 0.5336277401525259,
    "J1909-3744_band_noise_low_log10_A": -13.745061335682283,
    "J1909-3744_basis_ecorr_10CM_log10_ecorr": -8.824120423434685,
    "J1909-3744_basis_ecorr_10CM_uwl_log10_ecorr": -9.507506473082858,
    "J1909-3744_basis_ecorr_20CM_log10_ecorr": -7.54112374003701,
    "J1909-3744_basis_ecorr_20CM_uwl_log10_ecorr": -9.518881776658162,
    "J1909-3744_basis_ecorr_40CM_log10_ecorr": -8.611462926970718,
    "J1909-3744_basis_ecorr_40CM_uwl_log10_ecorr": -7.232039090383309,
    "J1909-3744_basis_ecorr_CASPSR_40CM_log10_ecorr": -8.250256876928548,
    "J1909-3744_basis_ecorr_CPSR2_50CM_log10_ecorr": -9.499751484321232,
    "J1909-3744_basis_ecorr_PDFB1_1433_log10_ecorr": -6.603187259374264,
    "J1909-3744_basis_ecorr_PDFB1_early_20CM_log10_ecorr": -6.802579389816103,
    "J1909-3744_basis_ecorr_all_dr2_log10_ecorr": -7.359993728510955,
    "J1909-3744_basis_ecorr_all_uwl_log10_ecorr": -7.360011390385101,
    "J1909-3744_dm_gp_gamma": 2.1711402568892737,
    "J1909-3744_dm_gp_log10_A": -13.689283319260214,
    "J1909-3744_gp_sw_gamma": 0.8047732652571219,
    "J1909-3744_gp_sw_log10_A": -6.621602202331389,
    "J1909-3744_group_noise_CPSR2_50CM_gamma": 1.688794103934785,
    "J1909-3744_group_noise_CPSR2_50CM_log10_A": -13.215188277221051,
    "J1909-3744_hf_noise_gamma": 0.19777394065147605,
    "J1909-3744_hf_noise_log10_A": -14.439385012263928,
    "J1909-3744_red_noise_gamma": 3.8077784541984445,
    "J1909-3744_red_noise_log10_A": -14.470557749668536,
    "n_earth": 4.296183995294398,
    "nmodel": -0.013858221981109975
}