{
    "J1939+2134_CASPSR_40CM_efac": 1.188761177474206,
    "J1939+2134_CASPSR_40CM_log10_tnequad": -8.452854360185304,
    "J1939+2134_CPSR2_20CM_efac": 1.0467043048039246,
    "J1939+2134_CPSR2_20CM_log10_tnequad": -7.215579275719041,
    "J1939+2134_CPSR2_50CM_efac": 1.8112819714507677,
    "J1939+2134_CPSR2_50CM_log10_tnequad": -9.989095839423369,
    "J1939+2134_PDFB_10CM_efac": 0.993582985958255,
    "J1939+2134_PDFB_10CM_log10_tnequad": -9.25841608412271,
    "J1939+2134_PDFB_20CM_efac": 0.036830234077022996,
    "J1939+2134_PDFB_20CM_log10_tnequad": -6.7560322454760176,
    "J1939+2134_UWL_sbA_efac": 2.741890077849134,
    "J1939+2134_UWL_sbA_log10_tnequad": -7.859332134847145,
    "J1939+2134_UWL_sbB_efac": 0.9417882736668453,
    "J1939+2134_UWL_sbB_log10_tnequad": -6.937507055756245,
    "J1939+2134_UWL_sbC_efac": 1.9603056386807907,
    "J1939+2134_UWL_sbC_log10_tnequad": -7.737062772047096,
    "J1939+2134_UWL_sbD_efac": 0.8123692823836235,
    "J1939+2134_UWL_sbD_log10_tnequad": -7.041676944948568,
    "J1939+2134_UWL_sbE_efac": 1.2286992035426336,
    "J1939+2134_UWL_sbE_log10_tnequad": -7.290715574041933,
    "J1939+2134_UWL_sbF_efac": 0.820631098754353,
    "J1939+2134_UWL_sbF_log10_tnequad": -7.099558856328698,
    "J1939+2134_UWL_sbG_efac": 0.9401620815203743,
    "J1939+2134_UWL_sbG_log10_tnequad": -8.033079190341194,
    "J1939+2134_UWL_sbH_efac": 1.3711197509258863,
    "J1939+2134_UWL_sbH_log10_tnequad": -8.568094888671045,
    "J1939+2134_band_noise_low_gamma": 1.0604719879884672,
    "J1939+2134_band_noise_low_log10_A": -13.60575500380622,
    "J1939+2134_basis_ecorr_10CM_log10_ecorr": -7.572652526413587,
    "J1939+2134_basis_ecorr_10CM_uwl_log10_ecorr": -7.186502646244074,
    "J1939+2134_basis_ecorr_20CM_log10_ecorr": -7.2395312113413945,
    "J1939+2134_basis_ecorr_20CM_uwl_log10_ecorr": -9.465609500311148,
    "J1939+2134_basis_ecorr_40CM_log10_ecorr": -6.296628729900982,
    "J1939+2134_basis_ecorr_40CM_uwl_log10_ecorr": -8.460975002578655,
    "J1939+2134_basis_ecorr_all_dr2_log10_ecorr": -8.688298315374572,
    "J1939+2134_basis_ecorr_all_uwl_log10_ecorr": -7.370026810412181,
    "J1939+2134_chrom_gp_gamma": 1.3978535687963543,
    "J1939+2134_chrom_gp_log10_A": -13.87179003938653,
    "J1939+2134_dm_gp_gamma": 2.7046812403642244,
    "J1939+2134_dm_gp_log10_A": -12.917820593766171,
    "J1939+2134_gp_sw_gamma": 2.364353955116346,
    "J1939+2134_gp_sw_log10_A": -6.07543275667024,
    "J1939+2134_red_noise_gamma": 6.179263150211339,
    "J1939+2134_red_noise_log10_A": -14.645927628343632,
    "n_earth": 5.654682281611955,
    "nmodel": -0.03022839684573997
}