{
    "J1933-6211_UWL_sbA_efac": 1.1032385846705288,
    "J1933-6211_UWL_sbA_log10_tnequad": -8.436236530854636,
    "J1933-6211_UWL_sbB_efac": 1.0982125042579836,
    "J1933-6211_UWL_sbB_log10_tnequad": -6.4443369268796715,
    "J1933-6211_UWL_sbC_efac": 1.0193916351914474,
    "J1933-6211_UWL_sbC_log10_tnequad": -8.67107700518202,
    "J1933-6211_UWL_sbD_efac": 1.0300867894277004,
    "J1933-6211_UWL_sbD_log10_tnequad": -8.851305514653857,
    "J1933-6211_UWL_sbE_efac": 0.9735945068390539,
    "J1933-6211_UWL_sbE_log10_tnequad": -6.225697098367878,
    "J1933-6211_UWL_sbF_efac": 1.0217591794802015,
    "J1933-6211_UWL_sbF_log10_tnequad": -8.286883366777374,
    "J1933-6211_UWL_sbG_efac": 0.8884423665741004,
    "J1933-6211_UWL_sbG_log10_tnequad": -7.81168305699686,
    "J1933-6211_UWL_sbH_efac": 0.9397520069160665,
    "J1933-6211_UWL_sbH_log10_tnequad": -5.920953851327534,
    "J1933-6211_basis_ecorr_10CM_uwl_log10_ecorr": -7.48845247701873,
    "J1933-6211_basis_ecorr_20CM_uwl_log10_ecorr": -6.552661648461341,
    "J1933-6211_basis_ecorr_40CM_uwl_log10_ecorr": -9.10333175535015,
    "J1933-6211_basis_ecorr_all_uwl_log10_ecorr": -6.297112570148282,
    "J1933-6211_dm_gp_gamma": 3.49626438171583,
    "J1933-6211_dm_gp_log10_A": -18.806681957824125,
    "J1933-6211_gp_sw_gamma": 1.1676509606224093,
    "J1933-6211_gp_sw_log10_A": -9.016005099195192,
    "J1933-6211_red_noise_gamma": 2.858645125188498,
    "J1933-6211_red_noise_log10_A": -13.101987885828725,
    "n_earth": 0.9022034872224141,
    "nmodel": -0.4181213240007646
}