{
    "J2129-5721_CASPSR_40CM_efac": 1.0321971771526042,
    "J2129-5721_CASPSR_40CM_log10_tnequad": -9.028215127092627,
    "J2129-5721_CPSR2_50CM_efac": 1.0480536856313207,
    "J2129-5721_CPSR2_50CM_log10_tnequad": -7.147950801879814,
    "J2129-5721_PDFB1_20CM_efac": 1.0627759955343443,
    "J2129-5721_PDFB1_20CM_log10_tnequad": -8.24770801484015,
    "J2129-5721_PDFB1_early_20CM_efac": 0.7833099786544224,
    "J2129-5721_PDFB1_early_20CM_log10_tnequad": -6.047875576125972,
    "J2129-5721_PDFB_20CM_efac": 1.0237365004967505,
    "J2129-5721_PDFB_20CM_log10_tnequad": -8.763391313054663,
    "J2129-5721_PDFB_40CM_efac": 0.9711466488233377,
    "J2129-5721_PDFB_40CM_log10_tnequad": -8.23450719332424,
    "J2129-5721_UWL_CASPSR_40CM_efac": 1.0926692720455682,
    "J2129-5721_UWL_CASPSR_40CM_log10_tnequad": -8.526463389973983,
    "J2129-5721_UWL_PDFB4_20CM_efac": 1.1926321433186506,
    "J2129-5721_UWL_PDFB4_20CM_log10_tnequad": -8.12521328781329,
    "J2129-5721_UWL_sbA_efac": 1.041472398914871,
    "J2129-5721_UWL_sbA_log10_tnequad": -9.40592042910193,
    "J2129-5721_UWL_sbB_efac": 1.2423090204416427,
    "J2129-5721_UWL_sbB_log10_tnequad": -8.073251511320832,
    "J2129-5721_UWL_sbC_efac": 1.1419136271609953,
    "J2129-5721_UWL_sbC_log10_tnequad": -7.082480613457911,
    "J2129-5721_UWL_sbD_efac": 1.2782024671840853,
    "J2129-5721_UWL_sbD_log10_tnequad": -7.43461567263232,
    "J2129-5721_UWL_sbE_efac": 1.0259044804917972,
    "J2129-5721_UWL_sbE_log10_tnequad": -7.857211699420262,
    "J2129-5721_UWL_sbF_efac": 1.0405829086280143,
    "J2129-5721_UWL_sbF_log10_tnequad": -7.295761717993695,
    "J2129-5721_UWL_sbG_efac": 0.8176794724129021,
    "J2129-5721_UWL_sbG_log10_tnequad": -9.447218170777818,
    "J2129-5721_basis_ecorr_10CM_uwl_log10_ecorr": -6.969541439722596,
    "J2129-5721_basis_ecorr_20CM_log10_ecorr": -7.2682114030767835,
    "J2129-5721_basis_ecorr_20CM_uwl_log10_ecorr": -9.280389341992432,
    "J2129-5721_basis_ecorr_40CM_log10_ecorr": -8.769750886274222,
    "J2129-5721_basis_ecorr_40CM_uwl_log10_ecorr": -7.084566499956233,
    "J2129-5721_basis_ecorr_all_dr2_log10_ecorr": -6.481605524345598,
    "J2129-5721_basis_ecorr_all_uwl_log10_ecorr": -6.511443709835726,
    "J2129-5721_dm_gp_gamma": 3.170629804864081,
    "J2129-5721_dm_gp_log10_A": -13.707742601808482,
    "J2129-5721_gp_sw_gamma": 3.2563323271979927,
    "J2129-5721_gp_sw_log10_A": -7.85710030567513,
    "J2129-5721_red_noise_gamma": 6.823108905663383,
    "J2129-5721_red_noise_log10_A": -15.967581439859144,
    "n_earth": 3.149259713314617,
    "nmodel": -0.07860620614325153
}