{
    "J2124-3358_CASPSR_40CM_efac": 1.1351810924971062,
    "J2124-3358_CASPSR_40CM_log10_tnequad": -6.913390327907101,
    "J2124-3358_CPSR2_20CM_efac": 1.5076200623281015,
    "J2124-3358_CPSR2_20CM_log10_tnequad": -5.3028141373492,
    "J2124-3358_CPSR2_50CM_efac": 1.15017129036206,
    "J2124-3358_CPSR2_50CM_log10_tnequad": -8.776892557178513,
    "J2124-3358_PDFB1_1433_efac": 0.922033314934182,
    "J2124-3358_PDFB1_1433_log10_tnequad": -7.158080641619356,
    "J2124-3358_PDFB1_20CM_efac": 1.36398877953951,
    "J2124-3358_PDFB1_20CM_log10_tnequad": -8.64506232981296,
    "J2124-3358_PDFB1_early_20CM_efac": 1.1113442300884533,
    "J2124-3358_PDFB1_early_20CM_log10_tnequad": -9.565200376849596,
    "J2124-3358_PDFB_10CM_efac": 1.3269480530070383,
    "J2124-3358_PDFB_10CM_log10_tnequad": -8.166959997445536,
    "J2124-3358_PDFB_20CM_efac": 1.1267977372778075,
    "J2124-3358_PDFB_20CM_log10_tnequad": -8.590135063365228,
    "J2124-3358_PDFB_40CM_efac": 0.9613433256490846,
    "J2124-3358_PDFB_40CM_log10_tnequad": -9.513030159155885,
    "J2124-3358_UWL_PDFB4_20CM_efac": 1.104393549096625,
    "J2124-3358_UWL_PDFB4_20CM_log10_tnequad": -6.952442554798331,
    "J2124-3358_UWL_sbA_efac": 1.4646856775030561,
    "J2124-3358_UWL_sbA_log10_tnequad": -7.873674577803555,
    "J2124-3358_UWL_sbB_efac": 1.2750634308503825,
    "J2124-3358_UWL_sbB_log10_tnequad": -8.976701771674795,
    "J2124-3358_UWL_sbC_efac": 1.1140311569485044,
    "J2124-3358_UWL_sbC_log10_tnequad": -7.768252536574202,
    "J2124-3358_UWL_sbD_efac": 1.4987746529137163,
    "J2124-3358_UWL_sbD_log10_tnequad": -7.753006145969111,
    "J2124-3358_UWL_sbE_efac": 1.3184512983102463,
    "J2124-3358_UWL_sbE_log10_tnequad": -7.435359388305366,
    "J2124-3358_UWL_sbF_efac": 1.0615498008517361,
    "J2124-3358_UWL_sbF_log10_tnequad": -7.850868839662019,
    "J2124-3358_UWL_sbG_efac": 1.0889361270543718,
    "J2124-3358_UWL_sbG_log10_tnequad": -6.346192416158363,
    "J2124-3358_UWL_sbH_efac": 1.0874969984498695,
    "J2124-3358_UWL_sbH_log10_tnequad": -8.86384995717442,
    "J2124-3358_basis_ecorr_10CM_log10_ecorr": -7.756638892414798,
    "J2124-3358_basis_ecorr_10CM_uwl_log10_ecorr": -8.069235864177765,
    "J2124-3358_basis_ecorr_20CM_log10_ecorr": -6.850281175956554,
    "J2124-3358_basis_ecorr_20CM_uwl_log10_ecorr": -6.510205814938059,
    "J2124-3358_basis_ecorr_40CM_log10_ecorr": -7.958782715811133,
    "J2124-3358_basis_ecorr_40CM_uwl_log10_ecorr": -9.445219041658836,
    "J2124-3358_basis_ecorr_all_dr2_log10_ecorr": -8.530725111950327,
    "J2124-3358_basis_ecorr_all_uwl_log10_ecorr": -7.287313979662299,
    "J2124-3358_dm_gp_gamma": 2.3350400578348105,
    "J2124-3358_dm_gp_log10_A": -17.587793501064077,
    "J2124-3358_gp_sw_gamma": 0.6231138160511499,
    "J2124-3358_gp_sw_log10_A": -8.286181227533575,
    "J2124-3358_red_noise_gamma": 6.65626073929372,
    "J2124-3358_red_noise_log10_A": -16.071623893494365,
    "n_earth": 6.31501991032945,
    "nmodel": -0.24970467465659618
}