{
    "J2145-0750_CASPSR_40CM_efac": 1.271655350774814,
    "J2145-0750_CASPSR_40CM_log10_tnequad": -7.943104706701255,
    "J2145-0750_CPSR2_20CM_efac": 1.300598716676881,
    "J2145-0750_CPSR2_20CM_log10_tnequad": -5.654483168540789,
    "J2145-0750_CPSR2_50CM_efac": 1.2324261026319556,
    "J2145-0750_CPSR2_50CM_log10_tnequad": -7.061218831708888,
    "J2145-0750_PDFB1_10CM_efac": 1.0392306591315443,
    "J2145-0750_PDFB1_10CM_log10_tnequad": -9.185435149093793,
    "J2145-0750_PDFB1_1433_efac": 1.1789247790955304,
    "J2145-0750_PDFB1_1433_log10_tnequad": -9.557683516771009,
    "J2145-0750_PDFB1_20CM_efac": 1.1018504368049218,
    "J2145-0750_PDFB1_20CM_log10_tnequad": -7.028422779644401,
    "J2145-0750_PDFB1_early_10CM_efac": 0.6318927621601891,
    "J2145-0750_PDFB1_early_10CM_log10_tnequad": -5.404337041659409,
    "J2145-0750_PDFB1_early_20CM_efac": 1.029270125670535,
    "J2145-0750_PDFB1_early_20CM_log10_tnequad": -9.464990250256594,
    "J2145-0750_PDFB_10CM_efac": 1.0244854123372606,
    "J2145-0750_PDFB_10CM_log10_tnequad": -9.329923742008164,
    "J2145-0750_PDFB_20CM_efac": 1.0743126672743777,
    "J2145-0750_PDFB_20CM_log10_tnequad": -7.643009243856992,
    "J2145-0750_PDFB_40CM_efac": 0.9961168745004377,
    "J2145-0750_PDFB_40CM_log10_tnequad": -7.9900455261532555,
    "J2145-0750_UWL_PDFB4_20CM_efac": 1.4540393947647776,
    "J2145-0750_UWL_PDFB4_20CM_log10_tnequad": -7.798049879312355,
    "J2145-0750_UWL_sbA_efac": 1.3590004936475302,
    "J2145-0750_UWL_sbA_log10_tnequad": -9.918852581840914,
    "J2145-0750_UWL_sbB_efac": 1.1791361166373457,
    "J2145-0750_UWL_sbB_log10_tnequad": -8.450360215048079,
    "J2145-0750_UWL_sbC_efac": 1.0353266072620804,
    "J2145-0750_UWL_sbC_log10_tnequad": -7.344006262064596,
    "J2145-0750_UWL_sbD_efac": 1.00974639260828,
    "J2145-0750_UWL_sbD_log10_tnequad": -7.796898977907832,
    "J2145-0750_UWL_sbE_efac": 1.100816023842904,
    "J2145-0750_UWL_sbE_log10_tnequad": -8.861425800692135,
    "J2145-0750_UWL_sbF_efac": 0.9599743911239432,
    "J2145-0750_UWL_sbF_log10_tnequad": -8.029134924660639,
    "J2145-0750_UWL_sbG_efac": 1.112361647823951,
    "J2145-0750_UWL_sbG_log10_tnequad": -7.779665785789046,
    "J2145-0750_UWL_sbH_efac": 1.0362208477518224,
    "J2145-0750_UWL_sbH_log10_tnequad": -7.8497658463888795,
    "J2145-0750_WBCORR_10CM_efac": 1.1309602231192633,
    "J2145-0750_WBCORR_10CM_log10_tnequad": -6.32740735074483,
    "J2145-0750_basis_ecorr_10CM_log10_ecorr": -7.790887505891753,
    "J2145-0750_basis_ecorr_10CM_uwl_log10_ecorr": -8.504378304289379,
    "J2145-0750_basis_ecorr_20CM_log10_ecorr": -7.899296020007968,
    "J2145-0750_basis_ecorr_20CM_uwl_log10_ecorr": -9.959316583512505,
    "J2145-0750_basis_ecorr_40CM_log10_ecorr": -6.430791074773059,
    "J2145-0750_basis_ecorr_40CM_uwl_log10_ecorr": -7.390285916254252,
    "J2145-0750_basis_ecorr_all_dr2_log10_ecorr": -6.384777856062817,
    "J2145-0750_basis_ecorr_all_uwl_log10_ecorr": -6.510246155229016,
    "J2145-0750_dm_gp_gamma": 1.7629422680280746,
    "J2145-0750_dm_gp_log10_A": -13.516150232803309,
    "J2145-0750_dmexp_1_idx": -0.11521184116173169,
    "J2145-0750_dmexp_1_log10_Amp": -5.407924455825017,
    "J2145-0750_dmexp_1_log10_tau": 1.9118967267978508,
    "J2145-0750_dmexp_1_t0": 56320.87437858403,
    "J2145-0750_gp_sw_gamma": -1.8190636134864209,
    "J2145-0750_gp_sw_log10_A": -7.002436138925898,
    "J2145-0750_red_noise_gamma": 3.1784069937490558,
    "J2145-0750_red_noise_log10_A": -13.936590193395958,
    "n_earth": 6.011824630845818,
    "nmodel": 0.3676427486655627
}