{
    "J2241-5236_CASPSR_40CM_efac": 1.077525391785596,
    "J2241-5236_CASPSR_40CM_log10_tnequad": -8.954833355651889,
    "J2241-5236_PDFB_10CM_efac": 0.9991076152773647,
    "J2241-5236_PDFB_10CM_log10_tnequad": -6.473490009411286,
    "J2241-5236_PDFB_20CM_efac": 1.0701367246869493,
    "J2241-5236_PDFB_20CM_log10_tnequad": -7.836080414629416,
    "J2241-5236_PDFB_40CM_efac": 0.9208481513499965,
    "J2241-5236_PDFB_40CM_log10_tnequad": -8.575294907833438,
    "J2241-5236_UWL_CASPSR_40CM_efac": 1.4995523085607,
    "J2241-5236_UWL_CASPSR_40CM_log10_tnequad": -9.131801016521633,
    "J2241-5236_UWL_PDFB4_20CM_efac": 1.0446692315815609,
    "J2241-5236_UWL_PDFB4_20CM_log10_tnequad": -7.222100603707466,
    "J2241-5236_UWL_sbA_efac": 0.9042265832552554,
    "J2241-5236_UWL_sbA_log10_tnequad": -6.878675486623859,
    "J2241-5236_UWL_sbB_efac": 1.074355335266762,
    "J2241-5236_UWL_sbB_log10_tnequad": -7.040471439483868,
    "J2241-5236_UWL_sbC_efac": 1.0902779840624168,
    "J2241-5236_UWL_sbC_log10_tnequad": -7.342604606430859,
    "J2241-5236_UWL_sbD_efac": 1.1145104838630278,
    "J2241-5236_UWL_sbD_log10_tnequad": -7.015798939268529,
    "J2241-5236_UWL_sbE_efac": 1.0409554686141445,
    "J2241-5236_UWL_sbE_log10_tnequad": -7.874894903128285,
    "J2241-5236_UWL_sbF_efac": 1.0398774630510483,
    "J2241-5236_UWL_sbF_log10_tnequad": -8.484935857340961,
    "J2241-5236_UWL_sbG_efac": 1.010861321757255,
    "J2241-5236_UWL_sbG_log10_tnequad": -7.355755867179675,
    "J2241-5236_UWL_sbH_efac": 1.0578298144819225,
    "J2241-5236_UWL_sbH_log10_tnequad": -6.833657482767588,
    "J2241-5236_basis_ecorr_10CM_log10_ecorr": -9.996121609265854,
    "J2241-5236_basis_ecorr_10CM_uwl_log10_ecorr": -6.868321474024539,
    "J2241-5236_basis_ecorr_20CM_log10_ecorr": -7.46488257926578,
    "J2241-5236_basis_ecorr_20CM_uwl_log10_ecorr": -7.435937424918517,
    "J2241-5236_basis_ecorr_40CM_log10_ecorr": -6.960235775765242,
    "J2241-5236_basis_ecorr_40CM_uwl_log10_ecorr": -6.947823764145395,
    "J2241-5236_basis_ecorr_all_dr2_log10_ecorr": -7.30988330039053,
    "J2241-5236_basis_ecorr_all_uwl_log10_ecorr": -7.210834466435096,
    "J2241-5236_dm_gp_gamma": 2.4223419234008396,
    "J2241-5236_dm_gp_log10_A": -14.011365367311425,
    "J2241-5236_gp_sw_gamma": 2.8653527064612785,
    "J2241-5236_gp_sw_log10_A": -8.818740719692604,
    "J2241-5236_hf_noise_gamma": 3.48865302518905,
    "J2241-5236_hf_noise_log10_A": -14.503549413978254,
    "J2241-5236_red_noise_gamma": 2.1696043891068695,
    "J2241-5236_red_noise_log10_A": -14.059705266142744,
    "n_earth": 3.6215845543120264,
    "nmodel": 0.0994545829015624
}